Date,ASML,BBD,BCS,BIDU,HDB,HMC,IBN,INFY,KB,MELI,MMYT,NTES,NVO,PBR,RDY,SAP,SHEL,SKM,SONY,TM,TSM,UMC,VALE,WIT
2014-01-03,-0.0034705908999566,-0.0075352110214084,0.0044495644265936,-0.0265166359877531,0.0,0.0,0.0049874792908521,0.0287560538200071,-0.0208101640413085,0.0050157021332477,0.0283530411480192,-0.0012776298808954,0.0133088902286884,-0.0151290856152404,-0.0064726875611578,-0.0068542664641952,0.0018382151622686,-0.0087629039443304,0.0011648705753022,-0.000994827785365,-0.0117302501241995,0.0,-0.01386037066519,0.0256220162941529
2014-01-06,-0.0207484223851457,-0.0033318495105474,0.0110377496012001,0.0076724884887422,0.0205106947338289,0.0026998076174344,-0.0147573819754365,-0.0148071684587158,-0.0217827087693809,-0.0237573747233632,-0.0248274924729683,-0.0023040101582614,-0.0027983074371351,0.0030442863050663,-0.0135782596376798,0.0010666217996382,-0.0066622125181674,-0.0058849948904926,0.0069607972751966,-0.0028257674673168,-0.0029540920321142,0.0049875473200223,-0.0027952030102293,-0.0215751264470496
2014-01-07,-0.0084662018219114,-0.0058546463312254,0.0125445342126129,0.0123225774541317,-0.000870578964573,-0.0022081838592686,0.0075450034028701,-0.0039150017793063,0.0063476382910363,-0.023729958896145,0.0302078239648353,0.0210504388795311,0.0134896308399423,-0.0199544209163615,0.0105766810742669,-0.0028468940470007,0.0086386393774922,0.0008428218256564,0.0011553015667553,0.00241037802936,0.0005914703624232,0.0148148947410189,-0.0176497481368005,-0.003236200631782
2014-01-08,0.002681263613681,-0.0152158150819907,0.0187923493815374,0.0164723835321938,-0.0084535079118173,-0.0014750263613581,0.0047216683242274,-0.0059006266388015,0.0023697023240414,0.003625873539395,0.0917561694945523,0.0334412236389165,0.0067826922486173,-0.0172014125167354,0.0166442794237891,0.0149739191096722,-0.0072172199943127,-0.0084601423983015,0.0523031392430759,-0.0050764849404476,0.0105882296705752,0.0525182022390083,-0.0064307829569907,0.0072669472600292
2014-01-09,0.0056739860286496,-0.0163168494531653,0.0053051051443344,-0.0350991169293228,-0.0168271602807483,0.0019659656243371,0.000554107454499,0.0069699962908855,-0.0015791774419398,-0.009596487115961,-0.027980116638747,-0.0324376615458743,0.0110298802700814,-0.0126988476949416,0.0398460676404572,-0.0097606964765253,0.0034025779727193,-0.0076762195061133,-0.0093587237873682,0.0039968073150715,-0.0194982478615588,-0.0235306267131561,-0.0290930935500326,0.0008041697612095
2014-01-10,0.0102645437315542,0.0163168494531653,-0.0021186511898414,0.0233131753159616,0.0041593416794052,0.0026972859693024,-0.0030508764970123,0.0579497061863163,-0.0170034574014006,0.006172657080615,0.0041105401886487,0.024762558773554,0.019654005925783,0.0252382575017149,0.0098939192038658,-0.0128451029247207,0.018928246027321,-0.000856215548648,-0.0156079714678771,0.0039810715859349,0.0083185478285603,0.00475070959928,0.0124681787236462,0.0293090046011168
2014-01-13,-0.0078270069975436,-0.0119965700234587,0.0031763327080382,-0.0494026396819542,0.0106163947243009,-0.0152977546776518,0.0113243476735822,-0.0015138989919978,-0.0059127438966113,-0.0470917730413225,-0.0202585440551996,-0.0422141438796499,-0.01184976708599,-0.0300419651293057,0.0102615821184688,-0.006244079071922,-0.0132827841099083,0.0140395880395454,-0.0141443310032152,-0.011739903790235,0.0005914703624232,-0.0095240962150303,-0.0087848382078619,0.0038957073583429
2014-01-14,0.0091437585978635,0.0136980849854553,0.0178107862579159,0.0108762821864596,0.0002932378711215,-0.0032378382340811,-0.0104913450823727,0.018676536393517,-0.0005389824270611,0.0305121127099479,-0.0037278665522055,0.0141868509016718,0.0059425007021451,-0.0032155208513484,0.0037051098724467,-0.0028948587205572,0.0061741077720203,0.0029529894135174,-0.0011401521522753,0.0005021619737322,0.0274147514567988,0.0047733866157503,-0.0014717242095894,0.0
2014-01-15,-0.0193772548890098,0.0050899048450505,0.0164783509063219,-0.0138045419655483,0.0306116853592661,-0.0039988914997683,0.0074656438621316,-0.0089610466288903,0.0083255395926178,0.0026629980930881,-0.0337084373809375,-0.0022666011359175,-0.0090567598557558,0.0230810412063369,-0.0050982564338775,0.0027745669450238,-0.0016801526969922,-0.0029529894135174,-0.0068690075365562,8.423007143498751e-05,0.0103035930513391,0.0094788564902615,0.0160705123123581,-0.0070231882871087
2014-01-16,-0.0483316977662324,-0.0153457360629845,-0.0211621234942116,0.0145562977742077,-0.0100045122431362,0.0,-0.0071882906176012,0.011765773616057,-0.0123790017061615,0.0946961643192665,0.0076961301010638,0.007409775018925,-0.0018213815990977,-0.0134656013670284,0.0074073018023281,-0.0024123926506671,0.0051711809314434,-0.00976443082018,-0.0115543978583834,0.0030085827947896,0.0330472191568635,-0.0094788564902615,-0.0007248112258837,0.0570715791524178
2014-01-17,-0.009669048994124,-0.0138413712021912,-0.0094343899776903,-0.0166699705373902,-0.0191418347721312,-0.0042663441510533,-0.0128457618458972,-0.0069433302856549,-0.0048859799481628,-0.023441749927124,0.0038259214837661,-0.005898136907632,-0.0078432702757766,-0.0047961628787631,-0.0053183701403236,-0.005934624207617,-0.0164430990396899,-0.0094298483697281,-0.009340269717236,-0.0053554179668298,-0.0211590229278764,-0.0047733866157503,0.0,-0.0074240603446185
2014-01-21,0.0320634679846234,0.0069440208839501,-0.0164587923452503,0.0149343435213822,0.0231559393420583,0.0017591670268108,0.0288108651157119,0.0041386032984882,-0.0040901202507983,0.0007615154650579,0.0249835655442018,0.0159822921173309,0.0135563556252651,-0.0194180473981113,0.0037025375737997,-0.011115913885952,0.0100102998469702,-0.0178153018083615,-0.0117996564945748,0.0105989529565491,-0.0045121135694068,0.0,-0.038437745777577,0.0004487304525826
2014-01-22,0.0464105509398562,0.0077561836892368,-0.0021437046593244,0.0099675055588273,-0.0071788990951637,-0.0027658428642749,0.0043596871723678,0.0157356267682093,-0.0107128354466499,0.0122039859313911,0.0225556068132344,0.0062975414874992,-0.0122448755041815,0.0210193706445385,-0.0006932128019268,-0.0167216351589285,0.0112994571112872,-0.0083644130373699,0.0153123864596242,0.0101591731512264,0.0151476601300015,0.0,0.0186641456653664,0.0096618645193033
2014-01-23,-0.0322823178840678,-0.0260886761455758,0.0026790253256017,-0.0642212945401361,-0.0316186848981789,-0.0198326128913719,-0.0236600455596367,-0.0047274968012065,-0.0385690836931318,-0.0562794448357397,0.0131135009868614,-0.0423669398756088,0.0036631920676084,-0.0275767348954629,-0.0046339030953301,-0.005134426210037,0.0038765429711,-0.0209970327463557,-0.0188794154114833,-0.0193328932704419,-0.0145825961954031,0.0142522431060119,-0.0285090563626313,-0.0074239452737419
2014-01-24,-0.0090921577305387,-0.0395387671157143,-0.0409561362978383,-0.013602343805692,-0.0397440779770459,-0.0244360246241455,-0.0587644095530395,-0.0276667627534994,-0.0249941138734546,-0.0560528833183742,-0.0516244045593912,-0.0447787654142239,-0.0007841477176042,-0.0334479605112107,-0.0301767936926604,-0.0277514880072047,-0.0184083368961389,-0.0246814136810509,-0.0041778446013351,-0.0124766077807798,-0.0073718257502926,-0.0238676129885696,-0.0184337182309604,-0.0410703165833834
2014-01-27,0.0003425072973621,-0.0009168250507427,-0.0050289550273712,-0.016810285205806,-0.0301626813238242,0.0021030576056939,-0.0151720429028028,-0.0225949767581223,-0.0073845998346264,0.0023116243311918,0.020136494682696,-0.0010748434136593,-0.0184650403035178,0.0033955345002822,-0.0120395050965682,0.0037364330088838,-0.0059284163178001,-0.021989017264588,-0.0297442471171813,-0.0072371556850452,-0.0241947935581334,-0.0195128404942147,0.0146211870372092,-0.0101443177267488
2014-01-28,-0.0135588932223935,0.0073134645426296,0.0259896385009441,0.034439256667671,0.0060422943626474,-0.0005253160478941,0.0110298582383261,-0.0025809310914872,-0.0215770715267109,0.0269254255825828,0.022009121039519,0.02496102587732,0.0053107046241893,-0.0119353753340754,0.0251178569810184,-0.0025754766178787,-0.0012749459570886,0.0289065562141135,0.01163861492619,0.0068126761374545,0.0005830040148402,-0.0099008732743483,0.0083684322345609,0.0224902106263866
2014-01-29,-0.0091812433477143,-0.0380560131425007,-0.0087719361732805,-0.0381010233357974,-0.0166243501051961,0.0047182090327608,-0.0526516423675518,0.0051551266833536,0.0156299428579136,-0.034828971015469,-0.0050010881036088,-0.0130666439541222,-0.0103823083785781,-0.0278275800349954,-0.0116430947503185,-0.0082858112053001,-0.0005672776165153,0.0022951764680989,-0.022791210113346,-0.0053609765956732,-0.0087797163967304,0.0,0.0276444966097269,-0.0123458928996378
2014-01-30,-0.0049157098242842,0.0056600613698403,0.0065864410505889,0.0169957458631646,0.0144025976612705,-0.0010464413103461,0.0167342591913162,0.0154749384452559,0.0065401623612424,0.0248683415476689,0.1353528958201537,0.0093886244809251,0.0279702848270826,0.0,-0.0028723248055202,0.0090593564572269,0.0119845957628816,0.0032043080487991,0.0049719301010107,-0.0003412327528957,0.0076133682750842,0.0099008732743483,-0.0051717015522425,0.013878397473084
2014-01-31,-0.0070649177225527,-0.0094521091700203,-0.0210071837237384,-0.0271675187037949,-0.0057361300547915,-0.0182282025115116,-0.011435716841518,-0.0115412285953251,-0.0059435923679251,-0.0042403176096579,0.0995714651834731,-0.0133822961390253,0.0317569109932831,-0.0115303239590323,0.0,-0.0155806553943627,-0.0320427411010455,0.0027382704947256,-0.0238403068091985,-0.0206976815351191,-0.0129182517492849,-0.0049380781807507,0.0073799834996628,-0.0092308578357538
2014-02-03,-0.000827314373474,-0.0289035807711481,-0.0375682825233005,-0.0389600158702982,-0.0219717682942433,-0.0289405450793029,-0.0376925122276183,-0.0354451710676868,-0.0367322836257972,-0.0466729476381733,-0.0325976263739136,-0.036263772810845,-0.0035352794449559,-0.0307995002072771,-0.0043236990704609,-0.017557223016281,-0.0188449947728059,-0.0225867636156218,-0.0322609525980306,-0.0176701192340686,-0.0089046496526754,-0.00995034241362,-0.0313691340197743,-0.0298062177907718
2014-02-04,-0.0055734559747877,0.0467335819402088,0.010960645973931,0.0346055477971578,0.0280253421386571,-0.0143726669553614,0.0521965405845936,0.009505717951719,0.0295530392290959,-0.006427301837558,0.05045524377392,-0.0063826487741942,0.0012640030824284,0.0146118989637533,0.0150521402723877,0.0030584650079354,0.0007370059263482,-0.0079569283981197,0.0542399192425446,-0.002308620579476,-0.001790688696011,-0.0050124410115492,0.0321040676219326,0.0102972362709514
2014-02-05,0.0126442003999178,-0.0056172830186651,-0.0011482290258499,-0.0241633025135126,-0.0047760847491948,0.0013910012485185,-0.0330146347765005,-0.0096821030957907,-0.0027055691023125,0.0198025624740543,0.002474800457088,-0.0034862980798839,0.0364668171122954,-0.0229258221163328,-0.0104887023546127,-0.0038575834319534,0.0039711662811279,-0.0189757568774067,-0.0125001966844604,0.0277906929780149,-0.0168679130816005,-0.0101011068168952,0.0296802606540267,-0.0118907970067803
2014-02-06,0.0195352827679151,0.0386784531538475,0.0260786910639434,0.0192094258353145,0.0270797507362741,-0.0019479152532162,0.013212064069727,0.0173611672295161,0.0252651081556054,0.0070469566310933,-0.0192518960060796,-0.0009780178064389,0.0214494182352815,0.0400051473060674,0.0128573606716044,0.0165226004896315,0.0094953105234969,0.0217915963407202,0.0382524985360566,0.0025902990292214,0.0316915727219897,0.0101011068168952,0.0322832644764392,0.011102455482576
2014-02-07,0.0082571161260078,0.001804732539699,0.0100221912730567,0.038525883332471,0.0034112133515975,0.0179436529492034,0.0031200986779407,0.0026044026266001,0.0084758582916122,0.0135262518654588,-0.0068629682837131,0.0181508233758203,0.0214654152053337,0.0106386000128215,0.0166572571328402,0.0053607167057592,0.0062320594156406,0.0009367755954619,0.0179968620955879,0.0121712659648807,0.0099562785792284,0.0050124410115492,-0.0069298455240913,0.0133178480071367
2014-02-10,-0.0002287768522046,-0.0099684761747971,0.0088250061278811,0.0190552575952951,0.0095519010104108,-0.0019168338504718,0.0062110539566822,-0.0026044026266001,-0.0247508376902341,-0.003574795939687,-0.0182887320301134,-0.0060596854246481,0.0018653141447071,-0.0035337389710026,0.0039474676088055,-0.0049674407234867,-0.0013012251830559,-0.0084626223328556,-0.0083582208383898,-0.0029006861031248,0.0058105851229504,-0.0100504548656548,-0.0332306197643599,0.0
2014-02-11,0.0233711773958891,0.019192295378273,-0.0340716882495621,0.0124044055687377,0.0245352767124928,0.0060126461401219,0.0262772663468937,0.0179188735312245,0.0145122885920359,0.0042045715177065,-0.0160003527025458,-0.0097172600080632,0.0020941661874576,0.031361319005998,-0.0048786101896625,0.0229298747379553,0.0226015937675403,0.0089304463998423,0.0254525692720355,0.007406157591121,0.0075036570595834,0.0,0.0394698506345301,0.0
2014-02-12,-0.0189257613934472,-0.0209385365200134,-0.0108542002153191,0.0045599753459217,-0.0057012302887788,0.0140696831995019,0.015856693928987,-0.0020511804347971,0.0114020108482715,-0.0237779065121612,0.0,-0.0019547670902602,-0.0032595944656885,-0.0173014850488999,-0.0051367170201408,-0.0008965665279605,0.0061417007995339,-0.004220439125762,0.0121989843147862,-0.0029731290132328,-0.0005753665344658,0.0100504548656548,-0.0188353312273124,-0.0046801667762483
2014-02-13,0.0061222911941074,0.0100683777087129,-0.0074949926725653,0.0177404769352476,-0.0151608537190599,-0.005388031452727,-0.0113433700569764,-0.0010271701308903,-0.0149365408747552,0.0304688750062736,0.0033701643149295,0.0118097652323196,0.0228248474616044,0.0086881597308774,-0.016521345845609,0.0147601416913438,0.013014813496389,-0.0137215235058874,-0.0069525836114587,-0.012066607018073,0.0040195776041374,0.0,0.0139862263920405,0.0077882879500852
2014-02-14,0.0079933571050334,0.0108701588113004,-0.0128130556778613,-0.0151697483658761,0.0073058955974976,-0.0073203342046594,0.0059862808031674,0.0156359447697005,0.0169691833011582,-0.0069007411161701,-0.0793264903923813,0.012490841809849,-0.0004558135124828,-0.0043346443801761,0.0054585406706788,0.0123024438065275,0.0061648794866258,-0.0110182260422888,-0.0081728056362226,-0.0084729143524731,0.0249021798512067,0.0,0.0178941876996883,0.0061870890085962
2014-02-18,0.0055912063724115,0.0009004886332812,0.0305936066949792,0.0369837195039064,0.0195229049412868,0.0113635569859864,0.0262125833898265,0.0095660748559973,0.0395331316537945,-0.0186388696827179,-0.0093515440050051,0.0038122956995367,0.0108871505651491,-0.0273022280300105,0.0182932527172829,0.0012470122359404,0.0130449564124481,0.0076777042040179,0.0162794312745124,0.0095916079167723,-0.0056050952895443,-0.0050124410115492,-0.0130450828644164,0.0038475212747981
2014-02-19,-0.0166408772654076,0.009852431948202,-0.0191341233763426,-0.0011514593604307,-0.0074638311846055,-0.0154535043000194,-0.0175956849433502,0.0008348565733367,-0.0199977246939719,-0.0094510595496464,-0.0008173461151756,-0.0079128780531174,-0.0054285296864304,-0.0062698902979423,-0.0081670749650974,-0.0090125414495272,-0.0031763015003063,0.0019105949968052,-0.0156933002049495,-0.0091575102855694,-0.0016879320514204,0.0050124410115492,0.0109965631577955,0.0
2014-02-20,0.0076800929531088,0.0017809308968492,0.0058545134002248,0.001784210478247,-0.0020997844105741,-0.01209467730961,0.0103017312708613,0.0152372214398619,-0.0091455553731836,0.0030169121936411,0.0258287685062819,-0.0253846281599106,0.0074565125232859,0.0133873179793304,0.0277282361295663,-0.0011323594678556,0.0142821557713062,0.0249718095848456,0.0058411539618388,0.0009540584092615,-0.0039490544034599,0.0,0.0,0.0068887384622917
2014-02-21,0.0003375370112594,0.0254737053192832,0.0017498353072262,-0.0071560222450663,-0.0081412220180154,-0.000553430608329,0.0072939536724889,-0.0004931497288278,0.0255115956756091,-0.0212021867893437,0.0079365042420294,-0.003236448598892,0.0100796928183908,0.0132099457724177,-0.0011401746299433,-0.0032783106462614,0.0017708317206688,-0.0093504231146903,-0.0029164612780914,0.0087194481353209,0.0028224281663029,0.0,0.0068121184013762,0.0128838328062912
2014-02-24,0.0048248773614627,0.0103536987420898,0.0081255755962947,-0.0007532366988591,0.0224527220689629,-0.000553308963195,0.0072413035062997,0.0039386672522216,0.008361213441645,0.0007689334250384,0.0011850954238199,-0.0225412648477743,0.0209513825662335,0.0207802929291185,0.0274546345498323,0.0040332020046864,0.0067829104953318,0.0213763327677414,0.0162230577277679,-0.0014621653397117,-0.0028224281663029,-0.0050124410115492,-0.024047912429342,0.0311366524746417
2014-02-25,-0.0308033445191311,-0.0155719446670594,-0.004635303496383,-0.0138907622429309,-0.0053428867148186,0.0033167642026517,0.0017299717772443,-0.0047615633476638,-0.0008331395362293,-0.0177251414031767,0.0,-0.0211067881662998,0.0512603742706669,-0.0295677790600368,0.0028813706733785,0.0038918860026493,-0.0092358451740732,0.0068727046430963,-0.0069206533247452,0.0025787601582081,-0.0039650093640739,0.0,-0.0339493916410806,0.0043702002095562
2014-02-26,-0.0082294151194286,-0.0052441842936037,-0.0146242245181444,0.0160329923128692,0.0011899044504066,-0.004979102121668,-0.0008644453489674,0.0072156482719034,0.0236079695876227,0.0491787808407018,-0.0163187640207773,0.0178656142410638,-0.0232836364768065,-0.0232149573685371,0.0479677011405721,-0.0035144178932187,-0.0043756202941866,0.0045558535158471,0.005770519817956,-0.0076704417751871,0.0118478053903761,0.0,0.0007187718767207,0.0300666486525122
2014-02-27,0.0011631033932371,0.0378374246807153,0.0052893016417168,0.0342254109423159,-0.000892200332442,0.010208126341078,0.0163021191169545,0.0076503799200757,-0.0008140645444614,0.0026563439699334,0.0083916211790149,0.0136294793041078,0.003601425755181,0.0398458632740612,0.0046307193707519,0.0026368823856319,-0.0009598032307258,0.0031767925969257,0.0080228559659185,0.0037993930919597,0.0100446285643451,0.0050124410115492,0.029747493694096,0.0
2014-02-28,0.0013938007008071,-0.0084741010409161,-0.0035232254938959,-0.0456846952117713,-0.0005953698264558,-0.0104855349235597,0.012124854476142,0.0,0.0018990264085041,0.1003817346503632,0.0282482975516655,0.0068182815176935,0.0050619100532096,-0.0281707932284116,-0.0367877642171672,0.0068738652222224,-0.0004117926298454,0.0139487065668024,0.001710898292089,-0.0062248514808826,0.0033262035938426,0.0049875473200223,-0.0112279240415824,-0.027163932455277
2014-03-03,-0.0016262731110305,-0.0319956965282064,-0.0190027949288928,-0.0069273066801409,-0.0171149729630621,0.0096616778865312,-0.0078783984589334,-0.0286201736540554,-0.0139176891571892,-0.0192864681197475,-0.0211110622551116,-0.0197100169389599,-0.012490762380056,-0.022574568779724,-0.0200247137233557,-0.0322751769512548,-0.0149317257814933,-0.0216813526795753,-0.019563557547215,-0.0148540940250212,-0.002216384967062,0.0049627950935976,-0.017800398419385,-0.0072729164067915
2014-03-04,0.0385495468331331,0.015692974749718,0.0195911177445751,0.0156065837232386,0.0295410781880109,0.0144556979518752,0.0333362732514981,0.0318580630203664,0.0168940561305857,0.0340549185594847,0.0877025551049568,0.0146372484013879,0.0183646847679086,0.0127043719996231,0.0222007520237861,0.0155715037971955,0.0197233312680964,0.0172030296260783,0.0086781983383112,0.0140729230597465,0.0005541930208536,-0.0049627950935976,0.0071580295788835,0.0309044851902202
2014-03-05,0.0054671564525419,0.0103280389937256,-0.0017652793442546,0.0123924991304127,0.0171992200003732,-0.0002710819067126,0.0317316262578641,0.0104512739864779,-0.0059619266734198,0.0010397591651978,-0.0353627675067445,0.0226987352845347,-0.0048221323230301,-0.0063319727042667,0.0067164425204584,-0.0085214787547478,-0.0035572201593483,-0.0144666847604604,0.006888870724808,-0.017070366522951,0.0192159750587253,0.0049627950935976,-0.01944595898186,-0.0007078987212623
2014-03-06,0.0183025486176635,0.0336147989953519,0.005286436297788,0.0560821307216476,0.025960747011863,0.0102399885408011,0.0328069441635134,0.0078067040788085,0.028668971836788,-0.02506577245535,-0.0067720464109211,0.0300825097461623,-0.0023149739946153,0.0144145858994699,0.0030188008234635,0.0124398098610134,-0.0045332888279538,-0.0041070434162842,0.0215060762144378,0.0121981923963643,0.0257660692192169,0.0340662885575232,-0.0007272931031936,0.0028288138822567
2014-03-07,-0.0043796617869817,-0.022623462732332,-0.0165393276965559,-0.0141815737469386,0.0499828695345767,-0.0048376095560698,0.0317647493050938,-0.0428012686008871,-0.0297568101066327,-0.0199616130653934,-0.0283326675339221,-0.0133204150577825,-0.0014753784678953,-0.0253635015880209,-0.0564621223939005,-0.01371806124921,0.002475100285741,-0.0036648303852797,0.0050263543489639,-0.006036857074096,-0.0053132942112088,-0.0096153698825577,-0.0522903566479451,-0.0286552001416584
2014-03-10,-0.0049502635492242,-0.0266217224430787,-0.0302318938517025,-0.0137170059500384,0.0238233288607827,-0.0149273973997097,0.0235420755564259,-0.0119979016333804,-0.0261903636390092,-0.0110310901692471,-0.0347723355496234,-0.0224602628339511,-0.0135942238934694,-0.0203899400412874,-0.0063983786749761,-0.0106718965613898,0.0053425815636538,-0.0041386910386349,0.0050015703315504,-0.0054552183129441,0.0100716975503676,-0.0344012610885855,-0.0177953095438736,-0.0080263236340933
2014-03-11,-0.0041992577997005,-0.007864217394031,-0.034981744377518,-0.0343318009302135,-0.0227523698456706,0.0087124492755341,-0.0075416341772049,-0.0003352988185292,-0.0053213390544719,0.004387307893797,0.0230534814143843,-0.0244389400859454,-0.0055758649939003,-0.0131951563461707,0.0172729513724942,0.0018081031853585,-0.0071295770685058,-0.0129870655241046,-0.0105879791658323,-0.0077944701274583,-0.0100716975503676,0.0198024420610413,-0.0213023912731713,-0.0088302546347198
2014-03-12,0.0070625119975211,0.0122059831196605,-0.0076580415397997,0.0039116058279669,0.0095871394284512,-0.0089862706340069,0.0143048685678675,-0.0626288161069736,-0.0247347140344178,-0.0085932713983476,-0.0218479848239137,-0.0104479241026247,-0.0103760005366138,0.0141310327688366,0.008972761643851,-0.0090733867163583,-0.0034455612241148,-0.0079683505343424,-0.0005604398998706,-0.0103685038117742,0.034558551187259,0.009756291134094,0.0205217912216146,-0.0089086123968886
2014-03-13,-0.0122811433867937,-0.0201318483174681,0.0038363514520147,-0.047559417152919,-0.0050484297741628,-0.0198898035050412,-0.0283222700846736,-0.0273294218873241,-0.0197683215149142,-0.0329503072779306,-0.0578673670004787,-0.022136913417603,-0.0067589811321102,-0.0141310327688366,-0.0033554316065798,-0.025451308839532,-0.019237213815396,0.0102999156851004,-0.0118411501894724,-0.0098415557527813,-0.0082688797174581,-0.0048661956836223,-0.0301373436211398,-0.0287465502400596
2014-03-14,-0.0039036905992286,-0.0142481503882541,-0.0134918066975266,-0.0336752777926561,0.0121791125910477,-0.0103773371612168,0.0024735321217099,0.0082231046038274,0.0064385870954484,0.0059972712593694,0.0038224787377996,-0.0155467488230023,-0.0035068353210485,-0.0162609869325622,0.0197455651579416,0.0061253087454895,0.00449429415952,0.0180017809782113,-0.0264381603565762,-0.0132440272938243,-0.0193873782958347,-0.0048900954504716,0.0056202387312986,-0.013132498334301
2014-03-17,0.0127701298424458,0.0248021401442237,0.0051612814140251,0.0066408766895493,0.0089076486095605,0.0120500144237114,0.018842964031728,0.0014546082308035,0.0150552870571933,0.0153456285292001,0.0126370359013927,-0.0057000127882589,0.0056920475527793,-0.0096898445431359,0.0072233457954546,0.02439132553208,0.0067030566661103,0.0293009549715845,0.0029078319505311,0.0174089910092076,0.0110498285521831,0.009756291134094,0.0031974760571944,0.0184904776261796
2014-03-18,0.0119552278861023,0.0173463018718449,0.0197521434424219,0.0149196485105163,0.0077941121775184,-0.015156074453495,0.0055603799811978,-0.0021829009072584,-0.0060527677223882,0.0032434472151345,0.0099959090679653,0.018368734111581,0.0117185739216623,0.0278462161228278,0.0157961828234176,0.0108234402181155,0.0051363612373789,-0.0071333921183334,-0.0040734555370176,-0.0076188481053867,0.0036562174169905,0.0192312843917581,0.0166209380571544,0.0113852919090073
2014-03-19,-0.0079910477859357,0.0042898151156909,0.010668249538412,-0.0216227633100762,-0.0070121618254042,-0.0045351710672583,0.0212290484943369,-0.0196785139102517,-0.0130950087630035,-0.024793828410667,0.0583549483108631,-0.0301792490822792,-0.0187285282402625,0.0316897117403285,-0.0133997584543412,-0.0091406233849546,-0.0080633351726824,-0.0117011728982547,0.0,-0.010526103577841,-0.0157650284684218,-0.0192312843917581,-0.0078802962501987,-0.0144433528324947
2014-03-20,0.0162427837546585,0.0369793681364114,-0.0119310012472788,-0.0194938332139402,0.0,-0.0056975993972119,-0.0128266202207276,0.0143831044222133,-0.0156460361314025,-0.0131567647363457,0.0159010466787297,-0.0097394628426701,-0.0057317564440899,0.0596527676322489,-0.0072062246343489,-0.0045367199079056,-0.0061610589641709,-0.0018125439770644,0.0264686632763127,-0.0098941551006976,-0.0015904749437964,-0.009756291134094,0.0133595870772476,-0.0007658389449127
2014-03-21,-0.000973458220991,-0.0041342071126675,-0.0139952179020683,0.0052566817186505,0.0028628556675336,0.0002851406722497,-0.0057540059858467,-0.0140118531013671,-0.0032781537710611,0.0043002754038115,-0.015119473460186,0.0176806733604983,-0.0113252820584461,0.0017269426670132,-0.0161277215842794,0.0053124831555102,0.0008425226223311,-0.0206191093802705,0.0084818396759029,-0.0022326551966243,-0.017121660151274,-0.0148148947410189,0.0177953095438736,0.0053494702739789
2014-03-24,-0.0139510384382726,0.0366041211490746,0.0019202351207834,-0.0058918265315455,0.0141918492243728,-0.0175770663104199,0.0239944214939784,-0.0100765854217972,0.0080273242633426,-0.0229725982196553,0.0070066577591769,0.0063382887141636,0.0153707377108047,0.0322611315679621,-0.0067035453072819,0.0068259114391251,0.0016824237879129,0.0087576738361088,-0.0062128853805254,0.0052946968970912,0.0059187696064344,-0.0049875473200223,0.0061165309676207,-0.0076512327444766
2014-03-25,0.0095033133766708,0.0,0.0070084934542227,-0.0084868058593894,0.0139935792636882,0.0072413168212053,0.0128282140248576,0.0011245923913194,0.0008879304865985,-0.0039700363149677,-0.0744661094727199,-0.0021598333790748,-0.0049467596844294,0.0165701208924167,-0.0022448934754533,0.0100886421005155,0.0087875892129747,0.0022919057389705,0.0334292494741519,0.0048059608265678,0.0254253320921313,0.00995034241362,0.0151289477209193,0.0061256623388978
2014-03-26,0.0032562914115628,0.0205552678111673,-0.0192313322747379,-0.0255068373114379,0.0128028736968586,-0.0057888225238205,0.0124366713044437,0.0041127520188177,0.0245485611154632,0.0328903391457933,0.0099792831988119,0.0238070218602257,-0.0067860807052504,-0.0140672422417518,-0.020661439695357,0.0079734102252588,0.0031884851765155,0.0181494672979254,-0.004311930278912,0.0371041743493956,-0.0015704260112063,0.0098520996474213,-0.0082926470207687,-0.0038238998684001
2014-03-27,-0.0033650360188719,0.0548067429353587,-0.0025925224054552,-0.0073898141467081,0.0079503100460729,0.0028985254720828,0.0061608765792746,0.0,0.0074775145167871,-0.0130494049520848,0.0098806802818813,-0.0199537292763967,0.0208882535645194,0.0738700182103873,-0.0108409257387798,0.002266336923566,0.003040778706782,0.0191500385386196,0.012114658417621,0.0094550494958696,0.0171388256567914,0.0194180098098222,0.0327654061007844,-0.0100118269359004
2014-03-28,-0.0015233860374692,0.0051725428971052,0.00453217999602,-0.0022541701102642,-0.0004949478184648,0.0083585383329456,-0.0041030527664911,0.0061380804457695,0.0008593227678961,0.0164408252591732,0.0182672324802877,0.0470302031057077,0.0046565813442112,0.0199239685608751,0.0190658100840428,0.0117531900683811,0.0113896724814064,-0.0039778268709236,0.0205856745949795,0.011140462237563,0.0112646398410491,-0.004819190782278,0.0021955089859633,0.0176453771051514
2014-03-31,0.0165241960773796,0.0073418413243091,0.0141120120398046,0.0106296222064354,0.0157214005011225,0.0142492557552644,0.0004568002098552,0.0046248767824099,0.0062785296383007,-0.0122262796226708,0.0855353345926039,-0.0122570294427486,0.0099064626980065,-0.0022786695895238,-0.0011382977058045,0.0106330101920173,-0.0031432159591764,-0.0004430826217034,0.0248886699742687,0.0006202908200956,0.0191637019159451,0.004819190782278,0.0109051267060324,0.0188328442568836
2014-04-01,0.0022465869388508,0.0130817099212536,0.0120292010358991,0.0443803024544271,-0.0002439638086326,-0.0039692888222955,0.0106735081430251,0.0186508688301041,0.0149656508822304,0.009001557275484,-0.0345639244705924,0.0367603566391721,-0.009685056738514,0.0053091178477586,0.000227715262655,0.0056412445667879,0.0023243286366585,0.0214778788337874,0.0165980120759201,0.0028302405498532,0.0148737665819167,0.0095695657160299,-0.0028964821068528,0.0243284783882096
2014-04-02,-0.0038545724665901,0.0284192309387885,0.0273139098019141,0.0080714254527949,0.0084960892738896,0.0087684583259401,0.0011286875953306,0.0084785238311397,-0.0042129097088463,-0.0051188880642811,0.034933140973504,-0.0527871401066257,0.0070529069983287,0.036394695196644,0.0278482650382687,-0.0095846039751457,-0.0013665295698648,-0.0548142293756064,-0.0077460240690987,0.0019413430954875,-0.0138753833814293,0.0,0.039109240045108,0.0036349353264175
2014-04-03,-0.0112206433509225,-0.01343188726396,-0.006142460166632,-0.0189990886536772,-0.0207600507343737,0.0022502152055547,-0.0367687760833781,-0.0090220744072935,-0.0184637561999077,-0.0267473647433362,-0.0406835734693085,-0.0106251460653066,-0.0146019295285837,-0.0095435009157911,-0.0244380270553494,-0.0025962480921339,0.0006833051158379,-0.0245779446293901,-0.0104220160956107,-0.005126054186646,-0.0050026379932917,0.0,0.0034805532415034,-0.022753149415378
2014-04-04,-0.0147553611108488,0.0063850428531575,0.005529799730858,-0.052815342635327,-0.0022236133135873,-0.0098828779468247,0.0081595301540333,-0.0070940520168509,0.0051472561396881,-0.0418491473871807,-0.0023094492480617,-0.0166183750641488,-0.0143659706339822,0.0128548046547953,-0.014401911899633,-0.0024789551718678,0.0001368946144344,0.0093458191285811,-0.0031480704279045,-0.0142784617839977,-0.0085618336093271,-0.0095695657160299,0.0062346885691277,-0.0194906982584952
2014-04-07,-0.0094030184614171,0.0503386565496024,-0.0179290816136612,-0.0398879046236952,-0.0032207461477593,-0.0229632013503011,-0.0083935769821694,-0.0023760093440161,-0.0117631307614645,-0.0570066444748391,0.003846099899611,0.0038711020988353,-0.0099980048240633,0.0661334854965314,-0.0242379382326984,-0.0138707324704059,-0.0012306003327222,-0.0350252201861307,0.0010503695662134,0.0011677712913717,-0.0015188207950163,0.0095695657160299,0.0339478886471436,0.0052848483311966
2014-04-08,-0.0045673453114778,-0.0114987540307722,0.0037360224657052,0.0506102646291539,0.0071704245555861,-0.0199420043347458,0.0174076304874639,0.0054745821562576,0.0202835130569076,0.014617701596066,0.0205174720815999,0.0379121970149745,-0.0043482315948275,-0.021322705100385,0.0110265301958483,0.0123801709972086,0.0076317057604651,0.0261484248817684,-0.0079049644326665,-0.0207726551605453,0.0120847531975765,0.0094788564902615,0.0059900042499916,-0.0030167848402693
2014-04-09,0.0312182636611,-0.0068255733822419,0.0055777799952863,0.0435526708598015,0.0228942997509391,0.0126565969316825,0.0299208349412856,-0.0157743159052126,0.02513403722984,0.0713541387823664,0.007120154909789,0.0105101405690937,0.0220036279788646,-0.0064864303183993,0.0257960575051394,0.012106970772332,0.0109361256985445,0.0149050318210601,-0.0042419863193077,-0.0126366919014069,0.008472617189744,0.0324853966165104,-0.0053228231919815,0.0105186235959071
2014-04-10,-0.0275403706115575,0.000684625672255,-0.0149442675783193,-0.0434864667291954,-0.0123564033846945,-0.0257754957316307,-0.0387027976599847,-0.0250856641909622,-0.0127673765878184,-0.0444516743637075,-0.0564558124468854,0.0054336493174473,-0.0254499441808051,-0.009444422247302,-0.0401307508338586,-0.0160916046255481,-0.0143358633280348,0.009203888984111,-0.0362494343821189,-0.0411200991825193,-0.0165128266268284,-0.0137932413515337,-0.0120806240314199,-0.0219124065385827
2014-04-11,-0.0288924596650304,0.0196547351081552,-0.0138978775849456,-0.0081806561781592,0.0021918734464776,0.0125264186829876,-0.0093284752047033,0.0075542911361499,-0.0027970012011104,-0.0215335344619544,-0.0539794229464023,-0.0008792346255739,-0.0181148710747081,0.0238020484476535,0.008249978011825,-0.0195307746384436,-0.0010903732437705,-0.0036713272482198,0.0125924681951765,0.0144040499289959,0.0035254083521638,-0.0234203021559581,-0.0033816803000235,0.0083682642644098
2014-04-14,-0.0087408829206161,-0.0101181283947473,0.011385322884986,0.0264924160091899,0.0067877512896359,0.013541424279797,0.0139602817876995,0.0447054894106995,0.0072563592289518,0.0114575852486629,-0.0071144924411736,0.0135406086377791,0.0090983958981771,-0.010748965374737,-0.0007043829444102,0.018656854307574,0.010310521407967,0.01732019304296,0.0113608555313236,0.0229031989447952,0.0184315641824559,-0.0095240962150303,0.0054053989769529,0.0015141794300403
2014-04-15,-0.0166564373123012,-0.0157162492923603,-0.0107493733619286,0.0110598853169365,-0.017548516521268,-0.0035148033363405,-0.0141944803753075,-0.0479089669969754,-0.0165432225747101,-0.0328703134104921,-0.0376595278899691,0.0054800247782034,-0.0044223425428882,-0.0404317795696471,0.0063221474614532,-0.000874450101751,0.0100719120936232,-0.0182402791187694,-0.0021541816569092,-0.0042957971466917,0.0122641561794973,0.0,-0.037628622553828,0.0224390186193634
2014-04-16,-0.0347766872181001,0.0068632674576509,0.0213845110160173,0.0112568794955203,-0.0103806921456164,0.0139862146671707,0.0128073031588114,-0.0075787234952204,0.0132004276903465,0.0065194493249567,-0.0184864450921828,0.0034458243286015,0.0255629975869893,0.0119317019929341,-0.0162371490640742,0.0200475436052665,-0.0014706008654625,0.0105291355845236,0.0123228697985859,0.0149541877170351,-0.0177083020872887,0.0047733866157503,-0.0021605333695531,0.0139554268944823
2014-04-17,-0.0070783808237635,0.0203125613797974,0.036056548317628,-0.0091365212845557,0.0128365083629877,-0.0113490112371326,0.0296349687309132,0.005689294418721,-0.0058765495730637,0.0176831443635778,0.0149914689480832,0.0201478259944809,0.0038577889746718,0.0378224746147746,0.0,-0.02292688891443,0.0128959624437263,0.0086144933343854,-0.0037343215454783,-0.0041573316460077,0.0278952053579253,0.0094788564902615,0.0164466993333309,-0.0073206064361621
2014-04-21,0.0,-0.0026845995894844,-0.0024041686680349,0.0272879298017301,-0.0002452056907964,-0.0105911062282615,-0.0038257632913443,-0.0072119356958064,0.0016826134357681,-0.0133211425294454,-0.0123295567265886,0.0392534430084059,0.0087947358143667,-0.0028591395908377,0.005677569668077,0.0037537954109145,-0.0015856822670228,0.0063007021398866,0.0153806659721105,0.0057233028567278,-0.0077521972456016,0.0,-0.0215063708557234,-0.0343829736180232
2014-04-22,0.000367525439767,-0.0033657325862497,0.0048020773643862,0.0179504320938326,-0.0225788729614095,-0.0047436525292625,-0.0129356756115306,-0.0009528040442308,-0.0166696177260758,0.0063321924479895,0.0136415525236723,0.0013498845020372,0.0158148779344782,-0.0268420781460898,0.0084566143196971,-0.0043807413603351,-0.005306691636103,0.0031355262651615,-0.016985601116263,-0.0020269165899566,0.0,-0.0094788564902615,-0.0087334613157892,-0.0506930242990679
2014-04-23,0.0039100335864388,0.0013474640215371,0.0065651830530502,-0.0227712539506415,0.0035069382659038,0.0059258105690407,0.0068292728186443,-0.0028639733020008,-0.008870873464295,0.0117366878774625,-0.0185272212840894,-0.0059523665894722,-0.0064295284471507,0.0029365704941524,0.008386004587551,-0.0020090612466825,0.003849845218836,-0.0281196507516683,-0.0010711856361838,-0.0024935133581891,-0.0073222312769747,0.0141849525043729,-0.0066006885319942,-0.0416558825919699
2014-04-24,0.0261193065854694,0.0180189154674155,0.0071133036834414,0.0025072669081671,-0.0045113215566607,-0.0050347317244758,-0.0036363075368262,0.0047686744190131,-0.0037439154351952,0.0318353160389133,-0.0376547073822686,-0.0042150532428495,-0.0002219746275549,0.0065767259364226,0.007165147621011,-0.0063043400737852,0.0038352672521,0.0141584907548324,-0.0277115695423622,-0.0103165073907458,0.0073222312769747,-0.0047060960141113,0.0196728534553947,-0.0075346537101492
2014-04-25,-0.0200594380146537,-0.0153286903528495,-0.0083038165372677,0.0196503956800198,-0.0032706654634231,-0.0194881527713031,-0.0225660468955191,-0.0009518970727815,-0.0072389326420978,-0.0235518211781569,-0.0546324233458919,-0.0314194286657492,-0.0075934096933334,-0.0168936412785567,0.0121324280643024,-0.0150380266536762,-0.0039676514142792,-0.0045453853773786,-0.0155472540262671,-0.0051512654933905,-0.0321251251134664,-0.0335763365656421,-0.0255770611321737,-0.0084387877610633
2014-04-28,0.0080478443369242,0.0053582112187839,-0.0065729470015525,-0.0763818189133385,-0.0032818294903345,-0.0106527907749369,0.0101945121504032,0.0079681761017096,-0.0113986787090167,0.0021745485642172,-0.012282149267873,-0.0451551039214908,0.010481410909199,0.0342224229940715,0.0175918491916853,0.0053784761453314,0.0044958259477265,0.0031841315383398,0.0044666408374121,0.0054314624833144,0.0193987385708105,0.0145279143593505,-0.0126630960663407,0.019304212929024
2014-04-29,-0.0026754940477911,0.0026687923719326,0.0136947753844429,0.0275762469108595,0.0050442944393491,0.003360351889484,0.0004610778114559,0.0065918701300669,0.0070299393582531,0.0049037238955618,0.0321039177993784,0.0215378757880775,0.0031003828507789,0.0120954316295232,-0.0024625213490057,0.0147062926264691,0.0093229927397211,0.0215641250377434,0.0005570270231483,0.0040080043183001,-0.009901059397908,0.0237545182204028,0.0014981030457319,-0.005000065556417
2014-04-30,-0.0089291826692248,-0.0093708450688223,0.0117579609063702,-0.0084142101150295,0.0075186779903182,0.0154336447602436,-0.0169633413350078,0.0082262358272147,0.0020410061473183,0.0592989190704402,0.0142588511324226,-0.0199208948424858,0.0037524203433827,-0.018558689076747,0.0100350617033466,0.0190717194839633,0.0287300165109254,0.0258844106642204,-0.0179779988431774,0.0085218194407108,0.0,0.0232027251759696,-0.0105342382346562,-0.0008358674152046
2014-05-01,-0.0004918232906394,-0.0047189275138213,0.0150813953718125,0.0309744875195931,0.0039870791983811,0.0110498557472684,0.0023408034210881,-0.007287891428042,0.0098551073051376,-0.0421541640746401,-0.023878879913687,0.0278076402454656,-0.0290587822934451,-0.0086830965728901,0.0046482914852803,-0.0044547135182995,0.0039291651859136,0.0060448632042624,-0.0275880093164841,0.0120100936089624,-0.0165541117640639,0.0045765754264294,-0.0022717127211508,-0.0025114531127907
2014-05-02,-0.0057941630630455,0.0332257074395858,0.0005753990417312,0.0076585509129127,0.0024839818499864,0.0014840389026504,-0.0014037973975415,0.0028091630924362,0.0002884887746747,-0.0033604587771565,0.0416529286831006,-0.0022877912274865,0.0045259044550829,0.059940125116833,0.0131639019555342,-0.0077193553553511,0.0047956736286729,0.0196086266093464,0.0270210185287582,0.0018210043144168,-0.0076164747062739,-0.0137932413515337,0.0284024978258321,0.0083473860844125
2014-05-05,-0.0078197389415235,-0.0007199219542228,-0.005770057254157,-0.0011263168185688,0.0128175234568219,0.0023695248198998,0.0356482187614952,-0.004686432450504,-0.0011538015884986,-0.0073205506431781,-0.0074453507782599,0.0042855138974995,-0.0022604479268095,-0.0034280426984087,0.0,-0.01905283631877,0.0005031542845808,0.0004216097452713,0.0005669907877259,-0.0044675498285737,0.002036685363282,-0.0139860592508652,-0.0148482974939483,-0.0100253449442015
2014-05-06,-0.0043707135625172,0.0130047926984055,-0.0413525734678135,-0.0119663470415849,0.0012238501529377,-0.0041506665966242,-0.0061191853370416,0.0013144484806435,0.0040331452832051,-0.0418964502853693,0.0018665854676513,-0.0110369374031242,-0.0029462532443913,0.0495746819453413,-0.0048065324876396,-0.0063898011643788,0.0,0.0067287394303314,-0.0073967266323247,-0.0040284179996419,0.0171464967793855,0.0,0.0007477671213829,-0.0118245067691042
2014-05-07,0.0069842347017567,0.0160204231175375,-0.0042309375162865,-0.0424521681942131,0.0099792650200787,-0.0032732025906674,-0.0041001173108237,-0.0380580656235953,-0.0162320326289249,-0.0085224721322276,-0.0482308894787313,-0.0338618716130172,-0.0125615354222277,0.0232571112808244,0.003934271478676,0.0033275830215524,0.0105145996475779,-0.0067287394303314,0.0022815485289924,0.0002749687222536,0.0163652875623099,0.0046838539697889,0.0126254759313644,-0.0197347036903214
2014-05-08,0.0054534832402479,-0.0044602106815667,0.0712917881559129,-0.0059008913983422,0.0125152023800647,-0.0150153101356447,0.0178718472563617,0.0021420719352485,0.01594443851307,-0.0102762368870044,-0.0599827307297733,0.0083148414165084,-0.011790674378608,-0.0311310381598597,-0.0131753489575046,-0.024577376943224,0.0023634861567765,0.0200510647749179,-0.0034246404264226,-0.0081036121756064,0.0088148566808894,0.0230954466326101,-0.0133732430527473,0.0129146592312879
2014-05-09,-0.0071948945159299,-0.010915375554438,-0.0107741505552749,0.0162916318485439,0.0464982439995242,-0.0036373259597404,0.0838299088973837,0.0205994519169183,-0.0005752411417816,0.0156114477500821,0.027160300174903,-0.0071224382532371,0.0085677879263492,-0.0052839406347551,0.0066092574412488,-0.0093416509067374,-0.0109923108071767,-0.0078888316247294,-0.0063090461811632,0.006635347116437,-0.0048875252519398,-0.0091742900602177,-0.0105264734881329,0.0161224535158842
2014-05-12,0.0226495955472012,0.0141034104570834,-0.0155130950576882,0.0449664761153556,0.0256945570970699,-0.001519590014154,0.0232332645272062,0.0278107333378512,0.0048798443952242,0.0241819727901031,0.0545991854423739,0.0623486170578853,0.0121465245533616,0.0170718623388821,0.0117881670980519,0.0149570082308638,0.0036354604531929,0.0103671674192837,0.0040194437432969,0.0031179186133352,0.0087802018677192,0.0,0.0407312717634855,0.0158667252443722
2014-05-13,-0.0113836762630308,-0.0012741929136186,-0.0075560504013783,-0.0238626735052776,-0.0231863670891239,0.0267081813258687,-0.032346891842049,0.0062813089363416,0.0096897243690992,-0.0024265951573969,-0.0291423473912511,-0.0005603187675125,-0.0089236381011028,0.0038989470431229,-0.0502887671150422,-0.00482996784931,-0.0017533234821414,-0.0149630979332422,0.0108294209676211,0.0196752627012735,0.0024254492345123,0.0,0.0072309438698183,-0.0091552155595389
2014-05-14,-0.00295892831409,0.0151802882672897,-0.0184446457427864,-0.0005766593341025,-0.0043362610803883,-0.0086244454915647,-0.002499809799715,0.0022075922153741,0.0140806445618024,-0.0056855105375754,-0.0229322602755148,-0.0054746039963204,-0.0192603411317127,0.0109642628171902,-0.050068831652239,0.0045693585146109,-0.0020320268102875,0.0062621256761605,-0.0668086367263751,-0.0085657203550182,-0.0029109906105553,0.0,0.0199722427186519,-0.0109292811618386
2014-05-15,-0.0038351733780155,-0.016454915376322,-0.0150285113385852,-0.004046149673452,-0.0045849990286255,-0.0126242342559437,-0.0332977553360622,-0.0122022160447128,-0.0028002616430624,-0.0082959077450697,-0.0025245777756079,0.0029516449251061,-0.0051678960259353,-0.0207396409647016,-0.0223201532043604,-0.0129792307386757,0.0007630593771095,-0.0075188915248087,-0.0066890118835185,-0.0084572407893439,0.0038798432865494,0.0,-0.0127937274867711,-0.0076367731830186
2014-05-16,0.0048222104529846,0.0120511179515767,-0.0091270612198739,-0.0039979103408791,0.0593262836074015,0.0087336128604471,0.095368977718333,-0.010471442989772,0.0128173703423097,-0.0028200227984021,0.0522028632983455,-0.0081736382054877,-0.0011784739946083,0.0006544665219474,-0.0024565805287644,0.0003954988224661,0.0026632572849565,0.019925888863415,-0.0006102461072725,0.0010039759653901,0.0053101739211345,0.0091742900602177,-0.0180444077778023,-0.0119965828464845
2014-05-19,0.001602424868067,-0.0126903328315712,-0.0123003482965358,0.0184371757455661,0.0176007516118463,0.0083605522838912,-0.000588247995009,-0.0208932841595228,0.0057969337365051,-0.0111217643883314,0.0004797423336784,0.0004245987270889,-0.0007071893010874,-0.0045913600586702,-0.0452793827104431,-0.0051578323132597,0.0039192155038199,0.0049200981040389,-0.0036697063981991,-0.0091650691927194,-0.0053101739211345,-0.0091742900602177,-0.0265698495992494,-0.0226687795340994
2014-05-20,-0.0017256328613592,-0.0219501970709792,-0.0049629541331497,0.0048723752024431,-0.0089764993002425,-0.0005946178180558,-0.0086682400850808,0.0139145654333823,-0.0127427467078047,-0.0427820167356962,0.0028735396024575,0.0043750784369485,-0.000236309638895,-0.0320672161390827,0.0015429537925433,-0.0081208831874066,-0.0059479650422442,0.0061162752059029,-0.0191779545223886,-0.0086927864692478,-0.0072869785262859,-0.004618951291316,-0.021164696745729,0.0026420387989424
2014-05-21,0.0235305169864785,-0.0184466101565703,0.0197053032279428,0.0344337692285465,0.0064199318259987,0.009770480210534,0.0043433985974661,0.0090444674327756,-0.031146267912292,0.004707667296496,0.182241860316775,0.0092515725322783,0.0091625230255107,0.0168299366849427,-0.0064439795213695,0.0095783965830671,0.0054431903370235,0.0044614089180834,0.0024953602800417,0.0036156935815814,-0.0004876917797584,0.004618951291316,0.0022890476903778,-0.0035242718718581
2014-05-22,0.0039683965487951,-0.0039965435257247,0.0030441596341752,-0.0026870394268554,-0.0017079558847905,0.0093840403985048,0.0272074738588026,-0.0132176922255664,0.0108698157556337,0.0393824496130275,0.0232431242455994,-0.0032141082649008,0.0044334622265376,-0.0046838534080098,0.005929948625035,0.0006202379114874,0.0044089531802216,0.0020216467174725,0.0080671049388743,0.0131466153899504,0.0068058176300502,0.0137301123241719,0.0075931614446183,-0.0133276634154356
2014-05-23,0.0023976634023794,-0.0141182541630247,0.0084746582424011,0.0247627464921036,-0.0248796087682112,0.0130496636837786,-0.0135111528704703,0.0007600186188712,-0.0019934735619426,-0.0005945044042343,0.0508648587681608,-0.0008445565568995,-0.0006988732168418,0.0,0.0066615436399732,0.0048393552185954,-0.0059249844439825,0.0004036975261985,-0.0043356223738302,0.0013690800896588,0.0009688526759941,0.0,-0.0030303336876287,0.0273505631343363
2014-05-27,0.020267310470535,-0.0274555124916524,-0.0096913269431522,0.0100312601376897,-0.0054911697142689,0.0048859150243272,-0.0134991604406788,0.0051150975645912,-0.0163819854061046,0.0001190212040018,-0.038480811452231,0.0016883176475697,0.0034893767944703,-0.019641484341671,-0.0017892222412101,0.0180735151820865,-0.0079975814647244,-0.0130030283676574,0.0323690286401481,0.004277504296569,0.0110710541635614,0.0224727893767977,-0.0083809814695996,0.006073749339189
2014-05-28,-0.0043507769582022,0.0151943188855148,-0.0036582440785997,-0.0187791092154316,0.0083348997648697,-0.0080603157081489,0.0003936362830021,-0.0338234846404632,0.0054906868327355,-0.0243064458390822,-0.0023103385449956,-0.0015476745201512,-0.0166225027225452,0.0108843896851835,0.0122048156033556,0.0047301120242622,-0.00395893395951,-0.0090389599822988,-0.0188052726571155,-0.0018177413336992,-0.0014368913894475,0.021979027735446,-0.0007655889088962,-0.0104348133129744
2014-05-29,0.0042332827512119,-0.0110277200207726,0.0060898536388918,0.0079720015711641,0.0023999328777422,0.0077735209918219,-0.0003936362830021,-0.0080463938258275,-0.0037536437117928,0.0649571447630172,0.0103547829283683,0.0058942488687323,0.0014153655759194,-0.0136241833301373,0.0123069922071532,0.0024874400485668,0.0084100273093916,-0.0187463762860655,-0.0073757598844883,0.014272913531502,-0.0077004741160719,-0.021979027735446,0.0061072616914881,-0.0167480465136151
2014-05-30,0.0077149276354697,-0.0338294791526236,0.0030311585451396,-0.0101408114759591,-0.0189183502936991,0.0088507063105565,-0.0219045855378707,0.0133099706255093,-0.0160376910727646,-0.029420720696816,-0.023158058360873,-0.0043465743485811,-0.0033058369635501,-0.0334760541051986,0.0258731197757811,0.0002613842918464,-0.0026681001775372,0.0021002058431975,-0.001852373724714,0.0144259650804654,-0.0067859611592928,0.021979027735446,-0.0301299203218989,-0.0098256324966601
2014-06-02,0.0001164919826184,-0.0122613961351756,-0.0018175259394075,0.0086471592191763,0.0457930479440165,0.0025549955504216,0.0359865085688566,0.0162012557937689,-0.0064878211185779,-0.0143255419441121,-0.0027370375927864,-0.0135830885715138,0.0014183936842764,-0.0178896479791477,-0.0080596933429053,-0.0094561247849229,0.0015252975152044,0.0075250753950601,0.0067755347567872,0.0073988254588099,0.0048522725012509,0.0086579815820234,0.007033870866882,-0.0044983893624876
2014-06-03,0.0023258055056842,0.0042753567320819,-0.0079147338977056,-0.0216375046780248,0.0010600261320647,-0.0025549955504216,-0.0091697997453086,-0.0057562904727672,-0.0065301205774668,0.0113827300043904,-0.0126085831406519,-0.0080093539542991,0.0103384047826193,0.0100577991776205,-0.0293625866707463,0.0074935018836983,0.0080970907804784,-0.0108878633379885,-0.012975276240787,0.0084763652193995,0.0276868099413407,0.0085837546407262,-0.012539469040609,-0.0145325661399403
2014-06-04,0.0063686066221952,-0.0160357516117588,-0.0079777926553581,-0.001773388530359,-0.0040342545834795,-0.0079910118624542,-0.0062920394980334,-0.0127805317820219,-0.0047761739277247,-0.0009438790015066,0.0277633080092458,0.0199041248782432,0.0067561756432801,-0.0194881634861459,-0.0101523138074526,-0.0127862152875772,-0.0122978044171193,-0.002529215132212,0.0099012201965393,-0.0038358615540055,-0.0066134831528801,0.0,-0.0047428511132789,-0.0055046626235734
2014-06-05,0.0117037745897867,0.005860461640643,-0.0024676105547243,0.0184358966697173,-0.0049056683776531,0.0037179293294222,0.0062920394980334,0.0064107351610629,0.0148503533054,0.0364982512204283,-0.003476926500284,-0.000140579966823,0.0099341201034142,-0.0007291462654279,-0.0020431322019833,0.0048966115204214,0.0073718481375331,-0.0055024896150674,0.0,0.0009604136966743,0.0047281364993847,0.0042643138542283,0.0094636380623822,0.0218389572219086
2014-06-06,0.0159566186052435,0.0477813341625741,0.0116670236663933,0.0349545460926199,0.0116911585903047,0.0017116891437307,0.0157512242148007,0.0071394790541341,0.0008840056309771,0.002613495465976,0.0054033088030993,-0.0025374834955957,0.0009187726510764,0.073795045653265,0.0134573350953841,-0.0064898300324287,0.0048003133381828,0.0004239355498301,-0.0086581931430236,0.0048749976359703,-0.0052020014676932,0.008474817575366,0.0271021647861631,0.0169570330910068
2014-06-09,0.0004492049091329,0.036243353610136,0.007905440763563,-0.0043613596069693,0.0023218287823967,-0.0025678973436016,0.0078793421714045,-0.0011545405112425,0.0143298582013535,0.0028330263897702,0.0026907452892679,0.0080130998417042,-0.0078391354468512,0.0254195004729347,0.0022671966236089,-0.0029273561240028,-0.0015137065958406,0.0055001638105087,0.012345710155704,-0.0006952070709838,0.0056738417165433,0.0042105374290767,0.0151630440067231,0.00529565526778
2014-06-10,-0.0003363102679134,0.0066936229887435,-0.0091270612198739,0.0261712409568408,-0.0033792118746998,-0.0042953258320852,-0.0055666000573637,0.0067148471499058,0.0095361896502743,0.0140460639603965,0.0261428242023944,0.0134899897307962,0.0303223851819489,0.010512407196894,0.0154809633839319,-0.0001332570965519,-0.0024009121795844,0.0067287394303314,-0.00738899572522,-0.0104830562895053,0.0042344776518796,-0.0126853550044427,-0.0060376555762937,0.0017591267979051
2014-06-11,0.0090515391635701,0.0263352455397143,-0.0110633642071951,0.0020983709590449,0.0042220313236849,0.0005739102544315,-0.0005774897207615,0.0459638180305532,-0.0017271734038688,-0.0144986268508313,0.0965333728895916,0.0019321796842977,-0.0024734329124522,0.0232571112808244,0.0137797458530433,-0.0013336715271581,-0.0025335002981359,0.0203283854769438,-0.0118124843087525,0.0016669537825109,-0.0080138324487522,0.0168782381162687,-0.0015148920165841,0.0139617163789121
2014-06-12,-0.0062494435906925,-0.0078287616842709,-0.0012369840893406,-0.0030071729318983,0.0208472823871517,-0.0048873941799754,0.0038444222765772,-0.0197333450150358,0.0005761645749498,-0.0113857635257907,-0.0074983725414523,0.0446255870612635,0.0238027698701199,-0.0115607872268164,-0.0024470278794881,0.0055896658586931,0.0118524893400526,0.0049161693920094,0.0062345283232756,0.0017522082966365,-0.0009466082249565,0.0207046970241089,-0.0370700657644416,-0.0017344445040048
2014-06-13,0.0005597453343124,0.0039221941453935,0.0030892159185533,0.0116940989243694,-0.0238006241716783,-0.0005764256060025,-0.0385301489863225,0.0053867881475708,-0.0150857308182974,0.0024016174633594,-0.007899733475932,-0.0055532019124306,-0.0161776719324167,0.0248816426390985,-0.0098471968039646,0.0081944067313166,0.0089848322796264,0.0020411471642023,0.008046973760172,-0.000175155494146,-0.0009478786947143,0.004089989868111,0.0078369022302651,0.0008676886624524
2014-06-16,0.0135570136369516,-0.0032671884562016,-0.0049475233505589,-0.0065928627092617,-0.0110476659351776,-0.0002881516156745,-0.0238107679509513,0.0059105864394326,-0.0035140950819503,-0.0040062613002378,0.0861777155498644,-0.0039857513930683,0.0212210011885383,-0.0044205982838247,-0.0084473256871056,0.0121672160849044,0.0033481218857542,0.0073140883971927,0.0024633267772611,0.002098845442843,0.0056738417165433,-0.0081968638382849,-0.0062646007191935,0.0086354590406203
2014-06-17,0.0072586466737334,-0.0225032208278537,-0.0006199209260278,0.0075471848795736,0.0036251526231345,0.0020168776966653,0.0077299352278648,0.0044498426748047,-0.0041152131224611,0.0152520510585967,0.0100724707480024,0.0076913362767236,0.0160557865595332,-0.0178803354815881,-0.0055042037818522,0.0033756737919539,-0.0039700225967256,0.0144696194000499,-0.0086477324982263,0.0020068644850779,0.0023543852469196,-0.0041235467900397,-0.0078865914688179,0.0085617923762716
2014-06-18,0.0218929058331891,0.0277253476493883,0.0061843464788258,-0.0086786037603792,0.0089001394169812,0.0074565092826408,0.0090772223786919,0.0068499665056214,-0.0014738661594142,0.003607937071453,0.017078484915427,0.0076327080941434,0.0010756927918236,0.0267020763344065,0.0166692558519578,0.0133880578632776,0.0192053633054789,0.0244395273261441,0.0111043836714901,0.0116140412496754,0.0042244792904275,-0.0082987231321278,0.0219275547238746,-0.0120069607059146
2014-06-19,0.0021420176002848,-0.0065322618493717,-0.0018511730343391,-0.0130459783921654,-0.0059245558210623,0.0184009068129813,-0.0044273120150606,0.0080850666334122,0.0026513704117023,0.0202771227868563,-0.0214726974778325,0.0097840234783586,-0.006254692616423,-0.0158080755276903,-0.001975890136064,0.0014059842782438,-0.0003660701002523,0.0211912917355379,0.0325918628325001,0.0145424406531509,0.0157994704704944,0.0082987231321278,-0.0038806223101914,0.0043047433201653
2014-06-20,0.0140216332549236,0.0078336699865095,-0.0105560041881296,0.0006305747610353,-0.0143210039800947,-0.0005611329131207,-0.012175596827578,-0.000548797145029,-0.01183777026535,0.0044019206166279,0.0604210442308761,0.0020749010784033,0.0064696497026801,0.0044516249660873,0.0034550552964269,-0.0075628323999472,0.004503575847139,-0.0188575497110461,0.0076903370525345,0.0039837425463824,-0.0252114180584812,-0.0124742762638953,0.0,-0.0008595749905223
2014-06-23,-0.0198149373332094,-0.0019530011074955,0.005602185371484,0.017271156181609,0.0145332978038754,-0.0129948319378416,0.0188094095458426,-0.0210965141720227,0.0020814054018023,0.0186025126187932,-0.0098201008036267,-0.006237510110743,-0.009503390469046,-0.0082832445079694,0.00736402068676,-0.0006433556436524,0.0048454207475603,0.0038773134557463,-0.0112594727287718,-0.0084948202621646,-0.014286068459699,-0.0041928831118259,0.023060145683764,-0.0199748388931746
2014-06-24,-0.0076687490273554,0.0071408577322977,-0.0169018571534,0.0203503200982133,-0.00042472332369,-0.0085663575396726,-0.0066338127182645,-0.0101504581229761,0.0182522207607949,-0.0122539882432421,-0.0008974953476519,0.0117927621823619,-0.008937227193011,-0.042476023462687,-0.0098308379379457,-0.0029655641879253,-0.0124029239928886,0.0096284984020393,-0.0083783166151649,-0.0057320674536853,-0.0033628141658907,0.0,-0.019954524108759,-0.0035147074827106
2014-06-25,0.0065919532457723,-0.0288496295277633,-0.0082409473217941,0.0178864562826834,-0.0208050244739843,0.0054621344569669,-0.012379845591496,0.0075288118504435,-0.0023366370256829,-0.0218409037530635,-0.0102287340360076,-0.0068513982407716,0.0021872749934597,-0.0161510422058921,0.0117851655013718,-0.0037520646369593,-0.0011021217598394,0.0129476384563433,0.0160959697206006,0.0078626136144004,0.0119590226422934,0.0083684362435933,0.0115607515287274,0.0105080047645652
2014-06-26,-0.0068089325123397,-0.001340363640115,-0.076706282932498,-0.0040742103381337,0.0095632885666385,-0.0020090005595996,-0.0065558310082614,-0.012832800960649,0.0072834187834138,0.0145963716636519,0.0327214947750569,0.015446221598415,0.0030541481549195,0.004062060836756,0.0188595472609529,-0.0068934925660917,0.00561876081017,0.0026449309986142,-0.0059313042876494,0.001531042572255,-0.0004755675322916,0.0206191337604526,0.0294471474365221,-0.001743517396627
2014-06-27,0.001517035885266,-0.0114673696471772,0.0197351514926289,0.0067811579161807,0.0041013796125306,0.0011483998987396,0.0026684586752869,0.0199331614562485,0.014409469716738,0.0331377833123953,0.0023385521676519,-0.0076933637089502,0.0,-0.0115526909041128,0.019450305807966,0.0037776702972225,0.0015825969342251,-0.0337712265080658,-0.0029788214819654,0.0100639300035636,0.0122933838589935,-0.0164613838382297,-0.0112235496388717,0.0326207461484283
2014-06-30,0.0099128992148447,-0.0150381283640494,-0.0156198774236013,0.0099524227005085,0.0085802786348136,0.0040090822534253,0.0227005881534148,0.0011161596335031,-0.0054511755277801,0.0160610494870843,0.0253689319741474,0.0085870369332492,0.0060801320425354,0.0,0.0135325373173187,0.0011698107096531,0.0017007237497104,0.0124128835524941,0.0005964140809608,0.0068764621194121,0.0051554901621662,0.0,-0.004524820749127,0.004214303892178
2014-07-01,0.0148986171963283,0.0027510023766408,0.0156198774236013,0.0236462722847656,0.0333959787598243,0.0068357672967263,0.0169899470719108,-0.0003720127726147,-0.0034579394119464,0.0059572176132896,-0.018676064163098,0.0068677527846219,0.0021625706482804,-0.004109582027284,0.0101453409954359,0.0051813493095895,0.005086234403254,0.0370831485798435,0.021239756635109,0.0214955397352341,0.0267545678841178,0.0366640287679153,0.0172352584391592,0.0108740777623053
2014-07-02,-0.00774079451039,-0.0187995486087464,0.0067159803715219,-0.0069247577438042,0.0208510519967224,-0.0054077235018978,0.0031962465271373,-0.0018621426015876,-0.000289017890612,-0.0047000628674958,-0.0502558137417956,-0.0012680367309938,0.0030199987281851,-0.0089625906259238,0.0091348179045942,0.0012909007344097,0.0039782393420879,-0.00596113045576,-0.012335144717535,-0.0031130601113593,0.0184898029746674,-0.004008026171976,0.0176736005994555,0.0099338812314209
2014-07-03,0.0184574139836675,0.0242143455788554,0.0113145157431513,0.0065064256317199,0.0048435703845011,-0.0011420227839611,0.0130774993791651,0.0014900893882978,0.0034593279161807,0.0054293204276643,-0.0024428052164147,0.0073332360849009,0.0017215360084197,0.0034564809374806,0.0006815334700482,0.0096308265770472,-0.008336186244064,0.0115177742443375,-0.0047394176581183,-0.0012313325361166,0.0146379444924935,0.0079999675994416,0.0238020077528819,0.0065681558904788
2014-07-07,0.0044836801262064,-0.0089255123832037,-0.0106453734847886,-0.0168780218262751,-0.0238372296702609,0.0048451437423446,-0.0202830744576032,0.0338519700569639,0.0071685527315734,-0.0199817585111379,-0.0354735206578116,-0.0183070106620375,-0.0145102538307622,-0.0027641830905911,0.0092706826614907,0.0091594121914759,-0.0037678182272085,-0.0033301867392072,0.0053301936929122,-0.0046936262472812,-0.0017636074465898,0.0494374229729826,-0.0093090872423236,0.0081500950309021
2014-07-08,-0.0155170353657041,-0.0062265400440744,-0.0168636232235983,-0.0307882644050261,-0.0043392365861261,-0.0051311647532119,-0.0133471400675144,-0.0005398921114563,0.0002853812766527,-0.0420887495191415,-0.1293318862675434,-0.0286331726719715,-0.0085441438373843,0.0013833852981599,-0.0172532259394122,-0.0132571766675431,-0.0012186081693359,-0.0270489145376848,-0.0094953879523678,-0.007123246513216,-0.0044203473565516,0.0,-0.0093964112542583,-0.016367074324431
2014-07-09,-0.0121187524345165,0.0130990202562701,-0.0061413768298876,0.0143777629256414,-0.0118740120404048,0.0119317031090924,-0.0094087998526735,-0.0094053169907126,0.0231521356070669,0.0125510661681165,0.0301816050356094,0.004084739928428,-0.0011006847793932,0.0346381617814073,0.0004577764307365,0.00741529626558,0.0031650091726143,0.0041801645762991,0.0011919131834625,-0.0021638103733394,-0.0066679019724671,-0.0078739975681467,0.0129872061744211,0.0041168866562582
2014-07-10,-0.0066531639238824,0.0115768011066381,-0.0186535342789673,-0.0087981617564523,-0.0152029856992559,-0.0119317031090924,-0.0159507943986705,0.0112039195930375,-0.0171715694323348,-0.0085704282765233,-0.0212097163212372,0.0009197514114012,0.0006605999499833,0.0145792628085212,0.0027429875900528,-0.0092132064874812,-0.0144449023493602,-0.0203035805692533,-0.0083733048906178,-0.0167166932802143,0.023364217230553,-0.0119286039684164,-0.0086391455829517,-0.0041168866562582
2014-07-11,-0.0158441669053202,0.0074195864023571,-0.0055943180255324,0.0150508968510596,-0.0113406410621577,-0.0008578208388714,-0.0183336895430898,-0.0260323191119398,-0.0145864324450455,-0.0026521112225239,-0.0050143152795003,0.003017277528734,0.0021985989941635,-0.0006580197670227,0.0201112729262447,0.0,0.0094497036988694,0.0206825402348505,0.0006003532310427,0.0039732875323075,-0.0061189739527227,-0.0080319458981537,0.0021668493784545,0.0041168866562582
2014-07-14,-0.0072456153151652,0.0408223349751988,0.0111578934267897,0.0129199282735283,0.0064349639772132,0.0074097986111891,0.0029729551974826,-0.0101957447945504,-0.0020183777634814,0.0101280298858377,0.0035842468270992,0.0213807674238331,0.0083116460759722,0.0444229608400945,-0.0114749887137266,0.0163205727410868,0.0045091020268617,-0.0007581581944644,0.0006001452021524,0.0040419104657747,0.0156559764330048,0.0395304608335005,0.002162089923132,-0.0065952304042489
2014-07-15,-0.0014333278247855,0.0019340380593517,0.0124051454733717,0.0071354770200144,0.0093637472243957,0.0042500768590891,0.0360268780586161,-0.005605327400308,0.0063308605723348,-0.0080279474299169,-0.0301457328803107,0.0052425872389156,-0.0034913725098344,-0.0025216156327747,-0.0238161973254644,-0.0120873284734432,-0.0029225740728353,-0.0191504872238814,-0.0084338357941506,-0.0024400426472732,-0.0084204827399707,-0.0077819228876013,0.0078880797282101,-0.0016556480828682
2014-07-16,-0.0250265435045182,-0.0320604865316427,0.0163046908279396,-0.002372839607398,0.0182604275636903,0.0090061831430112,0.029227104502159,0.0268061847832117,0.0051501367279831,0.0033069303952562,-0.0129896193852419,0.0408575157247117,0.0054494537886076,0.0100500656672273,0.0094569612320136,0.0192703275054917,0.0127234006100387,0.0080879186988478,0.0138183149871498,0.0036997802672003,-0.0709972219433976,-0.0398457690394837,0.0281710655278883,0.0066061228111731
2014-07-17,-0.0249727212831576,-0.018115472905265,-0.0300980924001694,-0.0133395249603278,-0.0165672268447307,-0.0166693458358477,-0.0231095085889019,-0.0298087348469122,-0.0045766454038576,-0.0437515635330187,-0.0234326987089574,-0.0114509624058527,-0.0071995044271524,0.0018734936599889,-0.0009186177559761,0.0129740172596362,-0.0071299181128599,-0.0053847677880174,-0.0035864294688483,-0.006483472652988,-0.0355010461027722,-0.0246925917294063,-0.0296007825788846,-0.0283825100944519
2014-07-18,-0.0043010145200366,0.0533901749203473,0.0069204828384523,0.0225358377917892,0.0207184381690446,0.0053985771757227,0.0357430049165867,0.0189878393415774,0.0045766454038576,0.0262111872458783,0.0279052716595069,0.0152395701495184,-0.0059294218717398,0.0634460743148546,0.0052710163392024,0.0080244181185689,-0.0027924058277726,0.0084489464265042,0.0053747567332718,0.0043831730990024,0.0137661262328423,0.0246925917294063,0.0071277180425008,0.0167930189592702
2014-07-21,0.0186963835409006,0.016550246559684,-0.0013804027826029,0.0336888196498783,-0.0148148893707253,-0.0005667668610334,-0.0086682301002021,-0.013739327483295,0.003134369622666,0.0004479943889146,0.0118300715657446,0.0115195826176122,-0.0061864781778959,0.0197106926966932,0.0029669216817782,-0.0012304122877351,-0.0017043866236541,0.0064795841595444,-0.004775972734333,-0.0020205687742018,-0.0024442376397222,0.0201211276019275,0.0120015411571909,0.0107661835579175
2014-07-22,-0.0032066124191869,0.0050375402191209,-0.0034591294831343,0.0035844615736602,0.0326743010004975,0.0050903871935092,0.0230793250835401,0.015213492010079,0.0110341843828996,0.0015657538867648,0.028619991026773,0.0234748503281467,0.0197504689534722,0.0114159247558103,0.0303017804852054,0.0062589733864202,0.0032838894770392,0.0079471250868863,-0.001197774758475,0.004372765020487,0.0136125687166721,0.0039761597382027,0.0125524760178212,0.0032895132947223
2014-07-23,-0.001837089142481,-0.0063010468567092,0.0006931630213475,0.0084808060342647,-0.002648332685053,-0.0084987718578588,-0.0181451991127903,0.0214945805429107,0.0175712350131544,0.0051284702070892,0.0194523992038919,-0.0093477710033313,0.0021704424249953,-0.0270365334403757,0.0017672585269696,0.0068276960968072,0.0015768426751461,-0.0087072984506413,0.0119118709368144,0.0020955442055683,-0.0014498817367583,-0.0079681103483919,-0.0062563984856678,0.0138605320184712
2014-07-24,-0.0035685502845046,0.0106881974330999,0.0130721357410972,0.0205255068581564,-0.0008164509475445,-0.0005687330434009,0.0127168670842543,0.0050333997210145,-0.0119596376822812,0.0201448550038785,0.0007002961818995,0.0060447180687921,-0.0141939663655739,-0.0046758454347575,-0.0180385398184004,-0.0060938952852129,0.0008488470366336,-0.0199699086584348,0.0257176848713647,-0.0004189839739234,0.0101033351816819,-0.0040079501706506,0.0152250282012422,-0.0295829145928312
2014-07-25,-0.0202708895078309,-0.0087942177561042,0.0182867678809168,0.1033022758443511,-0.0152235103630018,-0.0039935845455092,-0.015871807500531,-0.0102734958096957,0.0064148127820153,-0.0138266898302825,0.0045399437878357,-0.0118869295381296,0.0096303781851214,0.0070055472910632,0.010506728129513,-0.0137867800288482,-0.0069283777368975,-0.0093532219127241,0.0199947454157791,0.0020922112177954,-0.0261893094699998,-0.0243915202962928,0.0,0.0051437553210822
2014-07-28,-0.0057834560970286,-0.0075989118856958,-0.0033612750052323,-0.0030952796922134,0.0035180149531961,0.0054155034753593,-0.0167303681664519,0.0122437866442002,0.0501527856799626,0.0122997886632099,0.0121213076861126,0.0266655682285832,0.0,-0.0093513587575653,0.020687053664016,-0.002481630793488,-0.0020753130571899,0.0440430838767214,0.0016953484851967,0.0079096677998764,0.0009819663432022,-0.0165978521763208,0.0183740587956837,0.0
2014-07-29,-0.0143065117439302,-0.0044605147530851,0.0026899784135339,-0.0260221188785134,-0.0128901498213513,0.0235968771817174,-0.0034199952543301,-0.0088075791872739,0.021191103458503,-0.0073399163738017,0.0041223294601797,-0.0101814170650302,0.0056470991521462,-0.0261763397666725,-0.009849968856483,-0.0021149104197641,-0.001957610571174,-0.0177664386080707,-0.0136442448355262,0.0,0.0083109170215061,-0.01687817191858,-0.0047314344760169,-0.0151262593248306
2014-07-30,0.1331412846443314,-0.0102695465031017,0.0407952178671142,-0.0039623630623299,0.006465800232144,-0.0050100602279941,0.022517809395532,0.0045035402986597,0.0092759833214568,0.0339418659010108,0.0327123864526761,0.0090165000726898,0.0051847013033983,-0.0006031660291923,0.0256256685924833,0.0,-0.0146800507115907,0.0635369213256176,0.0034286262278548,-0.0044885782794112,0.008725448605054,-0.00854699722176,-0.0260823969911478,-0.0042426946057742
2014-07-31,-0.0103543403241754,-0.0142953741341607,-0.0215059308359015,-0.0141553067868516,-0.0146600095325637,-0.0271508020216479,-0.0144887791253918,-0.0148475012312647,0.0033287714398944,-0.0170429319144798,0.0043039652085123,-0.0206099934286192,-0.0077869517269575,-0.039365424673633,-0.0413671393965127,-0.0229228263372025,0.0167596821498494,0.0131558497671546,0.0500659782885148,-0.0172249341575323,-0.0353673416648518,-0.0619667165081409,-0.0020883400043223,-0.0180184093377624
2014-08-01,-0.0199509705525278,0.0104163403023946,-0.0013187961468563,-0.0171327305365567,-0.0008440985748863,-0.0080602587547344,0.0190103776963708,0.0063642390039173,0.0002555031062616,-0.0097775175935197,-0.0102940100656163,-0.0220158722375405,-0.021511241795642,-0.007556894471697,0.0029880501489878,-0.0138552161519438,-0.0068667689259971,-0.0138720213071397,-0.0224977216552642,-0.0033960679395166,0.0099504084103734,-0.0045765857647998,-0.0239784056188816,0.0069023439581352
2014-08-04,-0.0134156850941451,0.0089675079961351,0.0032925649866322,0.0302378306795274,0.0073631031292364,-0.0028941576342456,-0.0021600793675107,0.0371829924716942,-0.0038406952065228,0.0180673527678703,0.0013342535714597,0.0144911770312212,0.007075178134094,0.0169230014884114,0.0124831959470177,-0.0036236969793792,0.009185831142279,0.0188050333721294,0.0154190413742563,0.0044972674093335,0.0152300942931558,-0.0138570727639612,0.009942953961046,0.0178955707020905
2014-08-05,-0.0026388912864367,-0.010328376899847,-0.0226071866113404,-0.0153292598847514,-0.0035697233159983,-0.0084413443379216,-0.0150526333100229,0.00765501237754,-0.0103147551513633,-0.0100210937216491,0.0092900695836282,-0.0079442123284301,0.0089925450846037,-0.0006215092353019,-0.0089007727602319,0.0022017120656583,-0.0059917470240602,0.008051656328913,-0.0159739315632236,0.0076743662909954,-0.0352307879695432,-0.0331001402950343,-0.0185451632766624,-0.0059295603732081
2014-08-06,0.0141022906591663,0.0038860023028746,-0.0096396954715318,-0.0019967405945378,0.0052449280620678,-0.0043942819478726,-0.0104313589865752,-0.0250957239020379,0.0161977055285458,0.0061539395143892,-0.0247421431497492,-0.0020562720884989,-0.009653946350431,0.0312239929214128,-0.0103349046019536,-0.0032393508898929,-0.0013503952373206,0.0055634288418646,-0.0145418640338836,-0.0205406251454896,0.0120482779323567,0.0284383060938946,0.0086022093156163,-0.0372174846446663
2014-08-07,-0.0044607084532115,-0.024208418542533,-0.0178945661765741,-0.0076053319154736,-0.0213605695286993,-0.002057266746994,-0.0103377048059964,0.0155178592681868,0.0020383232212948,-0.0050715830841241,0.0094339910066283,0.0044704743670807,-0.0231944381872173,-0.0139609110918841,0.0092166876074935,-0.0061188110172434,-0.0117366021047504,-0.0066098347548479,-0.0233692478090568,0.0006002787971457,-0.0065080448838399,-0.0093899584354208,-0.0158277790082639,0.0026419952318477
2014-08-08,-0.0032761965614724,-0.0166951081489545,0.0110500202523482,0.0073728839110138,-0.0088029253829651,0.0061590716052362,0.0044725422027664,0.0125197190398915,0.0096250995101949,0.1354630689356852,-0.019641672048781,-0.0006028977782119,0.0004513283352447,-0.0260076796109411,0.0093539469082712,0.0039098275037563,-0.0011190412660639,-0.0122918257605491,0.004603068938219,0.008108750580229,-0.0060455870217723,-0.0094787706970706,0.0028966303910609,0.0286103823169957
2014-08-11,0.0129339401979278,0.0298529876076389,-0.0006870195615773,0.0133467676985201,0.0173171831272211,-0.0052768567931504,0.0094883578744071,0.0103147415058462,-0.0053077384705089,0.030608625939033,0.015609444442969,0.0069722414430946,0.0009015985741975,0.0321015912428814,-0.0226437863794908,0.0098371503778276,0.0018645181878773,0.0080944263424034,-0.0028746532076402,-0.0074234001431925,0.0130526830781314,0.0141848676610082,0.015069967560052,0.0051151621465675
2014-08-12,-0.0133717465311056,0.0006535475964828,0.0095758642752667,-0.0083844047073728,0.0008474970718337,-0.003238927416179,-0.0032200455179318,-0.011352055115263,0.0055599277767037,-0.0001832089855566,-0.0332052144389516,-0.0099926223983466,-0.0108745637870857,-0.0171572971122915,0.004524754342924,-0.0071090335500052,-0.0073531557065029,-0.0273600732487606,-0.0005756605747013,0.0041024452558948,-0.0029968933581523,-0.0094342514677759,-0.0035673669505191,-0.0017022367953272
2014-08-13,-0.0008761881094336,-0.0058956379026438,-0.0013620608031956,0.0111789211350359,0.0188802602409312,0.0126011316153973,0.0072306328669111,0.0086117593450794,-0.0060668389691826,0.02318944045426,-0.0246664673843954,0.016916167565526,0.0090703288891487,-0.0455199356019397,0.0130076039417805,-0.0003897283348734,0.0001260256231931,0.0150165811388958,0.0328641367278415,0.0058681331581418,0.0168655486757538,0.0094342514677759,-0.0173040508607755,0.0034014049008618
2014-08-14,-0.0021929921550851,0.0278604490058611,0.0006812158889411,0.0045188268568967,0.0244291020799369,-0.0070135546425502,0.0436593341073172,-0.0030916315209488,0.016595785464156,-0.0016130163988599,-0.008239396420778,0.0159326662818286,0.006300408821656,0.0,0.0112996338026172,0.0002596564269232,0.0040423744677506,-0.0031989800827973,0.0072201452253286,-0.0016123829112864,0.0097895512402712,0.0,-0.0161292664918237,0.003389874553862
2014-08-15,0.0077639806267209,0.0152188255775775,-0.0020456925389273,-0.0033300476195412,0.0042499252123735,-0.0041138581711015,-0.004415687921452,0.0001719177208561,-0.0057521181772521,-0.0146360022476343,-0.0516719975500659,0.0179848604020436,0.0006725245165224,0.0657102694903206,-0.0059663597188039,-0.0099086139451225,0.0059070277435369,0.0010674344040317,0.0186409626652976,-0.0072457574190298,-0.0039043278043116,-0.0047060969639375,0.0132159840650223,-0.0205135202928979
2014-08-18,0.0114808773333932,0.014990872080848,0.014232737127652,0.0017804537074574,0.008044787676813,0.004699915459208,0.0303224633560681,0.0044620427802946,0.005502796319559,0.0144565327593744,0.0772416158940552,0.0243106931959085,0.0098152397058908,0.0209776144806532,0.0169217754730617,0.0124999861396313,0.009602463100176,0.0332257374516431,0.0059569807396724,0.0027341189837226,0.0009773551523664,-0.0047281545038384,0.0072674288906202,0.0085985192046285
2014-08-19,0.002581002636699,0.0281194806992488,-0.0013468352902568,-0.0047091126024438,-0.007439469192966,-0.001172683932574,-0.0003733425803216,-0.0049779752526921,0.0007480047585111,0.0225286542026879,-0.0338773976301345,-0.0058530576349147,0.0042089017265878,0.0349684010698887,0.0162113192059254,0.0086326241883272,0.0037168586518951,0.0221135945360906,0.0181922560680369,-0.002220563220022,0.0131037514354948,0.0280392980719444,0.0050560905343435,0.0
2014-08-20,-0.0068977786116741,0.0036101945388304,-0.0020235222209232,0.0037051367238314,0.0062371069780269,0.0002934315471248,0.0067001982402485,0.0063468601552139,0.0032348290785351,-0.0065996884016277,-0.0032697632704987,-0.0054335482345102,0.0098976371601762,0.0125219030364116,0.0191129923390738,-0.0070807799294687,-0.0095669258241426,-0.0118466536588996,0.0047605920022479,-0.0107461506611663,0.0048097739056021,0.013730136914642,0.0143062332743817,0.0017107962823051
2014-08-21,0.017581698653875,0.012533424533305,-0.001351385338594,-0.0100033318511814,-0.0088640326207212,0.0185998757374941,-0.008569430146248,-0.0018826100142517,-0.0415983889365181,0.0084397630980443,-0.0269239773540661,0.0011343902653062,-0.0061469825443971,0.002823669962584,-0.016543656346998,0.0072089273284712,-0.0038780385766221,-0.0044363176806028,-0.0063524831787655,0.0006913331599287,-0.010612468391145,-0.013730136914642,-0.0107105713649549,-0.0025672044047029
2014-08-22,-0.0065035819753598,-0.0191619627426264,0.0067384634182015,-0.0122962545222327,-0.0095557584300975,-0.0110017665281656,-0.0063813732626067,0.0105657434864097,0.0123551958314842,-0.0059706798853085,0.0166825280091802,-0.0053431880577501,-0.0017633841314212,-0.0303483489391733,0.0014962760721779,-0.0094079107776394,-0.0066639926547202,0.0047769167752296,0.0015918911765175,-0.0147042874293275,0.0101328944206438,0.0,-0.0137335369959004,0.0
2014-08-25,0.0151800798807002,0.0167865180746757,0.0140051111327785,0.0121118006604925,-0.0018404752702059,0.0043571145520489,-0.0151777269111565,0.0052414789910386,0.0056122917589194,-0.0004404608339854,0.0156851072101371,0.0204216004674862,0.0039630595993211,0.0498967854058667,0.008081526969863,0.0159284423885051,0.0026457495979235,0.0152002939492925,0.005815393505266,0.0068134642176103,-0.0072272451319777,0.0,-0.0080379467095605,-0.0112022738955566
2014-08-26,0.0064058264952722,0.0188467821634596,-0.0039815246654781,-0.0033265656835377,0.0028613652887923,-0.0063971443298163,0.0117827753137946,0.002358201311039,0.0248725013243982,0.0103426778128143,0.0007236056106374,0.0064566075257501,0.0078789859297008,0.0082622537488179,0.0180526675353545,0.0043235194888024,0.0100163112354847,0.0013400444034923,-0.0052853033465998,0.0018267227046759,0.005785721761351,0.0091743075972156,0.009492843957445,0.0051858988303767
2014-08-27,0.0017781242824863,0.0344068741524044,0.0039815246654781,-0.0028734093316602,0.0095461400420933,-0.0096732974653752,0.007341109384912,0.0020166586660317,0.0249951177938547,-0.0007850178764803,0.029927426304086,-0.0023425423066365,0.0039168203190502,0.0523622617757923,0.0074609649194838,0.0048104449014223,0.0058382268406518,0.0003346467240383,-0.0021219813351838,-0.001478363151774,0.005274392953503,0.0,-0.0058311244532764,0.023851059655511
2014-08-28,0.0025047710225516,0.0033760372391415,-0.0079792381664072,-0.0076875498633555,-0.0105670300606797,0.0035283440649087,-0.0050764210268119,-0.0050496925548015,-0.0307186077598582,0.0007850178764803,0.0101275848415913,-0.0140581630987042,-0.0082862718769662,-0.0046957564635947,0.0149605929423204,-0.0166813186066594,0.0055580822442933,0.0142882796003012,0.0037106350318663,-0.0041860754875147,0.0,0.0090909971487128,-0.0425598015542139,0.0100502834970406
2014-08-29,0.0018742699526521,0.024419090072441,0.0013343477008711,0.0033152352677889,0.0150040044451902,-0.0005871432953341,0.0084467954508351,0.0040418273355344,0.0153544228494597,0.0023518335043677,0.0069251957790403,-0.0028358648760349,0.0063296713811071,0.0232628415233577,-0.0030554585171995,0.0006418581124876,-0.0027137793100942,-0.0129504759799949,0.0110496687761283,-0.0009615756153884,0.0014340683098752,0.0045146929063145,-0.003821229975949,-0.0033387683606578
2014-09-02,0.0423686651276469,0.0162677346423401,-0.0127472987468499,0.0468081375638709,0.0183456592252935,-0.0082573972877537,0.0188856547379052,-0.0008406643310032,0.012941291693818,0.0033002831850641,0.001723880592813,-0.0015913184976938,-0.0124794631656888,0.0537173713839957,-0.0016338805962461,0.0077970652241852,-0.0090563514949613,0.031257689320157,0.0150614686547645,0.0163111450722501,0.0066636357022971,-0.0136056900550274,-0.0177680959523012,0.0198680986358557
2014-09-03,-0.0226926047649582,-0.0005402649728361,0.0207156688370533,0.0117192890037731,0.0127612994566486,0.0056107514782346,0.008038084183858,0.0293382214873629,0.0187461177891861,0.0170222861527289,0.0065235811338903,0.0040874076131545,0.0061497917845816,-0.0175875145382122,0.0071275536581163,-0.0103664990359728,0.0059641864556092,0.0176600150544845,0.0158530331686603,-0.0020676567692561,0.0127270233914784,-0.0045765857647998,0.0108530436734879,0.0138382747812926
2014-09-04,0.0,-0.0323759960547138,0.0039605900183179,-0.0143919235724494,0.0013648844545683,-0.0020635577596896,-0.0034630181131594,-0.0017985333775139,-0.0151136476549589,8.537800259400541e-05,-0.0054907430590116,0.0170749439652109,-0.0239318228379228,-0.0484693899851309,0.0016220739581869,-0.0042545290236022,-0.0113373363107127,-0.0160417791531637,-0.0045768004579513,0.0007760066733322,-0.0075225692666216,0.0091324150822262,-0.0116325567758444,-0.0146583354464506
2014-09-05,-0.0032695974397016,0.0143968529780396,-0.0139308768474069,0.0110890470255311,-0.0050779581587221,-0.0011808741565872,-0.0007304558998533,0.0081488629048807,-0.0082528208453105,0.0011073429403758,0.0167210782691329,-0.0012256458562904,0.0008966570829773,0.0025830382286369,0.0032363814167459,0.0069523796268073,0.0044999537023171,0.0019387891482525,-0.0179999831846908,0.0029254738101558,-0.0004721357702597,-0.0045558293174263,-0.0109806477494802,0.0114195953569595
2014-09-08,-0.0034858047027093,-0.0312694924558498,-0.0291445803284888,-0.0054847546569112,-0.0147946458869401,0.0,-0.0071514073690397,0.0022697981291439,-0.0157208712827614,-0.0011073429403758,0.0559356581488978,-0.0082873500497995,0.0033551276135637,-0.0546120639775342,0.0006054131295436,0.0039693476846496,-0.0234736007111027,-0.0061519225372324,-0.0031184208741754,-0.0030115178093135,-0.0052069792703881,-0.0045765857647998,-0.0175021494076332,-0.0048781166283082
2014-09-09,-0.0016444119857963,-0.0281873469000677,0.0061709434380881,-0.0189399243853225,-0.0015911640864922,-0.0047379474703883,-0.0144580958694318,-0.0239276116208346,-0.0114546499856902,0.0025537511222557,-0.0025632799554928,-0.0086957677584025,0.022959105004098,-0.0287468462128075,-0.0130000692167882,-0.0082123897410673,-0.0085928259960268,-0.0101191485201752,-0.0005209037768387,-0.0088292493694579,-0.0009496322489566,0.0045765857647998,0.0048038557559544,-0.0098281216880868
2014-09-10,0.0029785030191424,-0.0326147818382753,0.0216367957750116,-0.0024892097946809,-0.0009957647715688,0.0159013199559048,0.0052142394937919,0.0026501581569906,-0.0075415372943266,-0.004857756079553,0.0086248883206532,-0.002839385395573,0.0028330279852033,-0.0255625599460966,0.0075362007123116,0.0019309091406256,0.0110160225161579,0.0058881895100428,0.0155044213139419,0.0126996268774366,-0.0009504127827066,-0.0277793542013841,-0.011245078688469,-0.0049505646521132
2014-09-11,0.0104074371249289,0.0,-0.0134680956189296,-0.0029951844851101,-0.0106160081051207,0.0049541645727462,-0.0072701601130376,-0.0056402791026237,-0.0068360459730381,-0.0247376359201192,-0.0170012333400682,0.0081563216697144,0.0179019927751324,0.0142816658349365,-0.0046778926743114,-0.0015443577064271,-0.0042125675368787,-0.0019588800523187,0.0152674435496602,-0.0010306309048404,-0.0062010890760477,0.0,0.0024202504026553,-0.0066390224662571
2014-09-12,0.0040518732867615,-0.0481577483871535,0.0234517439387405,-0.0094068802116957,-0.0072758666432313,0.0029027816931503,-0.0026226379759215,-0.0080174383765243,-0.000762453379226,0.0055891469093172,-0.0305492738020198,-0.0035036140296211,0.0161157568531145,-0.0735403983183429,-0.0014283996807029,-0.0027086461113796,-0.00912444385128,0.0210192917771498,0.0010094783994216,0.0063388936367205,-0.0271598165012889,-0.0094342514677759,-0.0089033157917082,-0.0108833230292744
2014-09-15,0.0093574958551272,0.0268349107730765,-0.0006626230055806,-0.0337339175835573,-0.009579044813138,0.0,-0.0067758645864808,-0.0097743240191605,-0.0476467537091256,-0.0217448532258197,-0.0729796057991976,-0.0194358612528313,0.0048263766189542,0.0097204486203752,-0.0006126743468772,0.0025797330936567,0.0029653649584941,0.0015987341914565,0.0025197573343003,0.0004269261960194,-0.0049286162598347,-0.0143201931546353,0.0113177227221723,-0.0144130012979751
2014-09-16,0.0137258871694116,0.0344963944242187,0.0006626230055806,0.022708043826852,-0.0076060806492961,-0.0107823578364012,-0.0060618139027948,0.0112823603989915,0.0121920440715741,0.0095661474484955,0.0071505078955507,0.0173953677622482,-0.0004189151365197,0.056990491051114,0.0141992189226272,-0.0036134687979147,0.009097197106807,0.0076384654324588,0.0189436414720531,0.0036632832134664,0.0117879597174077,-0.0194180432856141,0.0096002464154532,0.0152544517876797
2014-09-17,-0.0078344127758702,-0.0059667441601889,0.0079154468581803,0.0161512515120483,-0.0120409545987745,-0.0058772276050667,-0.0011407936835801,-0.0084073991130744,0.0063025126601585,0.0007931770170603,-0.0039264948804098,0.0003407042467542,0.0149661441530608,0.0056947278970751,0.012807756110821,-0.0107883150256915,-0.005243617201446,-0.0211477843383782,-0.0700515815772275,-0.0020430134795743,0.0068128000515255,0.0242142297149133,-0.0136274470118755,0.0
2014-09-18,0.016685926247332,-0.0175065905271671,0.0201632147946777,0.0418803863772954,0.0149258166613837,0.0175288387918732,0.0334830425350696,0.0040441968255531,-0.001309781481984,-0.0167877230695232,0.0219322852108079,0.014412727753585,0.0114870679039742,-0.0299736841190689,0.0322828297695343,0.0107883150256915,0.0076639472467143,-0.0104167621346524,-0.0455117108822242,0.0175696988122862,0.0144441790051104,-0.0096153880027196,-0.0056657692741379,0.0150253314135226
2014-09-19,-0.0128104900088441,-0.0277884454498333,-0.0097057853627209,-0.0155281445247501,-0.0111732927640479,-0.0020292360450437,-0.019129227575025,0.0010087199893482,-0.010540353207828,0.0073179895316179,-0.004910546118797,-0.006843023501116,-0.0127258637996159,-0.018305372008341,-0.0079250729271631,-0.0446807116734007,0.0020337680093645,0.0197642853595332,-0.019591945651108,-0.0056260478775396,-0.0193054558029945,0.0,-0.0263173843380961,-0.034559053215471
2014-09-22,-0.0178110338367227,-0.0183261478539631,-0.0078325116970328,-0.0458025540469027,-0.0039614109032752,0.0037656274632147,-0.0015015767347565,-0.0104714330388977,-0.0053120733816767,-0.0141491072748403,-0.0184533430866742,-0.0208137234249239,-0.0020677678993159,-0.0407474898915856,0.0067695439668531,0.0072735930610807,-0.0024154945445689,0.0038423334525647,-0.0188307915462402,0.0021028605147046,-0.0078279129619889,-0.0145988417121937,-0.0477905813659038,0.0085399532731831
2014-09-23,-0.0045536779074764,-0.0115458034743478,-0.0105403645931043,-0.0003258807207391,-0.0035575049880232,-0.0078366442965043,-0.0147560245156901,-0.0005093630443127,0.0111232436675456,0.0003608486128019,0.0071378161604163,0.0034419013599529,-0.0129168592284965,-0.0118639957545949,0.0053823510961099,-0.0114734068005502,-0.0115223053614288,0.0145939665412506,0.0005756605747013,-0.0064063302635544,-0.0009829537492254,0.0048900996613982,-0.001749662330523,0.0126744613247081
2014-09-24,0.0160970294316769,0.0140934581295322,0.0019846082000505,0.0328814677466233,0.0054359190822492,0.0127391506001535,-0.0009535251018988,0.0133301146810995,0.0211082045465977,0.0220237908353748,0.006027320888521,0.0115019070563309,0.0064793885552187,0.0068857471597811,0.0208697118957532,0.0031175736813464,0.0012866742396009,-0.0110846834117164,-0.0011518720470931,0.0050609251251749,0.0122161778540417,0.0048662032614366,0.014776342690024,0.0008392448264045
2014-09-25,-0.0102319595549333,-0.0382540193193707,-0.0166615077167469,-0.0201135199104403,-0.0309152008858188,-0.0069609726326036,-0.0530820889350214,-0.0114633006055584,-0.0234814484075274,-0.0247321469879766,-0.0135233755946098,-0.0386684825495535,-0.0045939066760234,-0.0297586493835086,0.0016882765445149,-0.0209238419798403,-0.0184301102314252,-0.0231970221738753,-0.0046217571045572,0.0024041188151953,-0.0235881948154097,-0.0146703321000517,-0.023571874634626,-0.026350873867629
2014-09-26,0.0088338565746921,0.0483809044520793,0.0066976613502891,0.0067343461602513,0.0332062589362993,0.0017448837762232,0.0117990053958587,0.018478583977632,-0.0267539273541816,0.0078097660575986,0.0114001839688033,0.0085545668997859,0.0070908823082254,0.0562298115826152,-0.010930850974931,0.0108584633002406,0.0034002699990809,0.0064978823668955,0.0086482823592906,0.0065957364115174,0.0014906278617456,0.0049140291772168,-0.0115505925304881,0.0051548011652458
2014-09-29,-0.0036044777745685,-0.0874695558854701,-0.0161508574260711,0.0065985673909256,-0.0278441569960929,-0.0111014528810859,-0.0253689236419139,0.0072968388288048,0.0016254461025813,-0.0192280102635749,0.0192954992677538,-0.0083193357730735,0.0058019041134556,-0.1130858106958905,-0.0060828611676297,-0.0096155858991622,0.0006522214954887,0.0051677686741329,0.0204552041946328,-0.0095694893374709,-0.0094789036603271,-0.0148149250879004,-0.0290136293451643,0.0270513204818754
2014-09-30,-0.0088656383578573,-0.020834143828069,0.0047379063800923,-0.0102121038325924,-0.0036430699774614,0.0070259564156898,0.0012229759265522,-0.0004955508875246,-0.0196832460173981,-0.0050491986878116,-0.0335661525212764,0.007852237771277,-0.0162471812164737,-0.0353099523376925,0.0019048034601061,-0.0040104979639945,-0.0068072313934886,-0.0228096616534889,0.0145172192203737,8.484480272485939e-05,0.0114629573605791,-0.0100000078952642,0.0127974164452602,0.0140789482401271
2014-10-01,-0.0201364924525551,-0.0511080737341791,-0.0081358421632899,-0.0288217645758788,-0.0097075783168878,-0.0143973464148468,-0.0272520331852028,-0.0051382737127836,-0.0308406638371847,0.0188726615078502,-0.0512365376140349,-0.032147905089606,0.0041912123633456,-0.0647734155671755,-0.0049598159889119,-0.0125507411690364,-0.0126900020965843,0.0062429654663032,-0.0150798155702016,-0.0075155384485867,-0.0039721155843248,-0.0151903112747304,-0.0137179306557251,0.0016434054817549
2014-10-02,0.0008255561946972,0.0283425199888078,-0.0178575990142482,0.0129796085049074,-0.0010845314961827,-0.0544290904706619,0.0045939521345124,-0.0093488801588474,0.0014225101015958,0.003246246189736,0.0157601786361936,-0.006531279411138,-0.0071353180762496,0.006744042703056,-0.0053689336799402,0.0021028564826677,-0.0117757860125538,0.0029435249633795,-0.0175992126012161,-0.018777770883541,0.0094085589948935,0.0251903191699946,0.020957568680755,-0.015722353721882
2014-10-03,0.0053503541080486,0.0178010013855398,0.0006929196634906,0.0076521829467068,-0.0021724137685223,0.014888650601756,0.0144778754764267,0.0073527556025336,0.0008526000572302,0.0039531610549357,0.00185974524998,0.0115818661085316,0.0023138955801198,0.0424040250490693,-0.0001926552892044,-0.0046321352563714,-0.0100112927978432,-0.0013071181730026,0.0085542847226369,0.0145685353081228,0.0262659299185439,0.0245712280107354,-0.0063319406680799,-0.0041788681713659
2014-10-06,0.0050155535640268,0.0961438288171188,0.0413757395318996,0.0034590142204748,0.0208766512566351,0.0073618590820339,0.0102146418033686,0.0153660925850942,0.01270341919877,0.0052768152741942,-0.0048425931652484,0.0096689059366688,-0.0107742617286965,0.1230977787529332,-0.0025029623653285,0.0032305500723532,0.0024443185539899,-0.0571970074653624,0.0084820148359194,0.0046377836498461,-0.000480235820552,-0.0097563029228349,0.025975842125095,0.0025095717587764
2014-10-07,-0.0319527002752018,0.0076622503156307,-0.0154005314007372,-0.0072545754423529,-0.0064101225842483,-0.0039809969387301,-0.006729918457121,-0.0122074140256631,-0.0005614185020736,-0.0116636028480607,-0.0505468087334417,-0.006076998014429,-0.0284377386147212,0.0409233320956998,-0.0261735627439625,-0.0127012995087785,-0.0078976133193369,0.0003461163890863,-0.0222043480097855,-0.0075693704952666,-0.0213603009300742,-0.0049140291772168,0.0070481882303132,0.0
2014-10-08,0.0153774702800193,0.0,0.021362892575774,0.0088187122360485,0.0308169461819249,0.0082507774957036,0.0268514155517856,0.0019894867469625,0.0191806411874253,0.0261860024838105,0.0501733174623169,0.0157705259198071,0.0106510555681751,0.0030330367760893,-0.012145402370657,-0.0171899761428511,0.0194944564217927,0.011015691370185,0.0238921374154099,0.003791758731138,0.0107371510192604,0.0195128708894105,0.0069987686936696,0.0132781895350433
2014-10-09,-0.0209802754216914,0.0126429587298149,-0.0418132746899559,-0.0210905450935996,0.0012463347914906,-0.0218436707910911,-0.0051927841076517,-0.0160296071716861,-0.0149796571510325,-0.0192612808253027,-0.1088114548662035,0.0,-0.0361039651525261,0.0156253999692452,-0.0141215592375059,-0.004198773718822,-0.0340909725937699,-0.0130945371060327,-0.0348905999375672,-0.0150794640513476,-0.0063305656392298,-0.0195128708894105,-0.0193664881215547,-0.0166254260267746
2014-10-10,-0.0463236250297436,-0.0575278021580012,-0.0138701026763761,-0.0463635033413627,-0.0235254894793022,-0.0140958255164358,-0.0163523373647827,0.055810744964269,-0.0203280405442716,-0.0200051390738495,-0.0004165894179872,-0.0187627920683421,-0.0224418015719694,-0.0710397386691692,-0.0087745161842978,-0.0020334600209626,-0.0247167278350546,-0.0185548569722975,-0.0034985983692321,-0.004814215863945,-0.0516275419416993,-0.0199009038059478,-0.0316052395914614,-0.0033586524975188
2014-10-13,0.0038789713176985,0.0860122631103712,-0.0034973890100102,-0.0182126138667815,0.0090974991243673,-0.0098272608124014,0.0157514354701748,0.0162634371040486,0.0113443041990168,-0.0029301027632389,-0.0193526896234055,-0.0049273140254268,-0.0055172380584989,0.1004191840395802,-0.0196635754319411,-0.0077356302761062,-0.0098592883943791,0.0126407202222886,-0.0082112391360715,-0.0114719852142917,0.0117617233859883,-0.0203053211749968,0.0509717277130161,0.0191592836064651
2014-10-14,0.025121602609559,0.0097214740287627,-0.0049176379651272,-0.0030594900432623,0.0224916532130405,0.005084096064972,0.0190518800949219,0.0175537736892075,-0.0070750384644369,-0.0093976266391555,0.0247547041327309,0.0337574135347269,0.0073494600500647,-0.0098925710261059,0.0014621944791635,0.0052608472869994,-0.016505653363724,-0.0333481591298716,0.0041140104035792,-0.0093630131557906,0.023613342896942,0.0203053211749968,0.0283649823982528,0.0065788796760688
2014-10-15,-0.0096465996952783,-0.0733642168321719,-0.029298081566865,0.032908050260799,-0.0049547363831474,-0.0095542789399192,-0.0017707842744383,-0.0049749956058966,0.0084842376037705,-0.0174613896617357,-0.0606505290536465,0.035805751223302,-0.002749764295276,-0.0950180183923945,0.0016684189167714,-0.0083425950908937,-0.0013145774623044,0.0061138959241815,-0.00058646787923,-0.0140745518719329,-0.0034817223536305,0.005012452597304,-0.0205488626963439,0.0016381914179861
2014-10-16,-0.0118314198626992,-0.0466130198943606,-0.0212542900072238,0.0263356413788073,-0.008312547136061,-0.0109395534322307,-0.004737366458253,-0.0198336124749243,-0.0008452811601644,-0.0020745015101546,0.0594065405216039,-0.0100514853404396,-0.0194626718182475,-0.0699117186101958,0.0008330034513051,-0.0236459605383565,-0.0176970843708019,0.0174164330622068,-0.008842072993479,0.0010897761249948,0.0318732619324619,0.0,-0.0370083864977555,-0.0131799200112872
2014-10-17,0.0193183765989797,0.0505081110882887,0.0183492506215259,0.0024116077914024,0.020244769882499,0.007092233269176,0.0315508424377597,-0.0139283662344997,0.0075811714763927,-0.0158893972687588,0.0370638977159116,-0.0004541707009804,0.0363003903442433,0.0292236685282689,0.0165189875707043,0.0375117797704858,0.0222180735766266,-0.0402641194144144,0.0205106216675572,-0.0035459828604054,0.0,-0.0151134716127318,-0.0054696427823575,-0.0091629803215125
2014-10-20,0.0,-0.0302655254811872,0.0371207589176902,0.0228327859776502,0.0170318863138323,0.0153016624497404,0.0157870259320094,0.0033798357731067,0.0111267524737748,0.0254713180770336,-0.0052115199014082,0.0240113907310708,0.0141150350430172,-0.0643152619294222,0.0002048398425684,-0.0491671285445507,-0.0058376000415476,0.0018325238800249,0.0166815384971119,0.0315579912427139,0.0072137123773581,0.0050631077676021,-0.0193821265212017,-0.0033527615717774
2014-10-21,0.0112863313294635,-0.0591642461415935,0.0194314807448967,0.0261081005400631,0.0098029661701666,-0.0019000633467665,0.0188810963948315,0.0019261943139754,-0.0130867363592876,0.0311116273990128,0.0463373170635814,0.0221473932385105,0.0106217742728524,-0.0588403621306969,0.015642922358483,0.005920327396053,0.0271457616665449,0.035608705455584,-0.0057209253324279,0.0003527579901358,0.0246103053017194,0.0,0.0018621281606359,0.028963508306105
2014-10-22,-0.01507671137312,-0.0071120112505829,-0.0180309807028327,-0.0139945292135452,-0.0033901603205928,0.002216336064956,0.0009256385151639,-0.0103158958142561,0.0103164137065796,-0.0321405462127151,-0.011190508775607,-0.0027149131535892,-0.0019831104699989,-0.0284307739425966,0.0098286244658467,-0.0296465860248109,-0.0094463227706458,-0.0060249638234215,0.0114091638731375,-0.0095738198713766,-0.0070373056914467,0.0050379112478256,0.0064907008961272,-0.0458986528897277
2014-10-23,0.0194490448756168,-0.0565291262784686,0.0152779849165942,-0.0102226279848842,-0.0098363350103962,0.0,0.0073729624809573,-0.0037335960817972,0.0276315078578091,0.0051342554509528,0.0195971773167662,0.0014127842504918,0.0083461136161986,-0.0577547142119632,0.009337623139721,0.0310080557691558,0.0183804800274187,-0.0024917464956204,0.0135213217703429,0.0101033128217267,0.0028211331635512,0.0100000078952642,0.0009235174050032,-0.0163584937548557
2014-10-24,0.011532942051331,0.0370684065940556,0.0136897166469451,0.0251162219662353,0.0042271697527915,-0.0175471602262695,0.001101322846245,0.0111588073018669,0.0051136696173395,0.0433662542545247,-0.0030487798575955,0.0069250076923434,0.0010930937690165,0.0655189791151305,0.0114037892377134,-0.007281797140398,0.0009881858131799,-0.0078711232434818,-0.00842936821219,0.0096522068768942,-0.005650065751003,0.0,0.0300161169673158,0.0034659800492634
2014-10-27,0.0076502069390169,-0.0325461280800813,-0.0150690618858604,-0.0118879736435602,0.0064078398876139,-0.0080787144436489,0.0076754842512305,-0.0037057560783513,0.0309262182381848,-0.0219036411318684,0.0030487798575955,-0.0083377919428353,0.0006554783065624,-0.1472144567444708,-0.0021526537452043,-0.0041192310137776,-0.0063674204308687,0.0293773265616605,-0.0136364910837827,-0.0014854813019704,0.0084629619112983,-0.0100000078952642,-0.0533703993862626,0.0111830912087589
2014-10-28,0.0229108566129729,0.0577003880400333,0.0068777786284783,0.0402835096004725,0.0195680130493931,-0.0273001096235447,0.0194707203013382,0.0125120543452679,0.0264559692225896,0.0516804774750081,0.0637533776989771,0.0084454653428203,-0.0515232606755424,0.0455422598024499,-0.0062894837165341,0.0237190609842365,0.0147943464869451,0.0254835068366436,0.0136364910837827,0.0066246222306736,0.0107097124748993,0.0100000078952642,0.0056548449127278,0.0093657353960719
2014-10-29,-0.0153193498651571,-0.0258814447117328,-0.019377876921681,-0.0194489320071635,-0.0135978214040135,0.0230730896251931,-0.0181971122097301,0.0200432798584044,0.0085817073111624,-0.015612321927704,0.0028520491048094,-0.0080101525455282,0.0002296011591478,-0.0410722359175546,0.0,-0.0121670507288129,-0.0019599663236822,-0.0261811740752313,0.0354804113207327,0.0061498131143515,0.0,0.0673331086685489,-0.0422328467064416,-0.0050978664356513
2014-10-30,0.0098971043987319,0.0884672364573109,0.0048797387253682,0.0540038980365871,0.0079051285528324,-0.0013043204973595,0.0001818707143974,0.0191897258792803,0.0208907622810969,0.0125786032924857,0.0190414432486867,0.0215037358955747,0.0602055217331249,0.0097649292745487,0.0041319807083901,0.002264432055461,0.0002801752534828,-0.0063025041216158,0.0194180367000711,0.000431744506967,-0.0224829686263832,-0.0046618342011396,-0.0278347715739357,0.0185660699707707
2014-10-31,0.0223178920463444,-0.001335074408066,0.0685291391583886,0.0073984522186103,0.0315826650586519,0.0468463252813307,0.0242447215930234,0.0245282484970854,-0.0486669128468348,0.1670875414857393,0.0513980831508535,0.0075242364957968,-0.0225416708965044,0.0330178630096447,0.0263529205939088,0.0269260391484742,0.0057276106908106,-0.0241748516467228,0.0570990004880005,0.0462963490221763,0.042204125506132,0.0230954927299008,0.016992141745773,0.0198680986358557
2014-11-03,-0.0013051521792215,-0.0188683754979994,-0.0130719639718668,-0.0093834649401669,0.0005719736776685,0.0086795027229129,0.0,0.0020914848854667,-0.010128563580301,0.00066100255742,-0.0245184255701955,-0.0094408598682229,-0.0239679490926985,-0.038332152880546,-0.0030644745474601,-0.0141909296753164,-0.0248215015031112,0.0160631206510606,0.0170089813452911,0.0053419495945457,-0.0054645251485019,-0.0045765857647998,-0.0271239750203704,0.0154540544369325
2014-11-04,-0.0059443887282997,0.0025831354566954,0.000657560474421,0.0226551525472258,0.002475047583911,-0.0435260892329592,0.0170643416299838,0.000447940877112,-0.0049720636837951,0.0227858853909763,-0.0230448746906026,0.0025545784240668,0.0015855945580649,0.0053142898709013,0.0013416441621805,-0.0037287252027091,-0.0178654375944873,0.015809433062548,-0.0074682810242014,-0.0215416978361551,0.0022802425066568,-0.0092166803890134,-0.0289275016788999,-0.0032340903410315
2014-11-05,0.0113543200947159,-0.0081795097785857,0.0022424173691013,-0.0177630894590992,0.0064445167645366,0.0213687501107293,0.024467095421643,0.0068390833776761,-0.0018379562277499,-0.0210260989000072,-0.0210978426905796,-0.0076834594880148,-0.004310103214018,-0.0142349531594441,0.0133211289730499,0.0044729555407156,0.0063758684099703,0.0076388998039358,0.0084598677119365,0.0163645838443038,0.0036385867260118,0.0046189585565976,0.0020943764818732,0.0072613209282017
2014-11-06,0.0171368227069201,-0.0412218650566744,-0.0112622600235927,-0.0033712761268152,-0.0007561959431301,-0.0009470209633284,0.0013610025195931,0.0013326246131482,-0.0010517963940444,-0.0134248709476443,0.0151651755645736,-0.0059088741422494,-0.0045566147858187,-0.0392923815538777,-0.0056872409201162,0.0040086043311458,0.0033166051051476,-0.0241566270130939,-0.0240733604207843,-0.0127698584422564,-0.0104959147863814,-0.0139211851326851,-0.0449273964623635,0.0008035035383782
2014-11-07,-0.0203391896571618,0.0056905576367203,-0.0066844952224953,-0.0015207869613114,-0.0200523567761647,-0.0012642527530557,-0.0140366922629646,0.0061957201972049,-0.0196603553054433,0.0006680849349924,0.0003499642712387,-0.0108343578687408,-0.0022862875950755,0.0157193853173458,0.0576228314830595,-0.0095282977678134,0.0219287919492261,-0.019320971805917,-0.0040692430395605,-0.0097275504632605,0.0009176831389661,-0.0046838614714833,0.031235690350841,0.0079998900685946
2014-11-10,0.0217130587565126,0.0056569455938082,-0.0026861588014157,0.0456164710601481,-0.0005788164305831,-0.002216336064956,-0.0003449585711527,-0.0035356326055369,-0.0088941544587202,0.0131963622131063,0.0347293017366223,0.0138464884875704,-0.0089664945846541,-0.026024023049705,0.0014347325176515,0.0064117927849753,-0.0040925621888718,0.0061229755343252,0.0438753389127655,-0.0059160164603513,0.019964317853518,0.0186050466041684,-0.0422370495517314,-0.0071970316298475
2014-11-11,0.0033293094775466,0.0063270712993392,0.0033565953376513,0.01108620977186,-0.0030930473563333,-0.0172638606223189,0.0150609270684012,-0.0084478713357476,-0.0005413175691204,-0.0118614154828255,-0.0020297525605532,0.0082387711811668,0.023508968486106,0.0028210214889992,0.0026846229044643,0.0005942226250219,0.0057815305148358,0.0139062904182019,0.0101918823575102,0.0098690312476099,-0.0026991873137554,-0.0046189585565976,-0.0133631812624441,-0.0186314922983255
2014-11-12,-0.0046051739017443,0.0041959881947779,-0.0230517745002076,-0.0020792914155878,0.0029000068147264,0.0057879354796859,0.0124919582654152,-0.0005952539487648,0.0008122645463815,0.0040677754421061,-0.0044120576388282,0.0114418557771216,-0.0002256896297803,-0.0084865877330717,0.0088969527755904,-0.013007524307536,-0.01855248712718,-0.0031919950317824,-0.0038702225363751,-0.0029423528813783,-0.0067793753344314,-0.0046403923749478,-0.0112738826183567,0.0040798104644685
2014-11-13,0.0008836186035354,-0.0333483111562074,-0.0103413663719069,-0.0232036931159846,0.0050069013070435,0.010841956431685,-0.0109641389462797,0.0119902122529158,-0.0032530243463622,-0.0243567153816792,-0.0095694092211617,0.0318279662053293,-0.0067920021191074,-0.0346857690898889,-0.0035493252645002,0.0027051336723085,-0.0069918876136814,-0.0132309446406972,-0.0107215119689241,0.0086335007330866,0.0130658765758435,-0.009345695672623,-0.011402784613766,-0.000814547103878
2014-11-14,0.0017643970712102,-0.006514622160368,0.0075939530229969,0.0227231903242683,0.0019189445519165,0.014483743344333,-0.017623846064529,-0.0017674099961544,-0.0200199906961104,0.0179887873531852,0.0297721295138422,0.0265819446831501,0.0024959928577374,-0.0248152061384814,-0.0039186021435022,0.0037451310345595,0.0140795003336839,0.0007196891542586,0.0112058869515019,0.0,0.0026819507922142,0.0139860880475708,0.0170554408999783,0.0249509163229537
2014-11-17,0.0034222466707518,-0.0264919466653597,0.0109440981186912,-0.0224774195554013,-0.0044193023588148,-0.015118357202545,0.0031025793419723,0.0022088709076102,0.0019373908411619,-0.0067825375666128,-0.0394340639545647,0.0047585365064417,-0.0120827190100536,-0.0643372304938123,0.0010702673341049,0.0095237701663899,-0.0018751997095911,-0.0057719775125955,-0.0185821641881211,-0.010318505154597,-0.0221176217312244,-0.0186921850115083,-0.0022572527121087,-0.0079810678001279
2014-11-18,0.0136686539708241,0.0515914594110293,0.0121706424482845,-0.0057506583371944,0.0133896160309321,0.0044332983281059,0.0065178758519834,-0.0097549626367536,-0.01392023412409,0.0132982079761774,-0.0360081421819482,0.0076834411221162,0.0141200365073848,0.0095998702129309,0.0028483348093972,0.0158687069665255,0.0112003681632577,0.0383296088429339,0.048178563651416,0.0124027442242979,0.0063697943631666,0.0,-0.0368280055015228,-0.0032099815622161
2014-11-19,0.0160463385413862,0.0490601676684598,-0.0013451134674635,-0.0096447209113925,-0.0036164859242489,-0.0165663148619197,0.0017082032016562,-0.0016349375981292,0.0067059675845486,-0.0013293273491177,0.0259017338534532,-0.0172220945254331,0.0116907434433213,0.0074035309771489,0.0093782911210058,0.0017478273553264,-0.0014287912129904,-0.009093961232069,-0.0213932704085144,0.0023292635787344,0.0215350362307966,0.0140517926365605,0.0046784336162679,-0.0105053150661276
2014-11-20,0.0034996748222546,0.0033655671831722,-0.0087867896588775,-0.0084794008176496,0.0053250758216081,0.00096313670416,0.0013644259846441,-0.0145352834759653,-0.0061452417997012,0.0048655474053855,-0.0049157188839212,0.0250429274205301,-0.0087555833064878,0.0229178831127478,0.0036914289533505,-0.0014562881846114,0.0151850134266644,-0.0191564682508293,-0.0159850169592463,-0.0052482787497387,0.0101565328156589,0.027524655677474,0.013904921237581,-0.0040699321384611
2014-11-21,-0.0021738756920521,0.0978733889545875,0.0060913972257492,0.0285739782629717,0.0165543094294022,0.0184428522028756,0.0222493793339118,0.023863876777225,0.0111453541951656,0.0198776370996638,-0.0003520587600469,0.0243358421580444,-0.0013535067581122,0.1100865090103369,0.0099521169033973,0.0107263010637659,0.0112045501288333,0.0145780644380617,0.0364374547540791,0.0130285168696895,0.0130952022216157,0.0,0.0795999721590829,0.0209853533092505
2014-11-24,-0.0204576718757811,-0.0353530664933503,0.011405736959543,-0.0056826438997958,0.0127910232608985,-0.0018922734804198,0.0016656212657557,0.026326845634887,0.0,0.009256901132745,0.0202167893615605,-0.0019975392100328,0.0038309507909346,-0.0318677465978562,-0.0080238094282565,0.0143145971033487,-0.0103597564416997,-0.0149362077707784,0.0181951954952921,0.001400591116206,-0.0052173193420794,-0.0136675829135127,-0.0053277360665942,0.0126986541221159
2014-11-25,-0.0033862411907126,0.014415990473523,0.0053226470616185,0.0017613631825854,-0.0550911254025674,0.0034662500670159,-0.0397202218627907,-0.0116960335858968,-0.0033306707561888,0.0044189456082461,-0.0044959149200587,-0.0078384950711183,0.004712073467135,-0.0105313159466704,0.0071549363936442,0.0062342724505226,-0.0060695257484639,0.0057162990389403,0.0137741775864153,0.0028774276819358,-0.0013088463817343,0.0,0.00426467423808,0.0078555939781517
2014-11-26,0.005797807604341,0.0123688548185854,0.0019890033446303,0.0068927917666732,0.0094916268311431,-0.0261329970185451,-0.0027743777186968,0.0147061507134536,0.0129817852860294,0.0031239075587148,0.0120587292256697,0.0188886897987021,0.0058037365804839,0.0200102118028207,0.012613357279811,0.0045095045596044,0.0104224035199642,0.0046205356744617,-0.0110044027083466,-0.0009034860050585,0.0117164058645107,0.0091324150822262,-0.013926278327095,0.0054622256630689
2014-11-28,0.0180461054621527,-0.0497738657852933,0.0125039041959591,-0.0037463828893287,0.0270079131817877,-0.0212113151218171,0.0223225373633404,-0.0004295051391967,-0.0423209094201184,-0.0008509377465948,0.0064857242612057,-0.0014189496769319,0.0117271415000539,-0.0866682973499466,0.0025724725520888,-0.0113123180750189,-0.0720301551981026,0.0045993730573763,0.013736570198898,0.0116816221151339,0.0124330935857761,-0.0183490954712396,-0.0284484689158435,0.003883506592867
2014-12-01,-0.002748043359757,-0.0523818803475579,-0.006561414708234,-0.0352938732079204,-0.0443151645707411,0.0062467935315919,-0.0117861466990638,0.0,-0.0045912861173329,-0.0081214434099736,-0.0473790699900011,-0.0078854249232303,0.0067960422777959,-0.0637160520951871,-0.0001715133830093,0.0075088345730041,0.0161322042701566,-0.0049538707110845,0.0072495711974798,0.0145932614201482,-0.0228406530685525,-0.0093022265760875,-0.0315699038058048,-0.0015515289232006
2014-12-02,0.0035047276858204,-0.0200887863253322,0.0104781394424229,-0.0079346765845436,-0.0037340044833689,0.008160882164284,0.0141603840541453,-0.0105073487696667,-0.0057686000914709,0.0032136240404883,0.0197816219978239,-0.001909640151489,0.0115130439224366,-0.0132451873455906,-0.0141454434142782,-0.0070824148481456,0.0271863038083983,-0.0317144411550511,-0.0086147796106956,0.0129617517480555,-0.016260759468071,0.0,-0.0469017797916373,0.0077339232594864
2014-12-03,0.018827013762114,0.0076150005361568,-0.0019564004889942,-0.0148062366935448,0.004126173420583,0.007126529345407,0.0315158639413946,0.0090745559630345,0.0066311994465717,0.002492596675407,-0.0070200626852701,-0.013663380753762,-0.0102029499862816,0.0295590674417801,-0.0143485036497414,-0.0092826074564502,-0.011748413728577,0.0134570301463279,-0.0004554839618868,0.0089664473589907,0.0158248169959418,0.0230954927299008,0.0237261656559628,0.0130121638364766
2014-12-04,-0.0039048176777516,-0.0209067057633882,-0.0032690786675027,-0.0020774547053887,-0.0035356528712036,0.007396611149228,-0.0019717408349495,-0.0194012413307613,0.0111442226032378,-0.0099354844581283,0.022637272496961,-0.0125765421658399,0.0006542956441095,-0.0396094647116757,-0.0156308133962488,-0.0076328687790399,-0.0170693297451247,0.0221516753092561,0.0077150379166746,0.0069449252311377,-0.004809077752597,0.0136056900550274,-0.0213279891916371,-0.0137827661912031
2014-12-05,0.0177271721889962,0.0112044029382158,0.0175271600033686,0.0082411687582188,0.0056902930258599,-0.002245238940111,0.007537288290234,-0.0157670791889839,-0.0039861911479595,-0.007281687795678,0.0030943206783895,-0.0058048917814383,0.0101965246467101,-0.0101522489305521,-0.0202539313628236,0.0083500284399811,-0.0037173678227846,-0.0145935429834014,0.001806483388463,0.0033382276706683,-0.003512289763071,0.0,0.0035864850325986,-0.0116326462150884
2014-12-08,-0.012431497623405,-0.0485114337858034,-0.0116505442246337,-0.0219388153909703,0.0027354067201117,-0.0194559173336648,-0.0077017444831071,-0.0410816454526528,0.0034178818123713,0.0128690406166311,-0.0225664716907956,-0.027308252506951,-0.0097603488473132,-0.0692358016590384,-0.006598175661979,0.0007166457115248,-0.0230553297861249,0.0032217936453133,-0.0466489038299757,-0.0047389687781143,-0.010610014669274,-0.0181822758198272,-0.0439092696663783,-0.0260781551940267
2014-12-09,0.0,0.0181096353983458,-0.0230501410491843,0.009747201179219,0.0044778076707538,0.0152724252106501,-0.0031304739514923,-0.0043425599388489,0.0056707226366436,0.0027821228519027,-0.0007025099778226,0.0129966374812848,0.003698431503845,-0.0097682239370553,0.0051359272809863,0.0012887617780963,-0.000609965505248,0.002855039019046,-0.0215061061365504,-0.0004673500588578,0.0035498009308865,0.0091324150822262,-0.0100254725851929,-0.0226729733407478
2014-12-10,-0.0084681169733356,-0.0320962642786279,-0.0147653576144168,-0.0210108335443104,-0.0271724692325912,-0.0284564256144066,-0.0242183897065837,-0.0242265526970715,-0.0220104439762049,-0.0353076361707964,-0.0379565610210184,-0.0340048828595156,-0.0058808901520972,-0.0503251763432734,-0.0084514132245052,-0.0165914182068753,-0.0248640487197708,-0.0125514563498381,0.0043383448321931,-0.0226127532301996,-0.0174230301411042,-0.0276513220473272,-0.0516909329145209,-0.0341556908876395
2014-12-11,9.365017172591196e-05,-0.0037126908862414,-0.0006766069028989,0.0180922760130126,-0.0001995454429088,-0.0026577023979359,-0.0016920174311785,0.0079302418744029,0.0043259675750291,0.0001474819005657,0.0043700302272258,0.0427750404752105,-0.003500652668082,-0.0435136580744555,0.0069864487000899,0.0213019094374216,-0.0021918541201264,-0.0211534006404887,-0.0024079355454811,0.0047699443301194,-0.002255667366672,0.0046618342011396,-0.0378424482140384,-0.0102215880691969
2014-12-12,-0.0093880260807859,-0.046449259360487,-0.0218884824033791,0.0003925922897689,-0.0068110707576249,-0.0242437579692533,-0.019667046928304,-0.0120789727647645,-0.0188821972687414,-0.0068856666055179,-0.0061964868833022,-0.0132851933815398,-0.0253066520560301,-0.0426768353479029,-0.0125367068579445,-0.0247994699976503,-0.0236269343949895,0.0003685307009515,-0.0199665690844621,-0.0123690333970376,-0.0077081601069148,0.0046403923749478,-0.0096887174840869,-0.0437514891912161
2014-12-15,-0.0255065373884324,-0.0454440106304681,-0.024502419340874,-0.0154245130762609,-0.0133549651139994,-0.0140725945259805,-0.021825550380047,-0.0125503059183278,-0.0159625617293714,-0.0023801604243196,-0.0165902703889324,0.0030128739369907,-0.0190655425851402,-0.1273218923576472,-0.0326230410020658,-0.0191606540955016,-0.0225571272525177,0.0200626613050944,-0.03046423287471,-0.0243013946976393,-0.0013664390088528,0.0228842633025262,-0.046983712624,0.0089048843840563
2014-12-16,0.014027504316564,-0.021436029537569,0.0084685616901225,-0.0262481847400373,-0.0055153663140581,-0.0020760863238562,-0.0295587300003554,0.0038785394799001,0.0308080598603894,-0.0557400188267012,-0.0313410561873661,-0.0082545352869334,-0.0080525033477516,0.0031896769472873,-0.0739756428249025,0.0050469201594411,0.0381598350529923,0.0039647154283728,0.0,0.0032036260995313,-0.0230532061115833,-0.027524655677474,0.025900712169312,-0.0035526282530741
2014-12-17,0.0083614768728903,0.0668800401680371,0.004907384904115,0.0175304697903291,0.0228823897925161,0.0320408919526404,0.0224729109694066,0.0112269576167165,0.0043243285241012,0.0154701456354855,0.0592021044806614,-0.0121021933827059,0.006676619168513,0.0647378432965951,0.023861961755303,0.012652832571808,0.0367570289337622,-0.0123056284433475,0.0334113588489526,0.01044214677718,0.0092848921462072,0.0,0.0293934097101731,0.0026657457073311
2014-12-18,0.0226389023906579,0.0108532364227971,0.0336915620529145,0.0352438055759591,0.0413745727346142,0.0110092492643856,0.0366534477901425,0.0375630339847747,0.0108725392109154,-0.0066118608394054,0.0064865202270478,0.0457944597696404,0.018641475522354,0.0294138675392787,0.0132134363944422,0.0288204561424194,0.0131606203681666,0.011945758310508,0.036122387734031,0.0122602706312697,0.0069079704696295,0.0138570727639612,0.0484616014177998,0.0527117638208363
2014-12-19,-0.0118169337162585,0.0107352387933488,0.0094211953911109,0.0100835028353376,-0.0266684142034954,0.0062842354815759,-0.0094706560287822,-0.012987237495003,-0.0111601685972932,0.0028834843756948,-0.0028776970634791,-0.0037207465287454,-0.013377690731541,0.0299805045744859,-0.001791555811224,0.0005680260391223,0.0318005442772375,0.0195981482300133,-0.0268471651375159,0.0180343442166615,0.0186410872539148,0.0226765857966826,0.0673270124220677,-0.0101523180390606
2014-12-22,0.0247749850020095,0.0173924070707018,0.0066757521619522,0.0015784418716986,0.0086429086119075,-0.0042953725225549,0.0051767947493148,-0.0009339948798778,-0.0092513165035037,-0.0085185141213131,-0.0039704297116562,0.007038201163712,0.0070512119168535,0.0467119080749712,-0.001196260492069,0.0035428549605409,-0.0077459681065641,0.0084329173571449,0.0096712156989373,-0.0029178142443102,0.0076287201731024,0.01777820587604,-0.006161217380183,0.0126744613247081
2014-12-23,-0.0035673074213926,-0.0082803873382528,0.0039842538917387,-0.0061570333522942,-0.0041158267257692,0.000992612417225,-0.0043120833001117,-0.0015589253652552,-0.0061178808677846,-0.006851908157369,-0.0123727982417438,-0.0221606464770482,-0.0322460126927239,0.034304226990949,-0.0090169665077959,0.0029663261160726,0.0083281472676062,0.0003498366272309,0.0038422172251117,0.0009474923805203,-0.0071783300992387,0.0087720113453403,0.006161217380183,-0.0042068217337343
2014-12-24,0.0046624689644199,0.0228494932577651,0.0026471382896677,-0.0093938206939334,-0.0011790686491655,0.0046208326915864,0.0068906119023242,-0.0097192367404801,0.0231089481276915,0.0102210405670923,-0.0154984683475403,0.008923091213643,0.0249664320140698,-0.0143702883298528,-0.0020150592009824,0.0080073451112907,-0.0045205548205964,-0.0219244967353868,0.0218122397359905,0.0,0.0062837942884819,0.0130154052038252,-0.006161217380183,-0.0042249449851996
2014-12-26,-0.0031060000392786,-0.0159393116277422,0.0046160543503801,0.0167436580248541,-0.0098792568855348,0.0039642487529274,-0.0173164316887692,0.001888275101481,0.0110750470672105,0.0146758082410247,-0.0044725729505494,0.0028584290068343,-0.002972526375554,-0.0280202108730185,-0.0064752936808414,0.0032128852937072,0.0072813607915898,-0.0007152235436707,-0.002347886340855,0.010515673814079,-0.0017913606711936,-0.0130154052038252,0.0086149895100595,-0.0059449314011014
2014-12-29,0.0007316323007939,0.0068624140740767,-0.0132454517224269,-0.0200828012197886,-0.0011923557682322,-0.0096076091532975,0.0026165640292923,-0.0003143006448329,-0.0474215994512441,-0.0008802782895127,-0.0219041957208547,-0.0214887703308694,-0.012674433066401,-0.0163716164164708,0.0076847110502162,-0.0053139748669455,-0.0088904081339533,-0.0264653220772412,-0.0047125551357924,-0.0057147944788109,0.0031321759443181,-0.0087720113453403,0.004890176758689,-0.013722240838174
2014-12-30,-0.0108463759725525,0.0083239414826996,0.0026630004885173,-0.0008692026382748,0.0075263767788738,-0.0147556344672086,0.0112602519751532,-0.0101171105395128,-0.0328095129438188,-0.0136108342028276,-0.0325989338259744,-0.0045359676707379,-0.0104906536091338,0.0,0.0076257927171989,-0.0129834626537883,-0.0140048068890101,-0.0025749715226117,-0.0282652311833921,-0.0115291619086255,0.0026777370804276,-0.0133037294635166,0.0097086371553005,-0.0034601628133258
2014-12-31,-0.0034257151400849,0.0075072207528514,-0.0019965852365233,-0.0089087156521596,0.0013803265639888,-0.0027062521266936,-0.0051812659133063,-0.0003177630174751,-0.0018377335039896,-0.000234859210046,0.0249330947615566,0.0015143944411648,-0.008236079096318,0.004118268217169,0.0085600876449025,-0.0107105528831263,-0.0061057606075007,-0.005169827347994,-0.0053594108829251,-0.0034210080600711,-0.0026777370804276,0.0133037294635166,-0.0121505492664273,-0.0192482373473116
2015-01-02,-0.0039957924419935,-0.0420069332740511,-0.0060140586862598,-0.0216835869750529,0.0239472870620245,0.0023686282390671,0.0473462286927399,0.0138888887980215,-0.0114076058727312,-0.0143581810002686,0.044769580104087,-0.0033344872228804,0.0040086905404996,-0.0768516277446321,-0.0067623437402422,0.0055838124624534,0.0004484954051022,0.0121434845747501,0.0043870448618852,0.0015132132327639,-0.0044778919398771,-0.0222725158528954,-0.0297789612601451,0.0008830586016386
2015-01-05,-0.0341904752831165,-0.0127251638445813,-0.0417439303411182,-0.0148579452469705,-0.0102484699567191,-0.0208304619332451,-0.0191752286962505,-0.0126181933004183,-0.0324592302046751,-0.0123926951791659,-0.0163208568366841,0.0059536719223776,-0.0018846820271121,-0.1076641457513248,-0.0244430384790113,-0.0413934684529957,-0.0486409119727451,-0.0018304195882805,-0.0146989133254695,-0.0184714337849589,-0.0245356717575342,0.0310445271982358,-0.0268042530350771,-0.0124337021034919
2015-01-06,-0.0300249732115238,0.0478485669161985,-0.0219013558677074,0.0017728458951244,-0.0299884091272746,-0.0055364725217379,-0.0589425540879178,-0.0070087664957654,0.0120983662822071,-0.0180214794130151,-0.047090021988307,0.0169575928618317,-0.0120984694020123,-0.0082714779583724,-0.0242173707853581,-0.022878733443151,-0.0123013648355136,0.0051172859845101,-0.0004937752946849,-0.0103478815588848,-0.0176335082692209,-0.0310445271982358,0.0516811775177834,-0.0144014884892599
2015-01-07,0.0056431167001385,0.0260340086643648,0.0028531371902249,0.0187619992497518,0.0342553228926187,0.0100121114786131,0.0220760040002891,0.0208801397165934,0.0015809134081634,-0.0019677668436726,0.0066419495795924,0.0149230412447542,0.0073716946718356,0.0294622747518952,0.0083456213819221,-0.0090234331835752,0.0115171950525274,-0.0117350109217686,0.0612927046017761,0.0248325557494073,0.0144089767642658,0.0178574848397888,0.0242728105316589,0.0117170299551087
2015-01-08,0.0207137424951628,0.0102264610377955,0.016949484404372,0.0214312835702896,0.0203071800262506,0.0126301450583952,0.0121529046507156,0.0053085024157173,0.0502184829799898,0.0148271879230659,0.0464137817212102,0.0049575073333758,0.0148149526012337,0.0864733489578021,0.0320989972779552,0.0158516594522639,0.0200333355884296,-0.0122473299185705,0.0013921023325587,0.0190709003783755,0.0064392876041163,0.0432969289103379,0.0272049450125124,0.0151181606376431
2015-01-09,-0.0128468149643961,-0.0198172564107839,-0.016949484404372,-0.0101292783113997,-0.0032291683622016,-0.0023773049463668,-0.0034573545595764,0.0441672912365331,0.0083783624843718,-0.0111407720766552,-0.0048443977946259,0.0043538212794018,0.0085997647351132,0.04342220748527,0.0187369766250284,-0.0167738588223773,-0.0126878947288431,0.0037272990774717,-0.0102564188945681,-0.0118269488378155,-0.0283675409830914,0.0168073357654466,-0.0023366001418838,-0.0097564305979864
2015-01-12,0.0132334926889203,-0.0285733237738263,-0.0007125698586101,-0.0268445276006232,-0.0089823133573379,0.0,0.0043198287195758,-0.0011924946932413,-0.0281026730735285,-0.0165727673858242,-0.0022438817868435,0.0041425943846613,0.0112760892941126,-0.0719311575557116,0.0125589352205155,0.0402374063536585,-0.0202913158567898,0.0081511848093027,0.0009367823544341,-0.0003173798089255,-0.0195287823048642,0.0082987391973701,0.0,0.0053336865544539
2015-01-13,0.0,0.0113764876213449,-0.0007128843992432,-0.005857099856426,-0.0048111632347871,0.0135092943448054,-0.015639006300796,0.0100918965004761,0.0143010701503381,-0.0024973232815943,-0.027326152998429,0.0082346158114869,-0.0002288300409518,0.031463112962521,0.0009747886844326,-0.0120366657138601,0.0007941672658002,0.0025796239477724,-0.0084623828939192,0.0029313576103282,0.0124284854889302,-0.0041409739270349,-0.0058651987510813,0.0184457466898557
2015-01-14,-0.0032919086926774,0.0319133278666208,-0.0150919323374902,-0.0127401874158366,-0.0046401857399249,0.0146522746191672,-0.0185598831394662,0.0008856228021083,0.006624775855037,-0.0121590167589955,0.027326152998429,-9.489979408527915e-05,0.0082061972810243,0.0058824523909224,-0.0033173889096209,0.0011952905795746,-0.0110161100275805,-0.0085014149951812,-0.0229239216320948,-0.0046784225871103,0.0004751117760832,-0.0125262090004356,-0.0568815400451687,-0.0228884152611053
2015-01-15,-0.0112157391171843,-0.0379641049168242,-0.0007245400222783,-0.0039280352118158,0.0757399660691691,0.0016515449334746,0.0681004051827622,0.0082283108999812,0.0050888757805944,-0.013932829490022,-0.044009384230232,0.0173948633697977,0.0027203523316079,0.013110008211681,0.0182068946739435,-0.0013447851847514,0.0035251789968731,0.0132747324512223,0.0110498200259121,0.0076009691982221,0.0833244342628667,0.0,-0.0049938994177989,-0.0152538172260823
2015-01-16,0.0105367019105377,0.0328384085756732,-0.0123950981366807,0.0193966956280426,0.0237896387826759,0.0176647846714415,0.0107752072623008,0.0116379382590292,0.002683718567173,0.0205756312632807,0.0447579044103019,0.0185706750407463,0.0027131962737216,0.0214755839905871,0.0190120866605734,0.003433214985014,0.0296319661586159,0.0029263246080719,-0.0125000457518185,0.0164287146708357,-0.0127501467126571,-0.0169496054925571,0.0512310293347564,0.0915221011685948
2015-01-20,0.0074449086086367,-0.0245274420117678,0.043781390965202,0.0007263649447564,0.0338079410260356,-0.0019471763864005,0.0106599679070344,0.0008675927551147,0.001487833549334,0.0261389184804166,-0.0109084778430266,0.0215686736554494,0.0172361567253735,-0.0360529794190085,-0.0028290152147723,-0.0543486317608334,0.0031013767774239,0.0152230491160545,0.0072305536770678,0.0021700522146224,0.0214495354298431,0.0169496054925571,-0.0047677748159777,-0.0149629663759913
2015-01-21,0.0264278114332423,0.0303838705350523,0.0118679285820255,0.0353103649468042,0.0013558518100884,0.0100210160224158,0.004070075144908,0.0169082079230824,0.0203098210309051,0.005049082465292,-0.0148602962704638,0.0118142735488899,0.0028806318820731,0.0763081950214203,0.0188951278329598,0.0081477517056236,0.0158207729641599,0.0185321298124825,0.0510289157995307,-0.0038785856197227,0.0051837365198208,0.0125262090004356,0.0271083823826632,0.0299172836165408
2015-01-22,0.0094305654434965,0.01951610767484,0.0219635038171928,0.0069845145591287,0.01529577097339,0.0060926069247111,0.0256629887811783,0.0171860131221184,0.015324629082114,0.020583069865407,0.0380388640947155,-0.004637595881908,-0.0210203322767834,0.0400051101909088,0.0101410664735821,0.0042045473065583,0.0036508887500237,0.0136772486404526,0.0117969348325897,0.0092835985161281,0.0213135421614123,0.0286320575526556,0.0104105226920721,0.0548409065107855
2015-01-23,-0.0215122641447624,-0.0224399241748389,-0.0122953460754202,0.014896313526215,0.0190008185348071,-0.003522841581923,0.0055270919003369,-0.0084153280794103,-0.0011482352692531,0.0128880024501603,-0.0022197370022589,0.0091650203047497,-0.0083966815092835,-0.053703725407969,-0.0292250340930388,0.0026383989552698,-0.0102251416623988,0.015552624508774,0.0192101722082351,-0.0015412540347972,0.0117401707238533,0.004023995727503,-0.1016591752710243,-0.0187357948961732
2015-01-26,0.0189067900830552,0.0145346648830875,0.0041153307702526,-0.0167250167760375,0.0120386845965647,-0.0035351324171335,0.0140737393040453,0.0053377291342215,0.0176541995883079,0.0017267592379219,0.0147061334674423,-0.0164317213257456,0.0287527942157663,-0.0027626120396239,0.0094003369024004,0.0241934851948468,0.0191437575810131,0.0037651375834744,0.0335030828572271,0.0168250043039615,0.0070613002030461,-0.004023995727503,-0.0496185307361947,0.0156375714802166
2015-01-27,-0.0092674826161589,0.0086202702896949,-0.0034280321278914,-0.0084466591664043,0.0025838956561772,-0.0074326838801432,0.0077340263663163,-0.0155303545010474,-0.0234159554006327,0.0043823132506748,0.0007296774448164,-0.0081368499572485,0.0072809525541193,0.0299750523248586,-0.027123285122899,-0.0091186242247074,0.0036048577174465,-0.0141066606301603,-0.0133536165282073,-0.0057804765786322,0.0012409584986539,-0.0080972310935845,-0.0067158946708851,0.006957771221441
2015-01-28,-0.016021524990573,-0.0327177341747042,-0.0257407409500336,-0.0322464581212278,-0.0233345736275891,-0.0114177112351185,-0.0155283344194439,0.0,-0.038585508150049,-0.0143129533568693,-0.0198901924831202,-0.0142622588904917,-0.011274568305545,-0.1272235267825646,0.008423946208746,-0.0202025680567303,-0.0394547687193758,-0.0017337569752604,0.0171971528191934,-0.0011447608050314,-0.0108062330305509,0.0080972310935845,-0.030098226093199,0.0183213231783494
2015-01-29,0.0142328000931843,-0.0141420405086387,0.0091196509275435,0.0003630670863969,-0.0094551057284757,0.0049092408473083,-0.0078553575343538,-0.014908642493141,0.0178575344185119,0.0111064608159745,-0.1004947180740751,0.0052348296459125,0.0206829055183792,-0.0246925160997645,0.029123845667661,0.0250762169838436,-0.0284782315617277,-0.0059184287753804,0.0046781601376608,0.009121990703961,-0.0271092237761898,-0.0203675245687898,-0.0411112179749821,-0.0098824538647592
2015-01-30,-0.0209449043361189,-0.0666400863550911,-0.0197466611545684,-0.0112706868704535,-0.0516443126179875,-0.0134759192964808,-0.054286575455297,-0.0157206377338146,-0.0044343419499015,-0.0295730819956316,0.0219700015341395,0.0007325267514834,-0.0300641721144785,-0.0628733121031972,-0.0676048681792207,-0.0070132564393943,-0.0138979059633324,0.0038334559930768,-0.0119508129114123,-0.0252885020091468,-0.0252182352592611,-0.0207907419843015,0.0172170784367942,-0.0177268041936669
2015-02-02,-0.0085996896723763,0.0158986099244475,0.0162492750259053,-0.0014694715276988,0.0129033400297808,0.0443368306583686,-0.0100418399696784,0.0078911347969585,0.0196570487697225,0.0128270382502417,0.0008045236665896,0.0327755311958046,0.0038076712311387,0.0644345028806169,-0.0087563996673893,0.0240355962184599,0.0239576861968289,-0.0052310915338686,0.001716028095644,0.0172352098219104,0.0100767715564451,0.0411582665530913,0.0593685207054461,0.0154323622978074
2015-02-03,0.0081184549245723,0.0362664487971944,0.0657637084473869,-0.0020241171301353,-0.0201248220966281,-0.0114615437968939,-0.0281467755033202,0.0049370512206339,0.0092542539085944,0.0278851467029372,0.0293206324838601,0.0168639176086049,0.0002237321438403,0.1286443965628498,-0.0060144770066754,0.0211341974534713,0.0625111781335467,-0.0038536004831488,0.0025685333341081,7.606228830692174e-05,0.0091123840788851,0.0,0.0547725639186222,0.0144434436632432
2015-02-04,-0.0199298685850353,0.0083361665659451,-0.0132101905319084,0.0003683325519014,0.0208176149951144,0.0028776643226762,-0.0174523315292947,0.007503808962419,0.0020127688154465,-0.0102779133433204,-0.0325425410655664,0.0148704789471842,-0.03456472349743,-0.0041237042209589,-0.0020129263909924,-0.0145836348606618,-0.0238649427880024,-0.0035161181769476,0.1034775155483942,0.0119798399867638,0.0184041437943069,0.0,-0.0388146314682369,-0.010622240881704
2015-02-05,0.0122964875125788,-0.0129133198650768,0.0145219644094187,-0.0020274748109336,0.0,0.021166427603497,0.0,0.027507470920921,-0.0095252443585711,0.0139896567200983,-0.0117672654277338,-0.0055937137766077,0.0105870051303513,-0.0208777483119526,0.0070277957223718,0.0193980977253644,0.021024603074673,-0.0113355824098304,0.0333616288089952,-0.0071096463961399,0.0033871631394255,0.0080319458981537,-0.0039656220456487,0.0233707926735462
2015-02-06,-0.02266000214696,-0.0185185700824868,0.0123736985718849,-0.0234272894035711,-0.0148253721018325,0.0012494798599398,-0.0340230716310316,0.0005594876589256,-0.0049424669168165,-0.0270668781528966,0.0101523714640179,-0.0372760381982066,-0.0290345525633637,-0.0835650053648642,-0.0088427314608123,-0.0301397662008247,-0.0085682056732223,-0.0060744807405299,-0.0093649749376261,-0.0166090812183998,-0.0239537785083552,-0.0161291769917383,-0.0268476833674391,-0.0029850840808365
2015-02-09,-0.0214610202591325,0.0192834617772352,-0.0045411044821888,0.0152295533621069,-0.0111319839479939,-0.0031269100548461,-0.0109892354049856,0.0119493402300048,-0.0167526654472465,-0.0041319097017264,-0.0040486040014457,-0.043011436323598,-0.0085208523361139,0.027150967880144,0.0118391876952426,-0.0054142762094411,0.0072203204437357,-0.0082780507640909,-0.0336807741602156,-0.0031693989591614,-0.0187899626710157,-0.0122702934752052,0.0568564603806116,0.0096690633802252
2015-02-10,0.0343743879923614,-0.0408797609772111,0.0064810596834261,0.0203013101545685,0.0230096657414855,0.0173867407023302,0.0308275262277808,0.0079793756024446,-0.0005932765918852,0.0217384399359579,-0.0118344171160749,0.0713593017436817,0.0172032391470864,-0.0757118886507758,0.0160288296139765,0.0152652337431655,-0.0096380731228835,-0.0007228900893192,0.0142996802431585,0.0129995708457331,0.0511613083068005,0.0081968737449132,-0.0650529914366422,0.0073747206717595
2015-02-11,0.0128455641389138,-0.0382940662943791,-0.0064810596834261,-0.021976901018597,0.0125962214586361,0.000307492771538,0.0106571029518032,-0.0043943523645997,-0.0077404021186593,-0.0039815772528966,-0.0090722775116196,0.0105663034454801,-0.0056232398933788,0.0,0.0148093839988661,-0.0073041845263803,-0.0073962722228713,0.0295760573693599,0.0015336684107329,0.0012985646485086,0.0178610332926516,0.0161946465513796,0.0176757489446739,0.0007343533048014
2015-02-12,0.0059772974241303,0.0454627234841229,0.0174032384016187,-0.0459944005418764,0.0181807572433569,0.0070519469839669,0.0278764640852049,0.0109497069942854,0.0017917068294597,0.0315680375007865,0.0131689024438941,-0.0225665992574666,0.0137674431405745,0.0485609207706317,0.0464847157668084,0.0331082674326586,0.010614434211785,0.0242816510133119,0.0379672554275365,0.0060874740290577,0.0073833858350487,-0.004023995727503,0.0409297463785682,0.0210689249324547
2015-02-13,0.0042200898605049,0.0235302436739048,0.007638493005952,0.0340917611077831,-0.01663866515837,0.0042683584142766,0.0051415016707596,-0.0035456275866951,0.0282371042451479,-0.0148898520188733,0.0036727303341126,-0.0043273403884036,0.0140374432192738,0.0651115779336295,-0.0001845239275848,0.0,0.0147341613224996,0.0196814837770982,0.0069840512598537,0.0050695425812081,0.0150071841480938,0.0,0.040563064339228,0.0192245411043259
2015-02-17,-0.0145578165418305,0.0207145163868271,0.0100946211802939,-0.0157745814123062,0.0025648083353608,0.0078788935589564,-0.0068611616209217,-0.0118181885227324,0.0057836792468997,0.0142074719644504,0.0069007816490018,0.0177197750847604,0.0093259513146786,0.0170461635944458,-0.0053698456327535,-0.0001447339682147,0.0012055352909823,-0.0111505679528853,-0.0259753127823516,-0.0030993615577736,-0.002821752847832,-0.0080972310935845,-0.0074813696332061,-0.0134896713895149
2015-02-18,0.0071604989985436,-0.0068577317600806,0.0075044815668685,-0.0079815968307936,-0.001025163042279,0.0036154805708767,-0.0051767947493148,0.0090823565535835,-0.0002884887746747,0.0057471429255153,0.0188345067531265,-0.0001737842895952,0.0159465263156577,-0.0184797733350812,-0.008764538148906,-0.0017386439855728,0.0021062716830502,-0.0003397644997376,0.0520071785616407,0.0156252430897971,-0.0024254442990274,0.004056644956249,-0.0012522375335772,-0.0143992788001887
2015-02-19,0.0085453597379299,-0.0138567846267465,0.0,0.0004344293937013,0.0051150496877645,0.0036026080966395,-0.0298531240675439,0.0189964656712924,-0.01335650129369,-0.0160392361168053,-0.0007942993873237,-0.0389253486613077,0.0064410609080791,-0.0485031137499256,0.0130257512146494,-0.0011608445402027,-0.0221860262441269,-0.0061373865899163,-0.0234709134933202,0.0083136061972082,-0.0077188820580524,-0.008130064686541,-0.0370177385610452,0.0028964608477202
2015-02-20,0.0023872382640819,-0.0015519901950866,0.0093027418094226,0.0114665268154388,0.0143523176713218,0.0041862877513847,-0.0026771773064662,-0.007555635003934,0.0182481637019087,0.0032132353205058,-0.0059772888436953,-0.0047122993857615,0.0513486322749625,0.0030073481935194,0.0093843346746789,0.0108297720208083,0.011002665759392,0.0047769167752296,-0.0040272504338694,0.0119040333546784,-0.0032680648786507,0.008130064686541,0.018041774171378,-0.0036219823757102
2015-02-23,0.0025717609628568,0.0077348182933694,0.0006169826162749,-0.0153827588662194,0.00217703860178,-0.0062862506019287,-0.0189451017863162,-0.0199704831887554,-0.0054684979473584,0.004876969893476,-0.0242730515278766,0.0177102468949001,-0.0012625700380595,-0.0273988924317222,-0.0075372316249935,0.0007177479455737,-0.0096208097756433,-0.0192447328624605,-0.0084731012003838,0.0005841773681121,-0.009042270353635,0.0,-0.0417268744954708,-0.0124133476238883
2015-02-24,0.0521725686746687,0.0288551152970153,0.0055366959023315,0.0078651515065049,0.0053387912149012,-0.00330894278814,0.0,0.0153554627495018,0.0160323964960444,0.0070438415152738,-0.0090498071177345,-0.0189877658630996,-0.0029527000875306,0.0569870813000382,-0.003882922925197,0.0027229514044115,0.0109876571905971,0.0172003374670635,0.0259283522927762,0.0098794523699501,0.0332957140092053,0.0,0.0353208778260933,0.0102341444616163
2015-02-25,-0.0162026834999755,-0.0112907285427308,0.0006134483189907,-0.0220130797414732,0.004316711419265,0.0042094016166087,0.0018197004295594,0.0005441255682645,0.0050991371668116,0.0129731444244374,0.0094592330724303,-0.0716044392494961,-0.0014793633955285,-0.0554448978133771,-0.0287533793897294,0.0044271892336471,0.0010615872748451,-0.0113190246914918,-0.0018042878504356,-0.010682765486476,0.0,0.0279459251555329,-0.0090385366214316,0.0187323943016621
2015-02-26,-0.009774837705728,-0.00303269846574,-0.0123380942064952,0.0114800903342118,0.0134937735975539,0.0098524271199513,0.010850128662708,-0.0051804717863499,0.0154214206474767,-0.0242064945243596,-0.0148456586451919,0.0267042817388207,0.0052734664937643,-0.0313017048948874,0.0047553220867704,-0.0047134459580178,-0.0174341764311947,0.0044742301580829,0.0157654315838495,-0.0005113031843961,-0.0144814284839465,-0.0079052827716517,-0.0491792047217627,-0.0086022244118257
2015-02-27,-0.0021337792293598,0.0007581253365878,-0.0156401408422812,-0.0103997463803704,0.0134751931442353,-0.0155693815386994,0.0465608974195861,0.0035474907316683,-0.0086627670409895,-0.0003053623235924,-0.0226900071953273,-0.0459109362899581,0.0046181193839216,0.0526439315874376,-0.0003796066239254,0.0048559771701164,0.0084493599002617,-0.0017183500430117,0.0067317467595591,-0.0105084567774405,-0.0060960612419345,-0.0039761597382027,0.010840498851226,-0.0079509667275643
2015-03-02,0.0206799812722611,-0.0347384945928161,0.0137761209722007,0.0063112971906607,0.0115441334748127,0.0021100910201816,0.0102476532984452,-0.0030011227725388,-0.027601793189798,0.0176339403596319,-0.0089648835251234,-0.0298283791129492,-0.0050387323943987,-0.0400055483097526,0.0293671746820916,0.0130219894482692,-0.0165040132336011,-0.0124614074274309,-0.007443085240284,0.0036866869267653,0.0040683061668707,0.0039761597382027,-0.0287100698473825,0.0036219823757102
2015-03-03,-0.0131861854800581,-0.0002363129431757,-0.0264666915268843,0.0063202266126598,-0.0080025008710973,0.0012037593240021,-0.0076757564095872,0.0076213719639579,-0.0081111154871118,0.0044908443321443,-0.0411436830113314,-0.0084806740725049,-0.0061226384855235,0.0062598892606016,0.0051480108255814,-0.0098927404019963,-0.0156741142675507,-0.0069903841744745,-0.0100107787040568,-0.0034654269558762,-0.0052921582957701,0.0039604936200244,-0.0111579376089796,0.0028881699467455
2015-03-04,0.0001846582344136,-0.0417392098264883,0.0233525317995786,0.0065213191888009,-0.0072575064083242,-0.005125842084777,-0.011192778486488,-0.020822730860051,0.0034842420152894,-0.0196083004240197,-0.001341327256946,0.0078625083172383,-0.0036067335578007,-0.0365409753402443,-0.0036743343174596,-0.0075558718525625,-0.0060211716203828,0.0273323984575033,0.0021536584582353,0.000886219445185,-0.0069629639005226,-0.0119286039684164,-0.0356924806974769,-0.0123325244319807
2015-03-05,0.007711442940339,-0.0148646990827843,0.0086954922218853,0.0310035891726982,0.0265149025670354,0.0048249807945284,0.0034573545595764,-0.0175959643318028,-0.0075647374044711,0.005317121533829,-0.0080863110580393,0.0409864078503572,-0.0044734991850488,-0.0163135702746974,0.0311673250417179,0.001430114668711,-0.0092609642208927,-0.012362809320924,0.0060766927394781,-0.0045857281813725,0.0053288276381615,-0.0080319458981537,-0.0522118029917171,0.0
2015-03-06,-0.0187387959680336,-0.0312652395742036,-0.0206194847629888,-0.0043036890274095,-0.0252208312459689,0.0083883461822886,-0.0130267819161504,-0.0070689313758764,-0.0332573363645516,-0.0214404299345289,-0.0292926838007643,-0.0033683408681852,-0.0070700417600293,-0.0199340165564049,-0.0113035520732243,-0.021667802508829,-0.0210740607155566,-0.0326629546077166,-0.0197953423224384,-7.391961907821099e-05,-0.0152422224932089,-0.0040405861373354,-0.0169889776532696,-0.0073260201641205
2015-03-09,0.0056679336684997,-0.0537811619879045,0.0060617716786306,-0.0079543048558594,-0.0199191217206538,-0.0017915832692705,-0.033780988599612,-0.01170279936284,-0.0018130919331427,-0.0330477945852578,0.0301944177432225,-0.0074710370383233,0.0017184708551742,-0.0640914662701371,-0.0048838226491247,0.0,0.0018006108483645,-0.0249427559513466,-0.008762510364733,0.0036999335616325,-0.0269267285884891,0.0,-0.0300415467109411,-0.0148150450369408
2015-03-10,-0.0166297234211523,-0.0229055123718151,-0.0264275984104038,-0.0058292420866425,-0.0042967367709865,-0.0041927842194069,-0.0136551052412219,-0.004027661258033,-0.0149325062644831,-0.0087582680858711,-0.0090539668537741,-0.0052131584309869,0.0023584712008504,-0.0532723297356254,-0.0125900882677743,-0.0231931695835632,-0.0403794381183839,-0.0285890515174651,-0.0260043591847323,-0.0126358762582645,-0.0172041973213907,-0.004056644956249,-0.0145515382430414,-0.0112571620762924
2015-03-11,0.0049803937777781,0.0192761936713337,-0.0045827402439742,-0.0289819182409649,-0.0073139206266019,0.0017988758378408,0.0217596147965588,-0.0017311296651219,-0.0024592580606133,0.0207659252828431,-0.0257959704321462,-0.0205129114302686,-0.0148854344033044,0.0205422342730314,0.0127715510574502,0.0041759662384421,-0.0107847850941369,-0.0125073692767041,0.0101107040845487,0.0023162441840929,0.0189090943550271,0.004056644956249,-0.0131149503018217,-0.0052969382534131
2015-03-12,-0.0177799540675529,-0.0202031363534127,0.0032755024830031,-0.0048557148784036,0.0216198830183915,0.0271885369564275,0.0212961997973222,0.0171778266048852,0.0504156839789109,0.0108492453173765,-0.0303196778192429,-0.0274587980946998,0.0123124356814434,-0.0376692237637327,0.0041608997604503,0.0133056897622303,0.0095925466461337,0.0229981818213946,0.0107466936782822,0.0260023027702605,0.001701449559011,0.0120725320354892,-0.0082851628590725,0.0098149127843056
2015-03-13,0.0064677662294521,-0.0387752000332526,-0.0244963501186821,0.0051981166874686,-0.0034345526979402,-0.0061413909702059,-0.0393962242157108,-0.0005679174429187,-0.0123674566276492,-0.017192963806532,-0.0038555147063559,0.0094460864635457,0.0216614838390207,-0.0391440892981183,-0.0334097299451059,-0.0001466567359607,-0.0241558436100932,0.018830041546193,-0.0212338386060462,-0.0099380771163266,0.0147648051411568,-0.0161291769917383,-0.0321244015073205,-0.0098149127843056
2015-03-16,0.0218489159078432,0.0153107754975496,0.0119923205150942,0.0041489070057778,0.0076703183252386,0.0099243824857278,-0.0036595903781702,0.0255165768317078,0.0029583003022581,0.0109177918144203,0.0266810195332358,0.0366140922710087,0.0263308968389708,0.0158422972410153,-0.0014945993539745,0.0203555885368578,0.0088673935577285,-0.0025634713640823,-0.0282570769472603,0.0098651226409334,0.016611805061053,0.0080972310935845,0.0085541387667198,0.0232480221696989
2015-03-17,-0.0096935042292161,0.0345351474601336,-0.0099835418211431,-0.009937173300238,0.0017868130473166,-0.012273625389565,0.0063956762831844,-0.0119764028112021,0.0178604461639921,0.0044750684723862,0.0213961224686518,0.0022134305949967,-0.0125604849361717,0.0572672182538176,0.0329163373891678,-0.0067875356064748,0.0113597769000906,0.0054853380360255,0.0353849535318313,-0.0040803080861078,0.0012346175863697,-0.0162606470635272,0.0400723412645576,-0.0074404131060044
2015-03-18,0.0004684167969575,0.04660322149616,0.0132890970764605,0.0370859585140923,0.0109748959052993,0.0096561619399522,0.0171558179237028,0.01418865906186,0.019825325250327,-0.0108689603162508,0.0361540117187333,0.005810582098134,0.0199001473856368,0.0488783651344643,0.0125833865483304,0.0280056442640308,0.0387727704534661,0.0287584142702725,0.0495912036368912,0.0225248872048871,0.0163203580987452,0.024292592961681,0.0016351786318045,0.0118783390193177
2015-03-19,0.0029912499724611,-0.0429410792318178,-0.0119521495569983,0.0170149354877793,-0.0248650261711262,-0.0123060668192667,-0.0346115244386857,-0.006095792583314,-0.0022785433116152,-0.0270492284002807,0.02801055681598,-0.0193671223342639,-0.0055860626529309,-0.0732926237742103,-0.0124023504481591,-0.0093431452773415,-0.0089298923554861,0.004948794747023,-0.0092924681562733,0.0001425036096112,-0.0020253946399351,-0.0080319458981537,-0.0451203647672577,-0.0044379259133133
2015-03-20,0.0277974596749288,0.0429410792318178,0.0231111897711318,-0.0088003415862312,-0.0061072848884506,0.0128881371198747,-0.0018554656521914,0.0036066146495898,0.0253391378074034,0.0135760160904956,-0.0064949185578622,0.0250455215313971,0.0272191660524327,0.060848151669358,0.0037909092289081,0.0342523154212619,0.0218522807572734,-0.0142048084765806,0.0021522954668315,0.0211175472342688,0.0044508389389625,0.0,0.0677386756672158,0.0205436918809394
2015-03-23,0.0050703489445407,0.0164997440961087,0.005207838569345,0.0190472907513745,-0.0121597243352282,0.004356011776665,-0.0446203865707759,-0.0033284021832091,-0.0019478585341352,0.0067193893372605,-0.0021744363713498,0.031291988887137,-0.0024257073910427,0.0420379411295987,-0.0010816512892604,0.0060290004240499,0.0166015127097942,0.0021434615306836,-0.0046687799785829,0.0154642098961597,0.0012102089882617,-0.0040405861373354,0.0422266077124271,0.0137036507274908
2015-03-24,-0.0029847887386713,-0.0025867616437527,-0.001299332169256,-0.0147778730959844,-0.0063888074908806,-0.014006452987505,-0.0058425026125252,-0.0075306277767681,-0.01912329267611,-0.0249437581183231,0.0240872451131122,-0.0118145022699871,0.013668844201907,0.0085398269490107,0.0166357102164091,0.0044980312626945,-0.0143287219307173,0.0085289943584636,-0.0075882263638025,-0.0055199685047435,-0.0121704984232025,0.0040405861373354,-0.0374458205497127,-0.0129778271378371
2015-03-25,-0.0535892209104948,-0.0174221801856047,-0.0203622610480125,-0.02781781141839,-0.0339653646100286,-0.0035326884815307,-0.0177342481381495,-0.0197915406374402,-0.0264687550396565,-0.0101048409395589,-0.0210443563568554,-0.0266555576599363,-0.0054047145890727,0.0251900999058218,-0.0198876070403657,-0.0195005352151662,0.0122481831358172,-0.006746040977537,-0.0324391888769717,-0.0049250190634086,-0.0553832596502923,-0.0369653767451106,-0.0111913154351159,-0.0183087363310454
2015-03-26,-0.0545025190447665,-0.0294269653877143,-0.0100031613366216,-0.0111332918567725,0.0067819916262052,-0.0059433528523058,0.0148005915742159,-0.0020008396712092,0.0190591729154085,0.002474114894019,-0.0259412273919168,0.0149945503594564,0.0667689025850659,-0.0406148721463075,-0.0219548630874855,-0.0050049891621206,-0.0172876679728082,-0.0082275312412374,-0.0056361149739727,-0.0048795725025909,0.0008622978700096,-0.01687817191858,-0.0460605563822587,-0.0231784109584578
2015-03-27,0.0276713902416494,-0.0385616255053762,-0.0128162923701729,0.0091577032176202,-0.0010404507530994,-0.0026863559977825,-0.0039256858538876,0.0156142000062693,-0.0077529556969144,0.012639627598066,-0.0044643100446286,0.0230900797983206,0.0108313157413979,-0.0156659983269471,0.0081059875259938,0.0109500843230119,-0.0144451916576353,0.0085836335232238,0.009002542290222,0.0091852801444929,-0.011269857352786,0.0252114911110351,-0.046520293654709,0.0187339867016951
2015-03-30,0.0122943358855511,0.0190053541232051,0.0054164148630131,0.0153638913313738,0.0130991438187129,0.0062564247386256,0.0117302410416804,0.0078563823808084,0.0157300405354989,-0.0096517473596788,0.0084652111019498,0.0113960164619921,0.0154809210662127,0.0395582859645219,0.0212407952845898,0.0024784358237885,0.0074130474646714,-0.01002145983565,0.0115093934628465,0.0010530421371477,0.0134230173466285,0.0041409739270349,0.0209433691200657,0.0176604698101598
2015-03-31,-0.0204759718155598,0.0273085763777407,-0.0163379679372654,-0.0102163463426734,0.0083555062538045,-0.0273986802770358,0.0067800602142034,-0.019757651889978,-0.0028418343000016,0.0069617724550301,-0.0260689742788757,0.0026626272628536,-0.0238746211555191,0.0134002420851683,0.0253626825530095,-0.0075918386908462,-0.0212313274971989,-0.0214513654260155,-0.0115093934628465,-0.0188364676359995,0.0098436596408468,0.0082304365620934,-0.0244767192999904,-0.0288588027080918
2015-04-01,-0.0068532320212879,0.0328589694824501,0.0250776586860617,0.0127305861212425,0.0099687863268269,-0.0015275586939607,0.0247863330393616,-0.0126223295958802,0.0036930623471045,0.0108777276368137,0.0104191860613447,0.0165761687269849,0.0229599880496977,0.0550300090352707,-0.0063246942214849,0.003319741995285,0.0090120802685795,0.0207316762717568,0.0177648842474682,-0.010130680579456,-0.0107044337220254,-0.024897619489564,-0.0124667546914022,-0.0136056456915789
2015-04-02,0.0039786947972206,0.0294055530102295,0.0172532554566711,-0.0122028913383696,0.0188197315100939,0.0079174702705056,0.0065699650646671,0.0,0.0019825531110009,0.0102811867520626,-0.0067827351879268,0.0407247239624615,-0.0027493779793674,0.0625680977943993,-0.0038847884706032,0.004822069239303,0.0023228845208844,0.0086020933269956,0.021412588188808,0.0110595855982422,0.0196085057368269,0.0371176804157558,0.0317488525492777,0.0
2015-04-06,-0.005075257244135,0.0100814957741768,0.0169604492063024,-0.0238296607202395,-0.0023124891801753,0.0281115666176714,-0.0075116365018685,-0.0026014229788799,0.0039537361333672,0.0089894130731948,0.0027185999607142,-0.0039531543358743,0.0162042052478783,0.0059000447888492,0.0320360685004654,0.0078032577005116,0.0192076964699832,0.002139055662913,0.0524595747799798,0.0044181195696477,-0.0063520602128352,0.0160644826456785,0.0103626610683784,-0.0007613462029592
2015-04-07,-0.0005990966231399,-0.0040213798940658,-0.0038887633507198,0.0013251972040873,-0.0078027522786414,-0.0044330992519281,-0.01711091515878,0.0149384710084872,-0.0216532309132602,0.0055283389223639,-0.0058997706420402,0.0083377012533665,-0.0030749535951448,0.0145987907175498,-0.0010285268030276,-0.0051954213525915,0.0072904385477556,-0.0032099431613681,-0.0130317577645382,-0.0065630666906466,-0.0063925571528495,-0.0079999007808399,0.0420584754217023,-0.0053455576698437
2015-04-08,-0.0019983051106828,0.0258464020526589,0.0006494244168,0.0430581806638121,-0.0013342142476906,0.0014800837025976,0.0142793867351,0.020042933456251,-0.0049084147262932,0.01267817631813,0.0440756764337404,0.044017050190761,-0.0014502630888526,0.0028939550243179,0.0377020845118436,-0.0002741059159507,-0.0348201520414521,-0.0260603126089691,0.0188072123938893,0.0015733095317633,-0.0081562742838059,-0.0080645818648385,0.0049296461465719,0.0022944418958594
2015-04-09,0.0076726589779578,-0.0218250221585931,-0.001948756586056,0.0261537650878205,-0.0050194132522696,0.0079538972312485,-0.0161984110678803,0.0066853659444892,-0.0252065092601214,0.0085948707847878,-0.0206827757823053,0.0262252111550918,-0.0094789534051553,0.0858062452115314,-0.0057978553875526,0.0006852186719701,-0.0072131853425294,-0.0077304507732063,0.0127905880408709,-0.0002146928585711,0.0102919626027349,-0.008130064686541,0.0114104712225844,0.0278737534266393
2015-04-10,-0.0071727295300139,0.0139434787171397,-0.0157276780130879,-0.0170336822517107,-0.0150404026871728,0.0168755555458486,0.0086082718865196,0.0080190178092947,0.0269419355731854,0.0145430506427901,0.0379544282939141,-0.0112997106491423,0.0242459402840373,0.0274707977609949,0.0036482636089991,0.0027370076218851,0.0055404837770267,0.0044247284555134,0.0218333931724059,-0.0018597017148902,0.0025561421893076,-0.0081968737449132,-0.0212949453053223,-0.0210216899126687
2015-04-13,-0.0021021372917626,-0.0230128022191224,0.0092043454812116,0.0028359610282091,0.0028905553864775,-0.0304649521413837,-0.0009529799702905,-0.0024818433035562,-0.0023145935070285,-0.0067858170706704,-0.0155309681589397,-0.0082831745124805,-0.018584343081013,0.0317487444212333,-0.0089791626217654,-0.0052062864856301,0.0011710052300482,-0.0257142175271889,-0.0062366962286422,-0.0150791861195296,-0.0072601193966463,-0.012422298254201,-0.0285495087188165,-0.0114463821872816
2015-04-14,0.0016022078438187,0.0259753338627124,0.0200851157795232,-0.0069413534529862,0.0086214421144386,0.0168118115921265,-0.0076552919162291,-0.0027647908856123,0.070979564430321,0.0065580535911733,-0.0026120809472969,-0.0112668731111678,0.0079812728483901,0.0271286221790527,0.0053308990127662,0.0076629471523466,0.0108107254179623,0.0279191233286439,0.024716830034219,0.0079647038162757,-0.0064502832654058,-0.0296007230624599,0.0433401954791528,0.0053579904909728
2015-04-15,-0.0390649055661018,0.0214649187724043,-0.0038561872215496,-0.0147878711138922,-0.0118526849520428,0.0122097452607854,0.0028773750451338,0.0008302329615328,0.0002698748631915,0.0047768327651818,-0.006121632483715,-0.0065447576118948,-0.0027136535574063,0.0794810922311219,-0.0100186647646962,0.0,0.0280558098214851,-0.0029410176808397,0.0197207939892187,0.0030244491633935,0.0141359921221617,0.00854699722176,0.0418994018283398,-0.0022926094425583
2015-04-16,-0.0106662787855631,0.0067333869007106,0.0083361017817269,-0.0185319565680188,-0.0015340618350765,0.012918181283982,-0.0009583507123536,-0.0235108863381208,0.0187020942082423,-0.0078218559158038,-0.0132451932877635,0.0043105548088928,-0.0041754329139429,-0.0250293293951014,-0.0075800699776471,-0.0062904711950277,0.0173807846409839,0.0095271722331031,-0.0213282770655267,-0.0007194478561025,-0.0115511049611729,-0.021506089387579,-0.0278475535658386,-0.0046011268425221
2015-04-17,-0.0065393931170367,-0.0311608373167049,-0.0193430690206586,0.0046773055659947,-0.018074228831193,0.0034168587511067,-0.0154590764357784,-0.0059650244500233,-0.0031814441230721,-0.0089598228555276,-0.0040080282064582,-0.0311049994586851,-0.0036450020559906,0.0125929246109804,-0.0067867335213311,-0.0161793297672421,-0.0082539984744127,0.0162782088335173,-0.0350340633985719,-0.0039651804851947,-0.0008609237313024,-0.030907624310439,-0.0252325983680039,-0.0131532041220032
2015-04-20,0.0165815242004594,-0.0079439066123137,-0.0019548448547599,0.0190128212316116,-0.0198234255821003,-0.0048439908034709,-0.0097849712634854,-0.0166621736950014,0.0015918072999707,0.0267918897920722,-0.008964684318983,0.0109446566532818,0.0023707576202656,-0.0022776810180356,-0.0311228781597567,0.0081915499968108,0.0017520778602717,0.0071506066188078,0.0115955520465589,0.0021648409892085,0.0021511971134815,-0.0090090028831699,0.0,-0.0172823605684355
2015-04-21,0.0172318630182539,0.0069540297648622,-0.0026128561983576,0.0046620389000882,0.004243035842943,0.0088155067703592,0.0009829509427725,0.0008686974922591,-0.0007954368332057,0.0252897057209882,0.0581585440396072,0.0114335068370339,0.029434947343879,-0.0219032325140519,-0.0116588781923194,0.0248545671294406,-0.0068656078446815,0.0032012557442588,0.0169826137390243,0.018568176664945,0.0025751227222379,0.0311829229554794,0.0034014383864342,-0.0437317260362086
2015-04-22,0.0979571896746334,0.0186381728049163,0.0039167722187056,0.0024400040831835,0.0091326112834635,0.0042377853935517,0.0117188940875738,0.000289272221541,-0.0071894226287199,0.0079273978842424,0.013921334784698,-0.005133323591981,-0.0030112270292672,0.0399825181647968,0.0053161702658597,0.0039039110693632,-0.0009614423859889,-0.0171926287322286,0.0465054337328363,0.0023322660087909,0.0216249800744523,0.0,0.0985459536235322,-0.0328173864935597
2015-04-23,0.0081291949654946,0.0334476334339861,0.0199939978550705,-0.0051215728232856,-0.003327213732871,0.0176055601080511,-0.000971603988666,0.011507810805033,0.0206300984620164,0.0067148219454553,-0.0101054198260128,0.0367381609768004,-0.0028423878245491,0.0512933767024094,-0.0035408787248289,0.0052259006007586,0.0095752108344076,0.0365353938872412,-0.0517001641802863,-0.0044575258614649,0.0191112191842584,0.0387145315545687,0.0911057397499197,0.008518002822744
2015-04-24,-0.0066869488818754,0.0341836192642217,0.0202281464337241,0.0215302374838044,-0.0031621849173104,0.0071763573105187,-0.0127138234598187,-0.0944238960529648,0.0096393589479384,-0.0107797141332524,-0.0076465282562061,0.0270422665720739,0.0077973163698712,0.0608749400879016,-0.0148309887677329,0.0048001181329917,-0.0031812754355584,0.0345750019635215,0.0199813021936681,0.0012757409068546,0.0247929416748533,0.0,0.106483387218222,-0.026645542889788
2015-04-27,0.023517658824133,-0.013717734125328,0.0068599392963331,0.0162799132960103,-0.0019375629921269,-0.0038577005906756,0.0029484074999643,-0.015843223174621,-0.0164687591148409,-0.0045929542088778,-0.0246073975952043,0.0087186818365179,0.0022921711688774,-0.0683495331112267,-0.0361074846608477,0.0159666398352591,0.0052441054529634,0.0117077016444957,-0.0047977787150323,-0.0039025109101835,0.0198736443184923,0.033198159910954,0.0224728572377557,0.0223954352935525
2015-04-28,0.0007285512847259,0.013717734125328,0.0,-0.0057773582555,0.0084269616423084,-0.0703346994146461,0.070104371666654,-0.0009586345731611,-0.0060805341333689,0.0244696700538709,-0.0109867072713627,0.0038055298083961,-0.0054747121199141,-0.0010725872590755,0.0102126232572374,0.0019617166153729,0.0045865269057618,-0.013054682876862,-0.0057878035136718,0.0099038214914948,-0.0158671723490577,-0.0206191719991142,-0.0519432314615906,-0.0111348912631612
2015-04-29,-0.0197768041286421,-0.025760322638189,-0.0031121396425328,-0.0008672149170694,-0.0006994296622404,-0.0083285482156911,0.0009144263547842,-0.0041647633512205,0.018392265240112,0.0193494088779369,-0.0295985674177119,0.0102121518579907,-0.0157063837502526,0.0021436755230015,-0.0122678408997347,-0.0041896253705795,0.0018912705267641,0.0087220304442614,-0.0100470660750147,-0.0089800710887457,-0.0088354819806597,0.0082987391973701,-0.0575410991347287,0.0042971521522036
2015-04-30,-0.005589865878802,-0.0037349046532493,-0.0188805474530093,-0.0893553484497395,-0.0056141619510259,0.001492528248582,-0.0009144263547842,-0.0054723837133927,-0.0073163158475342,-0.0045562208325984,-0.0366205005608026,0.0251999553869413,0.0121584616254812,0.0169860402978745,-0.0282615685569731,-0.0069778363931627,-0.0011030533059752,-0.0097332467916406,-0.0154277452376339,-0.0126516872956541,-0.0142192563382423,0.0,0.0562394483480925,-0.0164289108459551
2015-05-01,0.0123486529425989,0.0055965572429326,-0.0070129295060312,0.0108753520857201,-0.0031717322815807,0.0203697390789732,-0.0101150029125771,0.0067558008632009,0.0049705260241199,0.0209964551716366,0.0056496823146874,-0.0141411525848509,0.0156928451171309,0.0031523081350897,0.0154626397806563,0.0093364490317906,0.001732717992569,-0.0013500788269689,0.0222447853821161,0.0067388184573546,0.0122004044335426,-0.0082987391973701,0.0495342822259254,0.0104076607293989
2015-05-04,-0.004438919284329,-0.0197283146584676,0.00510523887489,0.0060565747986496,0.0075606026555141,0.000584233428015,0.0018465843813215,0.0111588642388942,0.0152792331903226,0.0465104456818297,0.0056180316847864,0.0125012192957227,-0.00403205553074,0.0258951380216716,0.0122377166020162,-0.0024899274959322,0.0034563497094879,-0.0118905855381759,0.0077344431927777,0.0007144120385005,-0.0171224036890986,-0.0339018171135124,-0.0049690640668429,0.0094460962236678
2015-05-05,-0.0229703362128352,0.0015183988252813,-0.0257912403161788,-0.0449829444928386,-0.0089735219621456,-0.0144139927774644,-0.0158068047943662,-0.0101976322206855,-0.005928442677435,-0.0204346413819207,0.0198758704187564,-0.0211630091701713,-0.0234592469512304,0.0410670451215311,0.000187073111594,-0.0230964657669634,-0.0029845988084438,-0.0089256363453276,-0.0266767497805393,-0.0180835296495924,-0.0012344266440238,-0.0043195845390744,0.0915674472219389,-0.0008550022226626
2015-05-06,0.0034086442175231,-0.0201067922339441,-0.0031527180619539,-0.0243781522653776,-0.0250551000296646,0.0020716389179007,-0.0323837380391736,-0.0194054054270356,-0.0031073032742985,-0.0045682509371385,-0.0050470678352478,-0.0160902010216221,0.0026936734223887,-0.0482503355372652,-0.0185050413694205,0.0033516372699731,-0.0014165552716018,-0.0198511522016282,-0.0122740102872132,-0.002839393297962,0.0065655448234642,0.0129033524299292,-0.0718380668775329,-0.0189987547304041
2015-05-07,0.0039618165182586,0.0096257403588355,0.0039395435180655,0.0186619352396233,0.0028953104432827,0.0114657648845084,-0.0019380602469571,0.0065102580528728,-0.014366208107325,-0.0232291518475502,0.0087017051807811,0.033495967103176,0.0028652939760092,-0.0051628431445978,-0.0116939082207325,0.0078648591978414,-0.0216570351775371,-0.0594160889323469,0.0112843861957885,0.0055258424524859,-0.0032771206559281,-0.02159917309468,-0.0436751065745686,0.0060842319929121
2015-05-08,0.0142085692934159,0.0170938205636095,0.0510967421725956,-0.000464971969559,0.0302568543211378,0.0333462346721407,0.0389968574080756,0.0128951473741627,0.0036763982703256,0.0104891954004289,0.0068166416078514,0.0134776672035679,0.0064171158694725,0.008247752592055,0.0221215561945307,0.0092521662276929,0.0335584741480508,-0.0241791144237373,0.0111587167909956,0.0299978096118147,0.0073587119097182,-0.0265502172213804,-0.0271509520794324,0.0146239729325604
2015-05-11,0.0081344846131257,-0.0296252924192392,0.0136057103869751,-0.0140488133044955,-0.0070370572722411,-0.0125179626611435,0.0055814149535065,0.0025591947038821,-0.0195874974798888,-0.0030737767920285,-0.0022670259706445,-0.0026349860179637,-0.0010665767654138,-0.0113580809749713,-0.0001885904369722,-0.0068646595186905,0.0001553524322441,-0.0263482050064878,0.0065060542343446,-0.0334114909444389,-0.0073587119097182,-0.0181000000318828,0.0039244830439144,-0.0180961171959076
2015-05-12,9.204131391093996e-05,0.0058025018053151,-0.0036925891553685,-0.0045691900757578,-0.0086889458547796,-0.0083373968722737,-0.0330063997990457,-0.0200069834364815,0.0114286710803641,-0.0034949680487796,0.029519130345978,-0.0088841211064352,0.0008889508623828,0.0134091618409228,0.0207231443675826,-0.0029184850472061,-0.0095395049904674,0.001961185121039,0.0214925678821311,0.0015265330313134,0.0004098723447287,-0.0091743075972156,-0.0385944649337997,0.0
2015-05-13,-0.0004602913089915,-0.0194742859289183,0.0116457796831319,-0.0041672673133099,0.0109814704316062,0.0034584346829977,0.0123871653233624,0.0022789114948982,0.0057971494834654,-0.0069573789874928,0.0239505998062083,0.0174592234767199,-0.0080292378607547,0.0091791928147368,0.0086469245798008,0.0059604767869156,0.0095241484275288,0.0101365220228033,0.0154308592260081,-0.007583667544849,0.0024581293873149,0.022779997652243,-0.0345099201673533,0.010380562153787
2015-05-14,0.0182518930489212,0.0338365002847216,0.0090995234832216,0.0057452344376205,0.0120808556052791,0.0091639609298175,-0.0018959165579772,-0.00162733675349,0.0052409586920241,0.0146168192972346,-0.1466487745324176,0.0800189883704161,0.0154654247549461,0.00808888759835,0.0047516296568028,0.020263730337934,0.0040988214334296,-0.004665675651204,0.0059199526082336,0.0096882386592547,-0.0012279411428872,0.0,0.0014031934166105,-0.0086429830496472
2015-05-15,0.0042415251834073,0.0216270079310545,-0.0012086844208134,0.0141423959458037,0.0102156895520444,-0.0022830571199401,-0.0028502530371712,0.011979946624721,-0.0089264237447941,-0.0022506146116851,-0.112750842965235,0.002057514059143,0.0010579972954323,0.0199409951232738,0.0083514871959478,-0.0057105886728683,-0.0052055325023983,0.0143160881858817,0.0169415920765712,0.0102409647864778,0.0061259375022566,0.0134228748541199,-0.0014031934166105,-0.0017375791041397
2015-05-18,-0.0002702831611864,-0.0321383481352428,-0.0109422085507424,-0.0086390773581879,-0.0060475229324854,0.0056978992947778,-0.0201831983971314,0.0108835388524861,-0.0226706477976099,0.0092429405331646,0.0318358343132714,0.0014161089560427,0.0029910935870507,-0.0444072247653659,0.0141820530475782,-0.0001586440323047,-0.0172279261070382,-0.0174385782010801,-0.008896951809719,0.0004304211242684,-0.0061259375022566,-0.0044540884647411,-0.0637902205068778,0.0172416692235017
2015-05-19,0.0017998750774941,-0.0243086950794879,-0.0036743362447202,0.0094678542839687,0.0110307924606392,-0.0097061607443165,0.0211342577290434,0.0091903196041271,0.0160559921780993,-0.0152696023608047,0.008606822689364,-0.0071013483753521,0.0057808947425099,-0.0639193285531048,0.0178433032057929,-0.0003968702439101,-0.014586948380979,-0.0094265974873115,0.0049183091255153,0.0007169813149738,0.0073466972556111,0.017699443659786,-0.0105341226278039,0.0051150691837958
2015-05-20,0.003768960304094,-0.0079055934716261,0.033778944594212,0.0121961895371889,0.006321965598623,-0.0060422041993093,0.0104018517731958,0.0100444026810202,-0.0026580295953988,0.0103867400757193,-0.0096879286197264,0.0267902982067784,-0.0022735029792535,0.0054855201377972,-0.0015769446295177,0.0013218093235023,0.0026089908321376,0.0109891102114514,-0.0135845416668611,-0.0037337540554753,-0.0004067891853933,-0.0043957141962694,0.0,0.0143525231509968
2015-05-21,-0.0009854455082498,-0.0373965943110168,0.0070921310772904,0.0233556788719271,-0.0106163063450828,-0.01482811546914,-0.0142113113116808,-0.0056375161330026,-0.03411251219149,0.0129009686099363,0.0366380523460874,0.0363799041518979,0.0088889648349024,0.0375780842181562,-0.0045703838440922,0.0013203038460654,0.0143883144141168,0.0235303949063685,-0.011253567590278,0.0030882977585875,-0.0139289509543334,-0.01777820587604,0.0060334828090402,-0.0203225945574554
2015-05-22,-0.0049439065242156,-0.0324470924976767,-0.0136376554362747,0.0181719559751654,0.0251583608155168,-0.0005861674427238,-0.0019102942997126,-0.0003140698775072,0.0226011102616587,-0.0103210011992,0.0343359409843793,-0.0195074868543825,-0.0015627754573297,-0.0364850103379165,0.0106897663660077,-0.0144844511062309,-0.0178139520101727,0.0053233443139535,-0.002833271784824,-0.0087874966869012,-0.0016513604409555,0.0089285648772645,-0.0121028379216734,-0.0034276035755869
2015-05-26,-0.0182774085785206,-0.0379444228487209,-0.0260070318757037,-0.0178722079838316,-0.0135203401232817,-0.0041111107712916,-0.0134746741513693,-0.0161523738665603,-0.034514358275616,-0.0118681497324661,-0.0055570039403067,-0.0124579985051704,-0.0054022052413311,-0.0725112874293709,-0.0412796226451681,-0.0163286127534236,-0.0251503332738489,0.0,-0.0028413220277574,-0.0037692813990926,0.0024761779619018,0.0044346099856689,-0.0045769932208332,0.0008577596911378
2015-05-27,0.0321472692612898,0.0218581992095907,0.0133901564359386,0.0062742687093262,0.0103258541237276,0.0105385871346666,0.0067600874656408,-0.001917492493074,-0.0148817979645516,0.0047230314383082,0.0075700397690163,-0.0036075556929664,0.0050545332383222,0.0105201308849094,0.0142486528333645,0.0093440489407408,0.0073456238810747,-0.0045609518375258,-0.0124067371720382,0.0077404004674459,0.0139176507959417,0.0044150310131066,0.0151749069688384,0.0034248461071116
2015-05-28,0.0112226556558958,-0.0119629208759384,-0.0006046082229889,-0.0058747190375605,-0.002698057551461,0.0072537773495735,0.0143335342291854,0.0089170908196665,0.0062041653116637,0.0004781220357967,-0.0131580966437514,-0.0147746046656984,-0.0069785173745637,0.0046404907950751,-0.0061076053855315,0.0009431278050424,0.0,-0.0231226007888527,-0.0019223275293069,0.0069656276517271,-0.0061163653660005,0.0087720113453403,-0.0213099552506099,0.0152674654525818
2015-05-29,-0.0132686115903641,-0.0379085452613083,0.0,-0.0144343813709877,0.0067315792188806,-0.0107543632367947,0.0018959165579772,0.0104086275975141,0.0078409455617496,-0.0093955857671668,-0.0117859191298812,-0.0024717150912034,-0.0112675774559529,-0.034141189881592,-0.0012619145221757,-0.0048597260286822,-0.0066754849467227,-0.0483225264604025,-0.0083736830641161,-0.0133272008760689,-0.0069771476722961,-0.0176216523441159,-0.0312525398860643,0.015866823527997
2015-06-01,-0.005983960668038,0.005666024804539,-0.0195487150453921,0.0208549956199952,-0.0003355297941713,0.0014600546677785,0.0,0.0106117024938134,-0.0200036184743908,-0.0100413940836538,0.0066787336411926,0.0193293201198816,0.008111350201593,0.0023923055547794,-0.0057900127590322,-0.0005412187242734,-0.0136565465227085,0.0101772511871289,-0.0038887566454997,-0.0047250049798259,-0.0057827467535198,-0.0134228748541199,-0.0015885193146747,-0.0008288671214018
2015-06-02,-0.0142547488553441,0.0394644088918594,0.0165192886413887,0.0088907187426352,-0.0176035908249456,-0.010855330569222,-0.0415720339811387,-0.0121818052052895,0.0244568975434806,-0.0046740689673541,-0.0066787336411926,0.0018021341092335,0.0076979057476638,0.0636419000767641,-0.0118644769558593,0.0110408045503751,0.0119805782279165,0.002023079834748,-0.0084772700136999,-0.0048939964023837,-0.0196620814273349,-0.009049860737601,0.0794310661667607,-0.004987682192943
2015-06-03,0.0150605725401629,-0.0208688733634403,0.0066525688961189,0.0025537989788047,-0.0236728131676411,0.0175440115229372,-0.0339603144624693,0.0087610892807175,-0.0061280608863554,0.0032115813884008,0.0046284553700224,-0.0020100616141514,0.0046941253107117,-0.0112739812724419,-0.0084825830369918,0.0130370175126284,-0.0013426444739415,-0.0056747656105224,-0.0036084735962511,0.0063500815962385,-0.0004221693903945,0.009049860737601,-0.0222726130690669,-0.0083683139513481
2015-06-04,-0.0101662362521803,-0.0122835093765794,-0.0164086907050653,0.0022047334613146,-0.0035032584017673,-0.0137168231499531,-0.0020768113603972,-0.0141180200234181,-0.0274767498890913,-0.0012556646187871,-0.0118710835221453,-0.0066826988989103,-0.0066129894520385,-0.0334326599562275,-0.0009263746940084,-0.0108970781889699,-0.0167671283969079,-0.0263607747658132,-0.0135650069064359,-0.0043017528984892,-0.0291617073387993,-0.022779997652243,-0.0273992048879725,0.0108654361346558
2015-06-05,-0.0135646691199191,-0.0158555100456621,-0.0030684678181844,0.0076056997415996,0.0052503699524506,-0.0058943811700098,-0.0073031122559235,0.0050427455669628,-0.0118446266787644,0.0114494003649667,0.0005190879277532,0.0166920472127922,-0.0066570982857232,0.0081731346836428,-0.0020410112823681,-0.016163987819298,-0.0035933844384596,0.0049958868601258,0.0009988497926525,-0.0098403110930718,-0.0052359798467356,-0.0046189585565976,0.0046193518591526,0.0
2015-06-08,-0.0119870077672583,0.0169778687041566,-0.0105036694961011,-0.0133974502348417,-0.0144165628111214,-0.0044437552992517,-0.020095724588109,-0.0091585557083655,0.0098323713134371,-0.0157153805937113,-0.0020779703854998,-0.0104951109342383,-0.0127370782677416,0.0229891361842595,-0.0149703668527485,-0.0029920467475736,-0.000342825895419,0.0099174116327014,-0.0262996140385816,-0.017569083125343,-0.0092284070422619,-0.0139860880475708,-0.0061636354443697,-0.0100252558926576
2015-06-09,0.0041656534175151,-0.0135587731429582,-0.0012429911433402,-0.0029084654863007,-0.0049707987878715,-0.0080487425281332,0.0010677291313019,-0.0130928798788123,-0.0005757676871374,0.0040568002586081,-0.0067831807712037,0.0009712893899522,-0.0030310049506692,0.0280134397807645,-0.0142411053673416,-0.0094422613541826,-0.0067099597842936,0.0219608987388979,-0.0044513672143022,-0.0064041895874877,0.0079156515251015,-0.0285736461958317,-0.0062014775500336,-0.0229308850430485
2015-06-10,0.0068127994039643,0.0302543711873302,0.0366341975963737,0.0101673672933468,0.0167656224168895,0.0145596906244107,0.0418031825106268,0.0194180002627373,0.035914938792394,0.0151710140176968,-0.0068296072742883,0.0198422195772289,0.0354358682558455,0.0077047828535988,0.0140525860362559,0.0185262712654559,0.0205034869465787,0.0320628703424525,0.0284186932431473,0.0145570904244172,0.0216645944382598,0.033257507667315,0.0515266344432174,0.0387579700236255
2015-06-11,0.0092243063268275,0.0011026174068877,0.0005993324585999,0.0104035908791422,-0.0082595872520085,-0.0011808363159904,-0.009254535536415,-0.00028774021368,-0.0047331014899634,-0.0280275190995817,0.0167281266283452,0.0096740281107412,-0.0058774100704046,0.0021907238455988,-0.0129057125048328,0.0014837362619086,-0.0006769396702095,0.0127737426385632,0.0175239365798764,0.0069780135709986,0.0076857088567559,-0.0188687291324915,0.0132063549199494,-0.0141490986026682
2015-06-12,-0.0191828411478232,-0.0155564309432325,0.0059737305137042,0.0040060956165524,-0.0003528496080957,-0.0208900189391942,0.0123205216687618,-0.007387359917387,-0.0231521356070669,0.0156448030867428,-0.0135701569885551,0.0099153942143819,-0.0043435101345616,-0.0043860779963493,-0.0044032588835838,-0.0087988665944074,-0.018273813481072,-0.0229537269393151,-0.0022968340489024,0.0022907400294176,0.006782308798074,0.0047506161932322,-0.0073154102708767,-0.0203225945574554
2015-06-15,0.0043462439952941,-0.0101291166745605,-0.0150019756751134,-0.0090485719732793,-0.0051323138956713,-0.0072638767816566,-0.0143886265605992,0.007387359917387,-0.0289789373453079,-0.0118337952785037,0.0057636367456885,-0.0122069435931813,-0.0211163305130011,0.0,-0.0046152295128507,-0.0147925903423216,-0.0003447169764152,-0.0079022183516705,0.0078536441914289,0.0001474286879972,-0.0174732305801028,0.0047281545038384,-0.0512161015422565,0.00682007420156
2015-06-16,0.0076288496645515,0.0344673590311344,0.0,-0.0035546295804094,0.0051323138956713,-0.0060938885632517,0.0225187392355521,0.0187037161009042,-0.0103446639840241,0.0107889736705795,0.0114287592388424,0.0112060664244193,-0.0082143658353284,0.0430178895862262,-0.0015434246112429,0.0067388901159057,0.0049872567612156,0.0137879005379475,-0.0078536441914289,0.0040508229578888,0.0136638980502827,-0.0190483476584737,-0.0155764437271421,0.0059296136726652
2015-06-17,-0.0128094589449423,-0.0065789805587264,0.0012086844208134,0.0217614655624096,0.0066854699921274,-0.0033675084121438,0.0249888626361056,0.0025092952784169,-0.0047644585698671,-0.0013248378281458,-0.0098625523374393,0.009364949556387,-0.0131759614433284,0.0,0.0227130939099637,-0.0009599404629776,0.0003434559872461,-0.0129949721555222,-0.0162282011138277,-0.0087848409484818,0.0008481118317518,0.009569576961403,0.0015684299389233,0.0109201114185031
2015-06-18,0.0102421947612487,0.0314050769768463,0.003616590482486,0.0056638616254245,0.0118529833493634,-0.0024561970590051,0.0156712051729019,0.0078017791042823,0.0092111680000548,0.0148214100153483,-0.001566206901403,-0.0035100387214126,0.0144301653339891,0.0198019968254308,0.0080818499895185,0.0050632029408435,0.0058137851267114,0.0129949721555222,0.0079812869280626,-0.0028957459842686,0.0067566377283379,0.0047506161932322,0.0459496276074955,0.0182122539987061
2015-06-19,-0.0011023213547485,-0.0358151188208142,0.0101767007718138,0.0008065003741224,0.0041500741995244,-0.0015382896385429,-0.000972274583582,-0.0084284523360123,-0.0352181601291907,0.0116191093538313,0.0119451666093453,-0.009063190260242,-0.0155206952793593,-0.0303845323639062,0.0087598342847181,-0.0082235559837959,-0.0017063445758829,-0.009039040457333,-0.0173741484675118,-0.0034264363205513,-0.0152677747909355,-0.0485531615281499,-0.025777978374907,-0.0157093114025379
2015-06-22,0.0280919107309651,0.0207766372057343,0.0212146457151418,-0.0058500356778266,0.0260596081859505,0.0198147610106742,0.0106437022582945,0.0195566930317445,0.0227177856504856,-0.0029943529668781,0.043441107806335,-0.0305183389308445,0.0399339138672978,0.0084746585199153,-0.0014854264766928,0.0291603914110956,0.0095182889760514,-0.0051455103820279,0.0275902429471011,0.0108348620869982,0.0186293201802882,0.0342329683735146,-0.0186053662672815,0.0074720547205218
2015-06-23,-0.008074734610755,0.0141713202033524,-0.004090006915085,0.0111001394215515,0.006535301308356,0.0114045570330936,0.0,-0.0095753063367181,0.0178100299120651,0.0286875463471663,0.024415275813812,0.0372570001361136,-0.0131940544441513,-0.0052883475288223,0.011639600412685,-0.0044209731284938,-0.0018620591592184,0.0200359895774777,0.0165829698649924,0.0118868461377674,0.0037678646563712,0.0190483476584737,0.0077943660550705,0.0065952584951687
2015-06-24,-0.0094127835649056,-0.00646598547129,0.004090006915085,-0.0078616951982981,-0.0001669087696742,-0.0278384315496524,0.0076699918892599,-0.0219651236095719,-0.0041274120593457,-0.0123282077445523,-0.0126215382362979,-0.0148038985923331,-0.0024822057937945,0.004232999232125,-0.011082440423848,-0.013109096163296,0.0089426218340746,-0.0066342239473633,-0.0162553161099141,-0.0124777950582393,-0.0012546646830515,-0.0190483476584737,-0.006230609662126,-0.0090796310227474
2015-06-25,0.0026337735871901,-0.0141530213038791,-0.0011668452118116,-0.0132579260430203,0.0281661497983849,0.0052029070629608,0.0047643210230825,0.0232056413042029,-0.0148810226546944,0.0033472030564851,-0.0024455496564499,-0.0078592335716671,0.0024822057937945,-0.0475765364262386,0.0196787563513005,-0.0001361492657236,-0.0050521367570581,-0.0090462501152064,0.0207597333721594,-0.0039217308617063,0.0075033101974311,0.0143201931546353,-0.0382212679387716,0.0090796310227474
2015-06-26,-0.0135139364471887,0.0173916078356979,-0.0005840893166433,-0.0203944787602923,-0.0052107866937167,0.0036564640468794,-0.0105112658180308,0.0024770651503678,0.0059791299845111,-0.0121577559752079,-0.0273037176728263,-0.0174277606447206,-0.0090724787447635,0.0412205161936776,-0.0003643256032939,-0.0072369090027608,-0.0003375620182217,-0.0252063771669521,0.0006420210906996,0.004365143635554,-0.0188646335060496,-0.0239819335174145,0.0112996444345458,0.0073680624263134
2015-06-29,-0.0395663208638712,-0.0228898100402361,-0.0368868817327014,-0.0141635636958552,-0.0151343624971596,-0.0271289463323705,-0.0213601335120401,-0.0193576642913171,-0.0259678619051091,-0.0457048302836113,-0.0025195852954533,-0.0271510827919096,-0.0229563124788936,-0.0412205161936776,-0.0183861642601508,-0.0318858933052039,-0.0251405047860799,-0.0159284816834794,-0.0263300416094831,-0.0224710873570348,-0.0230568688800771,-0.0196084250181897,-0.0178143888601161,-0.0139633209214822
2015-06-30,-0.0041209325953399,0.0098746950303154,-0.0036431033316288,-0.0071074835586886,0.0095280497689334,0.0124226486697591,0.0223199498236845,-0.0006305445357832,0.0054912105714923,0.0040305667645661,-0.0070886063734696,0.0298471577666292,0.001279223715588,0.0022124434524214,0.0261896366460807,-0.0063869423039397,-0.0127234429130624,0.0203757655638296,-0.067089215704807,0.0097668537029855,0.014637911969666,0.014742221756753,-0.038305872252988,-0.00997499731669
2015-07-01,0.0144916141006525,-0.0136390951264444,0.0120922024891303,-0.0018602539829473,0.0210878526286695,-0.016179538642135,-0.0048098315857827,0.0037783690311952,-0.0018270322059552,-0.001695026667436,-0.0299145521061854,-0.0051212011052164,0.0123411728466984,-0.0452055082362732,0.0048688505825431,0.0019914408210777,-0.0127095416122657,-0.0232616901329421,0.0042182633176437,-0.0011219863624134,0.009640619625943,0.0,-0.0223188453905234,0.0066610700770437
2015-07-02,-0.0099881142933595,0.029462245790051,0.0006007727570995,-0.0084905139926307,-0.0027536051050964,0.0238659826725338,0.0028887387644087,0.0031375434876097,-0.0159758273859411,-0.019631420175723,-0.0047231864844077,0.0055351585761762,-0.0047004488279571,0.0205958145059664,0.0064550186362595,-0.005843395743259,0.0113053855236224,-0.0120460377524493,-0.0042182633176437,-0.0063824729997259,0.0095487798847249,0.019324130053515,0.0155042749141358,0.0090871320652921
2015-07-06,-0.0259555470224279,-0.0450877929119322,-0.0311094488112648,-0.0414502690480054,0.0021063878543468,-0.0064526638320674,0.0,-0.0050249840277665,-0.0247698879124831,-0.0198042849420403,0.0,-0.0784857997371784,-0.0072755318930157,-0.0740212068700562,0.0311451582275648,-0.0245998219983905,-0.0166494495969318,-0.0092357602233899,-0.0124047360433632,-0.0001507231507194,-0.0091124844385026,-0.0144579267920783,-0.0418909195881667,-0.0049463082749405
2015-07-07,-0.0174191302895696,-0.0135902838557913,-0.0087121524667654,-0.0079136059725275,0.0107865246417144,-0.0061841797044266,-0.001924682703299,-0.0012603839552551,0.012618404512545,-0.0051607277180778,-0.0148386765245485,-0.0319246275023021,-0.009169422634434,0.0109158816796365,0.0243040502203197,0.0084610833575382,-0.0028615564814482,0.0319596022282251,0.0046253188667442,-0.002640573573891,0.0008709361160899,-0.0097563029228349,0.0017811594397539,-0.0016543066665639
2015-07-08,-0.0306157731410525,-0.0324470535846623,-0.0132118810967747,-0.0159091364342796,-0.0467105969049708,-0.0379314533924,-0.0343006153500513,-0.0261910047172639,-0.0337933735592983,-0.0406556605901826,-0.0048167155026028,0.0196091765133474,-0.0116741056903393,-0.0306208268922204,-0.0100456085350768,-0.005243155056152,-0.0126175429099402,-0.0193863064382879,-0.049482644688606,-0.0327871737870211,-0.0323103797814945,-0.0658464419937947,-0.0548583876415991,-0.014172778314013
2015-07-09,0.0252098850089081,0.0128723427765256,0.0100819473414848,0.0160691643626265,0.0093521351551686,0.0083415089604064,0.0118933611990379,-0.002592316811822,0.0090379622896481,0.0259121652430192,-0.0010734595927308,0.0630262270669685,0.0206610381779541,0.0294137968711925,0.0066740573816574,0.0192353600536625,0.0052465075691223,0.0202029727882919,0.0203074467490711,0.0071557232736596,-0.000450233372967,0.0309304899952022,0.0186225518338961,-0.0075854111715867
2015-07-10,0.0304489818040591,0.0421241776414527,0.0429515350333202,0.0009591425240733,0.0272191543588373,0.012067493403022,0.0310401581589903,0.0045320706960414,0.0162555145260672,0.0172534902842791,-0.010256528680157,-0.0071906772762186,0.0517677039776063,0.0120051381993047,0.0179179778127061,0.0346319651001385,0.0252997873476057,0.0289642391407953,0.0373068844719297,0.0191142174277567,0.015629195300455,0.0250638299032376,0.0018432678169557,0.0167788712500212
2015-07-13,0.0058254836627957,0.0307376358987325,0.0190366816869556,0.0289769064593095,0.0022620352378406,0.0009465612173769,0.0,0.0038684218731588,0.0078727438117023,7.386825413036036e-05,0.0048714656949195,0.0077581895046057,0.0062220022612584,0.0153942038925161,-0.0006701787373732,0.0045559203956191,-0.000879569618152,-0.0119665298489706,0.0094621884101775,0.0144927167937751,0.0127670632434826,0.0,0.0830132052501446,0.0066336249021425
2015-07-14,-0.0022291325142607,0.005390974035675,0.0140438062286718,-0.0103498803352453,-0.0016151685586125,0.0109771212612566,-0.0134616385824739,0.002570824387025,0.0056303375358623,-0.0054706604431835,0.0592260649667588,0.0291375573216003,0.0017214342621874,0.0128427837989476,0.0075155563190318,0.0083669702473585,0.0148563912237915,-0.0092726660683326,-0.0129894029897872,7.488749031558939e-05,-0.0026279596484859,0.0250587608880646,-0.034486425719147,0.0057683619444635
2015-07-15,0.0344251838026199,-0.0108111682688809,0.0081017074455855,-0.0248782054217162,0.001937889453794,0.005598768550338,-0.0038797809814985,0.0127551753839967,-0.0423698240921082,0.0051756086747776,0.0300774746504957,-0.0231993130573293,0.0008598591544091,-0.0234751535690613,0.0013302286252634,0.0127580179075366,-0.0116921849955988,-0.008541709573496,-0.0135183670591159,0.0040384933804453,-0.0105823323238269,-0.015267417241898,-0.0393609730084262,0.0171083391042605
2015-07-16,-0.0610697939273139,-0.0043574077764578,0.0063201105586121,0.0186901702546586,0.0265877008465564,-0.0040404999634056,0.0115944747690241,0.0094611597080627,0.0100373089249741,0.0030191431431623,0.0063991930627658,0.0607074933516513,0.00923687350654,-0.0011883829889818,0.0226723048261967,0.0060504938607683,0.0022790815096276,-0.0135721854032655,0.0021462697744385,0.0131970606351226,0.0075069863895169,0.0,0.0180838056078993,0.0066269927682638
2015-07-17,0.0018912668272621,-0.0220758547068724,0.0034307163062923,0.0429365181345913,0.0034504700094464,0.000622848359554,0.0047915004652825,-0.0056660612375483,-0.0231395255110484,0.0081279188508132,0.0009808955353598,0.0011931975373018,-0.0015333993731059,-0.0562496089632501,0.0021094059937922,-0.0057807226746469,-0.0014021734417579,0.0086582347323305,0.0049911735391823,-0.0030246916495881,0.0131122467714703,-0.0103094337906997,-0.021740107237729,-0.0121900749613903
2015-07-20,0.0044655937267084,-0.0168829049275704,-0.0028579978186349,0.0058786661446692,-0.002037390723832,0.0021758992256541,-0.0115385152595726,-0.0044288406510428,-0.0092746186639076,-0.0024096642261222,-0.0298529829824807,-0.0051144045156505,0.0040842388056319,-0.0596030935543397,0.0059799372481808,0.0039023074142505,-0.0059801316836112,-0.0173920897076858,-0.0003555971694544,0.0013291440905973,-0.0056607607941692,0.0,-0.0091997182990294,-0.0057402106735104
2015-07-21,-0.0009905576654567,-0.0022720765695649,0.002286838153406,0.0138804413770889,-0.0310709439904726,-0.0219787183981856,-0.0205186651476361,0.0786268093028332,0.0056413076737684,-0.0159165569500139,-0.0127066517618552,0.00584301304574,-0.0090419090520108,-0.001335819524982,-0.0213346871593889,-0.0225460502068139,0.0061560472028689,-0.0176994030205692,0.0120226882625527,-0.0072565885568556,-0.0008735449923564,0.0,0.0255488582562561,0.0243717336564128
2015-07-22,-0.0005947051777148,-0.0300260488996098,0.0062626912965728,0.0163673551448262,0.0098236922942991,0.0022196895107895,0.0108003514126546,0.0116553538775261,0.0026438929642362,0.0014846616937713,0.0,-0.00584301304574,0.003250843297569,-0.0577878969981789,0.0119447008996047,-0.003302304256711,-0.0153730944439307,-0.0072540897040158,-0.0024634368416471,-0.0042449245192761,-0.0292708939460863,-0.0753044336163457,-0.0292526481657087,0.0237916962482203
2015-07-23,0.0107507895027429,-0.0579167531733224,-0.014290223634696,0.0091444106363471,-0.0056245873315652,-0.0041263476858408,-0.0157484402402086,0.0034702424550658,-0.0173105271304954,-0.0127640299946429,0.0071356723679878,0.0027267383861686,-0.0065126252275571,-0.0214755839905871,0.0042202664083408,0.0117825766899173,-0.0060722224078433,-0.006444756861597,0.0284840273790853,-0.0055382225140325,0.0040423667855735,0.0,-0.0206192814761297,-0.0134124864945015
2015-07-24,-0.0339251650742573,-0.0150195617766262,-0.0023055217425502,-0.0066686478239841,-0.0087409983143214,-0.0111946468678043,-0.0353393784269022,-0.0052097780534632,-0.0172739577799818,-0.0130809716116973,-0.0107226450590989,-0.0129001280625016,-0.0058628834032123,-0.0383525683118692,-0.0102562795554432,-0.0135756746025466,-0.0261358134553879,-0.02002673155829,0.0023944275815019,-0.0052670648649408,-0.030491468312646,-0.0169016395143845,-0.0445376905139075,-0.0265608009217301
2015-07-27,0.0010142864447022,0.0112855738861838,-0.0092754565063173,-0.0424395005853197,-0.0071789369382373,0.0019279395552427,-0.0176260080298118,-0.0288511807870239,0.033924278797317,-0.0192105672845617,-0.0072127768003222,-0.0701468267864351,-0.0031179563049841,-0.0620356286970418,-0.0078858626572722,-0.0102692981896437,-0.0090515700236242,-0.0083904893196407,-0.0134138146487483,-0.0057502790319476,-0.0004623964702328,-0.0056981122203906,-0.011952400157396,-0.0106601624256195
2015-07-28,0.0045524979188167,0.0111589417240205,0.0156027613350508,-0.1625069970044119,0.0065284566778314,0.0003208270553174,-0.0094587878475982,0.0112862764361032,0.0180006913151022,-0.0019415292122664,0.0179354218594212,0.0134040058841251,0.0130989688478098,0.0529723365916353,-0.015625392210933,0.0079195918501167,0.0174750077319201,0.0378551612662234,0.0123882465954265,0.0003792214671873,0.0114921534623126,0.0,0.078963256226647,0.0049340379553555
2015-07-29,-0.0006058890910916,0.0195368039685666,0.0193079248481948,0.0117146989137495,0.0016257498210556,0.0086275893801008,-0.0127526598959635,0.0041263162223181,0.0,0.0408220447686158,-0.0174184805843373,0.007236069784597,0.0161362551956822,0.0703067914870552,-0.0192832200356138,-0.0023555551110696,0.0101600302867908,0.0118845744132931,0.0102077964134936,0.0055219853696417,0.0104571799609258,-0.0172914345257862,0.0273987640864951,0.0081702355174844
2015-07-30,0.000706792208251,-0.0331923744602526,0.0028081631009961,0.0258955875496385,0.0029191603668508,0.0069754309246468,0.0263866367220142,-0.0029456194604688,0.011609234930336,-0.0250883866758577,-0.2160627463327542,-0.0031151773454514,-0.0181928224765495,-0.0316117721496637,0.0572532850427385,-0.0062618181447877,0.0349413172204897,-0.0365235790927398,-0.014320183416759,-0.0022656227551012,0.026334430691385,0.0510024813365356,-0.0670641436537637,-0.0024441110472204
2015-07-31,0.0008067732494092,-0.007527660693912,0.0083778531223721,-0.0104284500711235,0.0115925024334537,0.0704453907084809,0.0477976571118352,-0.0023626369618074,0.0095726043150436,7.678395812593664e-05,-0.0656081380148805,-0.017164336352514,0.0116000922697243,-0.0073257376259494,0.0372023132145407,0.0004187399281709,0.0019158345907279,0.0486858122429283,-0.0267982469301166,0.0089565986581332,-0.026334430691385,-0.0055401604998729,0.0133975282065404,0.0081233599255179
2015-08-03,-0.0104403908446633,-0.0385164770279262,-0.0033429465455152,-0.0205975932718045,0.0079719890957159,0.0198254489631124,0.0303203499228779,0.0029523491326279,0.0097961732158391,-0.0176778943536088,-0.0362662095310613,0.0015140304514482,0.0213111891970587,-0.0684681425832485,0.0131226456009279,-0.0006979762108407,-0.0048830149562952,0.0194019003942429,-0.0210307609242332,-0.0021005650495755,-0.0177970466915806,-0.0055711345761013,-0.0308907830495721,-0.0073080479888882
2015-08-04,-0.0138514256787951,-0.0163766928779003,-0.0197244602965396,0.0069522928423984,-0.0004766744701569,-0.0002885185504433,-0.0038610555812614,-0.0011798482998632,0.0162200094726232,0.0059789354669081,-0.0200867393267665,0.0324550604272499,-0.0061619791105016,0.0156253772284877,0.0087042919230651,0.004180000650809,-0.0017502166203469,-0.0173197464410437,-0.0145138924479264,-0.0253214979596583,-0.0125087132908547,-0.011236144491866,0.0251709094292442,-0.0032652437515205
2015-08-05,0.0188316422380729,-0.0147544386929601,-0.0032609887672609,0.0141085420644078,0.0019048020614436,0.0109134702697368,-0.0029057421738754,0.0262175635866992,-0.0263339724497115,0.0210663912889339,0.0278688556161283,0.0147425114064274,0.0,-0.0203609678300302,0.0250745263397402,0.0059610964975362,0.0106263918350126,-0.0155108101514098,-0.0091796604796641,-0.0119307376345219,0.0074315676211758,0.0056339086509658,0.0375278442175827,0.0337651676595469
2015-08-06,-0.0232840402550547,-0.0054207194444417,0.0022893829371501,0.0099079218364526,-0.0073213492457586,0.0158687985257408,-0.0087676851061258,-0.004611116253733,0.003171785887587,-0.0864050337309887,-0.0120525473434494,0.003292084049832,-0.0364049710478666,0.0265435168034895,-0.0138859515089131,-0.0012444876098181,0.0151335985506411,-0.0140395880395454,-0.0204962707644276,0.0038894166330338,-0.0153883092337085,0.0,0.0272496121304707,-0.0103298881223543
2015-08-07,0.0063104301032765,-0.0233687480135929,-0.0022893829371501,0.0092429201284218,0.006210633416551,-0.0090370781227369,-0.0078587941818684,0.0126297398945522,0.0050536111445311,0.0011563423589864,-0.0282116601525115,0.0119801391782554,-0.0008665250450108,-0.0702044543079486,0.0112133461915395,-0.0036046598231918,-0.0073657877211741,-0.0030037809940752,0.0101143025924541,0.0088114130682743,-0.0118178658741805,0.0,-0.0552628969223407,-0.0023990758014968
2015-08-10,0.024951455709135,0.0355227040670667,0.006283631552677,0.0043635025466768,0.0006347885716597,0.010441545020408,0.0029541663158778,0.0090854594160105,0.0301030928020593,0.0205889720089853,0.0611854864320497,0.0096296285336441,0.006567610182302,0.0640219053344893,0.0069635399473684,0.0148885584870877,0.0124730828014314,0.0208385761380696,0.0118564668125586,0.0087342950997308,0.0272061751078891,0.0111733704170015,0.0659580692867441,0.0063848166496451
2015-08-11,-0.0023159729337276,-0.0258346547118182,-0.0143391133056649,-0.0516951628710868,-0.0116491714390849,-0.0195608202704318,-0.0269071457890879,-0.0130868445613163,-0.028528862325361,-0.0037270189609062,-0.0422895590532301,-0.0526275058197556,-0.0131783832237863,-0.0314988529483166,-0.0223957410044439,-0.0201805082024231,0.0033905785563677,-0.0067567298340169,0.0073394069866399,-0.0159942459323856,-0.0367620537950252,-0.0281708863108764,-0.058410604145726,-0.0217138216538341
2015-08-12,-0.0215017207352383,-0.0180684367966588,-0.0087033185960136,-0.0433210146298277,0.0118080393489661,-0.0126767238554483,-0.0121953091582565,0.0220908616562613,-0.0085295764574069,-0.0157894342573792,-0.006500575498987,-0.0026170121450417,-0.0031468461077066,0.0221530190658161,0.0018103053276483,-0.0005587065929644,0.0073674860472481,0.0109566852079217,-0.0233044417297383,-0.0124013497905943,-0.0038480910648583,0.0225997517347751,0.0259753245435936,0.0280579689280402
2015-08-13,-0.0246101085992984,-0.0342399603720298,0.001746857729159,0.0004351252063869,-0.003177809404411,0.0017379763904576,-0.0113111119794138,0.0100337441449345,-0.0302762888135696,-0.0085297789319742,-0.0543491016977286,-0.0530841252891307,-0.0112699050563245,-0.0530247055910223,-0.0068054320453985,-0.012653046534389,-0.0285706161583747,-0.0216064973703202,0.0093132132356392,0.0028994769844947,-0.0101718981545921,-0.0225997517347751,-0.0354183794893552,-0.0127289639238512
2015-08-14,-0.0216646425603759,0.0101076689947905,0.0017434258358908,0.0206079082872872,0.0017489611387109,-0.0136969071769841,0.0092640604839746,-0.0033334315382338,0.0013073316239999,-0.0040834936230389,0.0204475476390531,-0.0604938637334755,0.0215477157009256,-0.0116182639773573,-0.016832826091321,-0.0008491362713103,-0.0084671342237689,0.0046998963997575,0.0055461280181594,0.0031254683916346,-0.0078202830856217,0.0056981122203906,-0.0076189696209691,0.0039952953226274
2015-08-17,0.0051650606667221,-0.0144714118930109,-0.0034902835650498,0.0192365035668551,-0.0009535448211663,0.0011728477018642,0.0040899211300806,-0.0039031476709332,-0.0026160782440696,0.0113756438411654,-0.0120664996970294,-0.0163178126488596,0.0134275191739976,-0.0117549053050265,-0.0044853092505157,-0.0065349509488097,-0.0062196579743165,0.0017035913979901,-0.010750773323259,-0.0024994976259513,-0.004918279698729,-0.0056981122203906,-0.0076776545862126,-0.0039952953226274
2015-08-18,-0.0034403470891,0.0230563271329526,0.000582650820716,-0.0079150865461228,-0.0144141161458004,-0.0049947819164328,0.0040733755249666,0.0055710378577547,0.0178489508751313,-0.0266906025368154,0.00303030239357,-0.0122516816022502,0.0022206895013963,-0.01531926193912,0.0204074088555232,-0.0057175981979975,-0.0064380112362827,0.0080526603969697,0.0014897807105513,0.0,-0.012404475884217,-0.0172914345257862,-0.0214225226893546,0.0039952953226274
2015-08-19,-0.0210054827891053,-0.0392217897607031,-0.0259601417832868,-0.0195751005548707,-0.0094004066195831,-0.0136419411985886,-0.0112418674683643,0.0088499867266684,-0.0006434976439977,-0.0348581477318843,0.0209588308219927,-0.0033532864933816,-0.0022206895013963,-0.0331329477688725,0.0087707303042181,0.0058600991257238,-0.0212139418126047,0.0150818870320947,-0.0089720636786916,-0.0144148161970845,-0.0060088475034305,-0.0058308989613826,-0.0463325849040906,-0.0007977503863376
2015-08-20,-0.0390271828876471,0.0029594442225786,-0.0162701907614728,-0.0342848254162948,-0.0200664408363149,-0.0343237004501455,-0.0366340863979184,-0.0479374059256985,-0.0287320676123483,-0.0542135252478681,-0.0186921330121525,-0.0194374269727553,-0.0321458290024128,-0.0035527051451548,-0.020227389031945,-0.0299438626501427,-0.0069877806754847,-0.0197363659266343,-0.0425759043195865,-0.0284883795138162,-0.0151826106983996,-0.0117649142339063,0.0284572309340669,-0.042386122058754
2015-08-21,-0.0176525717190507,-0.0208964472425877,-0.035872937018019,-0.0289407602366988,-0.0041622736151891,-0.0266181448707802,-0.0314049698780118,-0.0151340254892626,-0.0013258144303689,-0.0124990654354837,-0.0144433964540309,-0.0473753045418909,-0.0297512693456827,-0.064301058264853,-0.0396449221310932,-0.0057433196086025,-0.0328267166103994,-0.0132337034418319,-0.0403811590573568,-0.0285672907096437,-0.0379365764389434,-0.0361485621991354,-0.0492914711138211,-0.0066833519998215
2015-08-24,-0.0071259311082112,-0.0384369492219902,-0.0378614665149257,-0.0805224186228121,-0.0543359241304406,-0.0408088475808976,-0.065932824686854,-0.0303683854514047,-0.0552285751817303,-0.0290455759269656,-0.0422267537436549,-0.0637271213987387,-0.0402763779569808,-0.0727953103611521,-0.0503179575744141,-0.0336417091475134,-0.0530610422070618,-0.0448229961829049,-0.0527758968326348,-0.0475646943685026,-0.0063760220479385,-0.0061539042165253,-0.0925768390357902,-0.0445661480315967
2015-08-25,0.0198485402428785,-0.0110320208672608,0.0149304780207675,-0.0294191477843783,0.0073708986183258,-0.008965733063472,0.0197795361635062,-0.0024213518023123,0.012193129823252,-0.0129346641207188,0.0221177835921873,0.0489942613164053,0.0176464212950939,0.0161945835003423,0.0351784503345675,0.0153090833273488,-0.0018114744582722,-0.0076695079010544,0.0229597826695648,-0.0013220637338084,0.0,0.0363675187165862,-0.0092808992026336,0.0026258593617497
2015-08-26,0.0158492976776107,0.0554839143104256,0.0241899600858097,0.0387319855537953,0.0073172580340656,0.0363559325612525,0.0023015252952256,0.0269074515390563,0.0093054380712285,0.0251318835563498,0.0046765062857923,-0.0058161293330392,0.0298803431709746,0.019881528425071,0.0200824683404494,0.0048019961100562,-0.0030263914900543,0.0112587062084847,0.0512089700240658,0.0386710663354694,0.0361199174313875,-0.0059699117001246,0.0343677228432887,0.0216178006411718
2015-08-27,0.0389380057537565,0.0382403325560021,0.0211578708549189,0.0656352076286372,0.003292558688142,0.0089655273581454,0.0170945467377934,0.0187030159825773,0.0243999111093717,0.0665587812758019,0.0230602221898217,0.081236269794406,0.0141666273013139,0.1204044482915805,0.0148408866418923,0.0172160585312708,0.0483185133851349,0.032601932339586,0.0322233186219098,0.0145741719902439,0.0248807827506367,0.0295006725944881,0.1187835333204404,0.0017093679957544
2015-08-28,0.0007611713677437,-0.0322609823852367,-0.0111455668292195,0.0004602868266072,0.0101558362837357,0.0173810804237302,0.0022571123956178,0.0138014255695093,0.0179167840449787,0.0108368547851558,0.0203091189562378,-0.0247114348914458,-0.0076859758482963,0.0086880064597487,0.0007833909787877,-0.007384221292952,0.012627015480159,-0.0179318495158034,0.000386628655941,0.0099858841791844,0.0030045728721992,0.0057969831552622,-0.0345914020295591,0.0101952980247019
2015-08-31,-0.0104920077609742,-0.0519991618184167,-0.0068728747243329,-0.0326036280396566,-0.0242688718755763,-0.0138803713608117,-0.0170554828689351,-0.0207741190375114,-0.016578701363854,-0.0281328917744758,0.0676516588684714,-0.0587711343616139,-0.008288369997476,0.0137460417136709,0.0187703695903103,-0.0029693746770789,0.0060653518713289,0.0035242607734589,-0.0034850510643651,-0.0199881573284983,-0.0060182004147919,-0.0595413585496866,0.0245410432289143,-0.0101952980247019
2015-09-01,-0.0206469229394743,-0.0531959546812449,-0.0376920444714374,-0.0253090503771282,-0.0198482414784884,-0.0408486216503503,-0.0243772377232081,-0.0176474143549962,-0.0229972626945338,-0.0129872540256306,-0.0090878022163889,-0.0085815615213511,-0.0195494648305589,-0.0780540069738993,-0.0212789103912625,-0.0251424409540579,-0.0460164450755939,-0.0101660260682767,-0.0355346624825965,-0.0347233537526152,-0.0239254874115775,0.0182378188922979,-0.049699428976751,-0.011163658468177
2015-09-02,0.0163529698481843,0.0074289909738862,0.0193432265953474,0.0314024606667908,0.0224769528471462,0.0193352574207481,0.0058581557703674,0.0349889379990002,0.0162880346872409,0.0119871852771948,0.0201605692937674,-0.006552978488064,0.0209958833372789,0.0128324518726569,0.0121703624282285,0.0081993311210055,0.0086680477755032,0.0210998537687432,0.0234369699190708,0.0282825490091385,0.0269391149541702,0.0060058839076382,0.0251583857478366,0.0120172479861514
2015-09-03,0.0223674387994474,0.0179300471453304,-0.0057640557837062,0.0062578540720625,0.0036685226637587,0.0042107092992571,-0.0070339822041012,0.0057140725925217,-0.0314554376111417,0.0206154375070344,-0.0096819144467321,-0.0024685200184144,-0.0034386994227397,0.0018198808069526,-0.0142134666143398,0.0066315384973645,-0.0035367828072954,-0.0043592396213534,-0.0059066806224576,0.0167773319533948,0.0064985981498377,0.0467921071202744,0.030583292173124,0.0236097420846406
2015-09-04,-0.0142355810506931,-0.0599178595841448,-0.0227356029186411,-0.0208764651850845,-0.018833754605894,-0.0275249191369448,-0.0298528953207959,-0.0365575251137144,-0.0164598767323513,-0.0367537155854389,-0.0083740811902139,-0.0144763019314102,-0.0155296510356448,-0.0638114456900248,-0.0355464616631215,-0.028029136911206,-0.0257214418794666,-0.0145216019323894,-0.0304753393056451,-0.0263452907471366,-0.0201319591636086,-0.0408221954201497,-0.051504813280416,-0.0399541300833037
2015-09-08,0.0271002942296068,0.027074640591148,0.0493532253921791,0.0148210798523233,0.0109560888532742,0.0371743159940987,0.0203964431101733,0.0302701567882472,0.0136772006787446,0.0125845181845178,0.0512232132454419,0.0427260836542124,0.0302861857554259,0.0248815647936069,0.005688797337374,0.0247187964421291,0.0259184433209171,0.0301267239185198,0.0137482920064608,0.0398811638287721,0.0191347428547667,0.0521858026630588,0.0535108763253669,0.0189007935499985
2015-09-09,-0.0303888515254282,0.0149131718476663,-0.0075328955708182,0.0129406611774536,-0.0003514642814916,-0.0054564246341195,-0.0035691854707684,-0.0097955344430564,0.0024351566106175,-0.0136943831780547,-0.0345445941427584,0.0162417071885649,-0.0033997591079653,-0.0385400840727019,-0.0181540095858649,-0.0196338117573882,-0.0132743048637347,0.024220620435766,0.0064053447981937,-0.0051270597687747,-0.0085150093835886,-0.011363607242909,0.0,-0.0241182707536048
2015-09-10,0.0124399477703676,-0.0334478793557365,0.0106550969140961,-0.0226379040299073,0.0050852858290348,-0.0067821609079721,-0.0047789735488024,0.0189279609683226,0.0264031129515052,-0.0098577494697602,0.0102846033798824,0.0437702131023653,0.0140608094120437,-0.0482992983153238,0.0049389193715003,0.0140418259611436,0.0085395792265825,0.0046068490172483,0.0341277648202895,-0.0224689524555312,-0.0090954446605793,0.011363607242909,0.0392978766593783,0.0147125723242607
2015-09-11,-0.0057641839273578,-0.0188846335910681,-0.0006236277575295,-0.0187088559725863,-0.0100202134147848,-0.0038961909117483,-0.0084185054724803,0.0051005335635863,-0.0023717037258133,-0.016490494801669,-0.0061580867884303,-0.0157960611617853,0.0065180334122305,-0.0616562695820057,0.00768923626224,0.0012115132955345,-0.0059500261239859,-0.0147340217981928,0.0088309616690718,-0.0071480926399649,0.0101011842434326,-0.0056654950225184,-0.0413039397043293,0.0059957033600342
2015-09-14,-0.0082143810444739,0.0539766430908135,-0.0208014902004625,-0.0193486195688183,0.0187281929467535,-0.0048911259342205,0.0143887123497956,-0.0005652973122254,-0.0033980346687485,0.0080436609519276,-0.0027491400571895,-0.0228214236254933,-0.0173576615933073,0.0173917210950182,-0.00768923626224,-0.0039432965222356,-0.0069870879587345,0.0046544788945395,-0.0076747498061702,-0.0064251963323194,0.007010630059844,0.0,0.0099900183531834,0.0
2015-09-15,0.0260517047711488,0.0065458854621313,0.0195528178252066,0.0009197271307792,-0.0095828668430044,0.0181408635954305,0.0082986728827336,0.0045143982904158,-0.0006809639041427,0.0195991638727628,0.0020626123839333,0.0006095124452212,0.0026763706507728,-0.0217869897322093,-0.0046089724827456,0.0164295611555198,0.0073848165493575,0.0138338017004318,-0.0046331846340048,0.030555676337963,0.0173142424879912,0.0280129345903588,-0.038505012041747,0.0110404058816515
2015-09-16,0.0040632137050975,0.0462236005312737,0.0167241941916507,0.0613732397323385,0.0216476589550396,0.030664730310542,0.0256424866449298,0.006174865237142,0.0348094724037553,0.0099321965107197,0.0271019035078947,0.0340610530197897,0.0079864871302288,0.0824115494229019,0.0179859132562905,0.0011953122009504,0.0276514807464516,0.0095297715655111,0.0115431046211729,0.0168623850036873,0.0136387139235596,0.0055097439711028,0.038505012041747,0.0200675917046528
2015-09-17,-0.0098658608474098,-0.003120479548417,-0.0117398233133574,-0.0221252998632728,0.0131055617369759,-0.0068730094875015,0.0137146686373967,-0.0067379339080397,-0.0036248545632053,-0.0408106897110984,-0.0013378234783854,-0.0210872804176984,0.0021189265701981,-0.0204924327538058,-0.0014592872074987,0.0014920154706707,-0.0034876934149146,0.0090313307786131,0.0106546532700282,-0.00624876014506,-0.0004837997787268,0.0,0.0235770558083749,0.0024804002871785
2015-09-18,-0.030418367962711,-0.0898560075643711,-0.0283660323193872,-0.0310074916279869,-0.0090021329058793,-0.0225083006491177,-0.0194850640782837,-0.0187667925051053,-0.0400794512724251,-0.0515391136680811,-0.0046963988419075,-0.0116687947433757,-0.015644864868122,-0.0796977003055014,-0.0115892465765581,-0.0319651475005517,-0.0395935336144464,-0.0185611023441243,-0.0389787938245647,-0.0201624316245956,-0.0024231803272543,-0.0278571835389432,-0.0335670741615584,-0.0099586450466919
2015-09-21,-0.0068001408103013,-0.0294899341187402,0.005101902115979,-0.0122086902537201,0.0149028778938933,0.005435488613624,0.0023121683277314,0.0249449086386972,0.0065079172688156,-0.0096813632640904,-0.0162715299215912,0.0005212330116055,0.0010744082509988,-0.0272740537755026,-0.0060930138588322,0.0019991569806965,-0.0020214682077486,-0.0004167232302312,0.001966024877839,0.005120855736667,-0.0038891858438998,-0.0170943741048479,0.015936551497619,0.0149008118533209
2015-09-22,-0.0308975423491277,-0.0141861279483923,-0.0323233672775566,-0.0340876545236161,-0.017978887873963,-0.0193178839449754,-0.0304829324145079,-0.0061781161335918,-0.0051343748388639,-0.0327559769882226,-0.0605818768702661,-0.0123278995625812,-0.0164217088069991,-0.0568877774048627,-0.0196836893627607,-0.0263069291331703,-0.03374815955799,0.0082955317156083,-0.0174330467532521,-0.0156117117647722,-0.0286581430909391,-0.0232566644770483,-0.0590199723519935,-0.0283352666554099
2015-09-23,-0.0328357171776616,-0.0550589742637471,-0.0072535712969559,-0.0279358189232512,0.001710262203538,0.0003248940570914,-0.0011912333285128,-0.0056498708116983,-0.0155632159990588,-0.0309451903925621,-0.0264916600691895,0.007188143332919,0.0039950571653744,-0.0147420361807787,0.0110571458171615,0.0012609979643172,-0.0092513397567124,-0.0103799762454119,-0.0016003288700863,-0.0005955523958824,0.0030028202558409,-0.0238105596889253,-0.0384664960184021,-0.0016917540773222
2015-09-24,0.0038077543384735,0.0424814946521902,0.004622024407852,0.0016606376687544,0.0117197644598716,-0.0022774658135471,0.0047561771630748,0.0016985411921801,0.0093669335754547,-0.0007563398485501,0.017005991670683,-0.013985155331218,-0.0027222028240272,0.0244508878393873,0.0034926814453086,-0.0015766034334814,-0.0076334033841334,0.0145019232283685,0.0016003288700863,0.0003404576221361,-0.0009997102513215,0.0,0.0194179844692037,-0.0059450454055689
2015-09-25,0.0135653934051251,-0.0200918266106456,0.0137391741775134,0.0131122400718846,0.0223753750021464,0.0,0.0047337290481717,0.0073259353917611,-0.0058873177842837,-0.0067238131784232,-0.0162605403569773,0.0019468830446078,-0.0018188978392985,-0.0145988559945926,-0.0073321393962473,0.0073881770636057,0.0067878440755868,0.002054877068788,0.0159514065673689,0.0081334939244115,0.0029968823656409,-0.0305834887176986,-0.0347858116470883,0.0050978768232592
2015-09-28,-0.0269563519996438,-0.0549907108074787,-0.0417972134125705,-0.0095737366131301,-0.0402649525834735,-0.0295752864035225,-0.0336163510480143,0.0016830059053771,-0.0253268341135224,-0.0192143729613478,-0.0241338779016966,0.0108144209993157,-0.0062087051769834,-0.0923733685623745,0.0262458212556198,-0.0075458023932486,-0.0306984660936464,-0.0169742530109862,-0.0522491717440634,-0.0143216120919769,-0.0211702839999943,0.0061917656088753,-0.1048688743898118,-0.0119356379900104
2015-09-29,0.0253149319057914,0.0038908926627225,-0.012269935930206,0.0268422376948924,0.0329728504384672,-0.0057499155240816,0.0133414742766073,0.0117024635606315,-0.0028539927596389,-0.0379113555008618,0.0143996105278705,0.036408392489196,-0.0216656705135052,0.0446856095646285,0.0037400160305609,0.0092671473269136,0.0147150592739055,0.0016686616688925,-0.0184649917338686,-0.008454264275997,0.0131581769869937,0.0183491937265,-0.0098766564660356,0.0295757346576825
2015-09-30,0.0319906289720037,0.0399669520842632,0.0136241049819507,0.0053268103341768,0.0160055603901039,0.0141463356856132,0.0095924500555115,0.0560193300285285,0.0488071825971387,0.0490648868262031,0.034026954257778,0.0128191924104883,0.0152332724500903,0.1117668110331942,0.0366516228095363,0.0128934530300917,0.0178848936624556,0.0169460879431331,0.0370028535313591,0.0261750796243358,0.0423290185018525,-0.0183491937265,0.0413180352457787,0.0230464162488799
2015-10-01,-0.0231112342382049,0.0092849634453411,0.0154418000615983,0.0008728822560621,0.0136565383465048,0.0036722409049581,0.0224196646151162,-0.0105320071656038,0.0098188534872103,-0.0041818898707832,0.0122878362745799,-0.0228192816317305,0.0119128482742985,-0.0422598714255468,-0.0051769254944589,-0.0097712546400257,0.0165324344103279,-0.0045184256133778,0.0089394781309046,0.008997840257936,0.005287614444986,0.0243917231088233,0.0141848287608902,-0.0230464162488799
2015-10-02,0.0279866860061597,0.0443317503760499,0.0250012442992275,0.0768101928036282,0.0107606062078806,0.0168517081059031,0.0264840897125624,0.0,-0.0057441642168076,0.0517894913285914,0.039441694956896,0.0440704449020792,0.0014563356455812,0.1067982282750626,0.0089253324742695,0.0252399159077119,0.0336733528581443,0.0016455301710531,0.0412103347221934,0.0199948032251908,-0.0048055526768773,0.0,0.0503536335835355,0.0148761807313955
2015-10-05,0.0110236105578058,0.0466810268713684,0.013552879593738,0.0074464547551595,0.0292795435143364,0.0107543961504656,0.0357180837176858,0.0287001723106354,0.0147999907811269,0.0125905001059685,0.0693611889060976,0.0513868196465829,0.0050806256190578,0.0524782604972187,0.0200623049098993,0.0131351514224018,0.0358730635387019,0.0090016663976464,0.0279443737373479,0.0130838117217306,0.0303626842134598,0.0527979910279126,0.0329340026220634,0.0170806889484158
2015-10-06,0.0073562823903596,0.0184106772172939,-0.0032099785597217,0.0012023776458338,-0.0049767639597706,-0.0032468627434201,-0.0289230206323707,-0.0228942293137544,-0.0023398400002263,-0.0180503545419981,0.0248182885088503,-0.0245300333839844,-0.001086559884706,0.0537441055841875,-0.0181936000437583,0.009702267979323,0.034630506491935,0.0052812851147798,-0.0060582434563989,-0.0115114180125033,-0.0079752900776877,-0.011494451370524,0.0339733458037727,-0.0016144213316524
2015-10-07,0.0001110209126098,0.0342334526816952,0.0115088454136746,-0.0341547857773223,0.0133193301694549,0.0476280984126815,0.0178974766096819,0.0005263053560853,0.0003345766102045,-0.0029525655624533,0.0031377616528196,0.0173819922846329,-0.0107478493144168,0.0398912843717134,0.0189573688723276,0.0010393239639077,0.0276667211365997,0.0080711334046714,0.0161992624336744,0.01469474418474,0.0324402774652923,0.0228580586134331,0.074406218822803,0.0048349717370494
2015-10-08,0.014550487377031,0.0174740515096937,0.0050732057074061,-0.0245441805841402,-0.0041627133899444,0.0077221054458864,-0.0033315579118875,0.0078595718986052,0.0036733505843566,-0.0037025604508524,0.0235305043583369,0.0189996622324151,0.0023780411748375,0.0561232780216796,0.0063917373943489,0.002519363821988,0.0164188453178804,0.0,-0.0127868120600287,0.006255381754503,0.0144864133808098,0.0056339086509658,0.0210937739791761,0.0111911050385085
2015-10-09,-0.0055965252446537,-0.0047348350523762,-0.0063455388312667,0.020737794858916,-0.0130617965133152,0.0067463048800036,0.0165475264947505,-0.0005220495131439,0.0158734251731353,-0.0033974611155924,0.0307345806673624,-0.0119290597643315,-0.0021948933684066,-0.0017620136786745,-0.0034953736162464,0.0120642469820824,-0.0109761711981346,-0.0020118865250267,0.00678987855415,-0.0071520940963898,-0.013574930506258,-0.0112994036734842,0.0390746811191848,0.0173370583631597
2015-10-12,-0.0111770082716571,-0.0127392164573174,0.0012723331238606,-0.0010405765414898,-0.0004696770567318,0.0009164728172801,-0.0087910045667518,-0.0686198743725958,0.0094695247409224,-0.01586475411818,-0.0289002367879329,0.0178029184697843,0.0194039299027144,-0.0450934357043032,-0.0068738049147287,0.0010230222656879,-0.0036252347936382,-0.0016119629992945,0.0041266988703092,0.0041512174609357,0.006357561218258,0.0056654950225184,-0.0428771450325561,-0.0237164561781544
2015-10-13,-0.0287877405441552,-0.074848701082363,-0.0369092079010471,0.0167260850458248,-0.0316578545274328,-0.0169367199894905,-0.0200677466756298,-0.0197687861903115,-0.0068482294631633,0.0090351709519813,0.0336367715211936,0.006444082493882,-0.0373256685250442,-0.0746760074958535,-0.0101680848188037,0.0547206137305611,-0.0172161917781599,-0.0109512195802863,-0.0112953661598846,-0.0167094430841219,-0.0068133122585907,0.0278571835389432,-0.10008350806701,-0.0080322576289109
2015-10-14,-0.0004584413143762,0.0137227692962313,-0.0033037371320094,-0.0101537350524916,-0.0022653293810908,-0.0137585782617439,-0.003383918546858,-0.0074437539974709,0.0,-0.0272443766993992,-0.0202871007708487,-0.0233956847723026,-0.0020530663608275,0.0,0.0027835221054735,0.0066172489305564,0.0213837152421501,0.0161817093415588,-0.0152614770780032,-0.0084605202402308,0.018067495820484,0.0430173340122631,0.0270006885320709,-0.0089104534309314
2015-10-15,0.0139956717023812,0.001702167487246,0.0235458492596962,0.035362358617915,0.0167072021050938,0.0190245305262086,0.0245547301649957,0.0118175779335174,0.023926093507006,0.0301313664131264,0.011387628559595,0.0313740157473163,0.0048454392856123,0.0118583752063431,-0.0026286472374934,0.0179743797887592,0.0113284493659762,0.0186844499892413,0.0369853527921886,0.0197128663244141,-0.0176117447801513,0.0310905765314822,0.0242928293932342,0.0129344411321394
2015-10-16,0.0016935221036282,-0.0223573226638411,0.0077271762832693,0.0050457847923786,0.0118776109990732,0.0037002170720268,0.0153174685079662,0.0332515799724502,-0.0025593878450167,0.0217560172558739,0.0077174119274285,0.0467213817025138,0.0332754854547405,-0.0019668572015906,0.0132268822588805,0.0165957388062789,0.0074812020026602,-0.0031558464639118,0.0070146893266034,0.0123376186803225,0.0095218666172836,-0.0206192121155773,-0.023316915314356,0.0072030150640722
2015-10-19,0.0014655490353234,-0.0228682955819302,0.0095754373077938,0.0240785825733906,-0.000630022751773,-0.0092767322002131,-0.0175250019878796,-0.0066739526963823,0.0006404794366758,0.0080121967400446,-0.0124963887792532,-0.0114412295137045,0.0075241980857212,-0.0178754608910146,0.0351281730255794,-0.0077283298925765,-0.0275272188979442,0.0070866020947906,0.0091561193268754,-0.0033129757220962,0.0031536523071684,0.0103627491049209,-0.0404742367237228,-0.0023951629182661
2015-10-20,0.0026995967192977,-0.0325521353823951,-0.0089343846716558,-0.0095488462393156,0.001888613974101,-0.0059198795571977,0.0033093830107087,0.0072282691065974,0.0230987816220431,0.0012428252652005,0.0160382736761119,0.0073546296612985,-0.0242066098197675,-0.0100704939089835,-0.0397224381737433,0.0093197963456548,0.0010940092611337,-0.0043246922155448,-0.0073178235440982,-0.0109050317477841,0.0035921334126065,-0.0155847765599295,-0.0309073193522662,-0.0177422932779456
2015-10-21,0.0110595665237909,-0.0148154319075629,-0.0246605068821477,-0.0236439603210945,-0.0187277442340221,0.0216394201088041,-0.015538546073134,-0.0224100984338437,-0.0037605633208461,-0.0132329975077052,-0.044585685462104,-0.01469082881913,-0.0051326932156823,-0.0329245702474813,-0.0199988989442054,0.0093648952703544,0.0036377626059773,-0.0079114972825951,0.0314499281828306,0.0121183006500356,-0.0040423667855735,-0.0265268686698396,0.0111482006519213,-0.0305684978417011
2015-10-22,0.0253401288278469,0.0276012888168106,0.0182297841072407,0.0255349541993465,0.0019207223922048,0.0103436904066742,0.0055771096718322,0.0284858394908167,0.0263376076799399,0.0221979166705272,-0.0161493743741409,0.01469082881913,-0.0140664192677775,0.0429950641564648,0.0135314526918461,0.0110974071318681,0.0056125442535162,-0.0172246798498503,0.0225203413826908,0.0122930193083314,0.012967203095112,0.0317488961248483,0.0476280315088697,0.0182881861584587
2015-10-23,0.0141967147113337,-0.0054597603933363,0.0006446023941553,0.0263596491244175,0.0038301443627992,0.0236290377377561,0.0154529139595127,0.0250149751195967,-0.0012239154027615,0.0159776365428099,-0.0031357937390024,0.017094423492066,0.037857348266757,-0.0020060675340564,0.0179136159320045,0.0038874441073852,-0.0180351801845923,-0.0089283974992229,0.0020855537814625,0.0040639745696173,-0.0017786064181195,0.0051946961411005,0.0,0.0082034124348224
2015-10-26,-0.0145219339528726,-0.0091664078059195,-0.0045230317678011,0.053372344242824,0.0123477798743243,-0.000887350813008,-0.0065933270890061,-0.0064656642862703,-0.0073756759456493,0.0055373498007424,-0.0069335074459693,-0.0051689376883401,-0.0066622215614629,-0.0121213255312118,-0.0050200446652972,0.0007758193440992,-0.0189282807553707,0.022173732310855,0.0048493853937683,-0.0032657608534787,-0.0138920156111939,0.0051680529638203,-0.0278689128085248,0.0089467752129939
2015-10-27,-0.0080503764321173,0.0,-0.005194922626595,0.0448178207670171,0.0036120834207906,-0.0125036681171648,-0.0133186459475691,0.0,-0.0080519643992325,-0.0229522401819473,-0.0185131335124468,0.0116449946430132,0.0123888950542605,-0.0457458568424557,-0.0045859171857629,-0.0044036612303566,-0.0171941474559198,-0.0201373681194447,-0.0118181541743751,-0.0039976154846366,0.001803128472861,-0.0103627491049209,-0.0674412465187777,-0.0032441416803479
2015-10-28,0.019363510623644,0.0272496112203389,0.0129367972556146,-0.0076213264250242,-0.0113513211391409,0.0133910189301729,-0.0237434107230773,0.0053907581650645,-0.0106285132502681,-0.0019537896149914,0.0822211351873694,0.0035720894417217,0.0147025285887201,0.0189681860447759,-0.0363505546127616,0.0127685427718002,0.0104276441332524,-0.0069403772839913,0.0128542245147837,0.0121821757919891,-0.0054199577823665,-0.0263869716009019,-0.0140516546443648,0.0105052695521024
2015-10-29,-0.013808162606395,-0.0254092999303306,-0.072626115100034,-0.0207894806559014,-0.0132472583856335,-0.0254467901277464,-0.0091955800629786,-0.0168068485911809,-0.0183957569832253,-0.0198560809244909,-0.0246332573242336,-0.0154302015431366,-0.0693448060044223,0.0062432415939265,0.0308198209028178,0.0011529227447075,-0.0087140985721001,-0.0333224861511345,-0.0304913508983304,-0.0250013753047584,-0.0118452653900225,-0.0107525422019731,-0.0118625663856601,-0.0056429537720901
2015-10-30,0.0078984867912712,0.0,-0.0167250082264955,0.1037792650399742,-0.0178315701773112,0.0045380867309576,-0.0046295004177048,-0.0071332204072098,0.009240214261081,0.032335726216357,-0.0296318277014657,0.0258629463946795,0.0022588467646031,0.012371253954209,-0.0018504231735132,0.0075240779916994,-0.0019044999251591,-0.002119689694576,0.0106196309305326,-0.0050433148662794,0.0063958848580227,0.0,0.0397714928209744,0.0008079820350406
2015-11-02,0.0141252186879716,0.0164084611195354,0.0263537537922169,0.0403546165458053,0.0022870961910856,0.0051180540476929,0.0138250804806834,0.0054914095760298,0.0041145976239853,0.0359428953362073,-0.0132452291401818,-0.0008998437840923,0.0089857083396123,0.0282849815575425,0.0192607459570153,0.0142544537636482,0.0229899876352206,-0.036305048463189,0.0167600203827014,0.0055301821501529,0.006354899458663,0.0107525422019731,0.0382498250033606,0.0
2015-11-03,0.0105700041098213,0.0528294385976579,-0.0096287455657213,-0.0138773019385247,0.0089353667909524,-0.0015024905028888,-0.0184763737738284,0.0049165335849559,0.0227956788186318,0.0219212700918873,0.0263173130356135,-0.0125436097462805,0.0109349201728869,0.1003677762439973,0.0039286814789938,0.0047482335235287,0.0201018080838384,-0.0101751323689689,0.0010386592787918,0.0007296137297512,0.0298662900518484,0.0315816677420024,0.0410869821830505,-0.0008079820350406
2015-11-04,0.0048245859114679,-0.0269695740631736,-0.0110958773760927,0.0277667456648496,-0.0149914700734727,-0.0355102304037648,-0.0105448131571252,-0.0109589712681901,-0.0234275874356071,0.0262289384263816,-0.0764417307765055,0.0275960052747126,-0.0122402018077005,-0.0574763764865752,0.0001508345494922,-0.0136808962483225,-0.0064106947918989,0.0079718748020454,-0.0160396392199626,0.0013769781965686,0.0336816861013966,0.0306146271340223,-0.0344861328703294,-0.0081168491748291
2015-11-05,-0.0037739356705532,0.0243918640690162,-0.0184143882186078,0.0049895801351667,-0.011724885485469,0.0221888141225274,-0.0286758165144505,-0.0033110790972739,0.0084973644220487,0.0844614015120486,-0.0073701947547806,-0.0118027876836164,0.0315912053414986,-0.0134487409233566,-0.016265491621394,0.0103095013719443,-0.0317367403196677,-0.0101971312027093,-0.0035211805595931,0.0104661829199184,-0.0245015888855477,-0.0101010599474233,-0.0379937745573352,-0.0098281448104515
2015-11-06,0.0116948518027575,0.0034361080869707,0.0057022968164561,0.0069637783798519,-0.0162441897112977,-0.0091857610871355,-0.0072991871973628,-0.0105586786405649,-0.0193013592817989,0.0192247531244129,0.0317697461086843,0.0133702985549306,-0.0070763443782686,-0.0215061622921647,-0.1985444690380986,-0.0146154484659115,-0.0112544142352297,-0.0284766115002832,-0.0106381902481023,-0.0156594382568666,-0.0069869685231194,-0.0102041333958992,-0.0586332535267956,0.0024660434776841
2015-11-09,-0.0063525778449244,-0.0402509811692973,0.0091970407808998,-0.0319065820949155,-0.0059267952541697,0.0009226218925433,-0.016000502242669,-0.0134986368146268,0.0057341553812588,-0.0048986287807712,-0.0078483620342924,0.0115122557623417,-0.0176344999462556,-0.0341741779971179,-0.0131701586239758,0.0006343069063055,-0.0040366440649379,-0.0027548445796732,-0.0064379357377899,-0.0057110502778332,0.0061159237269272,-0.0051413808268793,-0.0219788677267068,-0.0350912206709859
2015-11-10,-0.0232519198127398,0.0088892198368384,-0.014899337597356,0.0152433181009685,-0.0126475306450277,0.0036809213276165,-0.0162604753453354,-0.0113896004077385,-0.0215131226285181,0.0129544267789771,-0.0152169357481515,-0.0095390818188967,0.0020364512132609,0.0081462991934738,-0.0744869148073075,-0.0068729427816771,-0.0086681514622166,-0.0064578708379512,0.0082186351734221,0.0111468957277018,-0.0197934100593495,-0.0208341135208257,0.0147060426518734,0.0084676284309439
2015-11-11,0.004587478868931,0.0279256532454882,0.004991308930009,0.0126111433825961,0.0058309211526728,-0.0027595357376348,0.0100375682678028,0.000572724857091,0.0006490731443875,0.0013362392668501,-0.0174853298689594,0.019921427933498,-0.0022218054228764,-0.0143002286905237,0.0231935685701207,0.0131947811267378,-0.0181696338484131,0.010586952284072,0.0070924187747256,-0.0029170006094645,0.0031048040944918,0.0,-0.0171782140384992,-0.0101698970564112
2015-11-12,-0.0126396825967116,-0.0296966392300642,-0.0281302650335875,-0.006790288831878,-0.0209078380321368,-0.0108041695176419,-0.0163628132369213,-0.0063166904617522,-0.0068348566540294,0.0059915250407867,0.0060872797720219,0.0215557985382104,-0.0083759683689903,-0.031350775008581,-0.0059990212602243,-0.0025236204794101,-0.0201494018253627,0.0082082759661523,-0.0153110539481478,-0.0122472409494411,-0.015172078830882,-0.0105821752525253,-0.0276051880075594,-0.000852134845668
2015-11-13,-0.0148774133237319,-0.0106961655349844,-0.0043989508854589,-0.0213734703132679,-0.0040241354808707,-0.0027972730159504,-0.0089227999910908,-0.0197793903922069,-0.0305062763969568,-0.0203668632373661,0.0053799675374448,-0.0347027174113754,-0.0107112907015656,-0.0301745532410073,0.0521654682836194,-0.0150227354640488,-0.0061863201956309,-0.0118776893006988,-0.020297938100489,-0.0037860709933301,-0.015862727291279,-0.0160859741344448,0.0101265345720689,-0.0034157316918972
2015-11-16,0.0096899314913088,0.0195215260398451,0.0153120710876053,0.0242964267367327,0.0180685062799521,0.0148288687774966,0.0315085203055447,-0.0064839418378888,0.0006730185951795,0.0117009430821539,0.0126626505410567,-0.0155134049957958,0.0062152302226752,0.0839066049963793,-0.0236938147009087,0.0008973660107987,0.0255294347919861,0.0091493813971399,0.0047488058259481,0.0063296722626624,0.0207962938282002,-0.0054200472931596,0.0025155241490801,0.0102129119431342
2015-11-17,-0.0033643216516381,0.0243073868121742,-0.0087210249085689,-0.0095563835603256,0.0072053171916022,-0.0055352050968067,0.0086473696030948,-0.0484648459675871,-0.0094659594007535,0.0063402245685795,0.0196727155650475,0.0327831902605848,0.0130573830574962,-0.0223812767467909,0.0003898886494573,0.0014086377499866,-0.0064737440371729,0.0031822271346948,-0.0209915330485013,0.0090542511499229,0.0075777001587451,0.037337533641026,-0.0568625848811602,-0.0050935488780698
2015-11-18,0.0126399502310956,0.040341272096771,0.0159307987666283,0.0393515956681111,-0.009791283795518,0.0116495324575129,-0.0161194066587018,0.0,0.0241624411173804,0.0062175728215043,-0.0084773354403067,0.0234797896386531,0.0077534758285491,0.0423024085284899,0.0025296677356969,0.0158706063098055,0.0258455648274473,-0.004093853520211,0.0044563872042531,0.0141903511368877,0.0,0.0,0.0365576472531006,0.0
2015-11-19,0.001394707902139,0.0419413236193758,0.0085838768897605,0.0148840763554316,0.0029303878580608,0.0042578399262205,0.0087119433756934,0.0111110858476759,0.012848119172883,-0.0038918772348717,-0.0072297790594535,0.0315824185134738,0.0080586580649368,0.0039371072736524,-0.0184390124712421,0.0096521009981742,0.0096445195711702,0.0158268218597883,-0.0048282663847969,-0.0081993556963784,0.0066383082988092,0.0052220274550086,-0.0025675635720819,0.0177145015164532
2015-11-20,-0.0199228150715216,0.0172288308147672,-0.0444193922014575,-0.0053559953154938,0.0123161644953833,-0.0051726359719652,0.0012385093679927,-0.0049232088652537,-0.0032787503246027,0.0067801963070026,-0.0046280872574491,0.0276264700403223,-0.0016432148949974,0.0097750047792428,0.0059219475461538,-0.004877131366844,-0.0272030431297611,0.0008968683132097,0.0011159751989309,-0.0017776905265618,0.0070335841225697,0.0257082633276995,-0.0234079228311786,-0.0016737788869871
2015-11-23,-0.0128778561452662,-0.0542401420148991,-0.0119852156309381,0.00371848433024,0.0037332770576963,-0.0039736867816064,-0.0074536813927086,0.001849251101627,-0.0079131116587785,0.0325108338557749,0.006605006091533,0.007243928942834,-0.0232910991875674,0.019268490128304,-0.0013785791183078,-0.008434562882857,-0.0090994167962974,-0.0108157625403269,-0.0037254629536342,-0.0044569242262486,-0.0114538921753122,-0.0257082633276995,-0.0026351562499424,-0.0008375976658552
2015-11-24,0.0006643181088552,0.0049062297655679,0.0030096981626179,-0.0103201324808805,-0.0182896132375627,0.007323753664238,0.0221957320514227,0.0,0.013153772264427,-0.0077679042539307,0.0137301956656763,0.0040691154523155,0.0089368259794633,0.0610735160097141,-0.0197041265236777,-0.005832259871628,0.0177172289376588,0.011263895237386,0.0063256350116447,0.0072832073918212,-0.0031064026399549,-0.0210535396684302,0.0260430790811211,0.0025113765528423
2015-11-25,0.0070603170846084,-0.0692260740747864,0.0044979770916633,-0.0173413268428328,-0.0135466405156692,-0.00885648702149,-0.0147420506587141,-0.004319619652904,-0.0003265576531359,0.0143669045189955,0.0357181097630023,0.0266155864270261,0.0053608316934519,-0.0842405813798267,-0.0002009727842353,0.0045673026126156,-0.0035984291295481,0.0031312063273403,-0.0168326950030044,-0.0012908373203943,0.0026631739111246,0.0053051372771959,-0.0420010740015494,-0.0151646145139472
2015-11-27,0.0165706427527227,-0.0176371357199097,0.0059654457874129,0.0185581384493573,0.0188799768349174,0.0009201529860156,0.0086259877581627,0.0183825624655842,-0.0036012679902497,-0.0083555236383894,0.0405212455108676,-0.0325123138697871,0.0091763329338308,-0.0378157166490529,-0.0579394196744709,0.0006327360325899,0.0027999319379743,0.0066772437812132,-0.0007544797651466,0.0041090747432734,-0.0048877499264885,-0.0106385692096676,-0.0438423943796091,0.01349083562696
2015-11-30,0.002483808308634,-0.0473674422735295,0.0,0.058522182749197,-0.0027490068188935,0.0015309401783367,0.0194415808950501,0.012670041387591,-0.0088949492375416,-0.015299565071797,0.0819847254616372,0.0160286748389975,0.0041928509860489,-0.0329925582950693,-0.002132650273896,-0.0006327360325899,-0.0062104363811608,-0.0116019618326341,-0.0217522962402378,0.0004017052639122,0.0137137906120599,-0.0107525422019731,-0.0576529277069758,0.0498266596279435
2015-12-01,0.0055924905773592,0.0,0.046486523696156,-0.0178675397390168,0.0294987025613053,0.0193946660440884,0.0071942973563339,-0.0072201570727878,0.0160844152523216,0.0186502548944762,0.0,-0.0134101618463322,0.0219511012249609,-0.0063090640737259,0.0257127828953835,0.009072610664357,0.0068095444094136,0.0026891750990594,0.0107444584096798,0.0119840328701075,0.0225900622747192,0.0266681493869702,-0.002971677152825,-0.0088034852087688
2015-12-02,-0.0099160228554495,0.0285336812878118,-0.0150163408690651,-0.0129270608399814,-0.0144713357515695,-0.0117737044628363,-0.0315559288259397,-0.018282204042531,-0.0263954142925793,-0.0083176801216833,0.0060789743089149,0.0386498018344743,-0.003386857488786,0.0433503092919289,0.0033237478021912,-0.0074285124383486,-0.0100300230345755,0.0004474187583971,-0.0310101858268958,-0.0014306479689976,-0.0038736078428587,-0.0105821752525253,0.0,-0.0121310038363284
2015-12-03,-0.0147309187832664,0.0374046184088902,-0.0101378082512639,-0.0185279147707078,-0.0039057664333852,-0.0125287840833494,-0.0161596211237606,-0.0080272828105569,-0.0138026596866187,-0.0315723885954044,-0.030771615974722,-0.0037518509649365,-0.0016084744448972,0.027890600188485,-0.0190522214839834,-0.0081208390573932,-0.0089107876596021,-0.0089887852835315,-0.005922801852513,-0.0081447728886878,-0.0112750800969072,-0.0053334319324716,0.0176996630725058,-0.0122803116832423
2015-12-04,0.0112589330859149,-0.0070177360575675,0.0144509922953104,0.0039444340266658,0.0148626756016723,0.005213729485229,0.0037523611745418,0.0147697070647767,0.0141369007837539,0.0093224102269573,0.0028368380477679,0.0507236398464647,0.0198340160450403,-0.0607473819555534,0.0044288175767315,0.0062234653491826,-0.0149610598319585,0.0036054866098407,0.0055289980587922,0.0094165610090115,0.0164365989011434,0.0053334319324716,-0.0417970388815965,0.0032894112398842
2015-12-07,-0.0074190161667795,-0.017762875086301,-0.0180967525853215,0.0011514742491138,-0.0084175672463544,-0.0018368471614684,-0.0125629238356674,-0.00367224124972,-0.0301973505562083,-0.0163925338469352,0.0050862022131235,-0.0067208967244067,0.005595496026721,-0.0470174620961773,-0.0210532275402042,0.0036650289499684,-0.0449769242845827,-0.0117648208728993,-0.0035512302621039,-0.0059749364951491,-0.0030075313565043,0.0,-0.0184621508775598,0.0
2015-12-08,-0.0087990926577088,0.007142727280385,-0.0289015383259956,-0.0170232809723263,-0.0148177019127748,-0.0145089170708359,-0.0114431904026786,-0.0242021341116618,-0.0096919656268337,-0.0023399480846713,0.0033764504568583,0.014339746556963,-0.0059464492016485,0.0407343110880585,-0.0661875649067758,-0.0048052756035463,-0.0110762067553209,-0.0119049968923388,-0.0199606248853321,-0.0212388491895669,-0.0069085295111315,-0.0269557130267708,-0.0315485119892524,-0.0140555158055217
2015-12-09,-0.0072064087062395,0.0315265710453841,0.0022529105720696,-0.022492797105472,-0.0176566850628137,0.0,-0.0051282077210208,0.0124846660360011,0.0010428900244829,-0.0234488507199888,0.0277026037204222,-0.0224653108844692,-0.0043945829853222,0.0491903478283334,0.007776734668154,-0.0078901233802843,0.0226714147120326,-0.0181275304880386,-0.0179010321921764,0.0112007587403804,-0.0152809666645152,-0.0390021242944286,0.0530546356113212,-0.0058457543339662
2015-12-10,-0.0080439200959512,-0.0826322191379148,-0.0105580163946181,-0.002247421255392,0.0088674940045359,-0.0031141646119414,0.0153063956076393,0.019048203930712,0.0131172228288476,0.0125124592105176,-0.021541810603777,0.0037888082328265,0.0028149699490072,-0.0555127948856919,0.0189578992781802,0.0012768635982141,-0.0139740461951767,-0.0047015043847378,0.0110229648829029,0.0079585298446049,-0.0035256417592743,0.0224727740904858,-0.0060976838520408,-0.0008375976658552
2015-12-11,-0.0211990543008608,-0.0075186609785862,-0.0284524391234666,-0.0321600630199103,-0.0271972141784391,-0.020801287024923,-0.0789883511582776,-0.0122475790865288,-0.0278182337130261,-0.0353843293010314,-0.0072849388481768,-0.0265386911481995,-0.0245433933903282,-0.0543020514320949,-0.0196416001644066,-0.0149121997609542,-0.0363759367083882,0.005639393757844,-0.0118444771897678,-0.0098169017740668,-0.0209691522801751,-0.0055711345761013,-0.0373875687435862,-0.0118044577501645
2015-12-14,-0.0094394138440785,-0.0113854724821291,-0.001561287499304,0.0010837099812661,0.0197259589607918,0.0047657326077974,-0.0110195311493312,0.0177103852815374,0.0098247531965736,0.0140969500296597,0.030464788984629,0.0288499614735955,0.0075335589936615,0.0044542762102054,0.0095304744461763,0.0034907124369363,-0.0133345018810655,0.0065388414653737,0.0126557049542923,-0.009505410693789,0.0018018410783078,0.0221004847800441,0.0157484734743532,0.0076044473074474
2015-12-15,0.0271549677127094,0.0132702987618193,0.0085570717951108,0.0266669174963238,0.0201992026324773,-0.0006339449048438,0.0069013854423882,0.0162116913591543,0.0066120205920472,0.0231466251516012,-0.0248563348809929,0.0172508439748955,0.0026769361282106,0.028479534238972,0.004955842907961,0.0100168708363517,0.0164731654887888,-0.0018639484772786,-0.0061036644470864,-0.0026975837560776,0.0266446894275342,0.0054496915991663,0.0398215044122093,0.0108833624425386
2015-12-16,0.0058359325205312,0.0149530982465614,0.0191795031945489,0.0010539888768272,0.0177865407592356,0.0391838987169674,0.0231145011222344,0.0077129502297599,0.0253438603545115,-0.0156572882263814,0.0367870251162556,0.0201097428040673,0.0192399803752665,0.0064584727212183,0.0149441228242093,0.0028073784054845,-0.0006717368469124,0.0097470806727728,0.0297569169328442,0.0360929229731672,0.014789299699093,0.0161725894951327,0.0354020275872122,-0.0033360498136618
2015-12-17,-0.0161315393172616,0.0050219615984778,-0.0145426893433668,-0.0121127649517811,0.0008390606701023,-0.0128914519482616,0.0,-0.0172881354710461,-0.0474384118448578,-0.0202727368554738,-0.0064899596842575,-0.0107990271622107,-0.0123132815590478,-0.043866671888196,-0.0208038330846935,-0.0008924494928823,-0.0258636708831279,-0.0037019078007967,-0.0043675673574812,-0.0147938741664557,-0.0086733759721657,0.0053334319324716,-0.0658921963711123,-0.0219604222190803
2015-12-18,-0.0058173277998996,-0.0656947788341546,-0.007740010794861,-0.025820517225636,-0.0170885527506099,-0.0133731222372239,0.0026846736538936,-0.0169803115404103,0.0,-0.023914004816449,-0.0500660501374938,-0.0030205883914704,-0.000885417134727,-0.0249727834809012,0.0009038673525232,-0.0037053013116308,0.0045861754918683,-0.010251685906494,-0.027841285019029,-0.0032908001541152,-0.0013072315623121,0.0053051372771959,-0.0093313356283093,-0.0059957033600342
2015-12-21,0.0204934058904635,-0.0271123514165146,0.007740010794861,0.0283561440916093,0.020103693126436,0.0053085476253662,0.0225325951629353,0.0127622844105135,0.0214005921237716,0.0104330930272436,0.0319982212445748,-0.0100051457190057,0.0117990083502208,-0.0567530331306218,0.025419176207392,0.0071427982349092,-0.0045861754918683,-0.0004683799535771,-0.0036893164719524,0.0020880714896103,0.0008720752410185,0.0209430985323348,-0.0414734170445414,0.0051412970344163
2015-12-22,0.0130271652573892,0.0084208061920745,0.0107360435878596,-0.002078757869973,0.0111434717058944,0.0018664879969607,0.0130209571504478,0.013793212371183,0.000347157647333,-0.0085524975827331,-0.0139084297509541,0.0078579907975897,-0.0026296258022413,0.0405298030252759,-0.0035286641906906,0.0053239298286484,0.0209240042134601,0.0056074184499088,-0.0020556325130653,0.0074331958313402,0.0047816255093962,-0.0104167235961092,0.0225453902901415,0.0085107816906879
2015-12-23,0.0101252853409068,0.0289270597756763,0.0158914405095593,-0.0025409100117439,-0.00215242556723,0.0065069227066731,0.0166776964095272,0.0041606691118238,0.0158349472377756,0.0177357018193164,0.008923642299961,0.0038506566413647,0.0125590857740416,0.0589745972226524,0.0028680017342899,0.0089361486993704,0.0566585588367187,0.0166363743927702,0.0130828954315422,0.0124243714070688,0.0008668372830928,0.0207261573868089,0.0883374902600774,0.0
2015-12-24,0.0013133040326671,0.0040652663831863,0.0022497299993662,-0.0133178537597968,0.002648578271045,0.0006176189199043,0.005076073366182,-0.0005932251322489,-0.0075419185713259,0.0028087342915465,0.0306201870343461,0.0094547103245754,0.0010395829123264,-0.0022053056738226,0.0046159536562062,0.0030023161675707,-0.0162958295669519,0.0032026122233821,0.0032443327793238,-0.0109126589289454,0.0030282418512173,-0.0155041299318002,-0.0386378759219075,0.0059145593799549
2015-12-28,0.0014206791099233,0.016097081724447,-0.0105423146159004,-0.005843833435752,-0.0014888487622486,-0.0055711806993046,0.0037903580839246,-0.0005938803086538,-0.0051751170077078,-0.0008768359545108,-0.0345144725310606,-0.0115980797840875,0.0093074279560765,-0.0178180023429838,0.0102543107342008,0.0032428118587066,-0.0093382515096314,-0.0151899408966644,-0.0012153916462662,-0.0103899823355746,-0.0060657899897362,-0.0052220274550086,-0.0183492310675903,-0.0127173452270505
2015-12-29,0.0038148044106858,0.0138749830575481,0.0030235476340063,0.009703749338354,0.0103762412051993,0.0058794981884018,-0.0050569628584251,0.0065110320974446,-0.0052020382245943,0.0107683280179795,-0.014033348038251,0.0163729130632455,0.0082008603975078,-0.0067641031880362,0.0150798689005045,0.0074432349231843,0.0142980953877804,-0.0450633506866369,0.0064644747168813,0.0023271256563823,0.0030375481385189,-0.0052493369608961,0.0273991478960297,0.0025564055513354
2015-12-30,-0.0063294747929374,-0.0525368857200582,-0.0129134670469182,-0.0131848956857014,0.0013101144841267,-0.0114815771200658,-0.0140397908331388,-0.0076993208738302,-0.0285682392078432,-0.0066236686185003,-0.0142330892580933,-0.0223335277819209,-0.0008512031725058,-0.0392209053288713,-0.0103161215674623,-0.0094374447552905,-0.0108136463093444,-0.0146632597684508,-0.0044399487218926,-0.0124204137931052,-0.0087030256795705,-0.0212775317089434,-0.0181824091429763,-0.0094056984293441
2015-12-31,-0.0285402246059032,-0.0020774476253082,-0.0092161887914001,-0.0162136542946553,0.0079862659987179,-0.0034396450511668,0.0064062860864653,-0.0041704324114335,-0.0028662633258602,-0.0001748814735869,-0.016185363935655,0.0032604918546925,-0.0109591222565597,0.0116962263522821,0.0,-0.0131870668935416,-0.0043576187381821,-0.0079089028767507,-0.0044596470678488,-0.0014619378846436,-0.0056981958036232,0.010695356456418,0.0060976838520408,-0.0086282744314997
2016-01-04,-0.0166982947581182,-0.0146590051041753,-0.0085242250934149,-0.0268598161991331,-0.0286531997548094,-0.0298809156014603,-0.0245649535024743,-0.0309208819817683,-0.0283862968832178,-0.0391507595801785,-0.024780033779169,-0.0516303463800036,-0.0135207089902715,-0.0093457045799767,-0.0139221114490402,-0.0250907219373601,0.0008731696597461,-0.0079725175112477,0.0048643267329109,-0.0129246092386736,-0.0294404224756901,-0.0490561978068149,-0.0403153170801903,-0.0299053364435115
2016-01-05,-0.0101315344780728,-0.0031735308061467,-0.0062450667330025,0.0179864643867579,0.0106347563748028,-0.0077748485589106,-0.0078845003460901,-0.0024659563210887,0.0069891025386712,-0.0024586782887814,-0.0144406704820441,0.0100586846089205,0.0117974105543177,-0.0189582728839742,0.0102429104763523,-0.0022062565369225,-0.004812035787892,-0.0015015130071773,0.0294839008325651,-0.0026379463440227,-0.006357561218258,-0.0056022358409002,-0.0031699355154367,0.005342737657405
2016-01-06,-0.0211665655667978,-0.0127933965847554,-0.0277905089711993,-0.0094375440513241,0.0014864592787549,-0.0167243577966704,-0.032174455192077,-0.008057369475475,-0.0188718446921472,-0.0216588171793992,-0.0048602722358492,-0.0010932937952325,-0.01197170362382,-0.0565956310182025,-0.0252506724779539,0.0087956196891134,-0.0354826108673598,-0.0414276963749533,-0.0749840101181846,-0.0230472122047755,-0.0281840899480223,-0.0112994036734842,-0.0792492876517844,0.0008878694809475
2016-01-07,-0.0253754493105491,-0.039392346527694,-0.0402519132419394,-0.0624682511725556,-0.0289679923811889,-0.024775190929672,-0.03183648922557,-0.0006222383905822,-0.0207595810597602,-0.0418590548020327,0.2116280902891336,-0.0489713875360116,-0.0218822782329688,-0.0360863140668511,-0.0179501085587374,-0.0056825801526478,-0.0441216469562903,0.020672480316207,-0.0153522461391084,-0.0240235744556569,-0.0113102122464403,-0.0346855435593778,-0.0712042755733857,-0.0062306071383525
2016-01-08,-0.0271565987268171,-0.0225745367087604,-0.0211782427617457,-0.0175295851642562,-0.0063060980836877,-0.020894856778673,0.0028089466778793,0.006825944534242,-0.0091954248417933,-0.0180380426598292,0.0863540156343409,-0.0116173982784451,-0.0232840404391314,-0.0158735172216756,0.0049682722652906,-0.0040230050297687,-0.0421884445111881,-0.0343426926768124,-0.0116707533533708,-0.0219575969295409,-0.013839458409468,-0.0058998163820879,-0.0414373455407936,-0.0035778413487634
2016-01-11,0.0249722633922218,-0.018433152428922,0.0110687026736089,-0.0056773512651489,0.016447956640484,0.0161374528297852,-0.0042164632016139,0.0049351990131609,0.0057570850888124,-0.0233183177156943,-0.0533894024245147,-0.0289854712872106,-0.0042088749821171,-0.0107238949705576,-0.0369434301427196,0.0213566706900607,-0.0084551622161677,0.0010585416980499,0.0155310756902182,0.0153599710888476,0.0057504350573189,-0.0059349476990745,-0.0233473852631375,-0.0189965847006418
2016-01-12,0.0041219009880588,0.0138571458996238,0.0025367871595127,0.0147987351985765,0.0072058317950123,0.0178909299329093,-0.0170456791552042,0.0195007044639543,-0.0011487165323393,0.0598379867654212,0.0004767689794551,0.0129516127415376,0.0163699067072027,-0.0611302627791375,0.0171500060097744,0.0226539682258426,-0.0027513463860011,0.0047479360989837,-0.0220738254557857,0.0088450475725858,-0.0086378906971131,-0.0059699117001246,-0.0692741238722028,0.0367588690633805
2016-01-13,-0.0324628057042488,-0.0326374504523536,-0.0334935971790999,-0.0405425663463807,-0.0050217348588033,-0.0063769463426495,-0.0014336693425422,-0.0066605403404158,0.000765899868349,-0.0418756785342049,-0.0163386701070358,-0.0191428803211137,-0.0237323029875708,-0.04094094468253,-0.0071487669800478,-0.0243102366380849,-0.0251058641733501,0.0,-0.0158804846151054,-0.0072783946123982,-0.0130971826585457,0.0,-0.0608883550139771,-0.0258597020948441
2016-01-14,0.0354829478222198,0.0349288823493566,0.0104256280832886,0.0366020852913404,-0.0147074827464614,0.0087161300711344,-0.001435808102296,0.0810702088023829,-0.0193280066547809,0.0421616544634249,0.0168152118861493,0.0355437026723954,0.0152169381158522,0.0719734572978664,0.0140182554662322,0.016314195095112,0.06005044216122,0.0089078462788312,-0.0084839579808237,0.0112417552347316,0.0633781708200262,0.0467921071202744,0.0899963332344195,0.0249791404816719
2016-01-15,-0.0677439800270107,-0.0349288823493566,-0.0541634538634188,-0.0494522752807098,-0.0431520576733563,-0.0315334736386732,-0.071459092027575,-0.030141581651186,-0.0500204253886571,-0.0843105499715859,-0.0373739432946185,-0.0535748310243358,-0.0340519214753198,-0.0961440905489659,-0.0221511487857073,-0.0360145973729304,-0.054672031991116,-0.0409960165524347,-0.0393285714773157,-0.0322454660390203,-0.0335540741122182,-0.0527979910279126,-0.0291079782204423,-0.0267874233895879
2016-01-19,0.0361281269419091,0.0023668734498638,-0.0193460663612441,0.0127899948071625,0.0063806466200366,0.004125322328873,0.0198632593813599,0.0091956209935892,-0.0074136023545543,0.0009332261490735,-0.0507208118170225,0.0420732001055887,0.0015047334351505,-0.0828499584257182,-0.0051461451239318,0.0185523863624075,-0.0170019159600278,0.0054199749506795,0.0352843833210192,0.0212645522057224,0.0261942934623902,0.0179107433068374,-0.0170215647911317,0.0009046428272012
2016-01-20,0.0596863983750717,-0.0047389412915604,-0.0254373759605188,-0.0062835882701168,-0.0365246053531298,-0.0306536421164911,-0.0075931867989151,-0.0034385751999812,-0.0370567003082826,-0.0026982245046767,0.0322526585342446,-0.0082617251135146,-0.0058442020370486,-0.0235302406022301,-0.0177456916960334,-0.0111674902345022,-0.0430002395831623,-0.0273991286725894,-0.054117420893009,-0.0309918749358164,-0.0266682905653334,-0.0059349476990745,0.0,0.0098966960231322
2016-01-21,0.0243321102069069,-0.0461808942954458,0.0132703353758638,0.0273219327886824,-0.0051442886088701,-0.0232611109919593,0.0315104956863372,0.0255046523067736,0.0149033836763092,0.0131111353603055,-0.009109390071154,-0.00726169669064,0.0080972944519333,0.0135136981915275,-0.0161234201874598,0.0066895987250088,0.0351752408096324,-0.0061295602756343,0.0056872880713312,-0.0036834587718539,0.0113156609983131,-0.0059699117001246,-0.0574109176056444,0.0124557918857998
2016-01-22,0.0337641523202787,0.0579876519666793,0.0342470882952725,0.0094503719243297,0.010262018661864,0.0390536271242365,0.0190203547470355,0.0016771842052862,0.0271019440972466,0.036752281934766,0.0241096331815282,-0.0362097899061142,0.0262832818207656,0.0166389060809656,0.0312859211967886,0.0035838463395947,0.0569984245854415,0.0340692233812292,0.0270413743041733,0.042728198749014,0.027741155424541,0.0236697736331055,0.0313222471221847,0.0123021939745457
2016-01-25,-0.0071076793710016,-0.0334158807893284,-0.0561421463930176,-0.0214351153578427,0.0119611709496063,-0.0296844423074138,0.0028943936540031,-0.0050406598477406,-0.0049486274652732,-0.0077413048123933,-0.0415459801878714,0.0319280135473465,0.0094545583892386,-0.0369785936032444,-0.0115882784324674,0.000510964273924,-0.0230183104103836,-0.0032469179030285,-0.0284601219546458,-0.0221493158405685,-0.0064045487519543,0.0,-0.0543120469058971,-0.0118730720403645
2016-01-26,0.0052245476365238,0.0263480644096554,0.0265921911779809,-0.0027493380643193,0.016792252613992,-0.0003586029419793,0.0200292878316616,-0.0164167207085594,0.0065927738680668,-0.0137434656089849,-0.0093555935667555,-0.0391198307921549,-0.0012676416688379,0.0034187492321217,0.0223459708285478,0.0080128921427036,0.0430971422214825,0.0166626399377682,0.0047212726159218,0.0082542274548824,-0.0092208701436842,0.0231223334871688,0.0320394607877825,0.014109500480452
2016-01-27,-0.0053362723635208,-0.0023668734498638,-0.0285189188633836,-0.0541702882481702,0.0199933278889168,-0.0097349444717829,-0.0056818237572959,-0.0057244559557598,-0.0037030681615966,-0.0180405008718675,-0.0345319636222858,0.0107036367960193,0.00776106420478,0.0660305521337949,0.012253303714079,-0.0006337330363432,0.0132457363004481,-0.0037382179042109,-0.0089898130367804,0.0084467287128022,0.0041598476494164,0.0392207907818523,0.0397403668956846,0.0017499165835792
2016-01-28,0.0011142351420971,0.0,0.0,-0.0084388800843226,0.0022550826194174,-0.0090993137790622,-0.070825926782285,-0.006912236398225,0.0151362844947784,-0.0038127043590749,-0.0179988454773027,-0.0018842924126962,-0.0197917089561459,0.0221177575502893,-0.0055300234619277,-0.0151992630433852,0.0359491785258088,0.015923830284664,-0.0362972628479878,0.0069134557521941,-0.0023091583250463,0.0689928283599683,-0.01746778077757,-0.0061376590627656
2016-01-29,0.0223517633812182,0.0796785441819335,0.0387754038506025,0.0395417160505129,0.0442256048205793,-0.0121391231764262,0.0166795956573102,0.0346525097946563,0.021290256870222,0.0141466944201482,0.0255378899062859,0.0154252881139851,0.0242762506424831,0.0810036602141882,0.0374151756256275,0.0266682624467913,0.013751530434984,0.0372135064336727,0.16291319762463,0.0331176975007059,0.0327449928929484,0.005115082183777,0.0763081699877852,0.030318383038939
2016-02-01,0.0043458038023231,0.0301745444777395,-0.0111940737649014,-0.0133799702367127,-0.0066520889783903,0.0259373965690152,-0.0351986962023127,-0.0078472845100481,-0.0184521927131124,0.0077065108107943,-0.0653972785375085,0.0023666148608412,-0.0005369722960839,-0.0532668040026746,0.0077594169129326,-0.0012538543209288,-0.0125987794733974,-0.00152298684131,-0.0241589014353751,0.0030777616239401,0.0049097892095004,0.0151901111595455,-0.0331979347131937,0.0101867653639868
2016-02-02,-0.0412786496110468,-0.0624861000763011,-0.0669179449105463,-0.0397621289849023,-0.0212488470233735,-0.0036126578704553,-0.064331018518343,-0.0118881561365054,-0.0459804660917586,-0.0295225031831511,-0.0451027283033513,-0.0114381130320211,-0.0140668306958642,-0.0989642276054407,-0.014907201227114,-0.0252853842821352,-0.0438233214583445,-0.0257350265997184,-0.0402676386721059,-0.0116960661353475,0.0044426824664811,-0.0101010599474233,-0.0927818228489245,-0.0059296906240999
2016-02-03,0.0275243799577866,0.080390470311755,-0.0161781827943512,-0.0113025265656041,-0.0080431670785494,-0.0364882591498592,-0.0066663997472842,0.0051119501164085,0.0088626945926972,-0.0078332471246627,-0.0643388770613024,-0.0342516016720515,-0.0629655297285296,0.0491096138436377,-0.0056199410155866,0.0173489748331734,0.035025322776379,-0.0120641031638912,-0.016209634899053,-0.0342781955113862,0.0158313635465128,0.0050632838459988,0.0714589987724843,0.0
2016-02-04,0.0053713799672925,0.0724670587664566,0.0428993391210277,-0.0032061106149487,0.0117859709951422,0.0037465667297591,0.0215058667522805,0.0107073669494426,0.0199672952982492,0.0132285866800501,0.0133293019485178,0.0077944608012829,-0.0404596737056706,0.0915272784976871,0.004274046812978,-0.0106798525455511,0.0354119477462684,0.0214049311299082,0.002267207448896,-0.0061061907106036,0.0134346711115735,0.0050377761014245,0.1479742919488123,0.01266389850331
2016-02-05,-0.0345916758612503,-0.0315613900586153,-0.0177342059623513,-0.0486787619123303,-0.0121298003876813,-0.0276792483861059,-0.0016377930087887,-0.0278502829228295,0.0114662703484249,-0.0684092382058896,-0.0203828520748761,-0.0773749449356864,-0.0152209009976291,-0.0569870813000383,0.0067116614650064,-0.0368460087773456,0.0029136699694611,0.0005165293721804,-0.0159785383933879,-0.0347194258786274,-0.020879303087248,0.0050127203020726,-0.0301912099053115,-0.0186287859110838
2016-02-08,-0.0228947184551859,-0.0346615746284527,-0.0551726934785001,-0.0019972683848816,-0.023653134483959,-0.0061705644118581,-0.0333366441651148,-0.0472066627227845,-0.0276591548215487,-0.0497489280881904,-0.0300479849642116,-0.0465234860991432,-0.0392044800283337,-0.0377405388593241,-0.0060383129161083,-0.0145617950034786,-0.0040367036889144,-0.0182344373641649,-0.0246925631352978,-0.0114797059400988,0.0021956007529886,-0.0202028314616182,-0.0350913529449251,-0.0330178301536984
2016-02-09,-0.0162263466551078,-0.0020774037102685,-0.0407342198032665,-0.0305907760639545,0.0035136813851655,-0.0207159857833385,-0.0033953457579745,-0.012770125337689,-0.0113660501617016,-0.0005824674948815,0.0013254115632443,0.0242655610492064,-0.00940157757466,-0.0425593099599683,-0.0615226009634719,0.0076413697074908,-0.042696602541679,-0.0031592550830708,-0.0214548163020826,-0.0212076204165558,-0.0105823323238269,-0.0154245159744768,-0.0200409010446478,-0.0115505795089234
2016-02-10,-0.0387550001291163,0.0307083681861707,0.0065429831261181,0.0217965895228404,0.0007012276789479,0.0003947109969324,-0.0051151153080122,0.0006120474559436,0.0004232305656901,0.0217838958903051,0.0157690368023954,0.0130374294109985,0.0281529209051782,0.0264040042504944,-0.0050220039726212,0.0009343201629814,-0.0080058267961011,0.0125784223696379,0.0019257363219249,-0.0006553266628834,-0.0115917719130731,0.0205135671865989,0.0512935051578526,0.0044582566410268
2016-02-11,0.0008562492140908,-0.0411576425484806,-0.0639589667976754,-0.0180361534392226,-0.0560455789280891,-0.0191317815900022,-0.0544470853755341,-0.0085997938185968,-0.0170725618527165,0.0150497928587007,-0.0224136047839595,-0.0097436809859532,0.0147107593103545,-0.0569667691049869,0.012626721800649,-0.0088448916966257,0.0042466579656679,-0.0221175870731338,-0.0258235500105157,-0.0159550021323964,-0.0135442880217837,-0.0153455142227786,-0.0884110066487298,-0.0224929281375216
2016-02-12,0.0028071926995831,0.0104492743623099,0.0639589667976754,0.0784234369819802,0.0234485899062137,0.0116027015923454,-0.0145460935775403,-0.0068088075426011,0.0305239214110808,0.0321591887036154,0.0217614868047388,0.0114793508975643,0.0036952329303496,0.0731220748144608,-0.0099930001669643,-0.0082448935539014,0.0369726978239119,0.0319649220475426,0.0272653617482063,0.0017115948543704,0.010850021721954,-0.0051680529638203,0.0998836022175964,0.0072527976149369
2016-02-16,0.0233722372107942,0.018538499851945,0.0075797864872673,0.0308808328457548,-0.0109230980315753,0.0309402995328338,0.0253179207218794,0.0068088075426011,0.0214793597432993,0.0406002593934564,0.0564333184470551,0.0845281153981201,0.0168653098405959,-0.0194178304955315,0.022929842480849,0.0275751186479258,0.0295057299173246,0.0128108719241057,0.0353894856420289,0.0276402692735668,0.0482763065146043,0.035627347436095,0.0518631891615916,0.0107818738815579
2016-02-17,0.027018873990352,0.0380427113404105,0.0287100271324478,0.0374439908254329,0.0211905935212115,0.0118844942245863,-0.014388714280739,0.0165191796117056,0.0482646940871105,0.0255681497598532,0.0092054362955864,0.0347065459740356,0.0211332614702475,0.1053607692228183,0.0432218013936638,0.0135073813747439,0.0364399209709698,0.0020347324406042,0.0278877083566375,-0.0007395597364743,0.0127714124745805,0.0295586936494789,0.0995676369017179,0.0159578392915696
2016-02-18,-0.0041812339272206,-0.0421324705169884,-0.0362898136197151,-0.0174571985265314,-0.0079163940659352,0.0003807789062317,0.014388714280739,-0.0042563463644937,-0.0437794418603969,0.0056842654300268,0.01875997257692,-0.02394406789216,-0.0077236973426129,-0.0512935409285806,-0.0020166450792387,-0.0002606335703578,-0.0076196759580371,0.0035503098679376,0.0018014634582719,-0.006308671865419,0.0067453219543853,0.0144581251061892,-0.0606248493179844,0.0200268664961377
2016-02-19,0.0240340352588246,0.0101929670236901,0.0021714914488339,0.0231889364221551,-0.0119938511230053,-0.0122652731308181,0.0088891065921796,-0.0012196785631266,-0.009811878232675,0.0168610826802249,0.0041878430445647,0.0109074577615659,0.0120540794676715,-0.0250797791201704,-0.0002241154928657,0.0114007076588613,-0.0107651669322206,0.0085710191705565,-0.0113148315661446,-0.0201172301148035,-0.0008403933351037,-0.0193242971001149,0.0206193112246408,0.0017225224496678
2016-02-22,-0.0010232168703359,0.072368698472381,0.0097140974075131,0.025215942238864,0.0110901183028802,0.006917855739374,0.012313263176918,0.03005029630804,0.0171081884504942,-0.0049884984051944,0.0142266639412032,0.0391108853551616,0.0134625995309889,0.1555104617484226,0.0166834346794408,-0.0003865852060824,0.0205511651828675,0.0184036742239301,0.0153572045893621,0.013019155494196,0.0075407283802721,0.0048661719939256,0.1275611220705192,-0.0060422958432861
2016-02-23,0.0074787210911386,-0.0229019607644445,-0.0338643741626314,-0.0464155250085198,-0.046821459621642,-0.0193355339584515,-0.0501897567526201,-0.0143114885331949,-0.0286786043326312,-0.0161326342434637,-0.0463799158582745,-0.0170741449522053,0.0063748249165147,-0.0387861698616672,-0.0178058174706863,-0.0106232566516979,-0.0415346171647379,-0.0039506544891785,-0.0365167725681885,-0.0100796316625793,-0.0236495134500929,-0.0146703295820325,-0.0713477325309782,-0.0130722453449231
2016-02-24,0.0070866642275086,0.0057739715780642,-0.0078085126845262,0.0106866736831161,-0.008371260902984,-0.004304717885196,0.0036694662616429,0.0113468918122843,0.0037336988749565,0.0468618734810108,0.0291637587537016,0.0159490979370531,-0.0159163115016602,-0.0113638021573852,-0.0172143361089118,-0.0098161018638416,-0.0018060324086275,0.0009891278046474,-0.0037263747188613,-0.0097999948629246,0.0008540348506378,-0.0099008411052999,-0.0596205242491808,-0.0096959616326366
2016-02-25,0.0079276353054469,-0.0019202743084503,0.0341255757287355,-0.0282288037802018,-0.0107571195070925,0.0054751842705678,-0.052643329070541,0.0017800544938595,-0.0062305673180951,-0.0052513901665438,-0.0035993663944253,-0.1602041358525516,0.0176478617174353,0.0,-0.004121060265708,0.026605929735691,0.0181396411758894,-0.0009891278046474,-0.0042087183198891,0.0093263919223725,0.0114629548047329,0.0197049986934067,-0.0453828565020918,0.0044190356140794
2016-02-26,0.0099590081830722,-0.0135531885237862,0.0075473111184221,0.0939187530818355,0.0153320561153718,0.0170153938310435,0.0247866009691926,0.0011845422270511,-0.0008337711743546,-0.0499804962388399,0.0260987851802849,-0.0062589169439997,-0.0007692913283383,-0.0348872144694681,-0.0078305272439407,-0.0214893812069902,0.0103764698878636,0.0004949344117433,0.0093283244162012,-0.0040816245717527,0.0033712290319201,0.0,-0.0326705467863074,-0.0035334844197828
2016-02-29,0.0021997597562251,0.0326014520186168,0.0138669505012998,-0.0021888429997956,0.0045539424570466,-0.0142887091457195,0.0655970750635885,-0.0041528854972963,-0.0092167075256681,0.0421496030114951,-0.0105945845367108,-0.005703930734684,-0.0112206037343036,0.0630584252649867,0.0167377397712287,-0.0142332481070388,-0.0010990611989369,0.0292415945863502,-0.019690949760198,-0.0099405934754459,-0.009298762748457,0.0097086841870333,0.0814605379980391,-0.0106763545167799
2016-03-01,0.0299791713882697,0.0532721763773111,-0.0600289061219661,0.0383509408483275,0.0530901833198962,0.0381579171223971,0.0763730281309942,0.0350501020353983,0.0420335587947304,0.0308668831006411,0.0411533578106326,0.030436266822043,0.0334796645710708,0.0514319727979501,0.0151192532994146,0.0335431951935696,0.0208885174557127,0.0076558410483653,0.0229357762251791,0.0219475901166532,0.0428075179029701,0.0048193639134775,0.0847414987014842,0.0325590103000431
2016-03-02,-0.0048097077841307,0.0238847173735345,0.0364478582131531,-0.0182566223856719,0.0195563361938733,0.0148645656472661,0.0321573280716496,0.0148152161098809,0.0036252279605513,0.009105674261165,0.0028352293680158,-0.0207514953838927,0.0041309184787374,0.0810568020405926,0.0095844334299215,-0.0025703491315258,0.0141122374361244,-0.0383821043214442,0.017886280552487,0.0054356205591092,0.0016259497372441,0.0,0.1260816539888376,0.0323709449141922
2016-03-03,0.0144652300189171,0.1163236754641575,0.0320197452283144,0.002032524439385,-0.003350697668917,0.0240538604276703,0.0463760392752155,0.0278879909727973,0.025408247768202,0.0058370090818975,0.0062094813915334,0.0300043878820885,-0.014532797395462,0.1362649459717256,0.0541840933965449,-0.0134736511728386,0.010559154553194,0.0049403887641639,0.004987405988587,0.0146598611968444,-0.0024401704496028,0.0095695103157542,0.1241904459630286,-0.0008386817345755
2016-03-04,0.0068402918681096,0.1104878317810451,0.0300075603198237,0.0070254608397943,0.0094936435941073,0.0093190807458922,-0.016755821407703,0.0142001838778926,0.0361856349030307,0.0218197034532012,0.0321179273620835,0.0118528872519356,0.0759396871025592,0.110443250424795,0.0263364426184282,0.0035152547738794,0.0081604089101867,-0.0104035688201009,0.0364161051426261,0.0089858499045929,0.0036581273690647,0.0094787095750141,0.0636257023366529,0.0025134260533814
2016-03-07,0.0072106686752899,-0.0340465374976697,0.0071102027671534,-0.0075896701834814,-0.0064951773318182,-0.0057246935968393,0.0106952068162806,-0.0016280984859222,0.0094075761111023,0.0140448412217653,-0.0445756888495796,-0.0007761690208316,0.0084224694865486,-0.0076338881086268,-0.0109066244459015,-0.0062581083816057,0.0058173246868373,-0.0241948558540698,0.0125681447346113,-0.015083498754711,0.0020263351731104,-0.0047282170865997,0.0598185009175712,0.0025072947953135
2016-03-08,-0.0237064827781861,0.001442178742254,-0.0245916520140185,-0.0250863100106615,-0.0140109900728475,-0.0115484691779466,-0.0546585214704029,-0.0269766802811159,-0.0242620508131263,-0.0128515749695674,-0.0005698672989629,-0.0282155386531659,-0.0154959218936965,-0.0291561787790972,-0.0202745336638492,-0.0015708142277421,-0.0241126398993913,0.0025472814516471,-0.0332781856031807,-0.0195579024006304,-0.0020263351731104,-0.0239818789107539,-0.1505727972932697,-0.0151388562334933
2016-03-09,0.0034058350887171,-0.02185077781483,-0.0101088890920617,0.021128165435142,0.006231613503254,0.0036234028815198,0.0300420223280373,-0.0044744623778036,0.0133411353139942,0.0198906317336531,0.0022778487766386,0.0247213124069878,-0.0126799966698714,0.0117645650820925,0.0086196668962905,0.0088682418015642,0.023076517047194,0.0040635246494526,0.0358587813963811,0.0040551661486079,0.0036443917813016,-0.0048661719939256,-0.0176548080070131,0.0025390400985767
2016-03-10,0.0192589058722418,0.0432342910397327,-0.0107528644526746,-0.0023824287561522,-0.0015986797624938,-0.0003617682387031,-0.0236419211186957,-0.0039311609293457,0.0101715746978579,0.020648665976668,-0.003989728547963,-0.0076465820128195,0.0051985998788914,0.0419908314943595,-0.0056679486974151,-0.0020794835979804,-0.0186295703867283,0.0055593828513891,0.0161909911835052,0.007781596381057,0.0,0.0193242971001149,-0.0128044281851039,-0.0084890641132711
2016-03-11,0.0186896770105571,0.04549422728027,0.0433702375334215,0.0384383862848567,0.0226743428290192,0.02112119198702,0.0452142402842417,0.0106351559031694,0.0291801012924031,0.0185894265464785,0.0062625087683705,0.0332990309453746,0.0193011335287538,0.033091382581561,0.0025233465474454,0.0230220397447551,0.0200799197209708,0.0239060870409928,0.0393671468587224,0.0201539843901334,0.0243572308274395,0.0236416775040807,-0.0129701311205236,0.0076434622678667
2016-03-14,-0.0078050533034614,-0.023177860340966,-0.0251586741434319,-0.005260239280366,-0.006101475969074,-0.0103258436321325,0.0151288992717175,0.0033355726445283,-0.0007280815324657,-0.0061581588802228,0.0780323933857705,0.0169248410186053,0.0040257039989346,-0.0576906003789159,0.0071143736752228,0.0013976561680646,-0.0041499413377108,-0.0014778513193109,-0.0012197363966246,-0.0028412712291574,-0.0051412618294128,-0.0236416775040807,-0.0291413736899788,0.0151135187701649
2016-03-15,-0.0041325322080485,-0.0878889573760589,-0.0117459937526669,-0.0099382610413929,-0.0135553139987525,-0.0107953483548874,-0.0289432630574573,-0.015096864419803,-0.016159172914131,-0.0153424135768061,-0.0068474938672125,-0.0020487108930189,-0.0181551233815673,-0.0859664534609981,-0.0432487368487111,0.0070850757323199,-0.0060487901064534,-0.0079167915830291,-0.0024443576551531,-0.0160062798743032,-0.013573449999813,-0.0144581251061892,-0.0495970591868601,-0.006688821638539
2016-03-16,0.0071181664476247,-0.0167051101458078,0.0064239652945621,0.0155810226576651,0.0227802303134714,-0.0083560803902651,0.0334376662094304,0.0239363540684003,0.0197954409240872,0.0045835384531178,-0.003706633525041,0.03010045023797,-0.0055292211947404,0.0685748397639935,0.0172676192732046,0.0094108631039473,0.023978172343245,0.0240502459802911,0.0391896603370134,0.0029800981749756,0.035534897755864,0.0334159700871104,0.1171550509036157,0.0083542293268521
2016-03-17,0.0049222146492384,0.1438145525275198,-0.0032067548608594,0.0021282956207047,0.0019038804689848,0.009802277945345,0.0104090195030777,0.0082169752845939,0.0162017774636327,0.0105847425503604,0.0204784992102746,0.0076651447110926,-0.0088030561726428,0.0930038357089406,-0.0049340964710387,-0.0023758598875192,0.0228177619615279,0.0149218761929872,0.0228737544309756,0.0036200424287287,-0.0003880293853946,-0.0141845836647709,0.0585534880980247,0.0115799118544781
2016-03-18,0.0022478605299811,0.0092409827694193,0.0127661201154904,0.024128678748192,0.0144207883498306,-0.0036191951702169,0.0277188249065645,0.0103121195604398,0.0003572794348549,-0.0019162570741819,0.014960346705672,-0.0271575756851367,0.002824098942066,-0.0107142826001196,0.0132452179188544,0.000375666619603,-0.0126572773273645,-0.0154069028681589,0.0068752737074435,-0.0123994589307647,0.010422583357379,0.0094787095750141,-0.0119190069250273,0.0138834694039073
2016-03-21,-0.0016345109333943,0.0117578475795494,-0.0138373508044788,-0.0042662344254873,0.0162304026241888,0.0036191951702169,0.0071684572720909,0.0086024157114203,0.0024960183950044,-0.0002614890204073,-0.0035907503358552,0.0057329175905032,-0.002934088736588,0.0124890937268948,0.0080322759050224,-0.0036358497773809,-0.0083238511136696,-0.002915354954077,0.0075847116690415,0.0050527407860032,-0.0042331650365019,-0.0094787095750141,0.0142859696022258,0.0024301155850627
2016-03-22,0.004284669306056,-0.007823209972344,-0.0393495213650252,0.0068172335643108,-0.0096049834390732,-0.00325682229915,-0.0129405501472832,-0.0091425920353742,0.0028448582747473,0.0070389737641365,-0.0260295811716644,0.0052991371057649,0.002934088736588,0.0227880611896245,-0.034700391713097,-0.0007537565062278,-0.0121016078970468,-0.0073261590628335,-0.0079651823231414,0.0135351964279797,-0.0046384926884179,0.0047504924884144,0.0,-0.0040535348854042
2016-03-23,-0.0054096765793998,-0.0607065931728509,-0.0145985635761287,-0.024501535565327,-0.004242151245855,-0.020135737579578,-0.0043509990175067,0.0080712086833578,-0.0157483646206313,-0.0269444502683784,-0.0414594266495802,-0.0252012353024309,-0.0110478622009213,-0.0737082645495346,-0.016925500256832,-0.0008802154112439,-0.015807384818447,-0.0163088685000882,-0.0266275375294069,-0.0046146930723693,-0.0050493037939345,-0.0095237538045647,-0.0967299028381903,0.0
2016-03-24,-0.0080148785756204,-0.0154166095798387,-0.0102333336095976,0.0055329909579731,-0.0047722294165191,-0.0130284787154932,-0.0014543600718712,0.0080064498566125,-0.0101523239873331,0.0042609782378528,0.0049355816986804,-0.0088205923287039,-0.0081797870508228,0.0074348548919904,-0.0004434587060093,-0.0006291184055298,0.0120858913067336,0.0034820640106327,-0.0039183586746718,-0.0166033285915672,0.0019450434218688,0.0095237538045647,0.0507725813493774,0.0072844751035696
2016-03-28,0.0055554967804738,0.0576288738600068,0.005697986189953,0.0016755270228898,-0.0020523776562839,0.022749017501443,-0.0325473178319957,-0.0031947828056415,-0.0010940112233108,0.020429388193162,-0.0322429209049612,-0.0314985882112122,-0.0016815025045802,0.0697333509453174,-0.0053365526028099,0.009895446937004,-0.0029038620781913,0.0044583640997446,0.0066760475183054,0.0220463543874771,-0.003893877411667,-0.0191393667176462,0.0220326755264084,-0.0072844751035696
2016-03-29,0.0259254303026015,0.0198021852630105,0.0,0.0249072806757855,0.012758436234876,0.0095416177546319,0.0281709307283095,-0.003205158691276,0.022367595694305,0.0275141867023585,0.020134835733836,-0.0081762885523,0.0161368762216533,0.0068849452914748,-0.0094090134573203,-0.0003741679811284,-0.0016631715112915,0.011793659868315,0.0235943214492801,0.0155799159480984,0.0131783771849587,-0.0097086841870333,-0.0024243437943343,0.0072844751035696
2016-03-30,0.0111347059713606,0.0142770006457952,-0.0102799418638817,0.000263361086084,0.0283304414354446,-0.015829607663258,0.0373068682800965,0.0248360973835666,-0.0071608370057689,-0.0050856937165759,0.0126549940414002,0.0267877928601847,-0.0018419260865849,0.0051325868503812,0.023358022994194,0.0060912867966855,0.0212053138058387,0.0029269775946216,-0.0142448601917304,-0.0069460728493977,0.0186921010629443,0.0288480509046796,0.0287101347139934,0.0104294862108313
2016-03-31,-0.0075418713958201,-0.0407678382476626,-0.010386492145652,0.0052000300070531,0.0125727215325506,0.0143678321416969,0.0084153006179836,-0.0073337125546475,-0.0086611466418982,0.0014436568576625,-0.0109952046168086,0.0066384379582538,-0.0011062191044839,-0.0034187492321217,-0.0063967820354564,-0.003351837318104,-0.0131233456125197,-0.0176908986388695,-0.0027180797985755,-0.0119671699992123,-0.0098747679550825,-0.0143200028041687,-0.0071004560565313,0.0039824234368885
2016-04-01,0.0017912093840024,0.0317064507584254,0.0011593380157648,-0.0028855666100273,-0.0016238923219655,-0.0391624457939525,0.0,0.0120200415293758,0.0057825063122844,0.0232323665726772,-0.0049875499459695,-0.003907960891448,0.0137451005327995,0.0051237508718485,0.0085929067247452,-0.0086168836700428,-0.0166495990731374,0.0014860781074319,-0.0315979659613563,-0.0264953207087437,-0.0030579806538195,0.0237540939805252,0.0257925700324602,0.013422967379816
2016-04-04,0.010484747075969,-0.0513966327331356,-0.0081441882763777,-0.0071711385583936,-0.0004876960516542,-0.0045746362655378,-0.0126494593888883,0.0,-0.0072333520958864,-0.0168042225138336,0.0005554140002974,-0.0120284444249025,0.0146358604527678,-0.1021478593553322,-0.005279375113723,-0.0023857753546794,0.0018872101836864,-0.0225289836414548,0.0273120099143371,-0.0210824080121572,-0.0103908752836696,-0.0189578449809212,-0.0620723342114591,0.0031323457995264
2016-04-05,-0.0209803779787822,-0.0068725205386299,-0.0356758423709779,-0.027740052236445,-0.0130935882678544,-0.0208506096357092,-0.0374684157678379,-0.0231224848613773,0.0111894208134839,-0.0125564084440581,0.004432135945672,-7.05423283111628e-05,-0.0100957970277955,0.0037665734613751,-0.0002206373491069,-0.0214763168756038,-0.0215974295962082,-0.0106896752761156,0.0031189954329875,-0.026385630138825,-0.0132399614860303,-0.0096156129130815,0.0170944293158711,-0.0245362465811378
2016-04-06,0.0157516200142122,-0.0237271184320542,0.0286417081292007,0.0162973991241095,0.0006588676865493,0.0166380266858978,-0.005891105820093,-0.0005317781311986,0.033183422174257,0.019697129187997,0.0272645020992814,0.0237771111370599,0.0301620638116033,0.0,0.0015432109790571,0.0170662465620843,0.0201297687914014,0.0066310384100143,0.0058217201412835,0.007768041376841,0.0043026121237814,-0.0244510090460138,-0.0072903809249303,-0.0040143981984541
2016-04-07,-0.0100402596875959,-0.0056660729906488,-0.0310659368884498,-0.0232310892623761,-0.0095947234143296,-0.0146889825273026,-0.0269477362774912,-0.0373927201411055,-0.0278137860892533,-0.0114497831874391,-0.0234024451706851,0.0011053942391825,-0.0114933119682585,0.0,0.0081169136032399,-0.024544353288741,-0.0088495026796953,-0.0205452490500794,-0.0211193409935444,-0.0125395977497575,-0.0098055928988518,-0.0200006932000699,-0.0073439211464485,-0.0194971394081306
2016-04-08,0.0055795124952027,0.0699389981031692,0.0275302276923572,0.007912496439582,-0.0003326956115006,0.0276517231118105,0.0150605430148447,-0.0033184045712943,0.0099467492687352,-0.0021190816153433,0.001100740764949,-0.0111764930013116,-0.0030277957528319,0.0777264306392072,0.0006550654652119,-0.0072734947105201,0.0410505796571212,0.0010371576603875,0.0299811179607276,0.024029873562493,-0.0035539281398713,0.0100504964034972,0.0959799232035436,-0.0057587775548202
2016-04-11,-0.0039822954825439,0.0503667570475008,0.0325231415180633,0.005907138638463,-0.0004988308733206,-0.00989738060357,0.0029851136175509,0.0066261146133785,-0.0099467492687352,-0.0011887960511085,0.0287359858178031,-0.0307651150973864,-0.0033949773278045,0.0240561621469805,-0.0094331618808132,0.0024736829538456,0.0115121999880636,0.0062017502173712,0.0343105404772392,-0.0224028017511015,0.0090569089149417,0.0,0.0855220848327902,0.0220326231339005
2016-04-12,0.0059673440783534,0.045546220735168,0.0225998393643298,0.0125111657698147,0.0146977198718452,0.039750096215521,0.0550864963640007,0.0016496560410255,0.0056961264204065,0.0190177711893442,0.0377601877422884,-0.0124592866082329,0.0007155865349712,0.0877185345476737,0.0161790808457942,0.0216113000818234,0.0210611838729217,0.0178713736195113,0.0360364768988994,0.0315012477091078,0.0023492093726429,0.01980245800163,0.0863283200181878,0.0088389335254084
2016-04-13,0.0118285796141925,0.0095802797318491,0.0585851398437713,0.0345097017052635,0.0202845229032737,0.0250514782825308,0.0454936933402605,0.0082079135635546,0.0126985220182747,0.0438681198299599,0.0289139944582199,0.0396578547502,0.000357558397892,0.0456005283073174,-0.0074009844301929,-0.0031865524357712,0.0090038755044714,-0.0005063955810893,0.0046373408551578,0.0260409290862417,0.0231940322115331,0.0,0.0584106065655318,0.0190180173603109
2016-04-14,-0.0165997039549079,-0.0253487090547384,0.0021051827289273,0.0089300337177782,0.007362430110763,0.0003583454751807,-0.0108404239510253,0.0054349825256789,0.0296982517905197,0.009606647062502,-0.040821954783826,-0.0091492400562538,-0.0032233266677761,-0.0195054146376202,0.0128082076119833,0.0088968598390195,0.0073772432763363,0.0105769279529503,-0.0175915841084266,0.0066914886579985,-0.0338094057730744,-0.0098522612050573,-0.0716561051928815,-0.0039323105225299
2016-04-15,-0.0082030309603728,-0.0085941816720862,-0.0052713925817979,-0.0128556302508604,0.0044550400996588,-0.0129872867621796,0.0081412583417481,0.0806679404093113,0.00339664961347,0.0061441649730005,-0.0020855541913276,-0.022594817951671,0.006793008944284,0.0180184502573934,-0.0008634089270156,-0.0066013895944774,0.0003866896873163,0.0054958106466278,-0.0350138109402184,-0.0122699333450659,0.0063041347936128,-0.0099501967965727,0.0075901162568287,0.0187359211241371
2016-04-18,-0.0032196754241082,-0.0237062734827999,0.010515414361417,-0.0014501700109343,0.0041191407618699,0.0122700196291889,-0.0191001778313295,-0.0361456336811911,0.0164793826604894,0.0214427188737476,0.0242342009569385,0.0053369183496623,0.0092215678093112,-0.0332860423299488,0.006026703143676,0.0105160652013864,0.0034743990765226,-0.004994992934526,-0.0067746013847973,-0.0030913419773765,0.0015699899286669,0.01980245800163,-0.0037877650185691,-0.0038744939642629
2016-04-19,0.0052264664945251,0.0206191688726373,0.0124741630214677,0.0081557351035916,0.0023687830674483,0.0219945789251441,0.0123204450623852,0.0031058178454248,0.0207960515416827,-0.0196380089353143,-0.0128174023772533,-0.0089593727846279,0.0150668764583521,0.0698130426427989,0.0138521571023497,0.0161285786826326,0.0086327723138919,0.00299996369879,0.0101446745450057,0.0128809419111366,-0.0134232063268213,-0.0049140939341837,0.0854289433543922,0.0069633011504068
2016-04-20,-0.0338497067550296,-0.0054568814737645,0.0204505486785295,-0.0043793372145746,-0.0004733743617517,-0.003866992722211,0.0013595983101066,-0.0005170658554365,0.0100766813093682,0.0145521907864463,-0.0256089139559336,-0.0134444289117365,-0.0117186499760024,-0.001435667928515,-0.0132085321416286,-0.0009925379217055,0.0036231167166818,-0.0019992684037144,0.0428090075133316,0.0014320685750206,-0.0015910250118507,-0.0148883640674463,0.0558993239917837,-0.0007714061549477
2016-04-21,-0.0063458809976832,-0.0193376494785288,-0.0071102597774275,-0.0048135113616067,-0.0117460545214944,-0.0052977568066934,0.0644536954240666,-0.0208991160286275,0.005804567935677,-0.0228961383147341,0.0005292526794242,0.001469754216488,-0.0001758587219282,-0.0173918085917909,0.0083287594159529,-0.0053526280115612,0.0017114169415415,-0.0222567290659236,-0.0552220564076213,0.0056109981966763,0.0015910250118507,-0.015113780249496,-0.0931707091772893,-0.0474021869551082
2016-04-22,0.000521835579935,-0.0041925690098967,0.0101421428859844,-0.0103260942897067,0.0049374188216919,0.0144141278875866,-0.008957196352801,0.0073646405407807,0.0044913397347365,-0.0007907351343314,-0.0117084527442834,-0.0228085595778573,-0.0005279309174763,0.0512935988762776,0.0091035307399587,0.0009977490637291,0.0039821893788478,-0.0082176261268518,0.0082925572462684,0.0188836279829685,-0.0035834470898703,0.0101010599474233,-0.0200918543422926,-0.0122101501244664
2016-04-25,0.0027083186012024,-0.0212327779643528,0.0,-0.0143613941823517,-0.0042990498424422,0.0013953320125832,-0.0247245754479332,0.0,0.0044714740817521,-0.0144219619045982,-0.0123890372994623,7.516390762107861e-05,-0.0104417091424213,-0.0382215560775497,-0.0144345429583263,-0.0031218585985497,-0.0227776298626087,-0.0030990711200735,-0.0359227401985944,-0.0010242344875734,-0.002396218135765,0.0,-0.0628183661661416,0.0065305561624515
2016-04-26,0.0029083427125229,0.0474950133450455,0.022943635247371,0.0011161962285362,0.006996494297303,0.0006966757091211,0.0,0.0078303621811524,-0.0096063228653253,0.009981997060243,0.0086346916128592,0.0038999848373988,-0.0177695128947816,0.0409952098945374,-0.006865501497784,-0.0056446398788585,0.013269997081454,0.0154005165016126,0.0027198003846691,-0.0001863787657914,0.0,0.0,0.0290437462096226,0.0032494783769521
2016-04-27,0.0289310337439738,0.0295724131253745,0.0058993676404774,-0.0015949129068886,0.0058455375687236,-0.0083942433685177,-0.0145990151811847,-0.0005198288126304,0.0009649628871346,0.0003973268806731,0.0144040128153055,-0.0034489474870005,0.0001809856137029,0.0486583189809625,0.0072930343291157,0.0189391522162178,0.0215472724981244,-0.0107553101586477,-0.0062280974223676,-0.0088913536058026,0.0095505142213649,-0.0203051933433225,0.0646577822208086,0.0008105571581533
2016-04-28,-0.012471626134114,-0.0146770384688308,-0.0108426930697373,-0.0103217359910425,-0.0102921543306373,-0.044531463376245,-0.0188940323250581,-0.0173187377015793,-0.008716684459229,-0.0163361142984408,-0.0219553592315433,0.0129841076306491,0.0145593957503327,0.0157067628547199,-0.0092321992062984,-0.0205755925483499,-0.0075080511756562,0.0531452551582507,-0.0541540400487845,-0.0325828820074018,-0.0441279639437062,-0.0312525323230345,0.0053525977928619,-0.0146940265620607
2016-04-29,-0.0144904670989864,0.0040245718138702,-0.0039718531893835,0.0435491543077448,0.0006364045435547,-0.0099654109043845,-0.0403110622956528,-0.0047759209284421,-0.0140410911814452,0.0082815598038354,-0.0059733385989955,0.0422446698851963,-0.004470960554372,0.0012983142291485,-0.0165295132597385,-0.0094941416560612,-0.0035856006805432,-0.0237167177653438,-0.0066170344035785,-0.0123135371547293,-0.0238754146156177,0.0,0.0088573045924329,-0.0008226442961229
2016-05-02,0.0088631695167675,-0.0382043252658819,0.0029804803769399,-0.0825204655190816,0.0031760284381396,0.0055482166533993,-0.0390507143610989,-0.0005319931693377,-0.0115761752605898,0.0124135494167614,-0.000544823146773,-0.0094259461423908,0.0010746829923906,-0.0170050770838684,-0.0156925931606259,0.0142705395493836,0.0009452120125401,0.0124224348018304,0.0254008361632382,0.0075428972439821,0.004230424645883,-0.0213911114116408,-0.0035334617735089,-0.008264556509635
2016-05-03,-0.0198712759740509,-0.0404735939753388,-0.0435956037690705,-0.025760775700018,-0.0063623105170838,-0.0129940191180866,-0.0468007689234655,-0.015013887239434,-0.0297118555727058,-0.0088169242255657,-0.0293081903719216,-0.0121264939930103,-0.0206231678364421,-0.0556076721789406,-0.0040179753890869,-0.0155435711215554,-0.0277718995072091,0.0044350036542715,-0.02457115170245,-0.010004099224333,-0.0157419359049595,-0.0385724595132703,-0.0810757320030658,-0.0133669569197139
2016-05-04,-0.0068013072390913,0.0536089457021886,-0.0209431145113969,0.0166082658024668,0.0009568906840629,-0.010896507781072,-0.0140080522319352,-0.0037887346431872,-0.0144980209726339,-0.0078495181590616,-0.0255767763490797,0.012915419363864,-0.0169585706292165,0.0207047242484419,-0.0299681074908413,-0.0134624367393971,-0.0249743641789215,-0.010875505221314,-0.0112571829073295,-0.0082149785266523,0.0042789811002266,0.0111733704170015,-0.0695412013467146,-0.0059046805874842
2016-05-05,-0.0094278183238465,-0.032102341368791,-0.0138520972103541,-0.0116880624682771,0.0123576291741152,0.0060264466995438,0.0170945121494254,-0.0021716418048052,-0.0062783311164511,0.0041726871052905,-0.0174221096396713,0.0070722958596607,-0.0046586826524022,-0.0347498955679758,-0.0048516308735697,-0.0051767510017137,0.005757839142348,-0.0069821277393944,0.0054358292616831,0.0064389648846692,0.0034102412656933,0.0,-0.0484817264936692,-0.000846317493081
2016-05-06,-0.0061544409347478,0.0126847467360133,0.0096103352440055,-0.0073319080073765,-0.0001572944196501,0.0295992096430319,0.0213421935010169,0.0,0.0034929058372181,0.0249113398848006,0.0093295050435631,-0.0012111642393599,-0.0035549657773064,0.0361152279502253,-0.0300915742386354,0.0033677530671498,0.0047405039722696,0.0010001945046065,-0.0045975572061069,0.0067907177838426,-0.0038374865062262,-0.0111733704170015,0.0318835532396148,0.0033812390475467
2016-05-09,0.0071228884282854,0.0083674849834758,-0.023656941023384,-0.025916465757608,0.0090923427988927,0.0072645911170243,0.0149703556370481,0.0156380934910453,-0.0066468753630299,-0.0061108899933213,0.0103927210437051,-0.0096679429219355,0.0277281807425522,-0.0706510496677755,0.0168031881749524,0.0125934072730915,-0.0229205874334565,-0.0095454277278377,0.0025103976082558,0.0063547043509686,-0.0017098500903838,0.0167135309168745,-0.1035027679138016,0.0125785972156993
2016-05-10,0.0038638108736366,0.0540678976446173,0.0300129242198716,-0.019541870963021,0.0038937540196868,0.0221912150604413,0.0249462051635571,0.0159237043893305,0.0132497829656328,0.0128056729166265,0.0238376825803685,0.0314517339646558,0.0018214456847278,0.0733756902407697,0.021361310245537,0.0076331834355292,0.020553206287933,0.023448321760302,0.0345003941639798,0.0213090041263814,0.0008553437035478,-0.0167135309168745,0.0541897064339012,-0.0033387330367933
2016-05-11,-0.0082826806480422,0.016961057034692,-0.0074193099340078,-0.0191951685248739,-0.0023345637579277,-0.0283631429215565,0.0200868447352264,-0.0175302127490255,-0.0003463995121548,0.0062646666422097,-0.0324907286799773,0.01226766178759,-0.0082228479114276,0.009478752341106,-0.0220655566101695,-0.0094530543411819,-0.0005925519864824,0.0,-0.0085141273827225,-0.0627973905370167,-0.0072947061631962,0.0167135309168745,0.0109286748698147,-0.0050293938244614
2016-05-12,-0.011406489518821,0.0154039423846126,0.0053050887038688,-0.010914943637867,0.0031114331195927,0.0054478299543303,-0.0071277415127704,0.0032104399892654,-0.0146597993802704,-0.0135062901010671,-0.0017396749440963,0.0043302988286697,-0.0058890618920375,-0.009478752341106,0.0065542032331258,0.0050615163122804,0.0031565152725816,-0.0014804592306338,0.050804352028086,0.029428653823099,-0.0099546885063235,-0.0223474395678403,-0.0354017857309951,0.0033556243188794
2016-05-13,-0.0025157754797584,-0.06174025729651,-0.0063694092895767,-0.0095318840565159,-0.0181822788929273,-0.0493700599945112,-0.036420467409542,-0.0091230358100526,-0.0166642993094021,-0.0033661176936385,0.0115408530685696,0.0508131494579915,-0.0018470894745443,-0.0660816541728566,0.0072065728771191,-0.0028519629511913,-0.0223114045687151,-0.013422629306437,0.0107778688970132,-0.0158077765204218,-0.0074219900235825,-0.011363607242909,-0.0723769063518064,-0.007566094673324
2016-05-16,0.048424903162922,-0.0040728810893437,0.0053107916943937,0.0501158025313603,0.0198893092067296,0.0318319773489172,0.013264704654035,0.0165735674699605,0.0156086962550081,0.0091324748156873,-0.0092219583757007,0.0521988806017152,0.0145023708396045,0.0384937054247933,0.0415169471286342,0.0103319340124024,0.0272247875838949,0.0019997656582861,0.0091464595335495,0.0102687391247462,0.0126280788611694,0.0281708863108764,0.0239246459624045,0.0109104964258552
2016-05-17,-0.0160947836077127,-0.0261908680515841,0.0,0.0181715122345309,-0.0172039285856624,-0.0103742762419956,-0.007347785762596,-0.0236059039499956,-0.0060017952553566,0.0160323923662488,-0.0028994595401794,0.0115040407801489,-0.0113642483359828,-0.0084273362966575,-0.0017794742550654,-0.0112412748400867,-0.0035347573914381,-0.0070174402507161,-0.0168329546837804,-0.0020848795683914,-0.0069473114555358,-0.0055711345761013,0.0187356648166812,-0.011754928727905
2016-05-18,0.0023301594674371,-0.0197465748042611,0.0536210255518072,-0.0093395279802583,0.0059767098639156,-0.0018638482641351,0.0131872897310367,0.0118723998552892,-0.0146248092757641,0.0130662535959658,-0.0034903739569518,0.0004278923963325,0.0011056157863698,-0.0491424381020934,0.0059929771621685,0.0072500669563346,-0.0056285064522056,-0.0182747026285259,0.0326406544863657,0.009102461753808,0.0245332241529405,0.0055711345761013,-0.0426603107790857,0.0084105269753738
2016-05-19,-0.0128838195365172,-0.0230554182356947,0.007003745666434,-0.0055628174292721,-0.0252494463758212,-0.0078667529240612,-0.0370689003005204,-0.0091616134082361,0.02273622065958,-0.0053729467325034,-0.0471306425181574,-0.0143478648092014,-0.01129533647511,-0.0501243558018711,-0.0115737931139046,-0.0093311727842158,-0.0082986439373442,-0.0020512992691315,-0.0261032386621182,-0.0190916100571501,-0.0115461832694769,-0.0224727740904858,-0.0024243437943343,-0.0058798816454188
2016-05-20,0.0229893531675537,0.0043631673468045,0.0128773756604809,0.0090974667854375,0.0156376854828406,0.0078667529240612,0.0045215824685247,-0.0005417770814197,-0.0007025784407894,0.0158087077045756,0.021155123939649,0.0340234721605172,0.0040885344917445,0.0046619352950919,0.0024592994242471,0.011908157135819,0.000406682998459,0.0066511394343633,0.013325735028389,0.009989148303342,0.0279914061657144,0.0224727740904858,-0.0345714610184844,0.0108923841877941
2016-05-23,0.0023017445482222,-0.0175691750581525,0.0009840169451287,-0.0016479244107285,0.0007913880291741,-0.0059878233673824,0.0059969253869238,-0.0037991542289945,-0.015229668171826,-0.0140649405020729,-0.0102195108652294,-0.0113846311587253,-0.0029718695385669,-0.0476280335468968,-0.0002232806700726,0.0029548704904192,-0.0112374564383932,-0.00716462239988,-0.0064504062799097,-0.0105918989847841,0.0149447638146185,0.0055401604998729,0.005012749285864,-0.0041753955851575
2016-05-24,0.0188390939139404,0.0102859916728355,0.047056228521495,0.0355279164401851,0.0044199444229184,0.0149035566078743,0.0059613428461249,0.0108167191545918,0.0232815248283726,0.0193538382129405,-0.0482766257215638,0.0579704281065862,0.0222576491173782,0.0048661748235108,-0.0013410809935257,0.0203180223146173,0.0071656704450617,0.0248555235300105,0.0580460015257269,0.0108897545100932,0.0082068265327421,0.0109891897040698,-0.0227568227022503,0.0041753955851575
2016-05-25,0.0142538493841533,-0.0102859916728355,0.0240975226323914,0.0045374873847672,0.0162477407929531,0.020498273470435,0.0478698866492219,0.0117648078662044,0.0186532256744809,-0.0043184233556177,-0.035499060024307,-0.0057640640344636,0.0239072683314631,0.0016166563791697,0.0203683034408195,0.0119958540688704,0.0267702531208655,0.0084809738585072,0.0021529796795822,0.0194834087144286,0.006111220246709,0.0162603565703527,0.040105576157826,0.0099505058344464
2016-05-26,0.0049412072088435,0.0146625909511004,-0.0082759776853578,0.0054178779282176,-0.000774932326828,0.0054199995070192,0.0056496441261353,0.0194793953756897,-0.0130898767941691,0.0073597568762675,-0.0293354725249854,0.0218973754331681,-0.0044505235996488,-0.0212253371293066,0.0006571886409458,0.0086569326679875,-0.0099800470844653,-0.010486882640901,0.0053621667453438,-0.0034166324541766,0.0068814204009335,0.010695356456418,-0.0024601272444921,0.0008246796887181
2016-05-27,0.0067173392052968,-0.0355597043311508,0.0073598128702507,0.040481961238453,0.0055675186866546,-0.0211222478182633,0.0112047368846761,0.0160332564166314,0.0013859949792718,0.0005185200067536,-0.0246587603055083,-0.0058986527724855,-0.0109427622553224,-0.0369785936032444,0.0137031345351905,-0.0025893410892194,-0.0060364745814052,0.0099896724473818,-0.0010700636498233,-0.0165637716036304,0.0004030646419157,0.0053051372771959,-0.0199013754969475,0.0032920183483393
2016-05-31,-0.0009997164274446,-0.057424082228846,-0.0307144257363769,-0.035597219833396,-0.0074303987101402,0.0293763395011947,0.0013918446054168,-0.0025682781437708,-0.0041639185803505,0.010457399740642,0.0137743093462909,0.0115939644638718,0.0107643389461489,-0.0366215965139072,0.0186203849645449,0.0008640056024082,-0.021624300580985,0.0346804336930932,-0.0057269077230459,0.0276491063358657,-0.0032310891185303,-0.0053051372771959,-0.012642058721149,-0.0132340259853604
2016-06-01,-0.0013013032576729,0.0252375397332114,-0.0094968127589973,-0.0113218014607383,0.006967539725617,-0.0100575261520594,-0.0111890649663584,0.0056422091011267,-0.0073286022346437,-0.0011729859737696,-0.0362156220552236,-0.0094913776175529,0.003029131530746,0.0314712466911528,-0.0055286171401207,0.0017253354868111,0.0080102334438829,-0.0307121416695768,0.0,-0.000774075018576,0.0212136240654445,0.0053051372771959,0.025127010009078,0.0140555702197582
2016-06-02,0.0029002197834744,0.0359783515059008,0.0066571408236728,-0.0050543844676997,0.0118108253726454,-0.0152788087730146,0.0084034358237217,0.0061195943053153,0.0087185286423143,0.0048292762603239,0.0272839160980304,-0.0146385695549007,-0.0037431432867167,0.0187557741436149,0.0036182328108891,-0.003577344521263,-0.0006136087986594,0.0069072131977976,0.0050126553264502,0.0047307454732523,-0.002776136462113,0.0157484023912342,0.0293417463231047,-0.0032895624302469
2016-06-03,0.0070650650535455,0.0178845137119598,-0.0037984055018975,-0.0108764817695758,-0.0038192661375355,-0.0062511784777354,0.0069491896560549,-0.003055083450141,0.0161878311284215,-0.0091659144337885,-0.0237441434064882,0.0112266266669331,0.0104804929643731,0.0283118393186485,-0.0021268645869971,0.00308474230747,0.0124099030252415,0.0209200469999397,-0.0017871449247053,-0.0030870730225149,0.0138045414073162,-0.0052220274550086,0.1051195478261225,-0.0008240001524901
2016-06-06,-0.0077645011664175,0.0044205920182986,-0.0057252323792806,0.0050521959712304,0.0035143278424856,0.0025789218337091,0.0082760883751891,0.0050863953966653,0.0068095096977391,0.0183934711814925,0.038812940076359,-0.0059414509306736,0.0087968675516321,0.0211216045626888,-0.000425894125172,0.0019691739711102,0.0060469923626187,0.0100601651125749,0.0299581618732767,0.0195185995699711,-0.0023533822156482,0.0052220274550086,0.0569172653406174,-0.0041307227071263
2016-06-07,0.011130213022847,0.028988212766793,0.0028664970575054,-0.0217676451244521,0.0112242271246594,0.0040390710272082,0.0521856085572747,0.0022030840047597,-0.004761968733562,0.0025999682601103,0.0360519658468065,0.00166046229968,0.0038463076304817,0.0347583829795619,0.0076386992445596,0.0069839584396182,0.0365040176604263,0.004754979305777,0.0031198733192749,-0.0004736363888886,0.0229002386034311,0.0206192121155773,-0.0165291845195595,0.0090648205732284
2016-06-08,-0.0008899338439052,0.0555699378186886,-0.0105514673987987,-0.0126632068825092,-0.0049899713021912,0.0021959657296606,0.0168070733255738,-0.0123587191023999,0.0169037903038966,-0.0118275250078143,0.0019652632092461,5.729387304453937e-05,-0.0022711326888926,0.1045840768005376,-0.0093438699674015,-0.0046507674503617,0.025821542675823,-0.0100119625987766,0.0099881802135541,0.0015153303449428,0.0103076675022308,0.0301530282581909,0.0507723543424059,0.0016394710180283
2016-06-09,-0.00545472546316,-0.0136059290636338,-0.0165296425106258,0.0016582696673888,-0.0074551325851088,-0.0169618905894268,-0.019418073196731,-0.0570363196541543,0.0123273810860506,0.003351985047562,-0.0019652632092461,-0.0192901226708088,-0.0054362493403785,-0.0370412371957437,-0.0233121792300474,-0.0096139667557286,-0.0121582112180966,-0.0198413648952588,-0.0141504992121006,-0.010944592637248,-0.0038053547195588,-0.0049626738344262,-0.0868313503345288,-0.0057495687316402
2016-06-10,-0.0320343541201291,-0.0462597872018284,-0.0647995976964028,-0.0282672924228517,-0.0130661512233887,-0.0183904042476057,-0.0359318941505082,-0.0082622761144715,-0.0275279299526216,-0.0233312327218957,-0.0026263942741997,-0.0569941260228623,-0.0269105316871081,-0.0628949683596408,-0.0151835265306754,-0.028900139396045,-0.0194931709993606,-0.0257438988657745,-0.0260577434601498,-0.0125183820147674,-0.0142062908490898,-0.0303054366075417,-0.0486820382287745,-0.0033003351109797
2016-06-13,-0.0108411879252239,0.0085721177940965,-0.0243527651658959,-0.0044535090138611,-0.0140234509524699,-0.0179635613294357,-0.0177721970427886,-0.0083311808322763,-0.015780466462,-0.0068746517395297,-0.0375127993550341,0.0075650755285328,-0.0116280765544134,-0.0426266177420362,0.0121215231113804,-0.0212596046457091,-0.0143293330623648,-0.0110941891882365,-0.018362248010562,-0.0147396481574251,-0.0089337793381587,0.005115082183777,-0.0091119454637961,-0.0116375836014683
2016-06-14,-0.0181222758270811,-0.0332645521141159,-0.0304703501612391,-0.0167087133834469,0.0001571891206966,-0.0128083219291323,-0.0086272907248499,0.0072243821284523,-0.0114765328220203,0.0079909163126226,0.0236098916780234,0.00762959791229,-0.0486804801013471,-0.0294622747518952,-0.004610885914082,-0.0088949109151688,-0.023403700227619,0.0190863677600643,0.0054357336477097,-0.0060166905950218,-0.0023438977580561,-0.025841239570586,-0.0325608957982972,0.0
2016-06-15,-0.0044498285706149,0.0073262712796111,0.0066079841344186,0.0011806161888854,0.0278482585070243,0.0170415000093706,0.0321480574436146,0.0027645987295323,-0.0144443912040173,-0.0048465918514963,0.0132452142016741,-0.000973364976494,-0.0051939563151623,0.0246115054831286,0.0059242563003003,-0.0036855036734513,-0.0006071493103578,0.004467964160761,0.0118556865537022,0.0137555442584629,0.0105036773616662,0.0104167235961092,0.0233654942243859,0.0016706322469492
2016-06-16,0.0146512104740086,0.0188004978853155,0.0010970860288843,0.0275013838003319,-0.0006107274926732,-0.0030770540236382,-0.019445092223842,0.0071527641385105,0.0098869592892025,0.0124789000334448,-0.0246432642986116,0.0059468193555001,-0.0056085139228327,0.0080711327860878,-0.0019709310377939,0.0048671673957674,0.0148747137092715,-0.0190009739750101,-0.005730830378507,-0.0047931345902076,0.0007739997345486,-0.0262482358095307,0.0205722274565559,0.001668100789844
2016-06-17,-0.0096730158586364,0.0042887196120267,0.0533743413824567,-0.0173070232328642,-0.0102815318147486,-0.0003849375764781,0.0083801267570866,0.0016435462824229,-0.0031673688383819,-0.0127778410654535,-0.0280360138576272,-0.0132158665612891,-0.0048604760085972,0.0623253848483811,-0.0114639624598047,0.0091445861626775,0.0302639993591657,-0.0050606536819404,0.0028697009781386,0.012181624110978,-0.0003869249828274,0.0105821752525253,0.009009005087189,-0.0008337876126802
2016-06-20,0.0229773663542784,0.0295175544866039,0.0653828172433428,0.0233904300231726,0.0160662661153487,0.0122560242983307,-0.0069784506849741,0.018975793167212,0.0305473391996224,0.0099686349836547,0.0226269456381835,0.0111567660339657,0.0058295379826098,0.0414264360984988,0.0162747012547548,0.0153562456896114,0.0184123179498563,0.0171029819466443,0.0219632802724181,0.0244942946428263,0.0199164405277212,0.0208341135208257,0.0352459005169556,0.0165430710019469
2016-06-21,0.0167918038498156,0.0110191782582904,0.0335119122007312,-0.0226529937260693,0.0037876331704036,0.0053150115299369,-0.0028051656408396,-0.0043056795395899,0.0010249947036276,0.0054630675389031,0.0,0.0050194387654904,0.0104087299821054,0.0158159655748464,-0.0052491247615771,0.0168883617905422,0.0214332980219595,0.0034850326979216,0.0187439145028696,0.0123990089665273,0.0083081929973287,0.0051413808268793,0.0021622522057813,0.0008201968530823
2016-06-22,0.0026365283631717,-0.0013709768718714,0.0084389388922909,-0.0035690261466969,0.0001512302449624,-0.0183422223083895,-0.0028130567361306,0.0021549533504867,0.0061287708891191,0.0047006930845272,-0.0261003906587729,0.0105612684833791,0.0051640626032338,-0.0129220105505284,0.019544468756997,-0.0074566401920845,-0.0046613671484365,0.0054524750920172,-0.0162941643456973,-0.0058047848585509,-0.0018820756131163,0.005115082183777,0.0128757252880301,0.0040897584078836
2016-06-23,0.0263830565486005,0.0556372303745831,0.0429486161711993,0.0104250465930437,0.0087311900907196,0.0266378173762755,0.038679001633977,0.0213002390941328,0.0241460073381181,0.0188007678842163,0.0145080292206754,0.0316085774005281,0.0185225984127792,0.0410533666470696,0.0313320325261829,0.0280193063062039,0.0305508301758283,0.0098379600199192,0.013539353618065,0.0318805929810768,0.0101215323750754,0.0151901111595455,0.0559730577267043,0.0056980873225958
2016-06-24,-0.0649924038133642,-0.0482020889767094,-0.2291992934129574,-0.0297198889008649,-0.014493054275436,-0.0524204475967793,-0.0745248719567959,-0.0485794165188835,-0.0721216933174435,-0.051876509550226,-0.021491257780243,-0.0047532691561342,-0.0448096149730936,-0.067409073012261,-0.0155434744131541,-0.0920591202809681,-0.0665098138809741,-0.0414748580095589,-0.0494799281946152,-0.0560193901554155,-0.0430621106525421,-0.0358093232751228,-0.08627829125502,-0.0372097101606225
2016-06-27,-0.0267735585431889,-0.0448886892572897,-0.2347404365017558,-0.0139224941867261,-0.0256879334079025,-0.0128411962870269,-0.0296318710015759,-0.0423674741828719,-0.0545225755195777,-0.0397873896423037,0.009068716523513,-0.0320619008217528,-0.0029417773360966,-0.0643407725614674,0.0115756870297287,-0.0263100005819572,-0.0124762825113942,0.0005097581025039,-0.0190204248715728,-0.0362393091589448,0.0060016952841439,0.0206192121155773,-0.038078776364243,-0.0118645968502375
2016-06-28,0.0203326695025047,0.0558030624061931,0.0376875914453427,0.0219969507857955,0.0188230079166449,0.0184076144902709,0.0369044494321302,0.0126151149111035,0.0416190691736937,0.0458060598289575,-0.0104712733763419,0.0373354348685701,0.0255975515264337,0.0702578512880212,0.0254118919716477,0.0250920160226355,0.0246066553721533,0.0296429568186349,0.0376857259735841,-0.0040979414264974,0.0143543784478881,0.0151901111595455,0.0705138177328731,0.0143888541767769
2016-06-29,0.0179522954071007,0.0398982331406561,0.0402739984169819,0.0246302698386022,0.0073699810168226,0.0114335020139555,0.0285732918922645,0.0130204313998014,0.026696644137472,0.0463213499867105,0.0270006252695136,0.0478541255617472,0.0148234133240525,0.0573220977272729,0.011157268290745,0.0167845559856916,0.0373790720060052,0.0364563976005314,0.0424707341745616,0.0165871367312435,0.0211521901316751,0.0050127203020726,0.0314162759024111,0.0199673125369095
2016-06-30,0.0317452762128622,0.0180889292165453,0.0,0.0044907845823569,0.0148802122039506,-0.0070812908873358,0.0112049039241717,0.0039290006143919,-0.0003511877662498,0.0122306096419331,0.0149154842016203,0.0626837649766436,0.0144212328911144,-0.0027893563321832,0.0329398733514305,-0.0010659020312848,0.0179062471633941,-0.0014332584156409,0.0003406217870223,-0.0151860273184158,0.0165296022598235,-0.0050127203020726,0.0423875756862272,0.0179597188561067
2016-07-01,-0.0077916241565034,0.0134910266745136,-0.0013165623086999,0.0002422264670407,0.003460600922188,-0.0083245807900369,0.006939404360803,0.0033556126280533,0.0017551829892603,-0.006132494918237,-0.0115060545647933,-0.04580018935903,0.009070139447215,0.0423852658598785,0.0337777883555197,-0.0006666471820526,0.0061382157353921,0.0033405218382709,0.0013620139593775,-0.0035061658646693,0.0113722730841212,-0.0050377761014245,0.0195701484995323,-0.0024301155850627
2016-07-05,-0.0319976926121494,-0.0243130642831346,-0.0513627565102958,-0.0203028275655876,-0.0085980584844627,-0.0108071754373422,0.0027623946353454,-0.0044763975593262,-0.0284614123002042,7.166604939001786e-05,0.028851401561543,0.0122234868237836,-0.0007374845754664,-0.0822764012322223,-0.0154039736864484,-0.0108630505917171,-0.0119497983584642,-0.0168150879146802,-0.0068283514861471,-0.0046275517044431,-0.0102292539909907,-0.0050632838459988,-0.0496623779187582,-0.006509550296466
2016-07-06,-0.0047313331131144,-0.0012966060588119,-0.0181951127748181,-0.0019169381970849,-0.0069931706577315,-0.0150012610108114,-0.0069202711734013,-0.0112807062710691,-0.006153877671569,-0.0010019276899146,-0.0053050471972171,-0.0038607437571411,-0.0075890017115765,0.0172914455546429,0.0034435592494115,0.0073889806043645,-0.0012755884086015,0.0019362458935923,0.0303668678298767,0.0060315132430286,-0.0041974727599503,-0.0102041333958992,0.0,-0.0057304905443309
2016-07-07,-0.0029547184708746,-0.0143700675606286,-0.0028288388287922,0.0114469871682079,0.0094139259668368,0.0040768197699891,0.0041578765380558,0.0022663445734154,0.0010887676746467,0.0229309112246234,0.0223546555330638,0.0123878547016929,0.0046340566533022,0.0169974118393908,0.0102604890521043,-0.0016076346732516,-0.0104506847423877,-0.009718326495034,-0.0003326622887875,0.0080849062534111,0.0060998796088469,0.0303054366075417,-0.0185002793536779,-0.0040140449239021
2016-07-08,0.0272129029958909,0.0512940476323406,0.0361653236143209,-0.0224005103224351,0.0175273097805548,0.0205359235373627,0.0232410914778995,0.0095746635818434,0.0086674024846935,0.0228274667760057,0.0167637855503577,-0.0177216359523963,0.0090215364999872,0.0479875438381885,0.0148234624363925,0.0265907557218669,0.0058804934532976,0.0145422401020334,0.0168127320031179,0.0146060464212087,0.0158372027830449,0.0,0.0266137573134691,0.0106689084594191
2016-07-11,0.0257906635498912,0.0062304328738362,0.046706342575125,0.0442503772640368,0.0101945670271179,0.02712982985296,0.0240330857070525,0.0161250943146309,0.0103739000734033,0.0191695042783868,0.0541345147265133,0.0602151175004417,0.0145565221757526,0.0393750470328194,0.014055977921358,0.0183680272560637,0.0054813479825051,0.0105315946662627,0.0197449526512591,0.0345674783626783,0.017430481494411,0.0390292957935216,0.03376681450891,0.0129765794048508
2016-07-12,0.0111646076254317,0.0,0.0358553376230117,-0.0123492011578258,-0.0033867161207834,0.0111861430974835,0.0476588446123571,0.0076924264366688,0.0280718894965024,0.0136599925886393,0.0351122140215243,0.0036043069849998,0.0034261998409128,0.0391219321740413,-0.0110804377936428,0.0037101825704555,0.0168042123246232,0.0066442380417175,-0.0197449526512591,0.0082943037180536,-0.008491686300478,0.0039879485035491,0.0439422694817315,0.0040210726449858
2016-07-13,0.0022773042168013,0.0245408483252007,-0.0216157032062316,-0.0049826442451674,-0.0056204913987665,0.0080230141684576,-0.008844109748918,0.0021866960627903,0.0037991027915369,-0.0121850967459673,-0.0064535636045066,-0.0189281117444601,-0.0039684133627417,-0.0200006370966588,-0.0046531865807315,-0.0028131907245079,-0.0050297967324355,0.0145575476101154,-0.0345893466592455,0.0123135096026558,-0.0029710563671954,-0.0049875195349657,0.0203520829560144,-0.0016064565418953
2016-07-14,0.0182288007049358,0.0450317703552154,0.0303821416383749,0.0041944222518264,0.0106227142256294,-0.0134074523693512,0.012610471507374,0.0070749792798789,0.0096055955933627,-0.0003349706341744,0.0099561629554694,0.009610840461641,0.0010839597846397,0.0359612731096818,0.0113231759094776,0.0142404715665716,-0.0010812790023235,0.0125090670276768,0.016446032036212,0.00111188651287,0.0081485066009148,0.0049875195349657,-0.0222230680202053,-0.0072610801979331
2016-07-15,-0.0132957152330384,0.001157847250685,-0.0024968646449685,-0.0128821375196572,0.005561145273313,0.0206113092926969,-0.0100756509454602,-0.0925482672064605,0.0139009347271326,-0.0050388964845495,-0.0152674858108934,-0.0014844863281364,-0.0047050877300289,-0.0097917384128204,-0.0052072826286213,-0.0030345445833424,-0.0046979875088171,0.0041351180444202,0.0,0.0077492314541203,-0.0036957586371948,-0.0049875195349657,0.003738205026503,-0.032924825765227
2016-07-18,0.0148481579706256,0.0194849299717805,0.0124225229985577,0.0125180262579354,0.002769139832468,0.0064020359350775,0.0063092891870042,0.0005947402442465,0.0040321686418285,0.0022201072745451,0.007662935637501,0.0213876435000952,0.0018122030427485,0.0314797631167542,-0.0022401996811214,0.0078203931882701,0.0090154447121708,0.0036611310591578,0.0086179729292865,0.0017443366079845,0.0230570236202432,0.0049875195349657,0.0148150711695321,-0.0084033140431412
2016-07-19,0.0239524038688543,-0.0045510557539765,-0.0212112191212194,-0.0220880867257013,-0.0013105912305331,-0.0064020359350775,-0.0063092891870042,-0.0101584759729591,0.0010054879491994,-0.0005377210510886,-0.0041189586121652,-0.0032643813154229,-0.0059928629287537,0.009489733150246,0.0,-0.0033979840966225,-0.0068445535912315,-0.0082567639511288,-0.0009904810224963,-0.0041364932982297,-0.0134766668626942,-0.0251902326065329,-0.0451202969534535,-0.0708029288131518
2016-07-20,0.02366911184951,0.0135900077033681,0.0137760454097703,-0.0033557609857401,0.0040721448000442,0.0041470174304327,0.0,0.0059881484162425,-0.0057113571537246,0.0242463499551908,0.0047059987471085,0.0013570982188664,0.0072594538596866,-0.0106823678285108,0.0141032067879431,0.0538679825292653,-0.0030771558893878,-0.0143821773970707,0.00822481901663,0.0067933989042217,0.0102151019557248,0.0101523269040506,-0.0057859891267639,0.0382098958430089
2016-07-21,-0.0250901555073497,-0.0181618702949755,0.0024847799163687,0.004657670450527,0.0021747040773916,0.0123389456441831,-0.0076237495413455,-0.0077913722348414,0.0186921217179083,0.0068024712311975,-0.0297818301814367,-0.0084759439754229,-0.0050760177805622,-0.0011940587543119,-0.0174725562065098,0.005836638754177,-0.0021774772827809,0.0290142423527774,-0.0171845823634513,-0.0040335660381662,-0.0025438567186548,0.0100503861675166,0.0267192326431227,-0.01228082231718
2016-07-22,0.0014210436578396,0.0147817782570873,-0.0049752645585088,-0.0032269422047201,0.0054882367839481,-0.0033499617494761,-0.0025545243977398,-0.0030130493230309,0.0248216854207026,0.0053957830681383,0.0048250949748296,-0.0068634979075694,0.0110257483587372,0.0106950628137133,0.0001874734294879,0.0029647544379161,0.0012705018986465,0.0040772756384073,0.0069753528446645,0.0075041893002936,0.0094169209070105,-0.0100503861675166,0.0,-0.007085810288374
2016-07-25,0.0080146061706374,-0.0147817782570873,-0.0050000604345283,-0.0039236800142665,-0.0065023889126534,0.0026065462179585,0.0051022608993644,0.0072156254412805,0.0204349154376939,-0.0176603396622168,-0.007852717231223,0.0256850569265689,-0.005949730578175,-0.0202991122376781,-0.0235216217774714,0.0028378048662203,-0.0287152215547505,0.0090006937114388,-0.0119881884191455,0.0,0.0043166870739681,-0.0152674049480691,0.0037592850289118,0.007085810288374
2016-07-26,0.0212784455082957,-0.0057430663353368,-0.0075473225185334,0.0233142346816652,-0.0039221055181974,0.0025997697940076,-0.0038241130029181,0.0035887961165919,0.0028405564768956,-0.0008582235098915,0.012654642416237,0.0166171391494236,0.0177438648270502,0.0143715593116973,-0.1664783718889415,0.0075286567096526,0.0150128639765902,0.0115815144184869,0.0119881884191455,-0.0007296289434979,0.0167292933304059,0.020305177033921,0.0618378816451076,0.0035242997781137
2016-07-27,0.0072366178296041,0.0057430663353368,0.0050380078262621,0.0089218643346731,0.0066724407958429,0.0066543034131734,0.0189757769880993,-0.0029897053332477,0.0050298516342652,-6.618004435221536e-05,0.0160382736761119,0.0130211401229463,0.0008880952460046,-0.0095580539477477,-0.0065962751937731,0.0095639287143196,-0.0075708646787191,0.011448807284268,0.0059407934903459,0.008811380341112,-0.0081520191920598,-0.0462807446098957,0.0174830077803562,0.0061377944081295
2016-07-28,0.0047352136753158,-0.049305634508195,-0.0151902348561034,0.0007852196271871,-0.0018808952207813,-0.0055419591070391,0.0037523663390535,-0.0066083764316065,-0.0069226591404256,0.0038894870507926,0.0140435182422238,-0.0055179123046698,0.0035435803785786,-0.0329499002684574,-0.004803795279638,0.0045165238342894,-0.0301058299556706,0.0143449595838589,0.0094975122328757,0.0017170183496375,0.0014224913055711,0.0052494315074517,0.0051858836285043,0.0069684467067238
2016-07-29,-0.0041876178899142,0.0458636079311061,0.0497614445600393,-0.037085691186018,0.0033256267661618,0.004804571919251,-0.0551775727098666,-0.009691328883997,0.0028377269455939,0.0071458524146867,0.0899607815912961,-0.008579344303361,0.0075764285122086,0.0741082906297342,0.0009166992358218,0.0097741103094799,-0.0107545820298038,-0.0112847138658529,0.0852440737517896,0.0075554625076401,-0.0128754278396403,-0.0105263661244707,-0.0086579160791699,-0.0157483008250307
2016-08-01,0.0007295853104709,-0.0092379440948777,-0.0308097166219463,0.0224894997331732,0.0005774052429052,0.0062491653531631,-0.0321743534814589,0.0084849890909788,0.0,-0.000849586119453,-0.0074626885753552,-0.0076663732140063,0.0014032254578411,-0.0716298135856415,0.0192860080816976,-0.0012595198574079,-0.0436097070285925,-0.0083279685644268,-0.0276151797029893,-0.003321017270613,0.0297894221369952,0.0261111255485505,-0.0408223033374305,0.0200791812601666
2016-08-02,-0.0029214639697396,-0.0133226055706316,-0.018951727938093,-0.0153098598737306,-0.0002886005866997,0.0274681586149432,-0.0178699463233174,-0.0109224332921444,-0.0085375256335713,-0.009525363461357,-0.0140088618016083,-0.0117605849441129,-0.0187548982017311,-0.0212644012849148,-0.0090293434588666,-0.0086301601611218,0.0026181450211018,-0.0204544123412842,0.0,-0.0113926076685011,-0.0162033789374724,-0.0208341909315315,0.00361670254782,-0.0148022026414795
2016-08-03,-0.0085388918439521,0.0324101372612117,0.0264333368463405,0.0092263911433478,-0.0030354060238209,0.0095796319910044,0.012405527545493,-0.0024435542352385,0.006646721659214,-0.0014532718068522,0.0124023990015516,-0.0087229947387728,-0.0114967431498342,0.04692231914533,-0.0054569066029812,-0.0044009541252396,0.0012064937266895,0.0022436807878909,-0.0046260286060333,0.0009089306646599,0.0,-0.0052769346170189,0.0441377360212127,-0.0035148300975736
2016-08-04,0.0150092059652804,0.0280762491359196,-0.011243101990237,0.0019703951105469,0.0023135399515497,0.0164598689837554,-0.0041180746819438,-0.0160301297221703,0.0075423551268611,0.0063916391333149,0.0074746420120912,-0.0009069236978218,-0.0027133731589441,0.0143715593116973,0.0169550696411469,-0.0020917369430977,0.006808212576185,-0.0071975704530964,0.007698252851634,0.0201460323178013,0.0084866229968736,0.0157482870404766,0.0222044120487703,0.000879911189064
2016-08-05,-0.0044609340746495,0.0110133920692745,0.0161996304867204,0.0292195564051223,0.0059039159143483,0.0058876530277669,0.0068539416749024,0.0098953423240686,0.0229041598077959,0.1276519413526937,0.0090019184965157,0.0158503286454632,-0.1015434643881576,-0.005963093819946,0.0115892681920004,0.0027877009649133,0.0009968776048965,0.0027051634513894,0.0036743612188461,0.0319827082821735,0.0136389635354743,0.0051947940509747,0.0167506090394704,0.0017574136131845
2016-08-08,-0.003198554582326,-0.0076960936413159,0.0316328485612671,-0.0055717600900937,-0.000718253844548,0.008937571650188,-0.0068539416749024,0.0012296927725508,0.0193947285051829,0.004268963408089,-0.0068764705031707,-0.0061204268726746,-0.05650986188627,0.0341010451927019,0.0140817910552826,-0.0039515665271165,0.0037813542303601,0.0044924070017069,-0.0129194174485784,0.0124268880748088,0.0103661933136147,-0.0156661464744324,0.0016598199904251,-0.0017574136131845
2016-08-09,0.0058410353437823,0.0044052006950505,0.0154487393502193,-0.0054821287867747,0.0017226553799942,0.0,0.001374626895245,0.005516562475291,0.0248973651535338,-0.0204117420358045,0.0068764705031707,-0.0068613875908001,0.019332385000311,0.0057636553353744,-0.0185232504852712,0.0162867167916624,-0.0025856164645277,0.0102565828056127,0.0168846518401961,8.505983354467617e-05,0.0106003407217651,0.0156661464744324,0.0066115472300385,-0.007061064187197
2016-08-10,-0.0036467042893466,-0.0155046267333729,0.0050897975842831,0.0005435975444267,-0.0166321194769039,-0.0041152207806671,-0.015225223242435,0.0091268205515036,0.0032149848834492,-0.0033544567452414,0.0015802314159074,0.0021086728718207,-0.0161544308824015,-0.0315263481938364,-0.0116411573705907,0.0044584857405771,-0.0069229766845562,0.0097130678729269,0.0,-0.0040106873562155,-0.0061412953346406,0.0051680444570991,-0.0455006074611368,-0.0026605350113846
2016-08-11,0.0109002316171809,0.031853338086571,0.0047115391622183,0.0125395151364777,0.0127521440244402,0.0102566826226215,0.0083332661034649,-0.0048572899648395,0.0084267321143234,0.0017078475603566,-0.0005264663950019,0.0044031859799242,-0.0079968747665164,0.0280723124529058,0.0091897122699045,0.0005702049316331,0.0204272395555387,0.0065690494392804,0.0057670822612192,0.0069868979067173,-0.0027414714371336,0.0102564546884615,0.0136985819395938,0.0061972994204679
2016-08-12,-0.003801387165029,-0.0119632949963093,-0.0047115391622183,0.0015489696823554,0.0064585267967292,-0.0085397433338894,-0.0055476352230303,-0.0178082533114753,-0.011349054276553,-0.0063165824078561,0.0412642931051543,0.0274789519987574,-0.0060446181650624,0.0068960886169827,0.0,-0.002168204854442,-0.0022043462232073,-0.0109723278742337,-0.0066806414101399,0.0001700089619056,0.0034257486303128,-0.0154244991455607,-0.0416724878700109,-0.0035367644090833
2016-08-15,0.0050654627298012,0.0130435124886594,0.0011798536368725,0.0291576184747217,0.0106725305221346,0.0051325246089444,0.0192840762715393,0.0037109414080227,0.0127948590537894,0.0074930341560701,0.0155430281670305,0.0268853446493606,0.0090535359372956,0.0393093142412543,0.0020062583382962,0.0053550537613453,0.0036049093781302,0.0065975030870428,-0.0018299335398976,-0.0017844095895975,0.0051170041197492,0.0,0.0279739059304171,0.0035367644090833
2016-08-16,-0.0263290471367234,-0.0174289288455482,0.0,0.0020216965933821,0.0045189122187787,-0.0006827544376628,-0.0041010361228401,-0.0155527260922605,-0.0072497551011601,-0.0106365874721872,-0.0257005942981032,0.0081002674974048,0.0110970761248774,0.0098627050161164,0.0002225030007347,-0.0029590612991503,0.0135029083873794,0.0039380162738846,0.0006101193966445,-0.0025548958849599,-0.0106039647797873,-0.0104167149669806,0.0255332837621649,-0.0088652946006893
2016-08-17,-0.0234314726172231,0.0043854163568888,-0.0047280951295813,-0.0032945573609586,-0.0009865252731935,0.0202845287747295,-0.0013707078969233,-0.0018828329117208,-0.0131831114216334,-0.0081123141778496,0.0005103459536925,0.0006096773327448,0.0010606953074021,0.0140774537827879,0.0137079039111691,0.0013668555756929,0.0025612510487418,0.0026167913778909,-0.0125864698295843,0.0162384742739014,-0.0034447953126157,-0.0052494315074517,0.0033559272095622,-0.0170637789251395
2016-08-18,0.0054849080189667,-0.0043854163568888,0.0082597806549271,0.015339388170104,0.0042221538929085,0.0030074919287805,0.0270651708042419,-0.0025154678019225,-0.0008851155218287,0.0010177372089259,0.0081301182035979,-0.0271308018435445,-0.0027597873377636,0.0149414164480083,0.001755302772771,0.0021602729910039,0.0103727185368454,0.0004354487231235,0.02230128915695,-0.0021834541149496,0.0061919155688068,-0.0052769346170189,-0.0101014307575049,-0.0109290005692401
2016-08-19,0.0065802382251387,0.0010981293230902,-0.0082597806549271,0.0120705567022803,-0.0053512599256557,0.0217832625177227,0.0,0.0012585645354299,-0.0068118149037879,0.0032853212592378,-0.0152986741915785,0.0101593725366733,-0.0034073768213933,-0.0010599957216284,-0.0119076950996372,0.0014754664283653,-0.0147106551450018,-0.0251279246938227,-0.0115466804268096,0.0057008855727032,-0.0179936006695173,-0.0106384508564718,0.0101014307575049,-0.0101242496101271
2016-08-22,0.0040209940395961,-0.025571359998129,0.0047280951295813,-0.0209467082808565,-0.003253136485589,0.0110387067069925,-0.0161510136839502,-0.0063092817246146,-0.0131620941599215,-0.0049022440233228,-0.0233958611708184,0.013402555153037,0.0129282601342013,-0.0411310937416921,-0.000221827977044,-0.0070559802538756,-0.0099282388393966,-0.0175642022761897,0.0088240132982693,0.0079934412051061,-0.0084150383560284,-0.0161727871360536,-0.0323432534215877,-0.0139732883176265
2016-08-23,0.0123346259058836,-0.0216288064926788,0.0233113742198818,-0.0020729010608615,0.0043822425183361,-0.0126725369093394,0.0040622373288623,0.0457719549058428,0.0039067898024192,-0.000779257821196,0.0187603522049433,0.0028185730250691,-0.0016863445065715,0.0229391297469802,0.0097152008146692,0.0025093130367732,-0.000998567811838,-0.0059239654032396,0.0033266735348966,-0.0064897497976987,0.0035147704880174,0.0161727871360536,0.0154506731070329,0.0084071160054656
2016-08-24,-0.0168240132466568,-0.0011511734594031,0.0103151749317078,-0.011595004600915,0.0095451639078771,0.0006539819991959,-0.0177237612341745,-0.0091103432084671,-0.0072245614776673,-0.0042672767098146,-0.0272125866142163,-0.0097108167153687,-0.0112419156276297,-0.0229391297469802,-0.0033015137938448,-0.0047962621695836,-0.0076199254888877,-0.0059591526284723,0.0039175150576127,0.0091400399681775,-0.0038670969531366,0.0053333224502608,-0.0417450612692527,-0.0140513529642817
2016-08-25,-0.0019705312278368,0.0034507078596375,-0.011467901259784,0.0078992137786526,-0.0005589720950562,0.0006531499905078,0.0123036949724315,-0.0209625414045946,0.0326922783353094,0.0036075008074636,0.0209981266026528,-0.0124882865932098,-0.0006399555822871,0.0153508333753376,0.0070301525764873,0.0003433759690683,0.0006038305889943,0.0073293396747766,0.0056980521154075,-0.0050581851591182,0.0073698926256211,0.0105820630232298,0.0017745246816631,-0.0113855379000253
2016-08-26,-0.001503941494116,0.0,-0.0011544284353801,0.0035804791316005,-0.0068729454100395,-0.0128188111062184,-0.0013596005696467,-0.0093897885681664,-0.0165097329697099,0.0019184659483997,0.0082773285858226,0.0432730616012215,0.0008534536969273,-0.0087430803228414,-0.0037286387826425,-0.00137410965901,-0.000201094879539,0.0018238861991566,-0.007805657876706,-0.0139803720564639,0.0013974721955265,-0.0052769346170189,-0.0342685638122229,-0.0124821032090962
2016-08-29,0.0072169749810973,0.0294137450691542,0.004608406676178,0.0010370632314185,-0.0015494658881194,0.0128188111062184,0.0241948319746052,-0.0094786328298481,0.0266916911049164,-0.0022785941675005,-0.0124418282822014,-0.0156104187470504,0.0034063473182479,0.0281400106712895,0.0021947801312109,-0.0008022918670977,0.0012061448125053,-0.0036512197815032,-0.0099953617378625,0.0143958277816889,0.0020930131219834,-0.0106384508564718,0.0289351696236025,-0.0175443453612942
2016-08-30,0.0041006317012497,0.0011135635155914,0.0249729687272786,0.0103123405936287,0.0110746920861024,0.0091031153605216,0.01842131715138,0.0069596790531167,0.0060597548371652,0.0019790103884558,0.0052029451441102,-0.012106278664814,0.0016989332613963,0.0021323363056784,0.0106859096334304,0.0175063362922838,0.0010045853014659,-0.0050423379808557,-0.0079462544817765,0.0074511039854368,-0.0027912955374129,0.0053333224502608,-0.0307717045267477,0.0039253969036057
2016-08-31,-0.0090624240026055,-0.0067037394556166,0.021076771970441,-0.0252812123569725,-0.0011160338451423,-0.0029170831982674,0.0,0.0,-0.0005753415272229,0.0300996830249742,0.0103252779357361,0.004586473581631,-0.0087373981159992,-0.0269845933302664,-0.0128806897646414,-0.0087150117792207,-0.0184382311502964,-0.0027611834430589,-0.0132822032635127,-0.0050442079600969,0.0041839017688753,-0.0106953428703426,-0.0317486552392538,0.010716133580797
2016-09-01,0.0087835883540234,-0.0146813227188367,0.0021932439366496,0.0315312673815491,0.012896320841703,-0.0009742819404556,0.027011338275896,0.0150191806324035,0.0168405240027609,0.0097201538343432,0.0086934877320947,0.0184167122707696,-0.0081667929263318,0.0087146842796339,0.0115784672131797,0.0056679290955621,-0.0055368937916115,-0.0087943877486913,-0.0006221204695751,0.0032277726660918,0.0076257301037814,0.0,0.0225149546831631,-0.0048568288614029
2016-09-02,0.0034359297938983,0.0320401485351413,0.0195232016795641,0.0069426842872486,0.003713307359169,0.0058310237420395,0.0,0.0123457434870688,-0.0002830522894106,0.0693920091941784,-0.0020386861501431,-0.0046422118765701,-0.0117216244287541,0.0383027778165433,0.0193594747326586,0.0131381166821507,0.0205560043092871,0.011095903080176,0.0154372189286684,0.0087209714272669,0.0061963429858242,0.0053620204200817,0.0382212959297383,0.0116168061824617
2016-09-06,0.0006490144281094,0.0250426552532867,-0.0195232016795641,0.0615175881366845,0.0162028012870671,-0.0061559686004848,0.0434581215523552,0.0085526023552688,0.0199025510689807,0.0006980770339346,-0.0076824764090792,0.0324581503812271,0.004357351887505,0.036889142900202,0.0070058699309831,0.0084425209229692,0.0128108924603465,0.0182235428430996,0.0266037803390346,-0.011617058411085,0.0119393287855702,0.0106384508564718,0.0212023975411905,-0.0048239299624641
2016-09-07,-0.0149354906406156,0.0,-0.0065937897458319,0.0004759067270692,-0.0024339677832632,0.0035685992149572,0.0168678345648862,0.0,0.0088421135377299,-0.0232979700887794,0.0147999131203775,-0.0139246924300007,-0.0023943543099966,-0.0060545729462375,0.0090555337267739,0.0046351481964155,0.0067390334918071,0.0094362284050482,-0.0023894014382701,0.0005798400181182,0.0111280281542236,0.0052769346170189,-0.01408489419947,-0.0116731100211484
2016-09-08,-0.0213875429795056,0.009630662846062,0.0174868250787716,-0.0087614734004484,-0.0042061372652817,-0.0012961994608811,-0.0132292456765845,-0.0215199266826577,-0.0155254189247973,0.0065171999118156,0.0015186379264742,0.0124823307869128,0.0013069762211412,0.029912812001589,0.0023036035239369,-0.0141939571607112,0.0104158848770214,0.0044624487293618,-0.0096155671730202,0.0022335553704424,-0.0010064934320412,-0.0159153854734907,-0.0178896109383632,-0.017769607115935
2016-09-09,-0.0230343316775298,-0.0751731847065386,-0.0087052245835099,-0.0292228251595192,-0.0156208234095478,-0.0246197712367575,-0.0170945317469395,-0.0012436151548145,-0.0160545050714602,-0.0218539379152824,-0.0168328338325927,-0.0391448199787669,-0.0424554028471999,-0.0680816166228708,-0.0211381467549194,-0.021448095723926,-0.0311749947598376,-0.0284508927292899,-0.0204367758500163,-0.0196107478718499,-0.0411157225322735,-0.0053620204200817,-0.06526060601242,-0.0221559005623549
2016-09-12,0.0139618973880857,0.0136831958772136,0.0032735040475198,0.0110860361464713,-0.0009674749031751,0.0105785546436605,-0.0086578749212187,0.0191070278892375,0.0163338407650863,0.0017280796157495,0.0198631121799119,0.0762936806569971,0.0457143059572824,0.031058726631701,0.0051141072497262,0.012698720455754,0.0034226446993006,0.0131972250335965,0.0067565591925253,0.0141418412123206,0.013893923631532,0.0053620204200817,0.0396653320776014,0.0081135823836404
2016-09-13,-0.0136669715738531,-0.0643125990618478,-0.0186922322768785,-0.0121850044275779,-0.0213768431497061,-0.0102461029601204,-0.0200760208612158,-0.0197293766228887,-0.0580789664974026,-0.0145874373531995,-0.0131981728703811,0.0052020880576488,-0.0056557617433332,-0.0951065301797562,-0.0108987199687184,-0.0068960511164686,-0.0312360732120042,-0.0415383754668905,-0.0157336935293466,-0.0128783928420119,-0.017397693948074,-0.0216224700551316,-0.0870115889646722,-0.0173207747561729
2016-09-14,0.0023561983747546,0.0072200787230143,-0.0066815456420612,0.0015381171436246,-0.0022620086781723,-0.0160753151145698,0.0200760208612158,-0.0068729459486729,0.0008876676584397,-0.02831617423276,0.0705246719094998,0.0149779357514652,0.0045706403289371,0.003357484514621,0.0089838006080453,0.0019266300373708,-0.0100041915227473,-0.0009429592057843,0.0018639643687721,-0.0115131961457262,0.0045526544825817,0.0,0.0140423540048031,0.0020533232043847
2016-09-15,0.0161465953275223,0.0295354971638606,0.0044594875475754,0.0234360699704065,0.0073332795336336,-0.0047377412915126,-0.0037338223622545,0.0056266919110119,0.010884241591011,0.0150605728932937,0.0309447968047358,0.0126561596594423,0.0041173972489314,0.0351302478551648,-0.0004260483158278,0.0039547521386253,0.0056390712776246,0.0023558510009267,0.0077291161466095,0.0061116221087313,0.0193774855993815,-0.0054793382193959,0.0019900362155429,0.0061350010281947
2016-09-16,-0.0139917289494722,-0.0105323877071294,-0.0466791346783057,-0.0080213911035338,-0.001687646185267,-0.0191786691005768,-0.0188803749059629,0.0018686027713121,-0.0144399184110017,0.0147240272716429,0.0009229561196599,0.0011767612211124,-0.0025983091775354,-0.01850923424694,-0.0040555974678651,-0.0206236533917465,-0.0168029853466165,-0.006136367142814,-0.0211647979128877,-0.0304146136857266,-0.0092960296399033,0.0054793382193959,0.0,-0.0123078727502665
2016-09-19,0.0110929294540751,0.0035234255673408,0.0,-0.0014603870813054,0.0074319175050958,0.003796276919755,0.0163835977301087,0.0037266847811208,0.0029640305822691,0.0096039422121805,-0.0228607931643258,0.0450161395928585,-0.0084923457705334,0.0,0.0051203230651557,0.0140612241750615,0.0044381604996392,0.0178325002801567,0.0031408900201217,0.0038310925686264,0.0346737890435009,0.005449682919078,0.0098913026855487,0.0184054649275661
2016-09-20,0.0147922219288387,0.0174321836833559,0.0046514247172186,0.008784457993979,0.0037648529298182,-0.0017238717738248,0.0049876086586027,-0.004971927073492,0.0070774210376542,0.0018985384326031,-0.0004720429015554,-0.0196711917364083,0.0108744640386153,0.0131007622759833,0.0044589175028697,0.0107265654598718,-0.0076207166478621,-0.0070012512210637,0.0177159434152138,0.0120072338329322,-0.001002551855314,0.0054200431729697,0.0058881006497315,-0.0050787240373465
2016-09-21,0.0172980901618169,0.036202340992224,0.0342106696284112,0.0505337836221988,0.0190246956150423,0.0268952939087343,0.0086685967331205,0.004971927073492,0.0295330550431462,0.0409893850386016,0.0079944029601302,0.0218775506849686,-0.0041182893246665,0.030968543149226,-0.0087240859200639,0.014273493934187,0.0197775134965585,0.024978025112484,0.0294451806753526,0.0253499222473339,0.0198681826968565,0.0213911948195556,0.0680791870960766,-0.0010188681399529
2016-09-22,0.0193045191720351,0.0165297339006866,0.0122563012369536,-0.0029631258902531,-0.0050655586309482,0.0140096511762877,0.011036335345679,0.0074122726977623,-0.0060092067556869,0.0238105753397626,0.01994039148917,0.0100080835205753,-0.0102611236140632,0.0052442343738006,0.0192618464776606,0.0223349501277061,0.0097443254894864,0.013161403086332,0.0142562673302426,0.0112383518633887,0.0052323253421864,-0.0053051284062109,-0.0091825569418769,0.0030532883766225
2016-09-23,-0.0020242792552505,-0.0054791815985932,-0.0223972789971074,-0.0192685959664116,-0.0044015474784417,-0.0234596036590177,-0.0284495372648276,-0.0180075335936811,-0.0025866651964738,-0.0219916674720312,0.0497079582686867,-0.0185401381753966,-0.0152572377066784,-0.0405605375074461,0.0041839695537548,-0.0089179076647623,-0.0103696115380258,-0.0063320472257899,-0.0091839044495132,-0.0263369754095741,-0.017769624983619,-0.0053333224502608,0.0,-0.0071390694346091
2016-09-26,0.0018406188898181,-0.012161823722834,-0.0171332428798465,-0.0150299775918538,0.0012399846337207,-0.0157214696521794,-0.0202795938450777,-0.0056549755667878,-0.0174172343399514,-0.0012836541478939,0.0,-0.0254191325970616,-0.0100771567345536,-0.0186922236610111,-0.0121823163293752,-0.0087778971350021,-0.0104777602519834,-0.0045479083761752,-0.0041753152462029,-0.004770965208471,-0.0093399719357667,-0.0107527439630838,-0.0074073868037618,-0.0020492199702081
2016-09-27,0.0077842136150056,0.0263463915346062,-0.0023071547634563,0.0103769858873459,0.0064500273609606,0.0065620708624254,0.0,0.0025172095924601,0.0211512762108432,0.0034726734950814,-0.0100988584338637,0.0121147003465291,-0.0131406499387378,0.0055340012091842,0.0107199228209204,0.0035205475769819,-0.0078245345285452,0.0131316063297424,0.0029321786649993,0.0103647208972876,0.0185931997397381,0.0,0.0110903382164216,0.0081717002723272
2016-09-28,0.0021869325255403,0.0107758635712524,0.0069045965276322,-0.0163249327857677,-0.0115574241513307,0.0041221797437827,0.0076529926423942,-0.0012580113152906,0.0040057088855114,0.0006937431518085,0.0035242293911648,-0.0027068145648283,-0.0025114643034829,0.0474231097464893,0.0012537344821419,0.0111389803775212,0.0338166655569316,0.0142922275406602,0.0032810196642614,0.009240777495366,-0.0023054109045017,0.0,0.0378766514634156,-0.0050994429071501
2016-09-29,-0.0103390297660732,-0.032682449520123,-0.0385784875375478,-0.029788454115736,-0.0143566040780536,-0.0117243686824912,-0.0602275807342134,-0.0012591982771694,-0.026328704097704,-0.0201504156545411,-0.0075039009490831,-0.0058904452314898,-0.045366791304044,-0.0245086553392861,-0.0350613544137412,-0.0279722592511744,0.0205182904344303,0.0022149690927744,-0.0101766894070765,-0.0140403031081932,0.0023054109045017,0.0,-0.0214677485337828,0.0
2016-09-30,0.0077871430517433,0.0044195972041625,0.0351323707508457,-0.0008783333091715,0.0092228714608704,0.0031171143074439,0.0080645954829772,-0.0056872962264158,0.0029274548358659,0.0066717850842881,0.0446251508873931,-0.0053016299854933,-0.0050364167338878,0.0064515267774856,0.0038851936405839,0.0206693577533716,0.0068136749148481,0.0,-0.0009027305316648,0.0006036895207,0.0062304806358968,0.0,-0.0054395960754091,-0.0071831285865213
2016-10-03,-0.00594961444241,0.0458130080466201,-0.0092487529482652,0.0080413220676467,0.0067930267605467,0.0031070884517028,0.0172531551776895,0.0113422717932036,0.0017522624761516,0.0066277316515019,-0.0375611104702686,0.0168031374967272,-0.0113655248546695,0.0388908627083306,0.0211026498973074,-0.005704878582609,0.0055765010113622,-0.0022149690927744,-0.0033177102090062,-0.0069169902292092,0.0042407773060797,-0.0054200431729697,0.0286755933830961,0.0020575480169594
2016-10-04,0.0002753805294801,-0.0036692070783093,0.0023202385673812,0.0029378648631617,0.0104455197590671,0.0017219319427823,0.0117727313814235,-0.0006267185675261,0.0017491315124007,-0.0086841259096255,-0.0079505856098154,0.0151580795133905,-0.0119876271823868,-0.0114051025013517,-0.0108154037080447,-0.003527046051885,0.0065329075686588,-0.0057816947635664,-0.0109357567729226,0.0006070927272681,-0.0108004011874558,0.0,-0.0378083653341746,-0.004119548517687
2016-10-05,-0.0013774309533305,0.0182115498937389,0.0195071724661743,0.0001629527100917,-0.0061718825730365,0.0284959096830861,0.0012995271999221,0.0006267185675261,-0.0032090928544059,0.0102404353426948,0.003983194260539,-0.0018921594352407,0.0216686938671886,0.0348395948223445,-0.007705551893522,0.0042970728946762,0.0162444264802124,-0.0198204016541971,0.0060901023803772,0.0149743982159105,0.0045962900622162,-0.005449682919078,0.0145723680264876,0.0030910416959277
2016-10-06,-0.000643763873346,0.0,0.0,-0.0141675443755389,-0.0078723767193999,-0.010421784043157,-0.033006343284694,-0.0126104132622328,0.0107542701457825,-0.0010729895884864,-0.0088731219221362,0.0311462491652689,-0.0160236206959081,0.0472064211620926,-0.0217211701643798,-0.0003297987413963,-0.0072088055591303,-0.008223045167909,-0.0067010499858439,-0.0053958545667081,0.007830390580739,0.0,-0.0036232541953622,0.003081830026144
2016-10-07,-0.0219417189962536,0.011610026877129,-0.0253178567683938,-0.0095207249981337,0.0034605123408093,-0.0044033782719004,0.0066889685324431,-0.0102040120678092,-0.0128023071144456,0.0188243233493325,-0.0243584850501084,-0.01190732501873,-0.003186893795593,0.011461253521328,-0.0068305209933412,-0.0150695903980082,0.0031238816006613,-0.0032162014837373,-0.0058239692932831,-0.004734607640775,0.0132367998767266,0.005449682919078,0.010830527975604,-0.0010262914631701
2016-10-10,0.0057173822982585,0.0062761096157146,-0.0058443438202882,0.0093554470247543,-0.0002765117185989,0.0060915033032391,0.0,0.0171594497632543,0.035949427747917,-0.0033772188589287,0.004101174754473,0.0326302730130261,-0.0036894801562463,0.0317787610934476,0.0168808772924338,0.0057884108299397,0.0173916981500483,0.0105291355845236,0.006129297800252,0.0045627960464562,0.0032018184111741,0.0161727871360536,0.0558611272084046,0.0081801606313178
2016-10-11,-0.040825568756416,-0.0010435388130036,-0.014168204748379,-0.0248249282154322,-0.0051269823534876,-0.016669853619593,-0.0080322070577654,-0.0107698613892905,0.0019755351248926,-0.0252648829563826,-0.02766429959834,-0.0277005776742504,-0.0199110940096338,-0.016698074077337,-0.0093918843423685,-0.0165643218160749,-0.0189524779536749,-0.0100689290122346,0.00152654900551,-0.0094934609683843,-0.017739523885619,0.0,-0.0188523417223545,-0.0122953666840147
2016-10-12,-0.0012665299457736,-0.0136628652267487,-0.0228511202542798,-0.0092495460867958,0.0002775843026183,0.0044497654452531,-0.0094530111014179,0.0145435016927819,-0.0084939747683261,-0.0068538580089612,-0.0023402415359488,0.0280065547424799,-0.0050403867947368,-0.0028103740297185,-0.001317491445965,-0.0158109377524953,-0.0056779954611991,-0.0018416358279642,-0.0024435828610647,-0.0014752917764431,0.0199750723047724,0.0053333224502608,0.006896361964801,-0.0010313742062048
2016-10-13,-0.0215805110163387,0.0209434769137697,-0.0073260470043761,-0.0045711927035654,-0.0066888797713358,-0.0013671545653468,-0.0303054558979158,0.0442059169240922,-0.0282603095225937,-0.0839345766309875,-0.0070538555404371,0.0021397439061834,0.002271552372401,0.0313967832936381,0.0067885256637785,0.0002290932713151,-0.0074892712882923,-0.0111214956458365,0.0172809934166875,-0.0040027544593517,-0.0265045572877933,-0.0160860664133447,-0.0511124212310929,0.0224498308924875
2016-10-14,0.0072453735724957,0.0,0.014598968689085,0.005141071011752,0.0082156676323603,0.005797291037723,0.0166439319926037,-0.0613005824954968,0.003795218619802,-0.0084650325560815,0.0,-0.0023307288674612,-0.002271552372401,0.0126470459481409,-0.0165037264784477,-0.0128049791196014,0.003948590642921,0.0083526669539661,-0.0114870608588639,0.0034816221903524,0.0042492503629105,0.0160860664133447,0.0090011568792187,-0.0152518242725926
2016-10-17,0.0003953986240352,0.0164442330282521,-0.0060569714737894,-0.0020532752451689,-0.0110158914982236,-0.0088799019176293,0.0470200883436846,0.0025511638786226,0.013314172395896,0.0050756502456952,-0.0379945153328189,-0.0010335727112158,0.0187716603209597,0.0239479990930264,-0.0002218771956132,0.0025511282744279,-0.009900595374428,0.008283707438804,-0.0030452733544044,0.0029496937608923,-0.0029399852654643,-0.0053333224502608,0.0177623264622595,0.004089958839284
2016-10-18,0.0114994795901957,0.0360397964172616,0.0393143189733675,0.0028506291675354,0.0210881393811455,0.0126130883956636,0.0623214030870948,0.0132870709817507,0.0347542308831374,-0.002266017715593,0.3671590538531846,0.0169751167804519,0.005686828430369,0.0310637297264642,0.0169440268391629,0.0150567963575083,0.0073357767446418,0.0239989647111822,0.0214217322356276,-0.0032972942106548,0.0094418735095169,0.0106384508564718,0.0277794484793849,0.0192020589221993
2016-10-19,0.017052916350865,-0.0098813397927042,0.0173712792435729,0.0031263522185591,-0.0017859280139389,-0.0081633229504105,-0.0161594381187393,0.0060154812536505,0.0085719295651101,0.0113968259847654,-0.0504894258286547,-0.0063462925320156,-0.0017273886546873,0.0093024781175226,0.0058737409357609,-0.0080173967975927,0.0078711495104775,0.0013417291960404,-0.0177688972797054,-0.0013916954345445,0.0038808754810437,-0.0160004712765535,0.0,0.0069826041422108
2016-10-20,-0.004911624934361,0.0274260831201644,0.0227025929234199,-0.0058627756716864,0.0002746827420119,0.0132319622892547,0.0320620289821651,-0.0063329105565954,0.0139440804425339,0.0095161118179456,-0.0071685169224782,0.0023090144273987,0.0134925162725485,0.0108831058334504,-0.0008679599199901,0.0036728892976745,-0.0005882037552313,-0.0248827300744518,-0.0057897888107556,0.0108211299419336,0.0025789339137189,-0.0108107667159719,0.0320162301263875,-0.0140143080904352
2016-10-21,0.0160893711558856,-0.0126400440477414,0.0011216218172971,0.0090359286750345,-0.0017889770958197,0.004036130931289,0.0072552024560008,0.0082250759988071,0.01214429441257,0.0166968522927524,0.0248680940218792,-0.0036740912381971,0.0111461455902142,0.0132341194178251,0.0103674598089695,0.0174905323450973,-0.0033398638273092,-0.0013752118402918,-0.0188191411207978,-0.0075190836081091,0.0006436763157484,0.0054200431729697,0.0374333759227112,-0.014213191345905
2016-10-24,0.0001900225453841,0.001954779649409,0.0,0.0229304055014774,-0.0026202249587647,-0.0033624760835726,0.0470675002317175,0.0075331389289234,0.0154381441326987,-0.0064021358141541,0.0017528221044909,0.0137552664007247,-0.0167665056932788,0.0195291633491458,-0.0053862766401637,-0.0055320015633926,-0.0045356969100232,0.0360401106784471,0.0009338757552337,0.0015603120706328,0.010561885738662,0.0266681294365746,0.036082085150459,-0.0051255805695619
2016-10-25,-0.0070537137977932,-0.0029338577364868,-0.0022447201446864,-0.0233831094134409,-0.0290037537918705,0.007716851824834,-0.0185620779078981,-0.0189401318521602,0.0139017694046379,-0.0103532506225478,-0.0052677776439682,0.0090167061575301,-0.0118315959451655,-0.0187074527838986,0.043747051293391,-0.0002264679415118,-0.0015825228719164,-0.0124669800931198,-0.0090640762688547,-0.0017339515739136,0.0044473623483489,-0.0052769346170189,0.0451883116181612,-0.004119548517687
2016-10-26,-0.0066222751491507,-0.0148001160928017,-0.0056336897703139,-0.0220895124797397,-0.0112948397514784,0.0006683571580281,-0.0165293319013626,-0.0044713300918053,-0.0176066800644232,-0.0022827272321519,0.0017590556540643,-0.0144208438988733,-0.0022339236765764,-0.0016435595608255,0.0041273055027355,-0.0062475438594153,-0.0085497091481041,-0.0108105494857402,-0.0003139237519356,0.0021669491776847,-0.0108351133510975,-0.0322609209116034,0.0175187850785787,-0.0114169460677955
2016-10-27,0.0019240340295256,0.0098909062091676,0.0463658195378298,0.0131066413552476,0.0148424112395444,0.0003337232834881,0.0023780244546514,-0.0167854616693461,-0.008786917792523,-0.0071158504465707,0.0052585437747172,0.004917493679875,0.0172459434322558,-0.0066009117752072,0.01654245826942,-0.0011400114808592,0.0087475795041762,0.0063202726889199,-0.0097838695460339,-0.0056435616694621,-0.0141983684726487,0.005449682919078,0.005771981057554,-0.0136626825963331
2016-10-28,0.0134599795768854,-0.0049334291717655,-0.0021598068756762,0.0253191804900261,-0.0001412585379627,-0.0043499223890655,-0.0083481742499216,-0.004567531644313,-0.0235432144711786,-0.007582802621906,0.0121634992087891,-0.0078193742264125,-0.1380780578378315,-0.0175365900070916,0.005454242183839,0.0026203500338359,-0.0129497527976112,-0.024602691612499,-0.0012693640306098,-0.0003484111225855,0.0,0.0161727871360536,-0.0072199864180628,0.0188685215792048
2016-10-31,0.0015162917434832,0.0292415692889362,-0.0032485518596809,-0.0153179920405133,0.0028295408353673,0.0003352312042692,-0.0072114694751594,-0.0019640116422117,0.0125172340327086,-0.0008927455504128,-0.0191810986375706,-0.030579407399816,-0.0033704376296177,-0.0169928939242824,-0.0070757948399289,-0.0005691016739231,-0.0012037850239909,0.0078106931613768,-0.0050941920801479,0.007376406820045,0.0106678045675949,0.0159153854734907,0.0028939870156925,0.0041447406088214
2016-11-01,-0.0165152989131955,-0.0381834192999162,-0.01310056586899,-0.019238470097683,-0.0120821035397162,-0.0271848070640903,0.0024095401906467,0.0,-0.0188350698661832,0.0105389891780092,-0.0285733451906562,-0.0314636560872334,0.0064504845215385,-0.0509773611393269,0.0076800010501321,-0.0176872988682186,0.0462921057047793,-0.0055070568211221,-0.0193366517940056,-0.008073424986482,-0.0126197981483291,0.0104713524234576,-0.0028939870156925,-0.0020700118252637
2016-11-02,0.0013468389430739,-0.0100301102109292,-0.0211001068357792,-0.0275239080036397,0.0011435877344587,-0.0226451382360211,-0.019441611451195,-0.0065747321310969,-0.0191965874652937,-0.0189065099002778,-0.0256895141177087,-0.0247589608619893,-0.0152115477420085,-0.0330005885891031,-0.0230130206906329,-0.0029012108236452,-0.0226822876571968,-0.0060004120531491,0.0206127349031808,-0.0118364571236755,-0.0104746870622212,-0.0263867378969484,-0.026433349813566,-0.0093702596183268
2016-11-03,-0.0218656887484849,-0.0177076322914302,0.0265794484738175,-0.0012449472559703,-0.009039577775483,0.0003523246171464,-0.0012277301366567,-0.0132805006274081,0.0103396029217721,-0.0043912172321682,0.0037105935775665,0.0019736367081173,-0.014294277923089,-0.0112468777833458,-0.0416461458399473,-0.015694798919223,-0.0021588539313515,0.0050797098166608,0.0009560548622891,-0.0018540983941255,-0.0036260800702483,-0.0107527439630838,0.0059345495988354,-0.0158147510454276
2016-11-04,0.0069516185400724,0.0010270585423288,-0.020983518222851,-0.0051744866098974,-0.0023085040152408,-0.0242435461376406,-0.0061616337967285,0.0053334498904502,-0.0131525310495366,0.0060703686758447,-0.0149256358757088,4.137244184132527e-05,-0.0110018144691252,0.0018834394531719,-0.0105799949208336,0.0075267811969839,-0.0120591922885053,-0.00092178210088,-0.0183200321545233,-0.0233326989167155,-0.0013219711613308,-0.0054200431729697,-0.0134030806077958,0.0063559660606494
2016-11-07,0.0218112144279318,0.0509857492521299,0.0242570222703708,0.0227563947866116,0.0071970890049275,0.0214215543610016,0.0634564617517796,0.0132099950308233,0.0244863625184477,0.014101022793727,0.0149256358757088,0.0313400996879198,-0.0055466326582576,0.0699332984498202,0.0092904243869429,0.0158088253844699,0.0212521496339719,0.0036815801685161,-0.0140455519460143,0.017217411207782,0.0360488985815887,0.0215061095863145,0.0722861191322166,0.0208990564283687
2016-11-08,0.0005727335631702,0.0019469953970296,0.0021762579209936,-0.0037374453551635,-0.0127021431358524,0.0042299635872655,-0.0499509556836208,-0.0052629442938654,-0.0052363426121231,0.031462495865199,-0.0018535403398818,-0.0088773548613172,-0.0085257865298529,0.0026281857767826,0.0006446596313209,-0.0028874729643053,0.0017836787730236,-0.0009190097553384,0.0081902331921444,0.0117546793803047,-0.0003192441525778,-0.0053333224502608,0.0503162336780103,-0.0135345528091599
2016-11-09,-0.0109363309327452,-0.0447610822236701,0.0425596727476087,-0.0133107242034249,0.018993397295449,-0.017743360168279,0.0452997852489536,-0.0417568352420818,-0.0088816311959178,-0.0105321794411272,-0.0206193299617876,0.0115811137308488,0.0201674163515219,-0.0096707111831071,0.0632886701963979,-0.0056834320953518,0.0072984437766168,-0.0232569313899317,-0.0144598945575711,-0.0177292723118913,-0.0242219793160556,-0.0161727871360536,0.0287602657335814,-0.0105373829154929
2016-11-10,-0.0221397937151408,-0.1383390595963347,0.0517617522334401,-0.0312553811289042,-0.007152090827839,0.0149254313670006,-0.005844599250782,-0.0069014295365146,0.007222409037582,-0.0597824772871815,-0.0249293685929146,-0.0968119896276658,-0.0204625059220573,-0.0905508294040917,-0.0064762522158079,-0.0190236909371757,0.0052924295976635,-0.0204429377677137,-0.0123231697165664,-0.0085330125899831,-0.038319071401295,-0.0109290211384739,0.0304592361921172,-0.0053110044584745
2016-11-11,-0.01140592028288,0.0058237039720567,0.0049332977781655,-0.0031861081751758,-0.0066253490594996,-0.0035335708897137,-0.0345889304804247,0.0048358336446261,0.0035917994442073,-0.0429841914032715,-0.011718854135239,0.0256927421725765,-0.0121825845231082,-0.0608060513030976,-0.0149333253421608,-0.0146893950158233,-0.0372443212444801,0.0062248133385844,0.0090076272933918,0.0097842597029611,0.0165070317613169,-0.0166210150932679,-0.0395206591333352,-0.0117835349492696
2016-11-14,-0.0105291815351709,-0.0128585049326888,0.0376674889025645,-0.0075151348409425,-0.018228802477926,0.0095120556817329,-0.0245711875965464,-0.0315042957924813,-0.0035917994442073,-0.0158990356471964,0.0155948427369816,-0.0736719775495386,-0.0141504540469354,-0.0165808374763694,-0.0039236987409658,-0.0183334287323804,-0.0101977221313598,-0.0110394378436273,-0.0039931994228288,-0.0015195629555257,-0.0367511676507579,0.005571124972736,0.0,-0.0075717302602686
2016-11-15,0.0082321520034831,0.0414808862888205,0.0047282776675467,0.0166175251620259,-0.0067928333331517,0.0038497199222202,0.0135887899440261,-0.0042764180632404,0.0107365536785439,0.0142947201659326,0.0057859223099945,0.0457021053316983,0.012654516035981,0.0429515068828492,0.017434429951618,0.0028141134604187,0.0227008196125955,0.0115167744247917,-0.0127522011989955,0.0063315696572257,0.0120587053557716,0.0055401555673936,-0.0493104864298485,0.0075717302602686
2016-11-16,0.0067755448218393,-0.0251432556981185,-0.0209729768311266,0.0138899690504876,-0.0241445637347976,-0.0031485656049734,-0.055499727204441,0.0078264779155372,-0.0339771213445905,0.0078682831283618,-0.009661910911737,0.0088603674210889,-0.0150833311829918,-0.0161457187166691,-0.0500312544521874,0.0048758644677775,-0.01270607693331,-0.0047826276345679,-0.0081380060082649,0.0007108070053858,0.0223512074823011,-0.0111112805401297,-0.0013668455990607,0.0085836883375657
2016-11-17,0.0183022633731146,-0.0305546838957699,0.0162446991635798,-0.0031836564500551,-0.0157579502204487,0.0142638651751045,0.0141661709902505,-0.0007088272933444,-0.0142655099287267,0.0021005855246372,0.0173248127771321,0.0286981414349236,-0.0018252188937215,-0.0236753940254546,0.0057552411855494,0.002671312480877,0.0036470422105754,-0.0072167715221644,0.0111731560881818,0.0059342915543094,-0.0131470794419734,0.005571124972736,0.0,-0.0085836883375657
2016-11-18,0.0195998775617685,0.0235853711219644,-0.0123985789179439,-0.0110712390521277,-0.0043269446652884,-0.008325149273876,-0.0077021847761964,-0.0150057758785222,-0.0025897727589696,0.0022864560059066,-0.0095878008746157,-0.0257480278158999,-0.0128719195816096,0.0051945166806053,-0.0160689026833869,0.0091745941379643,-0.0046623175314772,0.0062576515714121,-0.0176635788611607,0.0070400290763545,0.0,0.0327896779749777,-0.0096223969628379,-0.0043197433528076
2016-11-21,0.0047692593971202,0.0173313894374349,0.009551198829333,0.0079377368912156,-0.0325833885107482,-0.0038385423450488,-0.0025804693800515,0.0078881252563294,-0.0043305716528725,0.0188529361101812,-0.0313137576342956,0.0144096021389472,-0.0052573598089171,0.0622690486761972,-0.0169902097583589,0.0123008133046225,0.0262671886736618,0.0009591199507523,0.0196818782980421,0.0041124505034657,0.0060891934979947,-0.0108107667159719,0.0563910208124416,0.0032415556469015
2016-11-22,0.0021862524560969,0.0045720953662784,0.0009501705148102,-0.00739039714077,0.0023972609985754,-0.0028013278734264,0.0051545788661098,0.0042764180632404,0.0083557958588142,0.026538894907528,-0.0200809963647121,-0.0067065132545653,-0.0146807916619962,0.0202416702052958,-0.0121561034227153,0.0135574918218184,0.0045413703727517,0.0071652418387482,0.0140139262489304,-0.0063951597400633,0.0087310449667161,-0.005449682919078,0.0790377201515848,0.0096618760434717
2016-11-23,-0.0020909635680981,-0.0057175625112104,0.0047368702926,-0.0051203788938449,0.003346287061229,0.0055947443389148,-0.0064473858217963,0.0049663856918045,0.0116962768204689,0.0108532659991196,-0.0184242203241895,-0.0010357901275361,-0.0066299358792951,-0.0019105005496165,0.0128147510015841,-0.0148638785360128,-0.0091035765389042,0.0056951830584037,-0.0039838359956718,0.0063951597400633,-0.000669184558625,0.0108697260920477,0.0119906979676223,0.0042644798310047
2016-11-25,-0.0091762155753691,-0.0185194391487673,0.0075330999915124,0.0049379655950945,0.0192222929250829,0.0251346267965337,0.0,0.0279153906906375,0.007065232584607,-0.0215805577295382,-0.0082988343411183,-0.0195790908721034,0.0160253593015613,-0.0251707187492911,0.012436279095167,0.0173199744695242,-0.002388144290998,0.007073653084769,-0.0188052011226897,0.028326409575432,-0.0077245847050657,-0.0054200431729697,0.0035693395835161,0.0314160476461339
2016-11-28,-0.004909421388894,0.0230956998951437,-0.0266174598738917,0.0154480355402872,-0.0193814559832472,-0.0044301364723762,-0.0355536040682684,0.0020626696820558,-0.0059314509233212,-0.0081834038313965,0.0103627870355462,0.020442258480084,0.014237440706728,0.00489026340198,-0.0013019940099781,-0.0123408299144927,-0.0197232732164174,-0.0103921236109818,0.002370016962788,-0.0012742482250809,0.0,-0.0109290211384739,0.0776646823498592,-0.0103626677980046
2016-11-29,0.0015427246713706,-0.0301305008557757,0.0219161011415618,0.0129693811666502,0.0240521193005482,0.0044301364723762,0.0093398631300984,-0.0041294304940306,0.014902719189684,0.0064661482909986,-0.0335460899564727,-0.0075351061549659,0.0055163808544151,-0.0398062326033004,0.0073546485838082,-0.0004732933628623,-0.0028498003206092,0.0094519424320989,-0.002709122852873,0.0055097812776736,-0.0037156545564287,0.0054793382193959,-0.0623433944843461,-0.0020856524759956
2016-11-30,-0.0063792582243875,0.0174940565142631,0.0131087314312772,-0.0132688454732141,0.0021721651010504,0.0111580077479094,0.0403437264478443,-0.0013805049343904,-0.0002792280880541,-0.0317427660294749,0.0294138368757144,-0.0261613139255714,0.026539323111455,0.0985353233752184,0.0070867822532973,-0.0155002777825972,0.0407410442062174,-0.0028263323214319,-0.0143443552352942,0.0019423047121129,0.0047267996727677,-0.0054793382193959,-0.0070421185062974,0.0010434230917398
2016-12-01,-0.0309201454741989,-0.0781178454144486,0.0147740765127615,-0.0234534589311854,-0.0091863335823272,-0.0040430140217893,-0.0337258058840073,-0.0118093506021672,-0.0084106296003638,-0.0421904135257573,-0.002072507977505,-0.0284229455191522,-0.0014890424388585,-0.0317787610934476,-0.0146584262511773,-0.0158665208482027,0.0132191098657403,0.0047061650096882,-0.0296757837692716,-0.0064326724250758,-0.0391534949535632,-0.0222232458646057,-0.0335359477689003,-0.0125918999284155
2016-12-02,-0.0021023441920506,0.0205531476430747,-0.0194362236990341,-0.0086836798913694,-0.0137020951028592,-0.0084760170226076,0.0131063817758512,0.0,0.0075727933275433,0.0082932938199284,0.0205346021199877,0.0126365209263683,0.0112627507564111,0.0141447729766637,0.0045498401230315,0.0001219788986732,0.0027000169535269,0.0093458191285811,-0.0056858958699215,-0.008013565584938,0.01079959068888,0.0167135113114675,0.0336153462388331,-0.01489395805497
2016-12-05,0.0309843021308209,0.0170115819406826,0.0249206435831528,0.0162585814655091,0.0063230728215391,0.0020408827793136,0.0,0.0020940858511211,-0.0092634030448217,0.034720423145937,0.0060790305694831,0.0249810923612061,0.0143383564808736,-0.021770760058839,0.0092524436414795,0.0146621821667656,0.005378601587973,-0.0004651114004619,0.0028468104956733,0.0062289709414029,0.005528837968312,-0.0167135113114675,0.0257325910046803,-0.0064516483549643
2016-12-06,-0.0020424316845852,0.0155408563222121,0.0549782968616541,0.005159444693974,0.0241314091082678,0.0027144913630494,0.0218939640887172,0.0090247285252251,-0.0045222517839875,-0.002535492484184,0.0060422991358928,-0.0156856801895952,0.0241111908513924,0.0301623156582533,-0.0019292545231759,-0.0016853458364654,0.0032512670119198,0.0129449194083894,0.0007107950892843,0.0027182065288746,0.0167435339703794,0.0167135113114675,0.0171725548375374,0.0075226879478246
2016-12-07,0.0081451394012042,-0.0011870833489637,0.0263956489193581,0.0248742490436573,-0.0024643894718225,0.0171346529325973,-0.0141117185345489,0.0218736481891219,0.0380758124753306,0.049953056602324,-0.0141559649870264,0.0022875947493115,-0.0017030179707369,0.0037071544432518,-0.0058110899440877,0.0208677501472029,0.0091241069721275,0.0222584227529667,0.0158536427050046,0.0299177974348747,0.0141322522632911,0.0109890727725341,0.0389586604742162,0.0095900276048866
2016-12-08,-0.0042582612107269,0.0011870833489637,0.0075347643441801,-0.0093747086389859,-0.004791600419264,0.009943810451757,0.0191943904447025,-0.0006763954842323,0.0432299486968754,-0.0347720957479671,-0.0289275898346779,0.0091444877921582,-0.006555553694258,0.0055352780741178,0.0198744790130933,-0.0059180483135827,-0.0017046370940163,0.0044823387398427,0.0190415291995038,0.0110534646245525,0.003668725891488,0.0108697260920477,-0.0243105471755518,-0.0085195891723487
2016-12-09,-0.0043737713953966,0.0117922707845685,-0.0210712173131959,0.0181356375430308,-0.0162453646316893,0.0101723779473008,0.0113421885960911,-0.0027098274166992,-0.0261956493579562,-0.008475576701727,0.0329926516843657,-0.0073982385932156,0.0304164860061413,-0.0027639974930271,-0.0136342331151713,0.002253106510448,0.0009476905279881,-0.0126010747406328,0.0081968023802256,0.0013833374083302,0.0026596053086218,-0.0163490643114437,-0.0180593986431785,-0.0010704384325379
2016-12-12,0.0023347820156622,-0.0394555379076768,-0.0232669315581106,-0.0137933903680185,-0.0031545144223636,-0.0138072101470498,-0.0151516639851811,-0.0027177003224483,-0.0037603351300194,-0.0315758981101312,-0.0081466378883052,-0.0224827696908485,-0.0111577007676597,0.0082684312244509,-0.0051616210098166,0.0003551844339355,0.0112969105091087,0.0,-0.0095694058115496,-0.0091488420543619,-0.0073308830554239,0.0054793382193959,0.0022755191935048,0.0010704384325379
2016-12-13,0.0167684233752556,0.0109165991568029,0.0129929705423714,0.0175330193808518,0.005356814601364,0.0029748542766419,-0.0012731965210635,0.0182007032846982,-0.0045850732969201,0.0202263855151354,-0.0082136297414563,0.0085640638387962,0.0028010184117115,0.0009145168677593,0.0077318108759842,0.0115363309726523,0.0163421585660645,0.0085679877494784,0.0156732572358293,0.009880233790426,0.0152675985663339,-0.0109890727725341,-0.035862667552724,0.0284679209240147
2016-12-14,-0.0096991594129676,-0.0293781033276618,-0.041288352821625,-0.0095520949092859,-0.0207993775109063,-0.0096169416449067,-0.0154045254902355,-0.0087218166547842,-0.0141576575144539,0.0058492574457247,-0.0082816525547766,-0.0135636026922747,-0.0180641595458035,-0.0506200649291059,-0.012053308636545,-0.0062224920961426,-0.0182158962418927,-0.0231670161454191,-0.0260288032141411,-0.0164670001004667,-0.0162717187703771,-0.0111112805401297,-0.0250460495937778,-0.018888320190727
2016-12-15,0.0134191408916652,0.0111178652045751,0.0186587895089194,-0.0241363466983814,-0.0027309462134463,0.0059801133304047,-0.0090969658569319,0.0026916760554829,-0.0030206279949278,0.0095273882205448,0.0,-0.0193122569450485,0.0113282732629769,-0.0135530576441744,-0.0056461024572374,-0.0027125441262585,0.0071027919891006,-0.0041447552898126,0.0013867943607051,0.007570978609328,0.0096620784994798,0.0221003533126639,0.0203234059572219,0.018888320190727
2016-12-16,0.011454668676432,-0.0198510225157624,-0.0061809176428062,-0.0051405037479721,-0.0219574793331442,-0.001989454728303,-0.0211089593941324,0.001343335532941,0.0117567745533611,-0.0272438124786615,0.0020768914965132,-0.0013133060952466,0.0030927029154916,-0.0048850064876502,-0.0052400596154917,0.003889455753594,0.009638291375722,0.0046040969335767,-0.0146598795205186,-0.0080665038810359,-0.0228047308631387,-0.0165292283399278,-0.0336975592734729,-0.001040273308822
2016-12-19,0.0367777159067808,-0.0138813947185147,-0.0242056248490025,-0.0075466869809366,-0.0132430478837881,0.0023206596515676,0.0,-0.002015638616059,0.0040686106606204,-0.0122709694680498,0.0082644626245884,0.017309676613165,-0.0059127462511687,-0.0328552633223788,-0.005047868302467,0.0030537337634353,-0.0024006863262382,-0.0046040969335767,0.0139666791711947,0.0069182016383608,-0.0071487813898092,-0.005571124972736,-0.0566544405008855,0.0020791482339265
2016-12-20,-0.0046378249185634,0.0312722920832924,0.0206566393820892,0.009666587914582,0.0068088988297452,-0.0013255600545996,-0.0026701914305056,0.004027055294226,0.0010825522853892,-0.0012418377790668,-0.0103413541211017,0.0005996901815454,0.0064741571115987,0.0030320747387413,-0.0070655117104596,0.009105956109713,0.0014782458337423,0.0105577918213346,-0.0034734903426831,-0.0013962895514625,0.0013658329101517,0.005571124972736,0.0230483157148579,-0.0010388749251044
2016-12-21,0.0030943986851843,-0.006176698157184,0.0017759528680079,-0.0082625052254332,0.0028097591329991,-0.0046526490828129,0.0013359869552724,0.0026753883881931,0.0024305659826606,0.0098277388495873,0.0041493994740182,0.0282732389374134,-0.007039148239845,0.0020159312685166,-0.0066694931909281,-0.0011628867247086,-0.0007387404440408,-0.0244985344078778,-0.0087366598620282,-0.004613211010592,-0.0058169972418244,0.0,0.0012650146029717,-0.0041669640577671
2016-12-22,-0.0006363557351924,0.0117021480119539,-0.0179056354242521,-0.006303370137731,0.0044460799426584,0.0049842650957439,-0.00535476405721,-0.0114210105585093,-0.0152215658231353,0.0131898653525484,-0.0251585762368873,-0.0273513644583371,0.0042296730514981,-0.0050480060072579,-0.0159645761939617,-0.0027962498064253,0.0012924378572072,0.0074594188140237,-0.0049262723189926,-0.003722499831098,-0.0138220730896057,-0.005571124972736,-0.0152869517402549,-0.0052327609553644
2016-12-23,0.0067962722808383,0.0256582919404069,-0.002713620828501,0.0044715136206612,0.0018060034734199,0.0013247131562641,0.0026809295256589,-0.0033841855208958,-0.0010963096639682,0.0013415209933214,-0.0021253669157328,0.0298134654279098,0.0050517057274901,0.0230125875857962,0.0094744712344239,-0.0002332873830575,-0.0014775362963761,-0.0060565547586106,0.0038727782103096,0.0019870042389067,0.0107284944580219,-0.0056022307713378,-0.0103227343439187,0.0020964766723867
2016-12-27,0.0070195518883657,0.0024096109128897,0.0045185416093214,0.0070039517560287,0.0009836076482674,-0.0046744216792706,0.0040080390067842,0.0040599203322626,0.000274190114224,0.0116765376026037,0.0168780218262747,0.001429747426267,-0.0042082480820706,0.0039488481151688,0.0047038425561258,0.0012829795264268,0.0038735731877976,0.0041970560563173,-0.0028152869528339,-0.012568428536106,0.0017198544900667,-0.0056340050514329,0.0243446714812018,0.0062629750319227
2016-12-28,-0.0065679087938477,0.041254985490615,-0.018198804591992,0.004662228900691,-0.006740819865159,-0.0104287554327759,-0.0107238875269366,-0.0054167569500405,-0.0163054771213304,-0.0173905955459128,-0.0275733109430227,-0.0003128234890343,-0.003943668895026,0.0175784420250655,0.0013397361113889,-0.0013994874438134,-0.0018425367695322,-0.0302341229186695,-0.0035294469453599,-0.0081577534555501,0.0006870979604922,0.0,0.0150757513015076,-0.0083594517043095
2016-12-29,0.003424226989515,0.0183072811038846,-0.0036798209885544,0.0057824925206206,0.00345828950684,-0.0098556018274127,-0.0026990933033843,0.000679029734933,-0.0199808388997095,0.018400564610598,-0.0064724979917767,-0.0041171837507651,0.0109475871247171,0.0,-0.0006696436941053,0.009640346007596,0.006251213184643,0.0057388836691498,-0.0046077512324802,-0.0117218487073298,0.0003430014073289,-0.0113634952861288,-0.0138107366985358,0.00731841343136
2016-12-30,0.0093124499809453,-0.0125499870085687,0.0137302348966206,-0.0126319791234639,-0.0024690054964282,-0.0030786237383835,0.0120887763550878,0.0060871547728682,0.0031217230493205,-0.0150646137162464,-0.0397403107967133,-0.0349535201022543,0.001116109841607,-0.0215272901402343,0.0111038599195438,-0.0009251495696611,-0.0033049558048503,-0.0033438334663893,-0.0042717394561213,0.0013662302213557,-0.013130745604065,0.0,-0.0373513068164745,0.0082986440874553
2017-01-03,-0.0157201314081136,0.0521540602071401,0.0330832246428198,0.0233847890325709,-0.0250303958636477,0.0142860678653935,0.0013342044752331,-0.0060871547728682,0.0215844494535999,0.0307755114666798,0.0266681792532623,0.0130106852120435,0.001671567646567,0.068794748474406,0.003527406889118,-0.0015050537827114,0.0153293833646874,-0.0125178979421511,0.0092330142421361,0.0114528615376601,0.0192913676195853,0.0169975003375617,0.0548954508262538,-0.0156170575188154
2017-01-04,-0.0048100354857343,0.0032664140772793,0.0200268691518701,0.0215138113416655,0.0001688912498418,0.0348466752757743,-0.0066889685324431,0.0261144568993276,0.0134971245263852,0.0293743187284034,0.0575238618045959,0.002472424065913,0.0072122872353896,-0.0027737678823771,0.0109431205888625,0.0041627482712698,0.0100897629113809,0.012996616435835,0.0101987198651782,0.0220246665466863,-0.0003415494902143,-0.0112995048545894,0.0,0.0248717987154398
2017-01-05,0.0119371982643405,0.0215063068784591,-0.0051862309144645,0.0315396567535657,0.0284805977579281,0.0,0.0277979279265756,-0.0072968368920658,-0.0123884819686477,0.0323967965098539,0.0524314086717723,0.046937408967461,0.0240319812806864,0.0273991152178858,0.0164081672445477,0.0136384983967925,0.0087464145217701,0.0245640798514892,0.004886636217648,-0.0062077476474735,0.0169208651237458,0.0112995048545894,0.0305835350470666,0.0071390694346091
2017-01-06,-0.0010793033051816,-0.0021306119155775,0.0,-0.0061608012813207,-0.0036190931441222,-0.00621639759161,-0.0157898715764286,-0.0134050356699557,-0.013947036980876,0.0051246655964671,0.0097752486130278,-0.0098648164778203,-0.0113976187563102,-0.0209382416115846,-0.0153200528974593,0.0070326682802503,-0.0085669633174325,-0.0150448341319013,0.0083216845917974,-0.0025771698576093,-0.0057209953810923,0.0111733557440739,-0.0380644004977361,-0.0061160320396401
2017-01-09,0.0122534487494476,0.0053166872691448,-0.0183651765838135,0.0044125135826789,0.0008237252618759,-0.0013135015276297,0.0105542584614852,0.0094022422632913,-0.0036583199385731,0.0112629922867393,0.0038834407687406,0.0343863428475539,-0.0038284753730306,-0.003687105723924,-0.0246545685826728,0.0100093646119265,-0.021560856590193,-0.0052241079885684,-0.0048457800279513,-0.0032517736147568,0.0137426785417225,0.0165292283399278,0.0283792705945977,-0.0030722573651771
2017-01-10,0.0014213762405219,0.0021183525711019,0.0114085821881437,0.0176242785220326,0.0189206913399271,-0.010903865323661,0.0143325789718753,-0.0121049991838981,0.0253317543292563,0.0209157168526834,0.0134747135669046,0.0213955700916201,-0.0135157860441736,0.017392015766833,0.0015587896666544,-0.0082027294430799,-0.0042214102475863,0.0075901094054002,0.02433705584213,0.0001668868156183,0.0009980414774957,0.0108697260920477,0.0862000424944617,0.0
2017-01-11,0.007340922761208,0.0333019190860479,0.0017437749535185,-0.005505618116584,0.0332119585052663,0.0026541053099164,0.0217537350510199,0.0273622073790751,0.0101192217249392,-0.005866772646982,0.0319876900811499,-0.0029629993884845,-0.010889377377929,0.0461076260083339,-0.0277514436760513,0.0018039799847278,0.0200299816452957,0.0080016349316909,0.0303508180590661,0.0012518924368967,0.0033205304866004,0.0107527439630838,0.0383188885397394,0.0102040529679503
2017-01-12,0.0113034303301029,0.0030657057679437,-0.0078705928467575,-0.0098070215139633,0.0021857957890962,-0.0006629270878191,0.0063092891870042,0.0039425504923662,0.008669567198515,-0.0203470601360287,-0.0149256358757088,-0.0161790640735564,-0.0101580486178631,-0.0043422736266185,-0.0066568409085325,0.0067344415064267,0.0043168350864593,0.0074734721541145,0.0140271402988145,-0.002254439092499,-0.0296024587984486,0.0,0.0138667517137189,-0.0040690519397555
2017-01-13,0.0046072394788465,-0.017498744246682,-0.0008783967523053,-0.0061574073218091,0.0,-0.0026558677108674,-0.0113853022267251,-0.0504309694161195,0.0024248553242705,0.0186482274581294,0.0332747745439054,0.0095117861078812,0.0132417488143015,-0.0149063088188798,0.0041371236723297,0.0005592364478159,-0.0041364877707432,-0.0004656783088052,0.0048475226741491,0.0014198838639476,0.0051081291815475,0.0053333224502608,0.0147216228973057,-0.0051098661303716
2017-01-17,0.0052767382159819,0.0286612404672299,-0.0035213232106086,0.0027162249781254,0.0119372792767062,-0.0140611906306733,-0.0102303361895026,-0.0006899280476342,0.0475592574048313,0.0090269577207822,0.0322031270626017,0.0224655242663924,0.0130682996850182,-0.0044266355049216,0.0027484464146949,0.0022338235743335,0.0010805491877832,0.0055710898328977,-0.0051713324450499,-0.0117539082584769,0.006095704814427,-0.0160860664133447,-0.0073336196817577,0.0152518242725926
2017-01-18,0.0591264663589514,-0.0132052205853689,-0.0115296633608212,-0.0023763147121993,-0.0089785284368155,0.0110647307902422,0.0190966422882414,-0.0034566253749777,-0.0028266333860704,-0.0157937863663395,0.0105080176137035,-0.0304917867726755,-0.0044297726620223,-0.0089125667200282,0.000914393902315,-0.0032405746191379,-0.0126836745037497,-0.0107053316358229,-0.0048725534245768,0.0032041243026235,-0.0043986144120378,0.0053907235430021,0.0442229231984401,-0.0152518242725926
2017-01-19,-0.0090675692525055,0.0071322360032968,0.0008915967601561,-0.0025522343859156,-0.004051051521654,0.0119322598268922,-0.0203830098544919,-0.0034684415012335,-0.0139933669781817,-0.0020562804516179,0.010398680637643,0.0134812666436654,-0.0114413154837325,-0.002689370246071,-0.0128795503481837,-0.0013438466444544,-0.0058521179748645,-0.0075153618766807,-0.0101458725567327,0.0043679054514633,0.0047359887086932,-0.0162604496350499,-0.0141845492022043,0.0
2017-01-20,0.0015578609030448,0.0050635331065054,-0.0026775239460761,-0.0151634748482267,0.0024949363920265,0.0029612919888704,-0.0142579841124779,-0.0020871497861219,0.0026061330491402,0.0072350338208879,0.0349010748740825,0.0139610201301043,-0.0028106661686129,0.0053716000985386,0.0069205138623198,0.001903333344738,0.0063994908441982,0.0032949227509186,0.0032839659736068,-0.0032741594840182,0.0147407200192182,0.0108697260920477,0.0231983165973461,-0.0030784581022078
2017-01-23,0.0009826956143736,0.0347427081813813,0.0053480123776883,0.0144818005730114,0.0020226923817876,-0.0026317276232856,-0.011819113283632,-0.0189811456720805,0.0059686778207841,0.0143710392735982,0.0317902996245895,0.0254632731563075,-0.0036654474805093,0.0115401403357127,-0.0078468862560909,-0.0011191866981254,-0.0020072758456848,-0.007073653084769,-0.0022975029268521,-0.0053118528306788,0.0086093807305958,-0.0273989544319755,0.0467465749691047,-0.0051521980220314
2017-01-24,0.003105752770188,-0.01078961929562,0.0184941160252058,0.0004545300350038,0.0351232609025222,-0.0016482629739051,0.005270320585532,0.0021268367849767,0.0020677087587288,0.025358201695969,0.0160003413464409,0.0232998222149607,-0.0173818164896357,-0.0205088799573902,0.0124338997844337,0.003688602335397,0.0108974589810726,0.0047215997693461,0.0019697642904106,-0.0055098386106866,0.0160265094234133,-0.005571124972736,0.0235085393504856,0.0092547411966243
2017-01-25,0.0018748589194279,0.0253178886350902,0.0215806449253661,0.0031758522285381,0.0405819798376243,0.0157125873111212,0.0272212196669665,-0.0085349800366363,0.030513172878904,0.0003818892771061,0.0434851583190361,-0.0113038219647396,0.0117159518144562,-0.0117810455841984,0.010018488107057,0.0175840554383057,0.0052249130382282,-0.002830331216018,0.009791365325185,0.0119981729621247,0.0157739365133706,-0.0056022307713378,0.0018568203369122,-0.0154720737023082
2017-01-26,-0.0135297002274805,-0.0038537256742319,-0.0017094954559175,-0.009443713794111,0.0048873592290563,-0.0019508737251681,0.0038290643783009,-0.0151135956946517,0.0136803508956391,-5.446327589808675e-05,0.0045488390626706,0.0013901725928109,-0.004841412325339,-0.0054843837476836,-0.0004532735907196,-0.0043947140373381,-0.0101139878180269,0.0150027437689335,0.0106606803559301,-0.0006721288687812,-0.0064083713725326,0.0277025840840017,-0.0149535474805144,-0.0125527041561105
2017-01-27,0.0052696053356475,0.0057749845288241,-0.014648920435464,-0.0048703195384263,-0.0021534048587681,-0.0213788149640938,0.0313504415314753,0.01081881130978,-0.0044567034933784,-0.0040438120073584,-0.0121766407564321,0.0037635614391833,0.0211842340767192,-0.0110599118547991,0.0074519949905398,0.0032978693200371,-0.0025443460769589,0.0018594987022932,-0.0194686577875959,-0.0194344577758265,0.0044900762049926,0.0108697260920477,0.0046970657281504,0.0021033042987209
2017-01-30,-0.0004928754785851,-0.0057749845288241,-0.0290643574368787,0.0035548177114943,-0.0179793986836473,-0.0043312435050477,-0.0262677696213218,-0.0093696431194851,-0.0032310340274457,0.0135420706446316,0.0015301987778273,-0.0095356792443608,-0.0025186277573863,-0.0377759604624572,-0.0011258339057249,0.0023020934367981,-0.0228247988204404,-0.0088640184764723,-0.036027731204018,-0.0053274638543339,-0.0019218282589199,-0.0108697260920477,-0.0343219249950095,-0.0233806750744116
2017-01-31,-0.0025500329320218,-0.0029001459825908,-0.0107816701785559,0.0020012362376196,0.0084501265661907,-0.0077090951971743,-0.0179033234021299,-0.0029006209217798,0.0106475423465282,0.0014574020497999,0.0211808444329615,0.0135218213197636,0.0133596395708348,-0.0125911119365433,0.0178577246240374,0.0019688047277499,0.0125809825716993,0.0074696311746409,0.027802881596902,-0.0027606528374075,-0.0090179515569488,-0.0109890727725341,-0.0126893518528774,-0.0075554961858159
2017-02-01,-0.0007419344104144,0.0019343648922225,0.0143497672802461,-0.0071656126346706,0.0179718927102929,0.0080430603053782,0.0673572145884142,-0.0131579302034134,0.0119970210530993,0.0170606141224691,0.0901252196542801,-0.000315154351083,0.014274357580867,-0.0029279317882322,-0.0013281686580342,-0.0087804935382465,-0.0022086903627065,-0.0084075205477471,-0.0009916796990647,-0.0042422635526397,0.005484811085338,0.0379448652779267,0.0290437728147208,-0.0173341672218925
2017-02-02,0.0117191751085838,-0.029829121430799,-0.0098430956542965,-0.0024192939987255,-0.0004275044451778,0.0086406104091039,0.0155596437250811,0.0117046401969516,-0.0051237295067583,0.0002120609661728,-0.040480078322445,0.008513177395276,-0.0915561611058422,-0.0078509023208317,0.0294682573355666,0.0127070950864274,0.0055129311794375,0.0,0.0546934629956812,-0.006353833730607,-0.0096990767360902,-0.0215061095863145,-0.0057416076541003,0.0044101470185561
2017-02-03,0.0021973170426976,0.0138474534392234,0.0292444353110306,0.0101558913631523,0.0165409444314716,0.0274169970538866,0.0118067373584147,0.0094101549180383,0.0196200614032338,0.0080787441560081,-0.0172417629621715,-0.0038748929381609,0.017762715273669,0.0175784420250655,0.0034356456774271,0.0070500124161663,0.0073034346560936,0.0195084392968158,-0.0088050475773306,0.0051384575260557,0.0061534863746834,-0.0109290211384739,-0.0685129550473606,0.0043907829888019
2017-02-06,-0.0063609406544067,-0.0128527494941761,-0.0131869291291497,0.0149586302268938,0.0022408996590361,-0.0061360159677166,0.0139860480926223,-0.0021637418063724,0.0033524241195599,0.0083272112251773,-0.0204985441205147,0.0142894525438208,-0.0103230558881293,-0.013645606908003,-0.0159897680838141,-0.0138217213590072,-0.0124477302050016,0.0032147240831936,0.0088050475773306,-0.0158477797550613,-0.0032340750943418,0.0109290211384739,-0.0176262084661407,-0.0043907829888019
2017-02-07,0.0083913005314242,-0.0079912128012831,0.0,0.0020225896814354,-0.0005597543126785,0.0163857355007248,-0.0093022640115583,0.0157598081461971,-0.0084021185114666,-0.0006782412109593,0.0,-0.0024774184805602,-0.0104308051666563,-0.0108536875641584,-0.0153648906457894,0.0077506639172728,-0.0114858601854099,0.0068542049290409,0.0053084471312367,-0.0023855693402534,-0.0114025431513926,-0.0109290211384739,0.0072955033481938,0.005485695371706
2017-02-08,0.0067110770538922,0.0188770967896392,-0.0026585423835783,0.0185175132860351,0.0013987987356287,0.0110919467906378,-0.0093897385376993,0.0028385950902729,-0.0082306244637573,0.0012517540108234,0.005899744699362,0.0286144936062648,0.0080561306989519,0.0157486582851542,-0.006212351379307,-0.001850493207046,-0.0091718565501306,0.0040895617425977,-0.0087581465965613,0.0020324220822818,-0.0062449734315719,0.0054793382193959,0.0144330521602651,0.0
2017-02-09,0.003459233056323,0.0039292690700629,0.0167181631571979,0.0,-0.006450384313954,-0.0126865126468729,0.0105572008268073,0.0320809983870482,0.002185279728935,-0.0007299462203125,0.0131484949897888,-0.0304374448441184,0.0243662508640323,-0.0098135368110867,0.003554606602953,-0.000871812085311,0.0099167888960183,-0.0045453853773786,-0.00094305422015,-0.0119898571721144,-0.0039643703687635,0.0,0.0192608282569277,0.0227157179774192
2017-02-10,0.0026466542814027,0.0194185327355509,-0.0043724486226155,0.0136257844568712,0.0029497705891494,0.007631235865392,-0.0082015198310374,-0.0048160426688779,0.0045976604107571,0.0184505566693857,-0.026472178928631,-0.0005438111629416,0.0005798982388713,0.0272388993307552,-0.0089107834207706,0.0002180729152261,0.0088973718831226,0.0113251277280257,-0.0009437071071933,0.008629579513764,0.0164153250900072,0.0,0.0489815469162027,-0.0010699814380358
2017-02-13,0.013129539088589,0.0,0.0139252423112035,0.0017376711555598,0.0,0.0175830083957753,-0.0058997698201734,0.0102915225841213,0.0043363455998162,-0.0008197202159054,0.0089021136033,0.0129680096775799,0.0026051823010373,0.0142927198050697,-0.0166971646761973,0.0086833776265748,0.0046028046504758,-0.0009009748767958,-0.0028371112232385,0.0109242404359406,0.0314126920294044,0.0322609209116034,0.0807775094725729,0.0117084791325891
2017-02-14,-0.0019783714988443,0.0076630467210945,0.0154380999246721,-0.0083905541748245,0.0015416300233104,-0.0037419138207424,-0.001184116391899,0.0175918416870497,0.0047962581448968,0.0099443076632139,-0.0044410942831505,-0.0180310850408957,-0.0011568373833021,0.0316599302000673,-0.0025058227737795,-0.0006487021603511,0.0001836505185792,0.0044983555440114,-0.0015794372112609,0.0029747213923325,-0.0114247391178965,-0.0053051284062109,-0.0160001564804155,0.0115729756585177
2017-02-15,0.0079681480860314,0.0291506376108561,0.0118440270691015,0.0044219946225849,0.0025179557965504,-0.0068963694995316,-0.0131188013663918,-0.0033590081436796,-0.000957391393535,0.0144082103839613,0.0073910164796795,0.0221259287717505,0.0063475447732384,0.0045725923288342,0.0031882261590032,-0.0002163276014952,-0.002619828044132,-0.0112844576257655,-0.0018986234603663,-0.0075412404761321,0.0133165010130746,0.0,-0.0044903682883636,0.0062564266699258
2017-02-16,7.862349977649785e-05,-0.0102464420785841,0.0,0.0073809115854679,-0.0137856939179989,-0.0091642662697934,0.0047903619755083,0.008710212437337,-0.0139862297644515,-0.0096497217338606,-0.0073910164796795,0.1317686609083499,0.0190858867166134,-0.0064072747760506,-0.0089069438193112,0.0032397219616191,-0.0077120663657681,-0.001817370958975,-0.0085893412633859,-0.0022911885907044,0.0177936110906498,0.0053051284062109,-0.0227593661494314,0.0041492752819312
2017-02-17,-0.0030691919676018,-0.0056341857687662,-0.0101436916958643,0.0012428508106534,-0.0028366470673137,0.0034857969839379,0.0059558617054067,-0.0073653220739009,0.0046032295720896,0.00211884781001,0.0029629199193306,-0.0049670494784295,0.0005643956173129,-0.0110805623498557,-0.0027567729262356,-0.0031314558225012,-0.0144538323851106,-0.0050147530559616,0.0012773052373025,0.0030827929665981,0.0006185160139593,0.0157482870404766,0.0100778536713346,-0.0145985766386738
2017-02-21,0.0055801151733234,0.0296872655273598,-0.0034041157887889,0.0024272347006064,0.031047131880137,0.0053638860719398,0.0059207934588807,0.0271812086383655,0.0127299216165259,0.0003527180732216,-0.0376834347012215,-0.0129001772650592,-0.0025414519076947,0.0247606234552197,0.0055057302598133,0.0074350142240593,0.005539882526214,0.015869876824468,-0.0035161807646681,0.0052632969770822,-0.0003092472902626,0.0,0.0489202151260206,0.0104493013567426
2017-02-22,-0.0299120466023294,0.0136180548093194,-0.0025606305496297,0.002098859315482,-0.0055237027084835,0.0025138991093598,-0.0106824454466964,-0.0164857945102665,-0.010074449451277,0.0095762592396182,0.0076511469141706,0.0355849817147535,-0.0033985236983471,-0.0256894305610777,-0.001831719285986,0.0091899619399917,-0.009763964745058,0.0102931905245693,0.0025582946256359,0.0008745150920175,-0.0080745556104946,0.0,-0.0246054916711575,-0.002081270523598
2017-02-23,-0.0004039688746173,-0.0127051447706956,-0.0189827076945601,-0.0073924261632019,-0.0013855032975254,-0.0075614329015869,0.0106824454466964,0.0099237583047266,0.0148361253969624,-0.002948431824679,-0.024692589330022,-0.01684831596905,0.0149234612719295,-0.004657706348718,-0.0043646612374077,0.0013818954951592,0.0095734214101637,0.0026676522340212,-0.0022382401444502,0.0016595421255418,-0.0100283242038519,0.0051947940509747,-0.0445731183378927,0.0144782187285107
2017-02-24,-0.0101498947919331,-0.0212279646631177,-0.0220178062547224,-0.0526510595035638,-0.0083542771999947,-0.0053908687199499,-0.0011812538914983,0.0013161029334132,-0.0083482239956493,0.0391110068128801,-0.0062696370054022,0.0031391671384612,-0.0050432809243519,-0.0468314960801294,-0.0046145317218391,-0.0082127614639917,-0.0145876714480754,0.0097218741017104,-0.0099727208750444,-0.0071815946308593,0.0053400875098588,0.0554298450417065,-0.02162727389835,0.005120230819041
2017-02-27,0.003015161117009,0.0009323985129934,-0.0035680971016902,-0.0126387443973978,-0.0004196100799571,-0.0066996325888371,-0.0190936544444906,0.0,-0.0262090534097381,0.0021152974333764,0.0269909037716775,0.0060831489328969,0.0039250732287294,0.0,0.0006937240023345,-0.0016077445228788,0.00308867526959,-0.0088340502114325,-0.0051862565164761,0.0041224441113376,-0.0122931503489707,0.0,0.0085182818547135,0.0040774746598257
2017-02-28,-0.0098941247970447,-0.0150235230920026,0.0,0.0066839986193389,0.0027938081923384,-0.008680512106181,-0.0121214579737476,-0.0046130096378618,0.0061283330604062,0.012598527927417,-0.0021449279994425,0.0108765876620156,-0.0115379740598786,-0.0137934164781821,-0.0071902693573804,-0.0004293155890122,0.0001927468255127,0.0026585299845662,0.0061557430260981,-0.0095869299729223,-0.0019050500845536,0.0,-0.0248104673705231,-0.0050995503245439
2017-03-01,0.0145213884516293,0.0103530994449094,0.0231740176043087,0.0068677481930317,0.0171487132828325,0.0102797461426518,0.0323963663097366,0.0144264745543014,0.016962077308817,0.0014218041242957,0.0030628596681299,-0.0048468261358616,-0.0085280523212181,0.0484123128204219,0.0257367255703799,0.0138550653383173,0.0088255432069788,-0.0106764548382272,0.0182434826821686,0.0139540810564957,0.0034894316814231,-0.0148151132896128,0.0323224648138253,0.0101731242628756
2017-03-02,-0.0155080996412779,-0.0202529499632992,-0.0159861736344621,-0.0048598255189631,-0.0167303902620723,-0.0096339149234441,-0.0190708969933151,-0.0052220461547969,-0.0118430111769503,-0.0112866181250161,-0.0200779416726737,-0.0446048571613948,-0.0111953186109414,-0.0593845232921133,-0.02294721078882,-0.0002117248548048,-0.0022946039640943,-0.0062808020517128,-0.0038130962132754,-0.0118355054254202,-0.0227392108206192,-0.0201011854921415,-0.0707316296585356,0.0010115303905466
2017-03-03,0.0115314753269144,0.0329138905639851,0.0142224124386332,-0.0039624622619776,-0.0015347462957699,0.0051494887383984,0.003603557681018,0.0065233484938191,-0.0007296298203716,0.0187878170682171,-0.0109804546112903,0.0140347000182528,0.0011537646235231,0.0237868905402012,0.0009278518215154,0.0019037233077732,0.0043943361529952,0.0067280450574194,0.0047640629476928,-0.0004409715203266,-0.0006479787042903,-0.0050890471143914,0.0218476145874941,-0.0030379751442014
2017-03-06,-0.0112845858373313,-0.0167917667429069,-0.0223124237148959,-0.002823420813331,-0.0050399148867374,-0.0061179967389821,-0.0120627714796928,-0.0144075777566439,-0.0100258513567705,-0.0093973147948052,-0.0142973287683143,-0.0040632990546289,-0.022158411198327,-0.0088538596287643,-0.0088516037056312,-0.0058284561654922,0.0043745586665173,0.0035697552894689,-0.0121134026589513,-0.0038010199886295,0.0,-0.0102564546884615,-0.0238579434513934,-0.0010146096291642
2017-03-07,-0.0134120847064176,-0.0066068456717562,-0.0036164835341336,0.0025357461176849,-0.0028110851445504,0.0035464882388489,-0.0012143789371839,-0.0086122822957908,0.012941291693818,0.0025115530631305,-0.0048115447313148,-0.0006841070189689,-0.0163474452785843,0.0,-0.0070438262675849,-0.0007444016561235,-0.0045655435065263,0.0035570574513803,-0.0106402179119875,-0.0023054096055963,0.0148009080581097,0.0354466872949945,-0.0010062941714563,0.0010146096291642
2017-03-08,0.0063972587657694,-0.0346861495241304,0.0152810778353322,0.0007479050076488,-0.0016903812212909,-0.0041927081183663,0.0,-0.0040000419699648,0.013972861720124,-0.0103228879516565,-0.0113178371985691,-0.0021940634746444,-0.011755877891022,-0.0780687489638485,-0.0231212616669327,0.0017004594654324,-0.0270548010891191,0.0463992199008234,-0.0035721293697894,-0.0075740797232333,-0.0028789397327133,-0.0150379057024823,-0.0484884458216186,0.0
2017-03-09,0.0041321668564409,-0.0158099559350408,0.0026728607341306,-0.0031682263265091,0.0070243646914045,0.0,0.0036385888883017,0.0165622500414972,-0.0031150149857102,0.0011946476971163,0.0240975515790604,-0.000583265789027,0.0141504540469354,-0.0107410637321252,-0.0303571683835337,0.0041324187300872,0.0056646687233867,0.0067567298340169,0.0025991844617325,0.0034823119520357,-0.0077169343948249,-0.0204087815925122,0.0,-0.0091695928447359
2017-03-10,0.0304592661346241,0.005958695243373,0.0017778708269409,-0.0033520334777419,-0.001120372152886,0.0035488555599481,-0.013406607603638,0.0182297012454417,0.0166589890989463,0.0090807564681449,0.004750590705842,-0.0064409804626213,0.0130679430840729,0.0128759364624162,0.0057008575203529,0.0064294069582926,0.007761180757738,0.0092167277763071,0.0284680397025023,0.0041807237722197,0.0025789339137189,0.015345501802853,0.0010566704008077,0.0182560719436352
2017-03-13,-0.0065009036176544,0.0157164650294048,-0.0044507315610715,0.002948032417688,0.0194312363688036,0.0,0.0572266291957146,0.005789791512762,0.043414921900645,0.0068392868754036,0.0218758372416614,0.0015538555252705,-0.0017717126224283,0.0053160275322956,0.0161807786185712,-0.0006303540275132,0.0048203124078716,-0.0004172091178316,0.0059742035875232,0.0065469058306382,0.0140667306121935,0.0,0.0383269188609771,0.0030104351740954
2017-03-14,-0.0016120298240815,-0.0176992269997231,-0.0170942939767333,-0.0023693481941382,-0.0064812753357879,-0.00970890218841,0.0034701057872039,-0.0019262617840727,0.0063078204068851,-0.0020704794909116,0.0198935876873895,-0.0014157449635576,-0.002960294402496,-0.0422368843008494,0.0036410720859665,-0.0044252405830675,-0.0202071921691713,-0.0004172785197766,-0.0138891700053123,-0.0116195515640979,-0.0092489195605316,-0.01020412515841,0.002030542692285,0.0030017042214938
2017-03-15,0.0166364378349532,0.0350912185134064,0.0045269483318852,-0.0046393209853752,0.0052435671213353,0.0132454435590751,0.0069045456848981,-0.0096870382363194,0.0191287576308485,0.013242144141591,0.0313224487225958,-0.0089536585324858,0.0032557158987729,0.0358535542829431,0.0103655128293711,0.014050712365428,0.021936242811225,0.0404880630547577,0.0072841677333854,0.0102074218114305,0.0221806368717363,0.01020412515841,0.0798866358433552,-0.0212021902464186
2017-03-16,0.0009515078966222,-0.0067270979744797,0.0258596516522451,0.0259904709047456,0.0131257161695561,0.0009621376748167,0.0068570748006915,0.0230928029347814,0.0065875583256835,-0.0167338730276238,0.0260884803201979,-0.0125937299842786,0.0099973463882769,-0.0193969303484481,0.0004793863797445,0.0134452336439245,0.0065074133552793,0.0079841375346272,0.006291334299862,0.0,0.0155477135442589,0.0151136659571757,-0.0236866461972253,0.0400052024471122
2017-03-17,0.0134600691470243,-0.0253924093654331,0.0008800526802628,0.0002830645995475,-0.0091425207491804,-0.0048209185616392,-0.0406795829833503,-0.0276455625450287,-0.0008759435655782,-0.0012770784984592,0.0212322196471723,0.0286396212474517,-0.0046921119133691,-0.0309416351372249,-0.0055281451052611,0.0002055528322228,0.0053272820246372,-0.013208120467766,0.0062518441192649,-0.0091372970034599,0.0055384267025853,-0.0151136659571757,-0.0291849590444033,-0.0168071064954836
2017-03-20,0.0028886839633948,0.0273184979571379,-0.0159578248648748,-0.0027781179278125,0.0171247701719869,-0.0016118881636897,0.0023696365778473,0.0110213345861975,0.0026253344761135,0.022555992817935,-0.0014015204944901,0.0089477514558882,0.0061538672902714,0.0287630209944115,0.005288511645964,0.0076737510735034,-0.0055178579883712,0.0092239198089525,0.0012458799200243,-0.0018732764622253,0.0079462309490296,0.010101051875511,0.0156713233952963,-0.0070034233585467
2017-03-21,-0.0153190011419166,-0.037259214925682,0.008896752279774,-0.0272224159130765,-0.0264899511742195,-0.0064744557926479,-0.03247410274846,0.0012886446756896,-0.0292638557815103,-0.0493687436148544,-0.025569617651155,-0.0397076126630295,-0.0161984695031258,-0.0400495420157505,-0.0658980596800227,-0.0112751547678762,0.0060872145547441,-0.0003992844995148,-0.0115824081472717,-0.005461201747817,-0.011327117075472,-0.0151900989899025,-0.0862166723720059,0.0010035115585114
2017-03-22,0.0203734958910386,0.0039876244238958,-0.0097908535026332,-0.0107931384679469,0.0056572026335608,-0.0055369108064931,-0.0012233587731438,0.0076971888678332,-0.0024777205752233,0.0189252895042857,-0.0101229632745045,0.0123757821034868,0.0065109785199428,0.0334850758357224,0.0124699468504954,0.0065754912683937,-0.0034199056359014,0.0182038537411077,0.0069029028775917,-0.0050404668271077,0.0064446114909473,-0.0051150780440185,0.009488932284309,0.0119640392546692
2017-03-23,0.0023244888787381,-0.0110047165038249,0.0044620786868145,0.0002948553963504,0.0043932026654434,0.0035860370813249,0.0169906639097936,0.0038263313203139,0.014108405581795,-0.0069410321128735,0.0633568612301669,0.0002795367457784,-0.0026209894498032,-0.0066077530524961,0.0020211964190139,0.0022504130461893,-0.0017135729123101,0.0136322580488319,-0.0062735732494731,-0.002891015317763,-0.003984705793131,0.0152674049480691,-0.0222822049539301,0.0108429790408497
2017-03-24,0.0231019665749991,0.0199206146153716,0.0026682202743311,-0.0079913180065194,-0.0020567386350132,0.0016256741937064,0.0107720790797829,-0.0025492069627295,0.0086348930482458,0.0127913728323116,-0.0013652712498242,0.0094218671588839,0.011696331815389,0.0011042085425851,0.0015134001330272,0.000204257535282,-0.0076543624525848,-0.0050417418197254,0.0134398012525271,0.0076623280368153,0.0076490191395262,0.0,-0.0021482152088936,-0.0039292753940904
2017-03-27,0.0034723050942231,0.0039369019733803,0.0053140493112615,0.0039740151023179,0.0226647543443028,0.0009743281460092,0.0165293319013626,0.005092407787973,-0.0130920992563403,0.0033615499679378,-0.0207046742338814,0.0009341299743006,0.0189016687810408,0.0109771440558006,0.0164961725518875,-0.0055317583949401,0.0040257390120284,0.0019421408177819,0.0086555008355144,0.0033168503248814,0.0109124082408449,-0.0050632797896591,0.0042918254798343,0.0058882379528819
2017-03-28,0.0081804313976574,0.0039221629075647,0.0044075778153267,0.0050779552076321,-0.0065968549739174,0.006185828337839,0.0081632615918731,-0.0019065953714729,0.0060126572230712,-0.0002837051535875,-0.0069979294865412,0.0003451848932796,-0.0020504237483267,0.0162425986597972,-0.0052192857626507,0.0116425194361768,0.0110349719212856,-0.0015535083134978,0.0018809653354983,0.0060675818565538,0.0054120151964105,0.0050632797896591,0.0138225192204013,0.0019549340379974
2017-03-29,-0.0065989691481229,0.0270286843771421,-0.0088339888748016,0.0051109547812115,-0.0029763088632952,-0.0006490746964673,0.0034782164124527,0.0050760140428092,-0.0071302216681083,0.0230572426929374,-0.0141445079967308,-0.0210597703462624,0.0023426282188965,0.0369046796273209,0.0042273318356476,-0.0008125715507985,0.0071648031520297,-0.027582646979646,0.0210341340045461,-0.001749021251916,-0.0126738525511433,-0.0050632797896591,0.015715413279989,0.0009760852952909
2017-03-30,-0.0021086679680788,-0.0172919358475538,0.0114688376952805,0.0099120217218322,0.0074240032790759,-0.0045573418548938,0.0057705295418406,0.0,-0.0058309433900327,-0.0173957159101707,-0.0333122105223373,-0.0034296812996799,-0.0117680638015693,-0.008315662090129,0.0079088527972119,-0.00509379143221,-0.0043304126057264,0.0127037283703006,0.0099054153243991,-0.0017250833699584,0.0042425141452366,-0.015345501802853,-0.0083507280227808,0.0019494159586583
2017-03-31,0.001280702904884,-0.0077819193683001,-0.014134346774008,0.0009278802558796,0.0114988905606288,-0.0128060222433377,-0.0104108450721511,0.0,-0.011082401248319,-0.0051412453187893,0.0189647614859826,0.0058270729189207,0.0143972665353291,0.0114163463191303,-0.0116379191604627,0.002651925864554,-0.0051072604788209,-0.0067286565643089,0.0074396835495642,-0.0131698679718716,-0.0069793382840508,-0.0051680444570991,-0.0042017622785552,-0.0039024408815909
2017-04-03,-0.0046798357364208,0.0145417983480062,-0.0125338186046128,0.0142727773788537,0.0079448555227723,-0.0043054590893087,0.0150032745626655,-0.0211073891923387,0.0029523138019622,0.039317175787616,-0.0189647614859826,0.004286431422356,0.0023308877504382,0.006172925240395,0.0258157609263056,0.0004074070361497,-0.0070415279056432,0.0051495874033493,-0.021274276417567,-0.000921220904015,0.0015216661472536,0.0,-0.0010531288509934,-0.0157638606057956
2017-04-04,0.004228032457112,0.0168077325382536,-0.0218588897435241,0.0011421871600676,0.0025029685944999,-0.0167341279918358,-0.002293546983366,-0.0051845753561112,-0.011402940652724,-0.018492336844269,0.0044084630651397,-0.0434595469989185,0.0480139344898726,0.0203051798661859,0.0009704210597867,0.0026439264368747,0.0093143978381609,-0.0019773741872679,0.003325739197219,-0.0047106465929704,-0.0009126487938568,0.0154244991455607,0.0382476674256027,-0.0069756080849333
2017-04-05,-0.0129660247752125,-0.0317489695232109,-0.005539998201971,-0.0130991118731786,-0.003954552121776,-0.0204575188411326,-0.008069412048989,-0.0019512378838484,-0.0064423859830013,-0.0029684450622067,0.0073046347045582,0.0122651540396883,-0.0100366088991035,-0.0162108256506798,0.014683257522186,-0.0111312714171267,-0.0037912860927598,-0.0135512293380615,-0.0112310975965086,-0.0174648905221959,0.0012164126786666,0.0,-0.0445898380554918,0.013902893944036
2017-04-06,-0.0003816391024082,-0.0167574973963857,-0.0037106545248639,0.00265669639258,0.003954552121776,-0.010735852547647,-0.0034782164124527,0.0,0.0002306297403302,0.0112703716895126,0.0043573497904678,-0.0016294216488357,-0.0092890692243807,-0.0123331084266382,-0.0096041581593464,-0.0011300520679986,0.0085107074496275,0.005202873320651,-0.0169311778697704,-0.0060480091873662,-0.0012164126786666,-0.0102564546884615,-0.0290503049500847,-0.0079208271154398
2017-04-07,0.0015257470733969,0.0029774107136253,-0.0074627536342815,-0.0054363815660458,0.0066870769908957,0.0017392020347632,0.0034782164124527,-0.0058764167879696,-0.0090414803683245,0.0063183783241322,0.0411697813519791,0.004374319819338,0.0011305262507907,0.0092639781997423,-0.0089665096899929,0.0025668049867926,0.0031962780442382,-0.0064075610269584,-0.0040440766408935,0.0038788065690891,0.0003041871749105,0.0,0.0076130843704647,0.0009935412563371
2017-04-10,-0.009728611254884,0.0078977294329718,0.0028048396888449,0.0102695113604847,0.0003921419096828,-0.0038307374322461,-0.0023174026182721,-0.0065704120837415,-0.0288231909639047,-0.0001826373295825,0.013812373996497,-0.0177969356678242,0.0126316121083354,0.0132317327713946,-0.0065941392058714,-0.0013339676203356,0.0028117477938729,-0.0052366085022437,-0.0046868427191706,0.0006608500632507,-0.0107050193251834,-0.0051680444570991,0.001082778210401,-0.0150076707801941
2017-04-11,-0.0007702016186073,0.0039249472291367,0.0055867803293403,-0.0069695108525502,0.0040411951436838,0.003483240428332,0.0161107864487215,-0.0052876234815544,-0.0023997438555989,0.0032814056935848,-0.0124225409296805,-0.0160273668624144,0.0047307658209443,-0.0163101436828843,-0.0118315725424906,-0.0033941965545452,0.0054141411488819,-0.0336791198118984,-0.002508760066465,0.0039549737874375,-0.0036968285466274,0.0051680444570991,-0.0097881027058825,0.0
2017-04-12,-0.0061818300516458,-0.0128147359189318,-0.0083916200181852,0.0034620432246326,0.0037660527921863,-0.0066283855329993,-0.0080228542886087,0.0112029090667409,-0.0084450202507215,-0.0159145293463627,0.0327898433321158,-0.009635989032688,0.0036027858007514,-0.0072204225465168,0.0059333163081518,0.0028807142896916,-0.0050395769480955,-0.008389168419101,-0.0116851058594869,-0.0090633929499333,-0.0037106944580318,0.005141376644443,-0.045843676256537,-0.0142137357875604
2017-04-13,-0.0048950661406914,-0.0291906378665518,-0.0169974991978061,-0.0057766898348914,0.0007776211547576,-0.0042090591719912,-0.0046138073280421,-0.0524669484214719,0.0172956802054811,-0.0039371762892592,0.0225922824684978,0.0009416595432538,-0.0111267763737914,-0.0422895011385238,-0.0024679648794845,-0.0119885419694707,-0.0194620958830271,0.0104756667846932,-0.0050954291028009,-0.0120217239072619,-0.0140385137058713,0.0,-0.0022908271869956,-0.0154561429947104
2017-04-17,0.0138464003039375,0.057554869101833,0.0179333798582876,0.0040471664397383,0.0088970333609137,0.0084006459765304,0.0171926021491191,0.0034472657463653,0.0553575570750242,0.0230316442187232,-0.0039499119076866,0.0020301404512874,0.0094656643358286,0.0192519597163403,0.0178773495870614,0.0062187908947652,0.0100616826849653,0.0024980441366349,0.0164665461441628,0.0184502660557246,0.00626356621627,-0.005141376644443,0.0091323169433241,0.00621119551856
2017-04-18,0.003680738346941,-0.0116387979258878,-0.0093985765857209,0.0066709297140947,0.0020514893842538,-0.0101594272937739,-0.0102799123139285,-0.0075992995274056,-0.0276433157248825,-0.0120919983716225,0.0144075634449944,-0.007616595148244,0.0027670750263975,-0.0192519597163403,-0.0263140263987025,0.0024767096790254,-0.0091079466784327,0.0004157172906924,-0.0050379085118474,-0.0075674893559529,-0.007521046410245,-0.0051680444570991,-0.0264838806163605,0.0030912948572415
2017-04-19,-0.0292011971896046,-0.0236934647463953,-0.0018903378377306,0.0189627366489881,0.0,-0.007422038670894,-0.0255828158895425,-0.0055632309700057,0.0013889351603433,0.0045802257645588,-0.0065231802092653,-0.0050087482147924,0.0033101835358042,-0.0385299315088675,0.0054669282799246,0.00030937617369,-0.0241164097191135,0.0,0.0091124852008162,-0.00666837045563,-0.0056781974841824,-0.0209430810914513,-0.007025632928592,0.0112532029434526
2017-04-20,0.0245981856695438,-0.0222226064295498,0.006600607764406,0.0046570533778114,-0.007716097626278,0.0102348108997611,-0.0214294851449179,0.0090247285252251,0.0255780984946745,0.0207134951504404,-0.0078843832357291,0.012324835456499,0.0024756909457379,0.0100503972698955,0.0096191034036952,0.0010298591590958,0.0019508562746279,0.0082782583173668,0.0265447522296689,0.0131043045939591,0.0056781974841824,0.0052769346170189,0.0357797573455191,0.0020325195555127
2017-04-21,-0.000153762755052,0.0050938443484076,-0.0075472392609707,-0.0031397063058085,-0.0020676129644412,0.0014033394880632,-0.0072463742240598,0.0006905362258209,-0.0079231148407949,0.0018335548310863,-0.0039656766540034,0.010577519514038,-0.0143887978104269,0.0011106118253927,-0.0041813899924942,-0.0015452327269116,0.0019468316484294,0.0028811727561142,0.0255614729322894,0.0054567963378282,0.0090810140273793,0.0,0.0056527284136509,-0.0153455585063899
2017-04-24,0.0260367914338592,0.0260795246699723,0.0570533518345834,0.0108905990795395,0.0337076800770277,0.0104642158128531,0.0144406160530874,-0.0034588442921179,0.0224728535665144,0.0092501610543322,0.0196727655987052,0.01903893987207,0.0182273838634361,0.0219545928217042,0.0083456848452097,0.044164894893365,0.0165900983554996,-0.0028811727561142,0.0041481739409556,0.0038394879629048,0.0191422465574078,0.0,0.019386816439088,0.0082134886263333
2017-04-25,0.0058273799344776,0.0,0.0150911580096004,0.0379316719766711,0.006358577600114,0.0048458544141611,0.0189354748527224,0.007594225340411,0.0154358858083378,0.0207223233845228,-0.0026007419636284,0.0138385131945408,0.0146704128331522,0.0064938627946832,0.0090035385235687,0.0073706719456616,0.0091410153806132,0.0139175460660561,-0.0050393646930857,0.0160405442107389,0.0112514094006455,0.0104713524234576,0.0225998896076531,-0.0092449474761503
2017-04-26,-0.0133485968312374,0.0166918835334335,0.0096448010282701,-0.0017128266301886,0.0060715721900872,0.0041352559214007,0.0011716942993955,-0.0027548761139026,-0.0154358858083378,-0.010241771600099,0.0038985808883214,-0.0462392586095261,0.007522812391663,-0.0174109098972922,-0.0205587350154949,-0.0185795663118097,-0.0066570731185562,-0.0318014056310698,-0.00208233992637,0.0108859601314872,-0.0021190072085217,0.0051947940509747,-0.0248884074360966,0.0061729588210268
2017-04-27,0.0036925466826964,0.0268985204579814,0.0043537393316532,0.00635466557988,-0.0111802528793667,-0.0024101190384486,-0.0105946133693353,0.0048160426688779,-0.0186166540758918,0.0084190544344489,0.0077519573190616,0.0010921378631558,0.0373040234148529,-0.0266978332815104,0.0064085646336398,0.0044788364032379,-0.0051662269842616,-0.0058920030751403,0.0041605756766633,-0.0045593753273092,0.0006059200909436,0.0,-0.0361552397352777,0.0081715389796673
2017-04-28,0.0015710135971254,0.0,-0.0627444310505285,-0.0414632185162293,-0.0055116273352093,0.0030973484239877,0.0141012896512109,-0.0006866121748472,-0.015974758005238,-0.0056630163304749,-0.011650538207383,-0.0011296632034256,-0.0025818509567914,0.0156602875624152,0.0036788302839396,-0.0051771251435486,0.0011508295680489,-0.0042304771104655,0.0234477484963464,-0.011675858858867,0.0015130871175781,0.0051680444570991,0.0188239792555078,0.0020325195555127
2017-05-01,0.0076312223035097,0.01971018025538,0.0128676744027407,-0.0009436741776278,0.0080069526370221,-0.0006872293855391,0.0,-0.001374554380128,0.00824753441452,0.0266394510306566,0.0458095152734583,0.0165177392768067,-0.0098729506892429,0.0011091986382882,-0.0076176653048762,0.0075577138472384,-0.0036475419057921,0.0012709277531306,0.0046241730772718,0.0014785977398865,0.0099292490298883,-0.0051680444570991,0.0115876984753029,0.0040525847733656
2017-05-02,0.0159044840477156,0.0140275761270589,-0.0147197415949644,-0.0079175110062363,0.0141056686583587,-0.0065552899451328,-0.0105572008268073,-0.0013764463808283,0.0247871433656357,-0.0014047088804733,0.0,-0.0157644318842793,0.0163153319610165,0.0066301082447185,0.0076176653048762,0.0042507294762215,-0.0011542537575133,0.0038033320375983,0.0017285759526357,0.0086420703693903,0.0157437654622749,0.0103094211015422,0.0160003703053106,0.0070531256969502
2017-05-03,-0.0060928579637646,-0.0044482544368269,0.000926521457325,-0.0069655686451541,0.0001228064218308,0.0010378626349507,0.0427070475576296,0.01095896949201,-0.0033441721009199,0.0008941102744621,-0.0829491019593442,0.010412933356676,0.0542429779544688,0.0098627050161164,-0.0066315170518111,-0.0047462367472208,0.0065246708303128,-0.0025340174917687,-0.0037491523124726,-0.0033928567751342,0.0105542344460407,0.0152674049480691,-0.053563700894869,-0.0030165910733453
2017-05-04,0.0066112784995766,-0.0256552268852714,0.008298530307,-0.0038970266564257,0.0024538892233612,0.0024177784357966,0.0420414908618722,0.0027208882811777,0.0091142957109782,0.0065326888783063,0.006734032181344,-0.0113545709957167,0.0128130078594344,-0.0355195989949367,0.0085881495695989,0.01446507179923,0.0076218317250376,-0.0209363100364892,-0.0005779029671368,0.0026604101586471,-0.004384185596483,0.0150379057024823,-0.0502862695514514,0.0020119693310929
2017-05-05,0.0057588725844581,0.0072498322060123,-0.0176010521989105,0.0074420597463777,0.0108480786811977,0.0051606731319906,0.0193139898946728,0.0054200890254574,0.0074958394464488,0.1513623546855855,-0.0053836136756308,-0.0031710257177124,-0.0176909375599372,0.0517449822306109,-0.0022014334903115,0.0147402937161036,0.0289982554119028,0.0094543787869101,0.005477757472903,0.0068470126933863,0.0081682342974138,-0.0049875195349657,0.0272967850137013,0.0
2017-05-08,-0.0191008883910148,-0.0062115097926835,-0.0093896913963904,-0.0031504811352069,0.0003634626318564,-0.0048159326670074,0.0074113176954662,0.0200676625302997,0.031563163521938,-0.0007273355974124,-0.002702663107839,0.0166842101691169,-0.0078547958759744,-0.0097034629263433,-0.0145519769076454,-0.0055020608069344,0.0045991743736828,0.0038418704347993,0.0108668099699535,0.002544281904929,0.0161385127436726,0.0099503801708636,-0.0049078151977401,0.0179287543860283
2017-05-09,0.0126011135230736,0.0082732457776613,0.0047055368612305,0.0305752464772188,0.0060409618925958,-0.0184449641124269,-0.0159493720500041,-0.0106526891273173,0.0038232182970641,0.0244655718779602,0.0134410622933449,0.0109090408293184,-0.0168993322918749,0.0139860539372503,-0.0022385385453445,0.0034786283868344,-0.0057063669953412,0.0034029447612273,0.007085033850219,-0.0158246787168367,0.0122179496446479,0.0,0.0158637091941478,0.0068863972102545
2017-05-10,-0.0086320999410567,0.0213969928271196,0.0186053919055995,0.0032192721392805,0.0073207221074498,0.0003512068853508,-0.0021457761722674,-0.0020099856635309,-0.0083024668392686,0.0017374569871169,0.0276515109582953,0.0259566260136567,0.0109672480427969,0.0367112805509963,0.0140934880991303,-0.0027044959043678,0.0139326907507895,-0.0012747076256438,0.0053513168069665,-0.0247365240348615,0.0,0.0147423080641821,0.0120335905413424,-0.0108429790408497
2017-05-11,0.0026872595060973,0.0120238608170808,-0.02331092876683,0.0163712150809933,0.0016725426741563,0.0042046345075319,0.0042871923222311,0.0238582057144653,0.0114774657049481,-0.0049366057697186,-0.0330062964681703,-0.0082402365907312,-0.0044718936605141,-0.0010304215944971,-0.0046758369784929,0.0008912191104624,0.0007278773470869,-0.0162882073354735,-0.0002809095178648,0.0096874612771502,0.0042270731112452,-0.0098040484261031,-0.0035948185597844,0.001980197471379
2017-05-12,0.0094955640701055,0.0187477412050414,0.0028262184791287,0.0012318011500624,0.0074925115616943,-0.016925750460051,-0.0075147507695518,0.0006543706331727,-0.005509581840303,0.0225653809622574,0.0199342149008172,-0.0199628491282846,0.0108965132965406,0.0541757278527581,-0.0046979313771875,0.0118723635611024,0.0061662376949804,0.0094620800325269,-0.0011242868536751,-0.0035631123355424,-0.0053575520134017,0.0,-0.0084387719815579,0.0039488703267508
2017-05-15,0.0022124660446296,0.0058481685845093,0.0195630490125728,-0.0037000467938197,0.0107244380238205,0.0074403606479354,0.0181531179592573,-0.010526207558505,0.0309649515545187,0.0307126170591871,0.013072081567353,0.0466661545391691,0.0007385781289053,0.0164651856303272,0.0505001572840817,0.001353581149365,0.0061283436277128,0.0042719339986883,-0.0053592162986459,-0.0004696714754501,-0.0088028299658979,-0.004938259638079,0.0298173455109138,0.011753309093458
2017-05-16,0.0111354385590063,0.0067789314598343,0.0091824589312965,0.0238877541103219,0.0040941485974026,-0.0120740628974886,0.0199062644759342,0.0092167104267772,-0.0028886061668496,0.0033026960396904,0.0025939956465039,0.0189917478467998,0.0054002446309349,0.0038352664391527,-0.0018868896331358,0.011335369856817,0.0091228741575615,0.016487398327813,0.0031061368934266,0.0047812182521829,-0.0008563427611076,-0.0049628606358979,0.0300948417067048,0.0164174482805874
2017-05-17,-0.0329571160105883,-0.031374841249385,-0.0240529212938427,-0.0243713583933722,-0.0144631496179958,-0.0183888289622302,-0.0146291072510136,-0.0245452617209964,-0.040908134679698,-0.0648751690925966,-0.0450406445420301,-0.0233284260262345,-0.0217778405875663,-0.0154295635366155,-0.0128298855995634,-0.0074785446516001,-0.000181611100106,-0.0143583621668201,-0.0031061368934266,-0.0106247123876084,-0.0175668107591584,-0.0150379057024823,-0.0265759259443283,-0.0183668642392458
2017-05-18,0.0089204141543479,-0.2110163924351467,0.0295222180599843,-0.0196489735434992,0.0043729066159894,0.0065288200930688,-0.0105820774150156,0.0060261856518613,-0.0021546500838995,-0.0281799568858245,0.0174617654939694,-0.0009895251731082,0.0116903105987939,-0.1852412100830656,-0.0103353042952987,0.0001923666055807,-0.0029020679167204,0.0072047922237121,-0.0011316749431393,0.0092208379512053,0.0138487779142719,0.0100503861675166,-0.0653193990379856,0.0126030655556831
2017-05-19,0.0063230916100884,0.0491997889873092,0.0126472771007777,0.0341098401048496,-0.0010620334154562,0.0007227611742028,0.0231347111689372,0.0119443439380382,0.0151987422309782,0.006477941834504,-0.0803755882193613,0.0140829501647363,0.0100875299887723,0.0468388605596409,0.0012072837915355,0.011004497359508,0.0079613591134473,0.0254339286354698,0.0095801707218672,0.0073719757237773,0.0085592475369287,0.0099503801708636,0.0511683811647853,0.0067212912375379
2017-05-22,-0.0047571607014083,-0.0418467879469779,0.0,0.0154031588294181,0.0017690353073676,0.0021652421908098,-0.0157156545614611,-0.0072824273931135,0.0065645759400974,0.0102201752743154,0.0185851726534145,0.0238797372430203,0.0157865317786258,-0.028298566836839,-0.0229446157328356,0.0062613097515376,-0.0039728083918118,0.0118685582894193,-0.0036523204633611,-0.0005581313438236,0.0056659369998692,0.0098522526537149,0.0082790772043348,0.0
2017-05-23,-0.0022379634507734,0.0169499160076316,0.0035841914142866,0.0005736817741937,-0.0116156475601019,0.0,-0.0095491867540449,0.0006642648459949,0.0077786649697193,0.0230819872890037,-0.0389940658490868,-0.0047783872014965,-0.0004818513257012,0.0136835538087296,-0.0359469956272089,0.0050938365762114,-0.0019921313285187,-0.0081701475028346,0.0005630409832793,0.0053807717356875,0.0,0.0048900554104672,0.0163554275994655,0.0057250086475159
2017-05-24,-0.0031415994164492,0.0119329512923735,-0.0017907186483796,-0.006118776220517,0.0076009957755145,0.0082569911820948,0.0,0.0092530970128856,-0.0071458091534029,0.0157727150766442,-0.0575917169151329,-0.0089342460317682,0.0045696955191663,0.0279192079467145,-0.0219960169158124,0.002912469986434,-0.0023599655635369,0.0203012043015662,0.0131339546621527,-0.0070565949146184,0.0033843381613039,0.0048660765958765,-0.0198952138405228,0.0085270989238075
2017-05-25,0.010433392002743,-0.0143369924141207,-0.0135320242937084,0.0069005034081275,0.0253504221054932,-0.0115066151125593,0.0314821638643305,0.0201897590237365,0.0065172712369947,0.0212208442259314,-0.0125590230245862,0.0164607470114885,0.0045495769417831,-0.0211472869669444,-0.0179519051661427,0.0020618095171807,-0.01243377126411,0.0,0.0041556963486839,-0.0001863367232068,0.0014064639172373,-0.0146701250219796,0.0011811015680336,0.0251523981060809
2017-05-26,-0.0051285180638842,0.0261291172144442,-0.0211114376266405,-0.0081603087843058,-0.0017317556785649,-0.000723457588359,0.0041236603302134,0.0012886446756896,0.0139427777270983,-0.0188832203113271,-0.0079302557719391,-0.0035852227411301,-0.0043092730541451,0.0067261878451602,-0.0069500342443573,-0.004786119350185,0.0011036650301923,0.0084049591645434,0.0140016094708925,-0.001865811316926,-0.0016883590664709,0.0146701250219796,0.007059101549375,-0.0009202925325705
2017-05-30,-0.0059041519925022,0.0081732344446332,-0.0111938990507862,-0.0026822773654178,0.0035758098415059,0.0057741090010843,0.0030817928457063,-0.0084063114607593,-0.0168806189110406,-0.0245897266053845,0.0047656840398158,-0.0133950226452936,0.0057416919029162,-0.0283302679955222,0.0204441025128516,0.0030058400174928,0.0020195635749176,-0.0136439826554624,-0.0054673317564317,0.0072565852609747,0.0075746982888627,0.0,0.0266064550581814,-0.0036900386658363
2017-05-31,-0.0107008075059189,-0.0140515871649287,0.0102660130626515,-0.0201081229531991,0.0108790665310434,0.0050251833716283,0.0172855640926679,-0.004624894854988,-0.0025253370742128,-0.017547240005534,0.0141623379944206,-0.0128395546534378,0.0106772440708104,-0.0256128165320941,0.0153869118431333,0.0087776838065103,-0.0020195635749176,0.0148389735523566,0.0038301864503818,-0.0031565801589588,-0.0118075326994255,0.0,-0.0455420467455869,-0.0037036112252198
2017-06-01,0.0136945415055276,-0.0035441307086434,0.0083217863429312,0.0062137997311477,-0.0001139494519182,0.0128067559770808,-0.013191449290915,0.013158186291803,-0.0029542457500002,0.0190460797192351,0.0015612567622889,0.013220353754626,0.0145270663561603,-0.0059135316617423,0.0209994902323877,-0.004099118399913,0.000734715573408,-0.0071909566551715,-0.003008377710866,0.007965213339844,0.0148773446053169,0.0048426033174291,-0.0217399646224205,0.0129033951669159
2017-06-02,0.0066291302258774,-0.0208213671943853,-0.0027662805153441,0.0018140729305358,-0.0020526452686469,0.0140405119401578,0.0010209709510649,-0.0078741495572722,0.0157252402889596,-0.0001069465724397,-0.0188981521567601,0.0106855723806549,0.0229947386266347,0.0059135316617423,0.004298824425621,0.0137216379253084,-0.0088544287634411,0.0032021880499359,0.0333995627472589,0.0089084982407463,0.0080473825980673,0.0,0.0024391113537924,-0.0101243310896603
2017-06-05,-0.0114983772610912,-0.0060651487911407,0.0027662805153441,-0.0015470838330955,-0.0040029358399604,-0.0172265125052271,-0.0010209709510649,0.003288319478756,0.0167099784910389,-0.0052926931890402,-0.014411802920109,0.0063568701168499,-0.0066142517242675,0.0035319625830593,-0.0178212542973414,-0.0033202664896139,0.0048056896653356,-0.0100421399016035,-0.0021217012889944,-0.0148298634491572,0.0057879108241944,0.0,-0.0147240224115672,0.0137806395755724
2017-06-06,-0.0040637051059917,0.0156923616255759,-0.0101805014397511,-0.0083633016758914,0.0112814936302028,0.0031860005650692,0.013191449290915,0.0233625553361538,-0.0034839741153613,0.0041150887843857,0.0064309147834777,0.0313569756044489,-0.0087335151788057,0.007025576124748,0.0041014634901974,-0.0055587755551984,0.0027621330071947,-0.0012119875512319,0.0121373633490333,0.0003709601907821,0.0010984798286282,0.0,0.0061613775089961,-0.001826576063836
2017-06-07,0.0102773839971535,0.0189805416705548,0.0027866010849546,0.0095371425045867,0.0036196027305361,-0.001414756807017,0.0169918433070868,-0.0168180182934096,0.0055275627365536,0.0184333946670633,-0.0425596516301682,0.0381558477712484,-0.0134793171524192,-0.0176579458948618,0.0162400011505687,-0.001487508131226,-0.0123970378849933,-0.0130187977634812,-0.0076345719178596,-0.0025076934454579,0.0008230522760479,-0.0195127283394087,-0.0049260612585666,-0.0073394776979356
2017-06-08,0.0075837977204784,-0.0142015802885382,-0.0149534986041004,-0.0095371425045867,-0.0042996266011918,-0.0042568383049399,-0.0200207433254231,-0.0039214997045866,0.0067149334409322,0.0100111621919465,0.0116377168383947,-0.0032468791552973,0.0002339611920998,-0.0011883829889818,0.0307335259429453,0.0004649611784666,-0.0048525427880181,-0.0045148193844859,0.0013204115266789,-0.0164082527965856,0.0100971885719896,0.0049139930156358,0.020770433868382,-0.0046145858138006
2017-06-09,-0.0375840605111497,-0.0229069745124399,-0.0037736065370519,-0.0255179463156647,0.0065551843068827,-0.0067771649850891,-0.0020241533906002,-0.0211789361811709,0.0064687422892246,-0.0463515368578191,-0.014987816567487,-0.0324689726702844,0.0021030822882273,0.0,0.0014635055797658,-0.0137647992824341,0.0078270121362931,-0.0012348320852297,-0.0245803395901331,-0.0003784045512951,-0.0286443258945414,-0.0198026328245785,0.004824931890375,-0.0338696273310331
2017-06-12,-0.0073325688104244,-0.0271951206667107,-0.0152381537997041,-0.0055936221607213,-0.0130395346498963,0.001430442457277,-0.0215060748445981,0.0073310168524176,-0.0026229219094151,-0.0159034563200419,-0.0067339936918582,0.0093104463567446,0.0145989130368309,-0.005963093819946,-0.0039072192579499,-0.0236606741267229,0.0040758460992491,-0.0024741444274329,0.0021614923289077,0.0066919860246512,-0.015486506708342,-0.0100503861675166,-0.0218986613165099,-0.0057582666182172
2017-06-13,0.0218389795194786,-0.003766379398191,0.0123986197105576,-0.004843406084479,0.0166377843039313,0.003567656178085,0.0133676789626195,0.0052978717456693,-0.0020221902316008,0.0083496539146263,0.0184105363032935,-0.0156871778593048,0.0100707544642189,0.0071514768089279,-0.0110716992185073,0.0134256253770654,0.007551200565528,0.0082237958971487,-0.0027027657625975,0.0089778736253238,0.0090394383456273,0.0100503861675166,-0.0161194285705474,-0.0155191150979364
2017-06-14,-0.01358389398737,0.0406709506361719,-0.0047503659738272,-0.0055402111257594,0.0024664655135664,-0.0010690997922986,0.0101625492725787,0.0019797921925617,0.0010117435436884,-0.0297419387775192,0.0066116195537273,-0.0232045896007053,0.0020477928975481,-0.0155599423006791,0.0282946634345151,0.0038979353701851,-0.0131132816899519,-0.0086367663674424,0.0029726748111091,-0.0066319763355302,0.0025278147900946,-0.0100503861675166,-0.0062695412454136,-0.0088365747466928
2017-06-15,-0.0199440182643275,-0.014599077516314,-0.0134232322425962,-0.0105492481071625,-0.0067407541555142,-0.0057202612318314,-0.0111845636707461,-0.0066139542275232,-0.021049355321725,-0.0064359269190985,-0.0099338944823101,-0.00714968498513,-0.032570068141223,-0.0170320573678067,0.0079051736297408,-0.0112597392423392,-0.0129104127110264,-0.0116330672821556,0.0099343576050872,-0.0086594787631497,-0.0059080696968072,-0.0101523269040506,-0.013933289641324,-0.0079208271154398
2017-06-16,0.0159407322302804,0.0109691845488091,0.0038535866119033,-0.0139918156019831,-0.0011279999897841,-0.0010762122803451,-0.0010229477821708,-0.0269013833642366,0.0028871355772248,0.0005697327023819,0.0115799602716135,0.0145855208631124,0.0142207684930846,-0.0086258604926084,-0.0059831081997363,0.0150478945667966,0.0251058223638303,0.0004178016262144,-0.0026752895209321,-0.008353993976911,0.0120601818488079,0.0,0.0050891304235753,-0.0241463330201262
2017-06-19,0.0139422575799663,0.0012111298134984,0.0124226813656393,0.0173886985266742,0.0052900831071496,-0.0039561091854967,0.0110805533383917,0.0101730446900121,0.0092244711896496,0.040431774828824,0.049729608838883,0.0523481375092544,0.0110500402699695,0.0049382995665343,-0.0038480192773979,0.007815143003115,-0.005894056718088,0.0214883987598351,0.0344907387080302,-0.0019084487897877,0.0094339706878789,0.0101523269040506,0.0188565281048755,0.0020348974812799
2017-06-20,-0.0227751688265005,-0.0369951508444725,-0.0338034164723577,0.0051863999840247,-0.0005614984133361,-0.012327983223924,0.0067114746678176,0.0053836845696932,-0.0172879497038929,-0.0111808013716254,-0.056330255058993,0.0113436444375194,-0.0117444484758393,-0.0325438233801267,-0.0014467943044369,-0.0102759779203962,-0.022418541644122,-0.0082098806495487,-0.0125001847905561,-0.0084406239323184,-0.0022115376919282,-0.0050632797896591,-0.0329141069344016,0.0050682248808511
2017-06-21,0.0149854324650116,-0.0075660317570704,-0.0078895590952008,0.0129603067518839,-0.0099333995741659,0.0058204956983805,-0.0067114746678176,0.0053546913854507,-0.0116935419087211,0.0208667708420309,0.0578939531560069,0.0225867270519675,0.0124309651545675,-0.0205664646226592,0.0108004623185151,0.0072701379029034,-0.0133132039851622,0.0228208514218617,-0.0005243239940471,0.0071024031612427,0.01592520381261,0.010101051875511,0.0229017380472746,0.0080566372554616
2017-06-22,-0.0031482685207215,0.0125786678602348,-0.0179824214001449,-0.0046731452938164,-0.0051181581331425,0.0,-0.004499620798569,-0.0141178216020971,0.0081581253242557,-0.0044866752681933,-0.0046985088044828,0.0047764810478048,-0.0009158163869993,0.0129036142580838,-0.0173371286333767,0.0071239772999103,0.0001916436270597,0.0238865734077946,0.0070544346149454,0.0088552184336316,0.0,-0.0050377720858519,0.018692265373714,0.0169074005179733
2017-06-23,0.0349159986976062,-0.0075288749477107,0.0120241173548754,-0.0066579395933876,-0.0038842964573535,0.002897240715765,0.0189844576103568,0.005401777231583,0.0118051997663335,-0.0018875665578397,0.0400053686661565,0.0251365996687784,0.0174787136041763,-0.0064309416724972,0.009909414466692,0.0039155158734498,0.0070579459054465,-0.0146626535988421,0.0028595812428149,-0.0023727469494607,0.0005449624350255,0.0298530189920951,0.0086045196399873,0.003937109637925
2017-06-26,-0.0064079092786188,0.0527408848598247,0.0138478631404703,0.0017947695156594,0.0074129883964464,-0.0014475270540335,0.0044150813234593,0.0060419945365852,-0.0014424146746776,-0.0266201653526367,0.0149703387749196,-0.0395040209378434,-0.0011256114309139,0.0229603328856056,-0.002166920137089,-0.0040088002843594,-0.0028555196024715,0.0031885495372376,0.0041451775745431,-0.002473621935942,0.0155927522532208,0.0337380819897752,0.0205945241863947,0.0058764047364094
2017-06-27,-0.0105955149818814,-0.0144406249843043,0.0194561362233227,-0.0161558081340587,-0.0068465010193352,-0.0134914869574633,-0.0077392043782582,-0.0155144237917279,0.0022653460816028,-0.0460829565391343,-0.0409458948281256,-0.0289196088735135,-0.0202533656364529,-0.012690521829434,-0.0043478527644698,-0.0081602681791759,0.0153223281804528,0.0193109997531086,-0.002847930364324,-0.0042002869915434,-0.029207252643904,0.0,0.0095466132101029,-0.0039138965967888
2017-06-28,0.019599504489931,0.0168274169086746,0.0143472802490349,0.0135748343330073,0.0142820187861616,0.0087718144838797,0.0055340457701107,0.014175001245589,0.0267927228769808,0.025209256630073,0.0229543366050997,0.0188582084482811,-0.0053014172633556,0.0050953640856256,0.0053113697304953,0.0067581443974544,0.0071081292239911,0.0104836769609306,0.0077480184610707,0.0073387844591801,0.007382110723654,0.0991803112960125,0.0350094411308063,0.0
2017-06-29,-0.0407476940854758,-0.0023867919243703,0.0103920374642956,0.0091156566712706,-0.0237629883509651,-0.0106093290429325,-0.0189420391051027,-0.0020128341957168,0.0041971619611969,-0.0383930176772429,-0.0030302591103179,-0.0494995041490913,-0.0200753028067555,0.0,-0.0096780831332683,-0.0286575284151702,-0.0086113315443383,-0.0191078681229459,-0.0152951010415485,-0.0092536302950332,-0.0153937032263753,0.0296004210370047,0.0022908187642229,0.005865313475082
2017-06-30,0.0054634755884412,0.0154119715284839,-0.0047102699266754,-0.004295826632866,0.0102861157712159,0.007328820142058,0.0089587542458207,0.0086928972852486,0.0069562391414645,-0.0061591796351807,0.0180455565743433,-0.0048776735431568,0.0112543958505435,0.0151328591880874,0.0242596785857331,0.0075760270213853,0.0,0.0105737095152753,-0.0023538199896617,0.0064959146790393,0.0042999005314015,0.0165294624409363,0.0011434976686919,0.013552661252586
2017-07-03,-0.0049235001394105,0.0121342106514117,0.0103335821924743,0.0061867967854363,0.0108640550131795,0.0007299720143461,0.0,0.0079575340445778,0.0023738772511312,-0.0007975917113443,-0.0426243425324508,-0.0127206607652103,-0.0074887664780303,0.0062383724889751,-0.0157861991390872,-0.0153069364793578,0.0089839075076119,0.029933118072206,0.0,0.0095714115828542,-0.002290810444657,-0.0123712361838728,0.01924244684865,0.00192142411195
2017-07-05,0.0138618773214354,0.0046731692653607,-0.0046841545351599,0.0212212503394413,0.0013638432107576,0.0134083716782895,0.0110863629994515,-0.0132981745879707,-0.0107272440683816,-0.006804693626349,0.0154324043119933,-0.0090699611927975,-0.0035300678260217,-0.0112572227593323,-0.0077442427408214,0.0052251112474159,-0.0142616851432006,-0.0322730357805491,-0.0068313674559112,0.0233045258152602,-0.001721992019561,-0.0041582262570635,-0.0203859445173419,0.0
2017-07-06,-0.0019793919567963,-0.0129036470427612,0.0130601549697453,-0.0111592896573915,-0.009013589762739,-0.0166972721093161,-0.0110863629994515,0.0,-0.0159037024581514,0.0084787500123084,-0.0154324043119933,0.0089689143473941,-0.0113798041070944,-0.0126582895559789,-0.0036511977195865,-0.0092106587244051,0.0035845618289904,-0.0313330697442157,-0.0103355916355762,-0.010001016208573,-0.0092322426308086,-0.0083680555184112,0.0022856892438383,-0.0057749911642196
2017-07-07,0.0126463106738645,0.0035354756188499,-0.003713981780455,-0.0021476337636636,0.0084457446873598,-0.0021985655787033,-0.0022323411939169,0.006671315016532,0.0018248309159747,0.0177624578391837,0.0015539780992654,-0.0034087466192107,0.0016677716405415,-0.0141118706741932,0.0152454357924356,0.0056333984820806,-0.0030176666139136,0.0032178474707333,0.006637736267459,0.00944813713674,0.0037608862874431,-0.0084389897887423,0.0011409946786609,-0.0038683760218927
2017-07-10,0.0143446409211271,0.0174937684524625,-0.0027947451333818,0.0083990219305256,0.0040828117083844,-0.0022034993574555,0.0044593802153509,0.0184457968798199,0.0152764258493776,0.0163754896683974,-0.0046693166821185,0.0174604771044926,0.0026148449987597,0.007721917843142,0.0076555600315626,0.0098303173931322,-0.0026481926568449,-0.0008034412193831,0.0094811900642521,-0.0023074851339881,0.010627665484137,0.0,0.0358381078815066,0.0248818415463688
2017-07-11,0.0074644719364247,0.0183280936622152,-0.0074905857865474,0.0080580334807081,0.0006790703987973,0.0,-0.0100615221951985,0.0097435969327204,-0.0082120769290661,0.009919008099045,0.0261755445886078,0.0250651725547395,-0.0004748677158428,0.0303054651463625,-0.0105415570219902,-0.003266103473047,0.0043469526277668,0.0076077046872868,0.0181822741074249,-9.247693150182812e-05,0.0107987864643188,0.0056930585868654,0.0131147925339101,-0.0075901626800639
2017-07-12,0.0089419478728709,0.0389584228471482,0.0121440460167492,0.0126627812442317,0.0161564215336538,0.0109690843814864,0.0211235763357984,0.0109290100208263,0.0173466457931383,0.0444965417442606,0.0165791052319681,0.0186813397436313,0.0178913516219427,0.0485532100106799,0.0074384696062637,0.0087178793737141,0.0084497118256829,0.0067580793408317,0.0223985522571776,0.0152239984773911,0.0087235564285341,0.0258635887732091,0.0107995195708097,0.0169974665320887
2017-07-13,-0.0013874910464277,0.0076134471915505,0.0174877647240987,0.0008563673465209,0.0035551411258478,-0.0007275821277725,0.0131149140895674,-0.0051280671263023,-0.0145349840276396,-0.0102952991817311,-0.0568946767178983,-0.0228695179586364,-0.0058499779898264,0.0011841613916573,0.003606303796074,-0.0066032707696539,0.0,0.0043485288951217,0.0017602876765421,-0.0002730298276771,0.0128065608412599,0.0375825982371117,-0.0261169308583637,0.0018709065129276
2017-07-14,0.0221854989506571,0.0075547336910986,-0.0018264634484412,0.0086825318534708,0.007403120632881,0.0054437419392581,0.0118728152877536,0.0070443916903246,0.0169041741529776,0.0074846469222267,-0.0015835678593871,0.0097136374529638,0.0086457407526023,0.0105945341748798,0.0045491116179183,0.0069845551213578,0.0050357672219347,0.0264708154016486,0.010497396564955,0.0032721374867978,0.0027624229443841,-0.0041067449426951,0.0196511642639916,0.0148424682653076
2017-07-17,0.0021421164084349,-0.004309900216346,-0.0036629653715052,-0.0016986432517702,-0.0026456700608012,0.0032517964105478,0.0010723220359771,-0.0019163245640223,-0.0085159525729672,0.0092413684258438,-0.0256835705527791,-0.0273070957609555,0.002556231905745,-0.0094119664473185,-0.0045491116179183,-0.0006675110967382,-0.0022349530839149,-0.0030778448464601,-0.0022401572593437,0.0011789884161732,-0.0094231514801754,-0.0041236798680377,0.0053908876174779,0.0073394776979356
2017-07-18,0.0213785170912572,0.0150050073418206,-0.0138570510009721,0.006777167954576,0.0019849542686758,-0.002166718256737,-0.0010723220359771,-0.0057710273883335,0.0069370269456876,0.0148108278806784,0.0225090131527285,0.0236269965078035,0.0023180824896207,0.0140847945664411,0.0050269283876231,-0.0037279161660537,0.0065050280288554,-0.0007710162520764,0.0059628230879504,-0.0029955685313067,-0.0011149009312627,0.0041236798680377,0.0128208396314681,0.0
2017-07-19,0.0502352002462176,-0.0053330095747776,-0.0018624142638339,0.0073603673963784,0.0083368918324162,0.0025275135686269,-0.0021482061815603,-0.0109927729076744,0.0023672316216232,0.0011412324444988,0.0420294847244933,-0.0073033667747464,-0.0144593057704267,0.0184762532953806,0.0149307997683787,0.0106688077783676,0.001295921975597,0.0042331553529488,0.0046953756571941,-0.0027309428036588,0.014942245431996,0.0283995843794805,0.0,-0.0054994585738604
2017-07-20,0.0209566901387274,0.0042694836009253,0.0074284632365126,0.0021453251056984,0.0051212433477236,-0.0010822497629865,-0.0032310401917574,0.0090616458258001,0.0164163376357922,0.0054032200052427,0.0285519251887902,0.005490446781438,0.022759932968972,-0.0057372962007066,-0.006608458438051,0.0026495322238906,0.0053511955451317,0.0042157910735554,0.0017242971583688,0.0012753854319944,-0.0085506299744211,0.0039917680951897,-0.0312695366265582,0.0554209303956662
2017-07-21,0.0030506488403183,-0.0085571751008177,-0.014912222161969,0.009674901742537,-0.0044659203920098,-0.0065196254253385,0.0,0.0102562817619527,0.0369141760066389,-0.0064729441867461,-0.0239891332155628,-0.0047087270133041,-0.0138729054926005,-0.0244625144110597,0.0054316009162973,-0.0146601171359996,-0.0051660044543138,0.0397351080054582,0.0044204779880905,-0.0048368149024788,-0.006949273159424,-0.0039917680951897,-0.0121215309948876,0.0508581214483216
2017-07-24,-0.0035711321204052,0.0053564532193206,0.0102760219022064,0.0279220926984464,0.0265015199196367,-0.004004995359899,0.0213455168085578,0.0,0.0094826239730387,0.0075358783159646,-0.0030395856222482,0.0139000608363653,-0.0247511620848221,0.0082211281711546,-0.0223870507694536,-0.0056739086300208,-0.0027786105877152,0.0106012617606205,-0.0049127957436092,0.0009145660243214,0.010267912482083,0.0,0.0186716981492227,-0.0066332659405758
2017-07-25,-0.0065912127788063,0.0095694538233375,0.013844143775616,-0.0080869324073971,0.008469451753732,0.0069079338588968,0.0073645538584008,0.0082569630591626,-0.0066840721584471,-0.0111104596742181,0.0388109322177365,-0.0084141116366542,0.0061862706968294,0.0162413862399051,0.0057634534861761,0.0017345688664969,0.0084965960345773,-0.0036430209187572,-0.010644943685611,0.0065588508605332,-0.0033186393226589,0.02371631239183,0.0405174996784967,0.0181372497529714
2017-07-26,0.011716673247462,-0.0021184721066676,0.011845278729893,0.0206927935102152,0.0152736724554194,0.0,0.0186922462420029,0.006304968921325,0.0105623032887458,0.023918456700029,0.0331203116277709,0.0104986771638571,-0.0040404588089235,-0.0069280355816124,-0.0021572733509707,0.013293270113226,0.0027549245024962,-0.0139654240035254,0.015312819429873,0.0057947360990269,0.0033186393226589,-0.0521158967713106,-0.0189880870171512,0.0065145936803319
2017-07-27,-0.0083830382851335,-0.0021222854542219,-0.0155183350359182,-0.0008454045793779,-0.0003114650821833,0.0025328250475382,-0.0250014541340801,-0.0203180379530802,-0.0114943683356001,0.0021654182048393,-0.067375380859755,-0.0064600250494479,-0.0119788571090748,0.0069280355816124,-0.0843316515039469,-0.0017113923190787,0.0138435363622266,0.0179720181384142,0.0119381914579776,0.0080920334331286,-0.0011050326637964,-0.0593394420676256,0.0021277351224358,-0.0065145936803319
2017-07-28,-0.0046439419212624,0.0052986046549445,-0.0046104332495207,0.0903226382932862,0.0056955803578704,-0.0003614019268378,-0.0224008627748815,0.0076676252281968,-0.0146508753082663,0.0077496539290704,-0.0060790693367316,0.011700118326162,0.0160193159179984,-0.0011509681735669,-0.0402239309380139,0.0092829615505714,0.0082864864339509,0.0,-0.0077804856146972,0.0052694254575351,-0.0088837205343303,0.0,0.0272552397792149,-0.0032733228949706
2017-07-31,-0.0145285048455772,0.0167719574035278,-0.0083529171968201,0.0284549544945518,-0.0006198525849585,0.0129313990433681,0.0043057732283213,0.0057125758937239,0.0066007172680802,-0.001558966546499,-0.0076511469141706,-0.0080310334477751,0.0056765074787112,0.0148658004122738,-0.0054510278196071,-0.0019821368212511,0.0140739761410104,-0.0091290390113956,0.0024378308693675,0.0051532897366133,0.0027844721719154,-0.013187044930348,0.0365523488858663,0.008163221921323
2017-08-01,0.0039171436451992,0.015472170164029,0.0193824306363112,-0.0033189541684199,0.0226797642545504,0.0218855179935295,0.0085562181034961,0.0069378368311594,0.0074904679576439,0.0015936531582525,-0.0061633714364872,-0.0092952511442487,-0.0021251502648205,-0.0079775360380002,0.0202901524684391,0.0113664590517688,0.0047648153703212,0.0138435919480635,-0.0088041823155884,0.0117177249018123,-0.0033428686914951,-0.0133630255790366,-0.0140563888204348,0.0351474447065784
2017-08-02,0.0006625217143563,0.0158508707511211,0.0018264634484412,-0.0162663309726989,0.001917130154553,0.0073057630633628,0.0063693817691965,-0.0082044636175815,-0.0207355030312874,-0.0079238588299102,0.015337724701637,-0.0298511018874498,-0.0002360637630101,0.0304250661546274,-0.0088769416701455,-0.0067478459869683,0.0101592421953013,0.0086453857442601,-0.0223555116188389,0.0001753746329704,0.0063972073832805,0.0,0.0010105058057849,-0.0047205374445544
2017-08-03,0.0075858209951888,-0.0020184293732179,-0.0036563858563352,0.0241693865857435,-0.0090130744781635,-0.0062585909454933,-0.0213911786709295,-0.0006339935467651,-0.0252693528163239,0.0199667268250252,0.010598200421819,0.0094431808298867,0.0044815282690078,-0.0156602875624152,-0.0254494928265061,0.0077747975306028,-0.0059429826736181,-0.0064767729583672,0.0097487359087375,-0.0128683698812812,-0.0077930712488982,-0.0090091508994409,-0.0081134471628792,-0.0063293714206249
2017-08-04,0.005047351185091,0.0,-0.0018330429636113,-0.0059103750505578,-0.009094878654499,-0.0105189956032361,-0.0010816010930647,-0.0063612775438635,0.01068716912228,-0.1155665251712845,-0.0015071362411465,0.0075828533735879,-0.0101716041844337,-0.0011280589334622,-0.0427524050154706,0.0017713973298221,0.0052455975802083,-0.0163789286537459,0.0034768024502018,0.0080399648333235,0.0066836341405411,0.0134831473827337,0.0151593809243519,-0.0127797183474391
2017-08-07,0.009630484314302,0.0120486298077757,0.00091694148756,0.0048984038895287,-0.0004108023747004,-0.006719984225485,0.0075471798913016,-0.0083308842202516,0.0121028264627249,-0.0166464456310473,0.0238461138157481,0.0109100952451406,-0.0095560427601326,0.0089887666185912,-0.0098836497455865,-0.007104164138675,0.0006973850934097,0.0156562779461424,-0.0087141503675329,0.0043026048123158,0.0208738131477894,0.0307717028278562,0.0374057838083086,-0.0178431218016694
2017-08-08,-0.008388602841455,0.0128902083261173,-0.0082834895555459,0.0100304964100157,-0.0112577675120628,-0.004267262283522,-0.0151518609550254,-0.0012875948139785,-0.0061292577644675,-0.0167297775800632,-0.0133434376461276,0.0045702728727032,-0.0123172105516435,-0.0044844212565133,-0.0405422860283508,-0.0018778919650852,-0.0022684567889523,-0.0156562779461424,0.0141529140832608,0.0007882642101852,-0.0024493688464293,-0.0043382838356675,-0.0145988153038776,0.0048980484821359
2017-08-09,0.0028037392456479,-0.0108965690379685,0.0011136853805311,0.0036976925373419,0.0084807925905785,-0.0067944782394531,-0.014278126295363,0.0051414869039825,-0.0137344454104426,-0.0015890447568907,-0.0442482792690053,0.0186783334732409,0.0798371855744783,-0.0056335859620139,-0.0190423238494257,-0.0066953507359013,0.0081362139278167,-0.0092169134662452,-0.0134031473988338,-0.0098540462107044,-0.0065610907565183,-0.0087336799687546,-0.0158105183394501,0.0016272558255736
2017-08-10,-0.0222566943645547,-0.0191053057414316,-0.0244141743627972,-0.0341411283008392,-0.0273531085552649,-0.0104595604880581,-0.0280445608751902,-0.0181119393873214,-0.0314598084526767,-0.0780303053728594,-0.133308554792578,-0.1028771685097855,-0.0094680631797179,-0.0263325432885733,-0.0613806742990976,-0.0179479872700136,-0.0136562415108341,-0.0312230223553031,-0.0288992425893912,-0.0063863174328417,-0.0311999343626645,-0.0132451864489319,-0.0191055335190459,-0.0032572468214713
2017-08-11,0.0067026450413107,0.0141130452907252,-0.0172585032343803,0.0041250031253179,-0.0093579032052786,-0.0007255590367489,0.0124367155574556,0.0110354300798187,0.0006026259559868,0.0318131307598985,0.0638698628690184,-0.0116417024692885,0.0369095661582261,-0.0163747463820069,0.0276394551151679,0.0062419025272477,-0.006449422288655,-0.0069019230094844,0.0030816076355013,-0.0023161949595253,0.0223846724848555,0.0263171502533541,-0.0163773194348837,0.0048819414754508
2017-08-14,0.0093484898790876,0.0079767014195979,-0.0009675338004249,0.0008944807819144,0.017264740501262,0.0065097540867489,0.0056021419798475,-0.0012918331470983,0.0111870022940196,-0.0134983995435442,0.0116377168383947,-0.0076819747756693,-0.0105336397206032,-0.0011798734809459,-0.0148629935157846,0.0118008194155567,-0.0079393209845135,0.0220709916100108,0.0038388952188483,0.0080834457071272,-0.0024935415050357,0.004319778907447,0.0041197112681348,-0.0065145936803319
2017-08-15,-0.0009836409669681,0.0128262476239642,-0.0048519461898872,0.0073048268078723,0.0042959653202139,-0.0032496239304644,0.0088989626121342,0.0012918331470983,0.0051513382878125,-0.0036785382318411,-0.0016542348331309,-0.0098761038882004,0.0039632828406017,0.0140682815519841,0.0016264085923258,0.0017960102046679,-0.0025392426896497,-0.0007530180600179,-0.0058922018773079,0.0022093984362125,0.0102111120712171,0.0,0.0051255291144132,0.001632652204881
2017-08-16,0.0079055662732452,0.0058654408790543,0.0009721756196197,0.0035882713159676,0.005526236959231,0.0025283388221888,0.0251516884416327,0.010276359848556,0.0047319375081951,0.0243960454968972,0.0016542348331309,0.0089793741967065,0.0195827620391848,0.0069607531256814,0.0058329503234741,0.0025464706189506,-0.0056461077383298,-0.00832084051763,0.0120036394202402,-0.0078877725355885,-0.0021988761577595,0.0,0.0321959465904171,-0.0065468301997564
2017-08-17,-0.0198483657558075,-0.0216761294719101,-0.0265893333306843,-0.022765339730113,-0.0202726510100696,-0.0130718275314141,-0.0273690707706788,0.0177333145680849,-0.0325865070979789,-0.0323916865225299,0.0016515028589525,-0.0179664210760615,-0.0130594482849084,-0.0127984319994565,-0.0042093492345414,-0.0152820748510533,-0.0045769709051932,-0.0253860867040032,-0.0099503327617807,-0.0083989212601576,-0.0152504202159957,-0.0130154077092113,-0.0383496457754484,-0.0215775026483735
2017-08-18,0.0106304967295436,0.0342670561296616,0.0029896936238622,-0.0016299211553141,0.0009546787654457,0.0065573610294618,0.0033241230547989,-0.0742528890271028,0.0060778316393679,0.0082920681302196,-0.0049627768150042,-0.0119866626124682,-0.0035352719279111,0.040166167485193,-0.0022739139246661,0.0025790668014513,0.0027486750348733,-0.0129386285647115,-0.0059148674149394,0.0025092546722689,0.0019542603851974,0.0,0.0313948108446091,0.0
2017-08-21,-0.0044101379729903,-0.0067599558291868,-0.0110059729269376,0.0080781777992386,0.0112792747246053,0.0,0.0197158747890111,-0.015673175735583,-0.0081120429432157,0.0243062673696421,0.0066116195537273,0.0161445814476093,0.0061783703247728,-0.021604080150362,-0.0210325805003386,0.0010490538338663,-0.0060567371684134,0.003938594720561,-0.0069884414532828,0.0088217953839118,0.0033404245045556,0.0215989963964006,-0.0039961500647012,0.0
2017-08-22,0.0181727532911653,0.0220415622337564,-0.0010063605104075,0.0161844185009334,0.0054358096536177,0.0122699708667695,-0.0010852296813799,-0.0208196615586038,0.0107341619818974,0.0055230096538796,-0.0066116195537273,0.0081926913587073,0.0150641943270293,0.0316768813255252,0.0326719305679312,0.0045640264996187,0.0073365355039309,0.0136639939103226,0.0054397487201987,0.0013298189961661,0.0148967110682276,0.025317962988492,0.0010006753552429,0.0066888989154811
2017-08-23,-0.006303573969383,0.0169178506545468,-0.0050479502424285,-0.0049656280354053,-0.0021916668011616,-0.0053947090529273,0.0140164165700213,0.0385191838072627,0.0020125143651354,0.0010270458052339,-0.0089955783429767,-0.0003985807321846,-0.0170458374616044,0.0165656715318074,0.0041701925736954,0.0014220126121244,0.008733847962782,-0.0011637331176541,0.0025799097812873,-0.0001771734032525,0.0016416451168255,0.0,0.0324670946407421,0.0
2017-08-24,0.0003261222548918,0.0018619297337678,0.0080643811833209,-0.0005779921514639,0.0037542816318771,0.0014415305229018,0.005339143676232,0.0114054648488044,-0.0036252279605513,0.0003284671150423,0.0303253330309449,-0.0200506743666246,0.0054950771853787,0.0,0.0047899291752493,-0.0090403651504518,-0.0018130720266298,0.0038743081657952,-0.0161040866126642,-0.00559836027747,0.0068110637814182,0.0165292276254281,0.037058719833773,-0.001667886451673
2017-08-25,0.005005460592911,-0.003727161089569,0.0040081871941,0.0030638883487226,-0.0017710555896846,0.0071759504555788,0.0053106838142413,0.0106174021955594,0.0213601959102747,0.0113872464665458,-0.0130720693449375,-0.0120091189585953,0.0111173925999024,0.0043715192760902,0.0101428448213789,0.0048634201560817,0.0102913185739561,-0.0019353750281507,0.0080844281111782,0.0055095093745274,0.000542949345772,0.0122202957951078,-0.0037381056850049,-0.0050210124638081
2017-08-28,-0.0006488776836439,-0.0169496177235499,-0.0060182576245848,-0.0249597616408188,0.0001043125162305,-0.0057366698997953,-0.0063761501465826,0.0105056955367088,-0.0023729383004327,-0.0158302409486923,0.0402955406735996,-0.0019468581715016,0.0144196513344483,-0.0098627050161164,0.0015755093631117,0.0023753984006251,-0.0041397113287406,0.0015485995606558,-0.00051962723564,-0.0050642335080333,-0.0021733788278921,0.0,0.0130233781382351,-0.0033612598625063
2017-08-29,0.0066609673845734,0.0141438542492353,-0.0080808664403089,0.0031768971787933,-0.003551351878487,0.0017964107825112,0.0010654663323412,-0.0026160142888027,-0.0097484778227494,-0.0067847838826429,0.0280392086781486,-0.0063161990229936,-0.0062161209602642,-0.0033095142164077,-0.0009451209897473,-0.0056150489911708,0.0,-0.010109031660948,0.004149347411225,-0.0016936801776754,0.0029874080057075,0.0,0.0027689468553975,-0.0033728535430981
2017-08-30,-0.0021937777311018,-0.0065751914912497,-0.0030471349174758,0.01435120291044,0.0061545104406546,-0.0075663559952752,-0.0021322801227761,-0.0145122333398945,-0.002602444819594,0.0239938092418512,0.0137302162509023,0.03854615623858,0.000859768538592,-0.0291501985845196,-0.0060060567157116,-0.0023887898842218,-0.0048820505964131,-0.0125838305987215,0.0143886772293297,0.0018720225102715,0.0013544475747218,0.0040402994024548,-0.0036934057654836,0.0033728535430981
2017-08-31,0.0096425419117496,0.0028230372762887,0.0040608296030453,0.018454700706564,0.0131207430073656,0.0161437971801197,0.0,-0.0033278778362215,-0.0155542496150729,0.0464038903430354,0.0327897780758079,0.0009793004220308,0.0227258729714732,0.0213852270091461,0.0203994116725712,0.0040098431846038,0.0001808989008877,0.0007912449476603,0.0109097485640932,0.0061258925317737,0.0010826661000264,0.0080322442392226,0.0237668438643445,0.0
2017-09-01,0.0061865828397777,0.0232243524544781,0.0070671717547394,0.0199272751818888,-0.0001028557845446,0.0039072755944222,0.003196507267162,-0.0107239828181262,0.0093212456669329,-0.0257076355548884,0.0331681897159894,-0.0218066242023526,-0.0080117361537515,0.0339385076992756,0.0742189002853652,0.0037092088441266,0.0030760758207057,-0.0175514504499734,0.0022683885601746,0.0004424492570453,0.0067395170503479,0.0620353183774943,0.0205641616666008,-0.0033728535430981
2017-09-05,-0.0158291247515274,-0.0064484115872927,-0.0234106413693437,-0.0320593307380594,-0.0346732559091922,-0.0056882432670901,-0.022593786327143,-0.0128859259310984,-0.1065264530435001,0.0185634754659904,-0.0056899375448526,-0.0030057134645642,-0.0055190678084517,0.0265549692203382,-0.0239358213478932,-0.0055213202476407,0.0063038262991672,-0.0360544809392369,-0.0098671268864309,0.0052062710339706,-0.0099906599029115,0.0149256502166755,0.0070547042837914,0.0
2017-09-06,0.0107295592814482,0.0206834248220917,-0.0020619417909586,0.0073849945521295,0.0170690173959324,0.0010690997922986,0.0,-0.0020496324735925,0.0091568413118112,0.0048590281946898,-0.0437387510361055,0.0073684046173907,0.0181401193600381,0.0480914295350478,0.0079447262436886,0.0124274932248944,0.0151450790152889,-0.0121723358704284,0.0,0.0009677180851985,0.0113331174064921,-0.007434978487518,0.0104896490937993,0.0100841980097716
2017-09-07,0.0276063872579594,0.0018100206941669,-0.0072500997683615,0.0269928005593591,0.0111167356781964,0.0049732418306667,0.0,-0.002739985279361,0.0185028441016092,0.0030972535089768,-0.019564136526696,0.0147575153582102,0.0137016358096992,0.0109290075636656,0.0099155066422405,0.0181243941867146,0.0068727689537504,0.0311810143510626,0.0025393550142802,0.0048242605672781,0.00721829211012,0.0111318069085295,0.0121003486182968,0.0016709278596409
2017-09-08,-0.0071120950567378,-0.006348872722161,0.0215946815708791,-0.0170848084057251,0.0065903586196078,0.0084689102980179,-0.0098412582664799,-0.0034350860380998,-0.0100901196796603,0.0050131069127647,-0.0045697420693624,-0.0075162899505949,-0.0109879024770171,-0.0321315608190295,-0.0324416973343613,0.0026814808433002,-0.0068727689537504,-0.0069827283006538,0.0126008787510798,0.0060197067250751,-0.0010660944189866,-0.0223889272152584,-0.0466018796380061,-0.0016709278596409
2017-09-11,0.0189772499662268,0.0348707875984894,-0.0010178215962375,0.0184562294196819,0.0154804830404016,0.0149957418995958,0.0021952590458353,0.0027493161577483,0.0350914023760915,0.092796326332424,0.0181547645268804,-0.00451517143276,0.014897814474958,0.0182006510343988,0.0163523630110222,0.0173009608196688,0.0052908337156374,-0.004544663134931,0.0104634607155258,0.0108999323299592,0.0090254110695351,0.0075187642345289,0.0125226315011013,0.0
2017-09-12,-0.0088236703989181,-0.0088258560390148,0.0310805535012759,0.0174065360677344,0.0034301664057272,0.0106731826845853,0.0,-0.00206140508589,-0.0059778834483315,0.0192002864008973,0.0119226907103975,-0.0016935499034707,-0.0034975265134145,-0.009058835543418,0.0085157221980642,-0.0022714541533828,0.0007036109491957,-0.0020726603274767,-0.0042219751854526,0.0026635039199094,0.0005290136284528,-0.0150946956952524,0.0035492087335764,-0.0016734691916802
2017-09-13,-0.0079649618224477,0.0035399550406354,-0.0029662363954923,-0.0050210118644793,0.0012079268951676,0.000684739244964,0.0010959332658946,-0.0006879110718582,-0.0055829333524179,0.004871302675955,0.0161649146102225,-0.0039881777537549,0.0028810925391868,0.0110609685006843,0.0205477560046101,-0.0012741240438831,0.0096209626527761,0.0045540710080627,-0.0110111830632217,0.0006005083365678,-0.0087546235341946,-0.0076336951323182,-0.0223925838667753,0.0050122835029942
2017-09-14,0.0084601842807643,-0.0079825122700447,-0.0009905360708097,0.0038839841044335,-0.0075731080073668,0.0003420274285397,0.0010946253413952,0.0013756029209934,0.0040830077183642,-0.0147899734736656,-0.0087848073125997,-0.0065705250365586,-0.000205530829636,0.0079679563876189,0.0031459877448236,-0.0054795816650274,0.0060749569761799,-0.0267911642510463,-0.0353430175863862,0.0041930049929517,-0.0040052315581853,0.0076336951323182,-0.0275498985023141,-0.0512931740410308
2017-09-15,0.0060527761295725,0.0228886670914676,0.0039567724663021,-0.0089728247450491,0.006566673395207,0.003756259286173,0.0021858784802262,0.0068491008700599,0.0104533072946972,-0.0182611029031694,-0.0014716481390131,0.009526198718929,-0.0095001842029316,0.0,-0.0360505236368664,0.0049329165133347,-0.0029459086276881,0.0366556875655446,0.0077901403889111,0.0050260150965542,0.0071973758830563,-0.0076336951323182,0.0101902200110683,0.0173918180244986
2017-09-18,0.0278098462279769,0.006073274567075,0.0,0.0162776660424679,0.0059234170443223,0.0030629781751314,-0.0065716961333515,0.0101869471619566,0.0199608162054185,0.0244587293222489,-0.0059084591586096,0.0788189410270909,0.0099112036279622,-0.0019861464586232,0.0216699699382307,0.0029116735035898,-0.0027807945519371,-0.0082135602343642,-0.0070085268707305,-0.0008502757774442,0.01109345596298,0.0189760751706131,0.0055147419713641,-0.0069205255860003
2017-09-19,0.0077548896727055,-0.0034656172671048,0.0039406160407309,-0.0051161781745729,0.0006002499293642,0.0037306144584947,-0.0121617110271836,0.0,0.0177325722936547,0.0008971629721878,-0.0119226907103975,-0.0207388445254572,-0.0004110194250306,-0.0039839220346722,0.0011580644651345,0.0024503468825241,0.0117647843503174,-0.0141200527010645,-0.0191983624044511,0.0207877229930417,0.00602385197271,0.0,-0.011987441008489,-0.0192819158094628
2017-09-20,-0.0185924648827562,-0.0026076572999702,-0.007897388507033,0.0004623719944856,-0.0176620741819739,0.0037166666406105,-0.00669649448144,0.0026989787691418,-0.0065616817185443,0.0007928846994627,-0.1058603449459858,-0.0130334087563546,0.0094110614303466,0.0391440892981183,0.0318934363928322,-0.0039052040362381,0.0117981344580559,-0.0025123740320251,0.0026518117746443,0.0025786460825329,-0.0126124602187696,-0.0189760751706131,-0.0177822027706957,-0.003546010196945
2017-09-21,0.0035049307053833,-0.0043608620230768,0.0235074251230757,0.0040261396662506,-0.0037743998011605,0.0026945959850777,-0.0101294687685666,-0.0135686700849555,0.0112510313846918,-0.0291244702813786,-0.0134230074446501,-0.0211706344420892,-0.0010187455788943,-0.0135267872778601,0.0556001399818808,-0.0024597858400152,0.0030549435021915,0.0153944341232494,-0.007976625339924,-0.0026619237162535,0.0110441721425136,-0.0038386025955582,-0.0258264591390724,-0.0017779576297312
2017-09-22,0.001145719440279,0.0052307570089125,0.002900042780177,0.0068823777320945,-0.0062543577861049,0.0060364442560816,-0.0102331257920682,-0.0034208990683139,0.0179422522385488,-0.0085867512411139,-0.0396261868283134,-0.0218861925230475,0.0032561329714027,0.0058197492049474,-0.0015918821272766,0.0058208716351604,0.0079332008272716,0.0119025538095103,0.0010672601508296,0.0048196986131321,-0.0123669098752472,-0.0038537443689999,-0.0156252290608309,0.0106194726824081
2017-09-25,-0.0240887640410747,-0.0309074350227949,-0.0165454234683202,-0.025598171452497,-0.0328273193040651,0.0006682464763376,-0.0207859789666211,-0.0193778846420951,-0.0355908474784043,-0.0336228193295831,0.0122271732617549,-0.0295927445734136,-0.0087747595908451,0.0,-0.0285504041082413,-0.0120428086241917,0.0065354136024819,-0.0102522718254589,-0.014234111981876,0.002814450998235,-0.0187069929976591,-0.039375172265072,-0.0309870016732027,-0.0106194726824081
2017-09-26,0.0052328964136192,-0.0017951497201988,-0.0039332419024362,0.0072236097212847,0.0050883202709202,0.0026695020393536,0.00697681446049,0.0020942450205718,-0.0045652958425197,-0.003521790968934,-0.0034782113021156,-0.021078284501665,-0.0138276236982206,-0.0116735662537279,-0.0251777170948226,-0.0094989171620278,0.0041671096990114,0.020400601701612,-0.0138910106140928,0.0029716837497089,0.0018864695884328,0.0040082760227491,0.0050631495925923,-0.0035648824292351
2017-09-27,0.0247434149774896,-0.0172188224353753,0.0078510119188215,0.0152520962906654,-0.0113787462988099,-0.0053458234155319,-0.0198955298616136,-0.0027934745377273,-0.006049872752555,-0.0069689303337998,0.0274931139969432,-0.0016669516757175,0.0037338033976905,-0.021761372865801,-0.0336213446986404,0.0005558817966804,-0.0019980643938932,-0.000404367519319,0.0008224654508237,0.0013177279775202,0.0029575034874977,0.0079681690734469,0.0090497329499485,0.0017840297621182
2017-09-28,0.0210421075957292,-0.0064187379154574,0.0106951444721827,0.0060694072685407,0.0193830374837875,-0.0053746368407128,0.0058929989873384,-0.0020998509243972,0.0110292064318695,-0.0198782579601033,-0.0188200329730761,-0.001591891225126,-0.0047733272321881,0.0019978878943234,0.0400451383209106,0.0075652994071298,0.0061477881807832,-0.0024270023404624,0.0093298699109667,-0.0007771321526659,-0.0053833230509896,-0.0039764009782572,-0.0050176089524429,0.0053333421210771
2017-09-29,0.0041557480215379,0.0182320306255434,0.0009667826787285,0.0262198943597189,0.0108504095153838,-0.0043882167827629,0.0058581284051477,0.0221769650836478,0.0145865251994661,-0.0117485890651023,-0.0069324631293388,0.0247919867159578,0.0016630650227811,0.00199439239114,-0.0067039302738103,0.0077821642854409,0.0034725501839885,-0.0040585818328131,0.0167436202107573,-0.0036018382602671,0.0134046661559823,-0.0039917680951897,0.0129937258929664,0.0070669832284478
2017-10-02,-0.0029246700066956,0.0125674474314212,-0.0106848782267312,0.0039487347881221,-0.0184317378467833,0.0074150597863895,0.0011675880086374,0.0061495023393001,0.0046801767880553,0.0180648011203681,-0.0140107236138762,0.0104829089224014,0.0156606080752239,0.0029831770768804,0.0246379075291713,0.0082648165655454,-0.0004956991309041,0.0056773729962946,-0.0005358845859508,0.0011739085839144,0.01532843042428,0.0039917680951897,-0.0009934382440188,-0.0035272488457207
2017-10-03,-0.0014069867759891,0.0398933871658711,0.002925246520566,-0.006738372280175,-0.0019043469590984,0.0140048665057475,-0.0070257164137852,-0.008894959987189,0.0002029140354626,0.0026893052838579,-0.0070797025951061,0.02071482086175,0.0030621010541556,0.0437176873870663,-0.0277256117227928,0.0034311559575446,0.0057640148102748,0.0040353481428732,0.0061441051176249,0.0085961171883548,0.0080969974552203,0.027506615544407,0.024547037886677,-0.0070922238366873
2017-10-04,0.004273299392234,0.0017131772362524,-0.0088019109410444,-0.0123430647100226,-0.0064807680360874,-0.0049792467800475,-0.0070756605647868,-0.0027531007322989,-0.0024383346607397,-0.0020826721957174,-0.0071301141366877,-0.0045663988818613,0.0044742320814492,-0.0114724441614568,0.0203150472097373,-0.0074188246499584,0.0,-0.0016119629992945,-0.0005327536992745,0.005221422530524,-0.0044322682863988,0.0,0.0058029283524538,-0.0161438380709647
2017-10-05,-0.0157194950654373,-0.0060103097594796,-0.0148442986134411,0.0053143900613097,-0.004058507145721,0.0009978185887296,-0.0023696447890011,0.000689113192027,0.0125355323840463,0.0240443425747667,0.0316927792789401,0.0079774217127281,-0.0069232378179222,0.0095693702390393,-0.0002754992132101,0.0072385348783186,0.0021323071022161,-0.0024233851435786,-0.0153042739206372,-0.0010752676729266,0.0049522411942626,0.0,-0.0175102461467544,-0.0054395350130039
2017-10-06,0.0054442690478149,-0.0156258838853353,-0.0049976862007663,0.0098183121407657,-0.0004280819887325,0.0003321694764371,0.0047338043595939,0.0075471336445487,0.0024079961610254,-0.0052314199767913,0.0,0.0130597690822718,0.0036712631596835,-0.0172913664125589,0.0005509932497924,0.0004506238183825,-0.0145237467371459,-0.0036458703048394,0.003241289820602,0.0084877386131596,0.0,-0.0038832538655274,-0.0059056452059174,-0.0018201128689598
2017-10-09,0.0041229244748022,-0.0105540879699461,-0.0060300990994495,0.0181237532475329,-0.0042920021979893,0.0,-0.010682540960742,0.0040928657753704,0.0008014389880335,0.0040836248849673,-0.0388741659841858,-0.0038383768982579,0.0018305896042365,-0.0029112012087961,0.0082282528877144,0.012002974425429,0.0049747748485597,0.0084863780587838,-0.0010792405484223,-0.001642542313184,0.0080281632901511,0.0,-0.0320989606005501,0.0018201128689598
2017-10-10,0.0060938439596842,0.0261799718552815,0.0189719769093841,0.0396064526879875,0.0064309373325111,0.0066249816052423,0.0,0.0047539198881001,0.0156983708185523,0.0136877944480264,-0.0348339811435232,-0.0231219084469556,-0.0077516774584638,0.0173411877932785,-0.0024613255336261,0.0003561639588198,0.0097127789945696,0.0440844326363598,-0.008949122751044,0.0196141173514421,0.0051456470091664,0.0038832538655274,0.0010190269047587,0.0
2017-10-11,0.00999759624505,0.0008609208036496,-0.0019800919507466,-0.0079965084493798,-0.0021389351345217,0.0006599461058751,-0.0144234138032524,-0.012270448650641,-0.0045449697158908,0.0031013780521806,0.0037244133778422,-0.0019698356066641,0.0112003413806376,0.0019085997969239,-0.010736474942679,0.0027554112628429,0.0031079823112523,-0.002699078645187,-0.002454844444385,-0.0041997437298686,0.03479914078701,0.0,-0.0030599158115778,0.0
2017-10-12,0.0040983234771978,-0.0103811712756007,0.0059288025324963,-0.0038103414274957,0.0140337328418382,-0.0042982614247422,0.0036254035605538,0.0020554187834704,0.0190295316324196,-0.1085269824157073,-0.014981539434586,0.0109518663597452,-0.0065015109496209,-0.0086165902078867,-0.0075011509894284,-8.864730549618116e-05,-0.0081993548822634,0.0069258238562084,-0.0082259478319455,-0.0029988935758931,0.0022276462586727,0.0077222569717261,0.0071249151109626,0.0036296729854733
2017-10-13,0.0153753682912718,0.0060685014204349,0.0,0.0128352032614298,0.0407544988677139,0.0026474180411231,0.0332177686114198,0.0068215729320413,-0.0052608246787002,-0.0055379214854962,-0.0306537114046427,0.0286193162147263,-0.0316829839620247,0.0086165902078867,0.0050070140242697,0.0006209911940819,0.0031239141093104,0.0072588288760253,0.0136726727008082,0.0015410956952139,0.0093529588127667,0.0190482291886,0.0581156047542732,0.0054201550435896
2017-10-16,0.0016436999232025,-0.0060685014204349,-0.0118929021909179,0.0378757304712094,-0.0218258233856798,0.0049445367158749,-0.0070257164137852,-0.0061370064361507,-0.0147594207970294,-0.0498114669983422,0.015444307356812,0.0104230480379108,0.0369686770065582,-0.0009536107529544,0.0159651691016473,-0.0078374108319492,-0.0008213800837637,0.0128595838168221,0.0062272122541766,0.0003241387912442,0.0017130298325427,0.0,0.0047733135600345,-0.0163492174832539
2017-10-17,-0.0014167734041832,-0.0008697488268167,0.0039799530207127,-0.009205794410656,-0.0201964501137852,0.0,-0.0225801012151407,-0.0110041701987757,-0.002978134247912,0.0076530258156344,-0.0096247132328581,-0.0097078523828568,-0.0002027801103814,0.0009536107529544,-0.0046532203645344,-0.0044807513742135,-0.0027968231990316,-0.0166734057439397,-0.002702781818044,-0.0008917104734003,0.0087657749429395,-0.0075759314607235,-0.0231223333737786,-0.0166209633819633
2017-10-18,-0.0264902338713914,-0.0096201613181692,0.0079129491702052,-0.005006615743234,0.0070574875570788,0.0016429471502772,-0.0467487452056634,0.0082641849194147,0.0,0.031939041526753,-0.0116733289224186,-0.0076044405463449,0.0164928043476315,-0.0038202240535869,-0.0002744357548403,0.0038545574007695,-0.0028046673629051,0.0,0.0137081936246219,0.007674692865689,0.0060424053905192,0.0037951057078707,-0.0107790102773532,0.0018604644217552
2017-10-19,0.0246739429566993,-0.0052860640149514,-0.000985466284431,-0.0166830324840354,0.0030392934923684,-0.0006566951502509,0.0087775806473233,0.0081966986637849,0.0,-0.0267987516959244,-0.0217614619208683,-0.0036791756882039,0.0109115598265887,-0.0057583118619308,-0.0035738284285231,0.0144783032819564,0.0082265220014177,-0.0154027180362499,-0.0005341674308569,-0.0096229175868334,-0.0104156880414461,-0.0229896604074734,0.0175783761462522,-0.0074626210938868
2017-10-20,-0.0045553072263686,-0.0106573570379542,0.0166260235630151,0.001435551963806,0.0045940127438428,-0.0069230712016805,-0.0125630349297498,-0.0095691315264192,-0.0017914175647506,-0.0011446968897343,-0.008032202460952,-0.0002893767194316,-0.0025682535608311,-0.0038572208417422,0.0101385387167844,-0.0121547732553715,0.0006554357975288,0.0050318872311336,0.0029337640444009,0.0051868801688694,0.0012165760446714,0.0,-0.0048518772258572,0.0167133747782353
2017-10-23,0.016134728451874,-0.0216614584884458,-0.0038872499150164,0.0046325563108808,-0.0140566616454793,0.0046209157335015,0.0075566949479624,0.0183739766887796,0.0035791825661122,-0.0406045662525587,0.008032202460952,-0.0055825334288446,-0.0069478048762401,-0.0136188975824513,-0.0117922176261731,0.0025853065581458,-0.0009832226975117,-0.0096993776353251,-0.0010658579821947,-0.0076275679110597,0.002186880844714,-0.0038832538655274,-0.0226276402186869,0.0
2017-10-24,0.0020195746035538,0.0090829336063036,0.0096902750740404,-0.0080358264017599,0.0006336424839403,0.0121091697638493,0.0784006710229769,-0.0211250144835235,0.0214048546772929,-0.004117224737139,-0.008032202460952,0.0196177861291428,0.002387517631484,0.0165133251705673,-0.0074762262941632,-0.0001781528890534,0.0062091024897941,0.010471286619003,0.0050527213263569,0.009000762456206,0.0026653513162409,0.0077517664682535,0.0323082368033822,-0.0223472838886621
2017-10-25,-0.0060148575567327,0.0107914501011816,0.0067273796995572,-0.0036429587932449,-0.0574688177516864,-0.0091503191454194,0.055287770625747,0.0331896068378809,0.0200043359463659,-0.0174975757418511,-0.0581076163457181,-0.0191815274274365,-0.0037830190210015,0.0124463708624333,-0.0066927850710363,0.0040880241257372,-0.0055533597768904,0.0042345922639936,-0.0144273391215679,-0.0125094363503075,-0.0038794939404591,-0.0194937624271371,-0.0048287193588381,-0.009460705534218
2017-10-26,0.0025902003385711,-0.0308828872001329,-0.0996297662074152,-0.0092427553716829,0.0084622108050704,0.0111003912604816,-0.0323511098604711,0.0,-0.0101444006074813,0.0332542805106541,-0.0224728762297155,0.0030838400946335,-0.0256607318849639,-0.0114835776088071,-0.0008396845823366,0.0056595954605418,-0.0024602629151369,-0.0154858184740374,0.0186621677278229,0.012267244881098,0.0009712289855881,0.0039293853792501,-0.0445397252796047,-0.0172583247759203
2017-10-27,0.0062228007558218,0.0155602410282427,0.0178293605281381,-0.085052937391687,0.0191089178353691,0.004211919699625,-0.0022701250966945,-0.0006666096783243,0.010905953001572,0.0303216729925868,0.0246073975952043,0.026699505443501,0.0130137356894675,0.0321996789299765,0.006698245651159,0.0065920245423845,0.0060571167427219,0.0,-0.000792789349133,0.0030635836218149,0.0227963467466145,-0.0039293853792501,0.0130721195256755,0.0019321700440643
2017-10-30,-0.0056045111182019,-0.0304315111730439,0.0041495549570729,-0.0124005750123927,-0.0136908215576871,0.0054810997945873,0.0269075066087274,-0.0073603677367943,0.000951125644895,-0.006588056679015,0.0877218389596588,-0.0250707644474283,0.0072463886546509,-0.0121894671271558,0.0055479431569422,-0.0030708196242503,0.0149040444087957,-0.0046929471581229,0.0266057255283311,0.0012870640271458,-0.0004746067822005,0.0194937624271371,-0.0191633443548837,0.0115166292648861
2017-10-31,0.0157248480198033,-0.0103527072077922,0.0184619133025039,0.0313124268460081,0.0177075635865735,-0.0003213802291357,0.0120947420558583,0.0108332571504907,-0.0017126780389857,0.0244741605224039,0.0642943078577356,0.0193761494569293,-0.0014048389046301,0.0047058508837958,0.0060672759897255,0.0035087724125668,0.0134163739171153,0.0243958857102635,0.110981649346467,-0.0031402010067367,0.0047357423134366,0.0038537443689999,-0.0030599158115778,0.0226422697811122
2017-11-01,0.0035894663340174,-0.0278191247543471,-0.0153613684912152,0.0060894409280054,0.0107758057535818,0.024778806619413,0.0385901223639422,-0.0135598637069729,0.0083445782675095,-0.005382545974311,-0.096849770333752,-0.0213308757611359,-0.0020104751937362,0.0167598916270133,-0.0194342141145078,0.0179637085445634,0.0001588773715801,-0.0007654100359082,0.0029904789412502,0.0034616331698558,-0.0054480751009338,-0.0077222569717261,0.0252157469009106,-0.0283839078817788
2017-11-02,0.0046746723396449,0.0005837136387067,0.0020619417909586,-0.013702201633218,0.017635703852624,0.0287634276858823,0.0125393204286545,-0.0041038169904559,0.0080880137300654,-0.0127154477510353,0.0979480932377327,0.0004709421381265,-0.001006848391893,-0.0027737678823771,0.0532257214242313,-0.0064714398587959,0.0185451804969081,0.0042026193872333,0.0305349377014474,0.0070473595475109,0.0011869395696977,-0.0077820712477667,0.0216757531505811,-0.0057749911642196
2017-11-03,0.0127039922060951,-0.0068326634297,-0.0145230847668214,-0.0022744796669629,-0.007929409088653,0.0021318553634346,-0.0072955768197946,0.0027378866731591,0.0031798286607322,0.1247269441861975,-0.0047679957971986,0.0158818025061173,0.0060251080707192,-0.0102372004710358,-0.023397694363229,-0.0052944558312262,-0.0018705578567757,0.0007623924764277,-0.0017837974002303,0.0024709549512609,0.0009484282032552,-0.0078431785766442,-0.0167079049574732,-0.0096990942003164
2017-11-06,0.001840189768222,0.009746754672355,0.0020877034996331,0.0123029327312966,0.0132858163691329,0.0195819207910146,0.0145381096160064,0.0129032984693309,-0.0173295871416874,0.0044038575322824,0.0054995414644993,0.0989265172554749,-0.0048171230658358,0.0439228254581316,-0.0002719855686261,0.0006960155137338,0.0219111332712085,-0.0145823019882849,0.0233800874072747,7.959945321101003e-05,0.0056726327999516,0.0039293853792501,0.04268354035205,-0.0019514168782931
2017-11-07,-0.0075996155678881,-0.0255422268008396,-0.0115365500633259,-0.0043442591215896,-0.0088377159753485,0.0002983032185421,-0.0335459786231235,0.0020224955549388,-0.0197645126984151,-0.0108582177758078,-0.0036630217064419,-0.0100602921396451,0.0002011890409105,-0.0514350102717178,-0.0228502382169037,-0.0067187934649428,-0.015070389382179,-0.0144054654432648,0.0030473362075555,0.0144613468808767,0.001883676355102,-0.0078741283937956,-0.0201446913301701,-0.0137661861345236
2017-11-08,-0.0110129649627586,0.0342333634532441,-0.004228174863333,-0.0094502243536691,0.010093596687696,0.0032751142328319,-0.0042736773438907,0.0047023602321363,0.0044475041822664,-0.0210382101221426,0.0,0.0244547316551426,0.0112021948482983,0.0278830711706257,0.0091475502559736,0.003321392214568,-0.0029478274416114,0.0035232263878839,0.0312391987549478,0.0040715022805288,-0.001883676355102,0.0078741283937956,0.0067600574809274,0.0078897813981141
2017-11-09,-0.0194710360176175,-0.0302608162307975,0.0,-0.0046546303799637,-0.0096709019546357,-0.020117629642208,0.0106498274904733,0.0040135556869329,-0.0094989331704553,0.0239703201010206,-0.0055197791472241,-0.0042105440102262,-0.0229384003415757,-0.0064368097727296,-0.0088691361367281,-0.0172509056490426,-0.0012441586858189,-0.0062720226509704,-0.0338508966965549,-0.019886902327161,-0.0187946816863147,0.0116958644451609,-0.0253426520894566,-0.003937109637925
2017-11-10,0.0088925904488066,-0.0099601509522939,0.0,-0.011142425461486,-0.0068896335264447,-0.001213961569209,0.0178481089946167,0.0020008340917641,-0.0029262924100947,0.0166024623955864,-0.0074074695352663,-0.0324516029431296,0.0157515094350459,-0.0120649484789185,-0.0086676639970508,-0.0004440195651138,-0.0057734761261434,0.0097828794826706,0.0071657393294293,-0.0077617183297613,0.0019196027285577,0.0038685126027261,-0.0059406366424401,-0.0079208271154398
2017-11-13,-0.0041847789566045,-0.0030079448792352,-0.0085109737413158,-0.000126371843339,-0.0043703259632241,-0.0036508261930658,-0.0157317282302926,-0.0140896606463569,-0.0072540340806335,-0.0140907259473008,-0.0378833184498312,-0.0023473295943996,-0.0030101510099487,-0.0084390728679908,-0.0028120815518073,-0.0019558592562756,0.0,-0.0244395273261441,-0.0030337943525475,0.0094340315278138,0.0069268092199648,-0.0077517664682535,0.002974868055017,0.0118579367533648
2017-11-14,0.0082964463311627,-0.0233632424306586,0.0158986723321703,-0.0103750617624465,-0.0069677424384253,-0.0098009302684753,0.0073722059655776,0.0074048574127967,0.0047115892045201,-0.0173352072539305,-0.0019323382654437,-0.0119856722218245,0.0016064425793289,-0.0926770276083204,-0.0008452701018859,0.0062985082853934,-0.0015662045497015,0.0019932396532853,-0.0006511584596831,-0.0063863235197132,-0.0035765122377289,-0.0038988173822392,-0.0332190482287786,0.0155947457709547
2017-11-15,-0.013566206276125,0.0092077727588393,0.0073337856964488,-0.0030268453936201,0.0102738173114178,-0.0102090074136604,0.0041886512723294,-0.0047059302053624,0.015353427447553,0.0039921473177555,-0.0294427543757525,0.0130111513646884,-0.0034165017005327,0.0153770700366226,0.0128816828839752,-0.0017701068349866,-0.0100821645669184,0.0146276751451175,-0.0177462538515085,-0.0097371732254787,-0.0076740932225538,-0.0039137931973941,0.0091698824197952,-0.0097183410345452
2017-11-16,0.0215744045490549,0.0241454759363479,0.0134786219065439,0.0215834216597974,0.006473890633603,0.013588780671077,0.0155524037606715,0.0285640596444336,0.027206113114063,-0.0040301835567575,0.0978422804388703,0.0756513042065196,0.0165720978853878,0.0141419074096855,-0.0075408846279489,0.0093465504137775,-0.010664264934272,0.0213555748338509,0.0188311741207507,0.0057250981569474,0.0133908746251703,0.0232567240124452,0.0110943816249671,0.0288759037283644
2017-11-17,-0.0080634141548685,0.0245477691453936,0.0051362324547323,-0.0002089598643015,0.0257939552103216,0.0006132720815457,0.0173383970617542,-0.0052530282680567,-0.0243174516494968,0.0272465349211543,-0.0119935989589103,0.1190895916319503,0.008086022672022,0.0169073319457588,0.0067058032754723,-0.0016688594265996,0.0055079812020308,-0.0108147922352705,0.0015173898352593,-0.0087216387057544,-0.0007128405672274,-0.0076923469645582,0.0139441977797987,0.0018958301233011
2017-11-20,0.0066320700332767,0.0106123145053438,0.0212880014442249,-0.0030556562569623,-0.0049608768070581,0.0091550457461884,-0.0276797447239851,-0.0072677852581684,-0.0025031404693605,-0.0145268819289894,0.0090992437287762,-0.0658778206450696,0.0101624843368144,0.002953961465262,-0.0176995349714674,0.0024584576625805,-0.0029122316525249,-0.015656023166378,0.0171789282202783,0.0080781350140997,0.003322140380547,0.0076923469645582,0.0009887117669291,0.0094252285712146
2017-11-21,0.0209329597521126,0.0066955106525996,0.0030046650949713,0.0238600077506836,0.0016563042418851,0.006056810825235,0.011369462204815,0.0026488808352849,-0.009296944373502,0.0109242130808624,0.0054200536479722,0.0026993153516228,0.0062025663308666,-0.0138616208976916,0.0421815547158344,0.0109890249330772,-0.0038957950153881,0.0137125676971252,0.0029762886224919,0.0119169487116677,0.008727688279094,0.0301911122816629,0.0330451392079427,0.0018743180322302
2017-11-22,-0.0128675858293663,0.0,0.0039919959656202,0.0216629217427879,0.012744519850055,0.0012071484464639,0.0020534690580196,0.0052772835671164,0.0079464459728733,-0.0107361051748151,0.0319175896534802,0.0077955639553577,0.0017376375555837,0.0226722245145221,-0.0255965951527028,-0.0125688453631216,0.0108387794790925,0.0389209975484483,0.0023321098557378,0.0023822752718141,-0.0040004615428932,-0.0074627214540922,0.0292057832254419,-0.0112995466034448
2017-11-24,0.0182478474506977,-0.0095786191491213,0.003976123276546,-0.0009216973469774,0.0051945704597269,-0.0009051696236652,0.0040941290660501,0.0266161090078442,0.0117073186065228,0.0204373929396908,-0.0176060888115467,-0.0100880638921792,0.0076865106638135,0.0058310614706549,-0.0114960573815237,0.0222367539934733,0.0046552213344184,0.0029898441448303,0.0140893293057744,-0.0002379648827153,0.0135832982393777,-0.0075187642345289,0.0193108962316452,-0.0037950680412
2017-11-27,-0.0088929875367371,-0.0135658157312077,-0.0119763064362663,-0.00966889284547,-0.0066254073931566,-0.0045381052801025,-0.0112995908291391,-0.0051379280831216,0.002287011648292,0.004558695156275,0.0262942408843649,-0.0315192407464461,-0.0142667324187217,-0.0195699275870695,-0.0130571259690093,-0.0057722799508752,-0.0094940421926179,-0.0018676164973929,0.0027107925897258,-0.0005554717092586,-0.0452026957640119,-0.0113853564430309,-0.006395477913532,0.0075758838493698
2017-11-28,-0.0023305009206566,0.0116391740539962,0.0080001831597202,-0.0121781587531062,0.0027573497703401,0.0126547765298603,-0.0041405447443474,0.0019298861605785,0.0380998405963906,-0.0102496708360098,-0.0034662212677951,-0.0046281525525859,0.0081222577504824,0.0039445511063838,0.0150293754634562,-0.0019025776744197,0.033076501420679,-0.0022455280620428,0.0058141568646465,0.0077488866070574,-0.0039015917755245,0.0113853564430309,0.0377740945580826,0.0018848216848482
2017-11-29,-0.0664610697822967,-0.0283640159956413,0.0304094460929755,-0.035622690516357,-0.0020417603785953,-0.0060062482653928,0.0062046096204708,-0.0038635039845957,0.0047534753628344,-0.0079621782385617,0.0206193007185282,-0.0230655853545123,-0.0116234712413372,-0.035056032789579,0.0047732777204516,-0.0223213705981066,-0.0037608676343734,-0.0086548750146917,-0.0194426288109945,-0.0032347815366984,-0.0378435635557012,-0.0306537400258536,-0.0286500483607556,0.0018814668405874
2017-11-30,0.0177033865671774,-0.0291920776883447,0.0,0.0130362184921857,-0.0076943954792554,0.0042082607770614,-0.016632432955641,0.0038635039845957,0.0087161106915978,0.0274131875318559,0.0334479344943545,0.0153586075211515,0.0087303787477228,-0.0092166258109727,-0.0192313577389349,0.0033581591592852,0.0067286904761569,0.0363680269125077,-0.0121058416609507,-0.0016606747717009,0.0048095095159359,-0.0078126105796334,-0.028560052467264,0.0130721671570184
2017-12-01,-0.0177615164631061,0.0152056652018797,-0.0087337015003527,-0.0148213182415695,-0.0112890776434455,0.0011989688642692,-0.0169135456674824,-0.0326613480724915,-0.0241548480734543,-0.0081380683041478,-0.0592891660179057,-0.0147410397996079,0.0042404261421999,0.0143002286905238,-0.007164500865233,-0.0139477562729171,0.0007795579195355,-0.0021890916837485,-0.0268531412105117,-0.0157961199153016,0.0025219432213741,0.0116958644451609,0.0185188353135226,-0.0455487337649075
2017-12-04,-0.0181418953305545,0.019538518078136,0.0116281482045357,-0.0232834029932043,-0.0189259829745891,0.000599018624062,-0.0032035445088074,0.0262137524937773,0.013978293126486,-0.0043331376284205,-0.0105263862164406,0.0153491978690372,-0.018441670419746,0.0080810480562671,0.0037318957974719,-0.0030463336877968,-0.0003119402201754,0.0029174206727069,0.0048171282712847,-0.0035445025660569,-0.0078391830751267,0.0153851297172952,0.0378082732725737,-0.005842271577382
2017-12-05,0.0068859072441016,-0.0039567085380678,-0.0165135268687763,0.0090592341521347,-0.0002123128294932,-0.0060062482653928,0.0095796946553901,0.0147676116048893,-0.0005479068249027,-0.0034285079621181,0.0243914134054605,-0.0337640683027808,-0.0066837047104253,-0.0090954545373296,-0.0109479486308745,-0.0012570424629005,-0.0024971265169888,0.0180445710854009,0.0019641430648684,-0.0019383984826388,-0.0048353315740765,-0.0231672009650619,-0.0223324061886625,0.0116505110786095
2017-12-06,0.0009965944608509,0.0078978232137847,-0.0068793251895704,-0.0025923804167291,0.0042377155754018,-0.0021104229843649,-0.0117211067367639,-0.0083200160261751,0.0,0.0051933815401419,-0.0069084508583143,0.0009116797132029,0.0266628767967849,0.00808888759835,-0.0107762124937151,0.0080537868511676,-0.0076868096538253,-0.0028655344103887,-0.0211508095755261,-0.0057571295122906,-0.0133541501311649,-0.0277245884145792,-0.0063431481152451,-0.0038683760218927
2017-12-07,0.0087503895831897,-0.0168573430199796,0.0137121426851232,0.008014523495631,0.0043249698036769,0.0066185243010337,0.0191090819884385,0.0070444509485818,-0.0032948388525375,0.0017250388511484,0.0,0.006482476090702,-0.0106189046195637,-0.0286024179796151,0.0005853606720387,0.0019587412987114,-0.0033127589223593,0.0039381084426173,0.0185311303237831,0.0034094631660792,0.008495562715582,-0.0121211784490928,-0.0239205099946842,0.0019362059778283
2017-12-08,-0.0011040829028639,-0.002002024354732,0.0221270122161687,0.0067579464293752,0.0062961493121513,-0.0018008317339064,0.0125393204286545,0.0006379085118857,0.0018317048808862,0.0137311079104902,0.0,0.0036146835107619,0.0117705479607614,0.0051679256586223,0.0017546289255099,0.0011558008165808,0.0026825445474658,-0.0209397413640064,0.0008740255379704,0.0085539880080016,-0.000256495621949,0.0040569108301644,0.0037175209739435,0.0134487993089504
2017-12-11,0.0181504814757706,0.002002024354732,0.0056924281550263,-0.0044859540549264,0.0143319432960828,0.0012009877366456,0.008272969793146,0.0114143062225775,0.0063850851635374,0.0437043804664822,0.0182041360043161,0.0698487496509026,0.0055476554604627,0.0041153310419543,0.0101728541840653,-0.0046310043758639,0.0075353589783615,0.017360341581273,-0.0196279269142332,-0.0041869298491299,0.0094424263527357,0.0240009344423177,0.0055506256751705,0.0226422697811122
2017-12-12,-0.0171044271683173,0.0276150157493622,0.0075399855821203,-0.0034743749007564,0.0044243727563997,0.0056843691846268,-0.0113932187239038,0.0031475319576219,-0.023738259860127,0.0216477115530659,0.0091479703970307,-0.0007254323580738,0.0170232952018287,0.020325728218018,0.0206074679108541,0.0056966048235445,0.0087200103244788,-0.0210151624721826,-0.0060315271284725,0.0025785419051365,-0.0017795799837374,-0.0159366668233894,0.0200920237028094,-0.0112568604647725
2017-12-13,0.0069458070013874,-0.0417139077649197,0.0112047073219945,0.0021890249069489,-0.0131236242784273,0.006245323887112,-0.0178669715768555,-0.0012577630883408,0.0309860299539161,0.0776209684049051,0.0083963550604795,0.0378219004415729,0.0013119804840857,-0.0316838091929894,0.021578624528999,0.002039193403081,0.0072605078332941,0.022806418968059,0.0004479631854104,0.0053779216845342,-0.0002541296224927,0.0040082760227491,-0.0072597304559589,0.007518730795275
2017-12-14,-0.0083988702315584,-0.010193596864038,0.0046318853692666,-0.0061067498504874,0.0141495087286305,-0.0020774438554385,0.0136916436878187,0.0006290792901557,0.0171830894517621,0.0064692905813821,0.02314155378621,-0.0038360817755913,-0.0099766547786086,-0.0156988612320732,0.0132196098649868,0.0079401799468801,-0.0064857982827128,0.0007155692546283,-0.0044892498175945,0.0006401845195629,0.0027955362879303,0.0,-0.0082306618012182,0.0037381296694974
2017-12-15,0.0109340841610636,0.0020465427691913,-0.0120876046098779,0.0071351619815258,0.0113191950824758,0.0005939649479551,-0.0084035312317118,0.0100126488225258,0.0109427219935973,-0.0065633970062446,-0.0082034913501396,-0.0017973679062901,-0.0066432617161886,-0.0052883475288223,0.0178964632469427,0.0042089594596381,0.0023212190405232,0.008546950586072,0.0087355900152101,-0.0052939701047129,0.002535081927931,-0.0120725436416775,0.0253866454278952,-0.0056124477017277
2017-12-18,0.014679084351826,0.0182369605961301,0.0148562618595242,0.031410002432155,-0.0010147539227962,0.0103382894389176,0.0104933743450197,-0.0012462351857618,0.0043786733383699,0.0223564630898973,-0.01661167745636,0.0211635973682522,0.007777790614972,0.0189083256063344,0.0053605127513616,0.0142487018234405,0.0023156726188826,-0.0053332103536245,0.0196539349822648,0.0236839169152816,-0.002535081927931,-0.0122202957951078,0.0334543433903704,0.0350265005259895
2017-12-19,0.0037348786187978,-0.0040232734438439,0.0,-0.0222860873739794,0.0111035530560852,0.0073196997868527,0.0145080797890604,-0.0031219063580418,-0.0043786733383699,0.0096430234390521,-0.0101011345846533,-0.0042193809576422,-0.0024594978758836,0.0010397270939734,-0.0145399798377772,-0.0062305601965704,0.0007707007729869,-0.0042871963736677,-0.0085647371010972,-0.0024379220204346,-0.0015237617075478,0.0081633849649433,0.0008652549972438,0.0126015085560535
2017-12-20,-0.0105623036012838,0.0050277633659889,-0.0009217999292863,-0.0095951611309805,0.0049065595652497,-0.0046786596212022,0.0020553761633981,0.0006251462900164,0.0155014332138256,-0.0446533001638673,-0.0187878880470386,0.0015469934621439,-0.0022756805985184,0.0134230939129003,-0.0032600889552043,-0.0178669024415016,0.0030769620847004,-0.0014333696092845,-0.0068607019062958,0.0048696218612347,0.0025384715496659,0.0040569108301644,0.0264632013897452,-0.0035843215164561
2017-12-21,-0.0036027849449542,0.0228070653524061,0.0064365729058595,0.0258865292990009,0.0002994989270823,0.0017572059170434,0.0040983240461796,0.0056093276394708,-0.0067631757621748,0.0114929821278213,0.0322335200487553,0.0243400406102987,0.0122653238701415,0.0372467020880535,-0.0101189902209484,-0.0024773821345647,0.0164538632885973,0.0046502872811884,0.0084032863666045,0.0050799797873706,-0.0053387505920849,-0.0204507206058408,0.0150502040311573,-0.0090171870395974
2017-12-22,0.0038880044756117,-0.0029452267402974,-0.0055147729765732,-0.0018389374244387,0.0068668028898355,0.0035044663308565,0.0010220124570761,0.0006211113809511,0.0081447840253652,-0.0117153305283164,0.0,-0.0155499645021546,0.0016865161122745,-0.0129292196044532,-0.0060655327314156,-0.0026613228358796,-0.0065185609086615,0.0081750718655704,0.0059279027980991,0.000311832280361,0.010144493858669,0.0123205213992444,-0.000251503912374,-0.0036296729854733
2017-12-26,-0.0122307128254748,0.0129184426292299,-0.0036931315523318,-0.0051166074056911,-0.0029798031423298,0.0029113897820569,0.0020407959314128,0.006809055850669,0.0111561643111492,0.0115583165466564,-0.0050209821258659,-0.0112493273311891,0.0031778156862789,0.016873770710837,0.0104540012034555,-0.0019560330763672,0.011943426131598,0.0140600095971916,-0.0103419628112435,-0.0026532039581548,-0.0173072772647566,-0.0289875738844561,0.0133337223876028,-0.0054696570321149
2017-12-27,0.0054735149601334,-0.0019920172677041,0.0009244743026854,-0.000504668871506,-0.0024899424022177,0.0032104621676958,-0.0174809315048993,-0.0018522787553576,0.0035777468683293,0.0016000424880644,-0.0016792359177246,0.0002491564460367,-0.0001866561216261,-0.0059230003152188,0.0149399643778989,0.006564309008838,-0.0046694799715161,-0.0063025041216158,0.0011052877640214,0.0019513898230165,0.0033318639986266,-0.0084390991817842,-0.0074782056490645,-0.0054994585738604
2017-12-28,0.0009191748208658,0.0148442961338843,0.0101148339286574,-0.0125729294880718,0.0074513869109571,-0.0023338203521068,0.0113460065074364,-0.0012368364405053,-0.0076824799486203,-0.0103402412747772,0.0083682496705166,-0.0328315058796118,0.0029823251315979,0.0118110452472717,0.0032301134126295,-0.0062084602794252,0.0040683165076962,-0.0213002305790275,0.0006626308673496,0.000312099746373,0.0167477014977004,0.0126319395014632,0.0157222223023065,-0.0055300577899115
2017-12-29,-0.002183706444268,0.0058767389226168,-0.0027484813933789,-0.0022603646067107,0.0063147301369932,-0.0046839027179763,-0.0020534690580196,0.0037057049680382,0.0027383857393417,-0.002887848178199,-0.0050125290439893,-0.0140429979008933,-0.0011173298872342,0.0068261303398367,0.009362089571925,-0.0003558487294128,0.0031527690667854,0.0014343075798675,-0.0075356137040865,-0.0086127354045144,-0.0022676318721979,0.0,0.0040965104537815,0.011029516363772
2018-01-02,0.0222450395241624,0.0364377107505173,0.0118559852862034,0.034371051549316,0.0064705683441541,0.0116688062561687,0.0142860112955727,0.0043065591487705,0.013748944957971,0.0248584234123931,0.0426293803690769,0.0095175034025887,0.0090885342514539,0.0390709712325008,0.0140120159733128,0.0002669963634369,0.0197411121601236,0.0060724013209267,0.0185151234040632,0.0093920123639037,0.0339689137025605,0.0207046369762656,0.04320691840507,0.0429405578816032
2018-01-03,0.0075674159377765,0.0136611743076089,-0.0036326379369748,0.0129113758978682,-0.0097216621722728,0.0089504794978676,-0.0020281764655951,-0.0086313692081809,0.0001684287100478,0.0205573230755202,-0.0112995677784759,-0.0184833504228718,0.0095553100423275,0.0249205365071238,-0.0182811224018299,0.0081522737732857,0.0080511782918151,-0.0179667632383031,0.0110762425544255,0.0136173760753939,0.0166808727808143,0.0081633849649433,0.006245158596863,-0.0070299898953652
2018-01-04,0.009282057521494,0.0074078349473236,0.0054443652039806,0.0007327498953024,-0.0021732553666327,0.019075331308064,-0.0030505521652948,-0.0062113918493282,0.0023568544023073,-0.0103792185125879,-0.0482221059373966,-0.0058061039564272,-0.0034809333185119,0.0027311391591964,0.0151257523125907,0.0152395065446517,0.0043640465113785,-0.0116702660580059,0.0203107137466682,0.0154792215367018,-0.0052883441432629,-0.0081633849649433,-0.0015575651787291,-0.0035335700434779
2018-01-05,0.0116603248940663,0.0119211722694048,-0.0256659504577543,-0.0024038813855993,-0.0049568526426839,0.0045018247177019,0.0020346680951717,0.0185193932862508,0.0221177971685104,0.0151963038027611,0.0433400906648553,0.0124509950708251,0.0045777205224393,0.0072464358617991,0.0198181592072894,0.0110640633447562,0.0021749021335226,0.028924519016567,0.0302264334762298,0.0127812525646842,0.0231100520533802,0.0122202957951078,0.0200625252164459,-0.0160573338594377
2018-01-08,0.0052363435831361,-0.0073190703255194,0.0064787426896266,0.0229061061737878,-0.0014919011029466,0.0050408595159785,0.001015884070123,0.0079195225381458,0.0153422697885443,0.0295409426468431,0.02894091486908,0.0014513261890272,-0.0009140042669359,0.0125563020809358,-0.0064758429413602,-0.0132394612505448,0.000289688708607,-0.0147190135961845,0.0061410860586423,0.0067748590632774,-0.0004713598622005,0.0120725436416775,0.0174178873790207,0.0195909039029157
2018-01-09,-0.0054003426676461,-0.0166670214406325,0.0064365729058595,0.0154685643098755,0.0148195432108564,-0.0078521666712032,-0.0030505521652948,0.0156536262878113,0.0133540480890781,-0.0092566389311183,0.0203929114388281,-0.0167299620139047,0.0031038922748196,-0.007155691994594,-0.0065181201286415,-0.0055903829896486,-0.0042081180463471,0.023942193852759,0.011162054967587,-0.0078214516103329,-0.0061446777816929,-0.0040082760227491,-0.0060242705579562,0.0052770533274865
2018-01-10,-0.011717715024571,0.0018653539182642,-0.0045934710802066,-0.0229520830771994,-0.0093601963112184,0.0211709149025129,-0.0112647734966944,0.0148238571365371,-0.013030199590621,0.0056113376647903,-0.0109290822488903,-0.0123156964953556,-0.0012771397044137,-0.0081116334287358,-0.0073510943143184,-0.0113643484535419,0.0039184293377401,-0.028655310368769,0.0046311635845843,0.0198434713287785,-0.0210838203006971,-0.0368137910394643,-0.0068204964841012,0.0191142950632731
2018-01-11,-0.0120246813251796,0.0239423285268549,-0.0167132858104754,0.0050884749380983,0.0032614574928842,-0.0052510755731409,0.0051361153050337,0.0163460177398837,0.0258924376557936,0.0072480071538345,-0.0015711282009194,-0.022649195666081,0.0030982361738436,0.0294267621711856,0.0031571653310988,-0.0290344529370081,0.011520920544255,0.0072414015236534,0.0099939233604344,0.0037323226670817,-0.0065591963285811,-0.0083682496705165,0.0225571319381334,-0.01561157817179
2018-01-12,0.012909852656378,0.0009096338011811,0.0065326868169703,0.0112070166967903,0.0105995326683681,-0.0044431343959709,0.0222907570920884,-0.0269970309928586,0.0053500706957869,0.0013148834264571,0.0015711282009194,0.0043582920400435,0.0014543924772243,0.0078774786030817,0.0034088219133623,0.0044591532299778,0.0147814107003956,0.0028817790326329,-0.0049846267323885,0.0021157359887826,0.0038919887960142,0.0083682496705165,0.0059303529503378,-0.0070178354067156
2018-01-16,0.0300088595842957,0.0090493449427035,0.0193463058210157,0.018558950776625,0.0126120509521188,-0.0055818918346135,0.051744082406218,0.0561000927677697,-0.0225369193292901,-0.0076797044373897,0.0031348107074689,-0.0207410063522344,0.004893746872546,0.0198538281351341,0.0073032271984987,0.0049817546090835,-0.0127787722289016,-0.0093965121220982,-0.0218234992078723,0.0055967851683194,0.0249354972215121,0.0041580477741614,-0.026967863735736,0.0430731290236805
2018-01-17,0.066421213423645,0.0249127681057674,0.0081783991149642,-0.0089232118061213,0.0122639733160796,0.0166531968417196,0.0382687990386707,0.0189420736937817,0.0038449082566947,0.0017639460324652,-0.0157731972974572,0.0071772410419335,0.0196925900653655,0.0352680372366056,0.0105983841879129,0.0045973088578987,0.0031385844988642,0.0097560723253651,0.0176171976751176,0.0197358057483088,0.0210879759773949,0.0082644349085714,0.0135748373225426,-0.008467358853367
2018-01-18,0.0207690458526066,0.0026327958349234,0.001808336098739,-0.0020765949929648,-0.0009526584794383,-0.0130212326947596,-0.02222327106502,-0.011098763431627,-0.0094787542916487,0.0041915047955063,-0.0079808881366312,-0.0068355934210382,0.0017710203047354,0.0008248970912581,-0.0158095172265442,0.0043075455252941,-0.0022815935636621,0.0356740327864564,-0.0131326242068054,-0.0149636466496314,0.0328420614276727,-0.0041236798680377,0.0,-0.0188847546274865
2018-01-19,0.0105653878727665,0.0147890799068115,0.0063034909717503,0.0039926032949386,0.022712075923803,0.010540814221168,0.0231385481006514,0.0038984698948789,0.0269145606147223,0.0099827446507152,0.0190481465257001,0.0103746350126154,0.0223982829953492,0.0024702133841811,0.0101366391357904,0.0136081148841915,-0.0030031232406533,-0.0006940347264579,0.0145367916771461,0.0087618963996245,0.0022413487546266,0.0082304248107329,0.0007487508602788,-0.028121340892352
2018-01-22,9.721689637309794e-05,0.0120176404502243,0.0524596366227472,-0.0064273595429202,-0.0119985655676493,-0.001657036965442,0.0027409056306897,0.0165385232265988,-0.0295005443203999,0.0199553386056123,-0.0319516005855571,0.0181115863301846,0.0027647675791739,0.0073739047357646,0.0120807994258775,-0.0037172186741871,0.0171795673709991,-0.0136342989269104,0.0180757106858981,-0.0032228187588669,0.0375659620356692,-0.0123711798512666,-0.0029984422934992,-0.0271019098710427
2018-01-23,-0.0005351325266014,-0.0059915347745476,0.0,0.0117651096214315,0.0132091939206531,0.0079832764756342,0.0117915319622006,0.00871008307523,0.0288718141038626,0.0089304076452556,-0.0180184807319165,0.0092185499027701,-0.0001724995075291,-0.0164611387279853,0.0101678042512443,0.0131251783596937,-0.0002812235128564,-0.0014091351611562,-0.0075084213536906,-0.0008611082431269,-0.0021583217346035,0.0326557432653029,-0.0476645890471898,-0.007353062561574
2018-01-24,-0.0156009942093175,0.0807692376928896,0.0101695684044638,0.0023674512016356,-0.0100080852537511,-0.0038458210366005,-0.0090580284040897,0.000541750247976,-0.0034651357297277,0.0004782173221,0.0277116469742453,-0.0301601318597857,-0.0036312197368322,0.0827839706258024,-0.0025322264067348,0.0008747176550638,0.004915773211175,-0.0014108578896969,-0.0255109579569516,-0.001796702639484,-0.0207408662343948,0.0119764450961961,0.0370984935404774,0.0164688892135727
2018-01-25,-0.0070455735483347,0.0196008443826423,0.0,-0.0149192071424346,-0.0006581916296175,-0.0119066960495928,0.0108598119968061,-0.000541750247976,-0.0045858574565591,0.0124641566451808,-0.0016090476429271,0.0151631717032154,-0.004687722575603,0.0129034680305113,-0.0475106280547423,-0.0134678842542346,-0.0005605456600572,-0.0170883061854825,-0.015376830698508,-0.0061326968361283,-0.0050869037032836,-0.0160004133126696,-0.0176050384774375,0.0090335698533995
2018-01-26,0.0278900640267627,0.0154086170743912,0.0042070831429072,0.0237574136203253,0.0249885574670201,0.0085979686934631,0.0098522388618005,0.0027062803404798,0.0127569687396409,0.0587833334756409,0.0064205923742419,0.0189938851794675,0.0117648002304107,0.0420881495620029,0.0197454050104251,0.0149531120989685,0.001260941287672,0.0110696531979033,0.0220683638269942,0.0099375221417323,0.0136537495828199,0.0160004133126696,0.0122796871580546,0.0142858554867217
2018-01-29,-0.0121306563158807,-0.0461555242860918,-0.0186446768574786,-0.0253720148179645,-0.0048741747850331,-0.0052605836483987,-0.0116540224545169,0.0026987798493871,-0.0247162595607783,0.0217847682064302,-0.0242926925690447,-0.0278009123169837,-0.0105474511881227,-0.0145672535251462,-0.0549221709741731,-0.0087688639069991,-0.0084366732548293,-0.0222631254200207,-0.0330793266853186,-0.0002150446245989,-0.0070238111589167,-0.0079681690734469,-0.0045871770982606,-0.0142858554867217
2018-01-30,-0.0187514454475525,0.011937486512721,-0.0259981369288468,-0.0388155932730329,-0.012617209072625,-0.0052891465141446,-0.0200370719341989,-0.0163043537120084,-0.0012840308108317,-0.0100433321959645,0.013029487945035,-0.0120096284759503,-0.014884963076545,-0.0245088959541408,-0.0219972470589697,-0.0243381295697346,-0.010646377404933,-0.0043669457765633,-0.0109223706019316,0.0006448611952363,-0.0115196999731539,-0.0120725436416775,-0.0046082453435909,-0.0144930880194861
2018-01-31,0.0135420741130163,0.0047353632626938,-0.0017572632254911,0.0116092907060352,0.0137228869208954,-0.015185882169217,0.0100687656804261,-0.0132380189609799,0.0065637592895684,0.0018876264158569,-0.009756150133735,-0.0082119704862382,-0.0210385238985906,0.0045009967318889,-0.0302966687772185,0.0217807934641074,0.0024228998477613,0.0036402773423751,0.0123835909781164,-0.012250587309091,0.0095353605172801,-0.0122202957951078,0.0076689818889261,0.0040158862501006
2018-02-01,-0.0076166055584412,-0.0230989858863597,-0.0008800705071467,-0.0262195732940178,0.0143545510171083,-0.0034059898909379,-0.0183829519564082,-0.0044521305151203,-0.0096200386145648,-0.0217802884524394,0.0081367412920378,-0.0128885295310987,-0.0676424305608045,0.0432143713173467,-0.0288511469797789,-0.0142288522769957,-0.0110228972032802,-0.0120633925621063,0.0249265731806476,0.0063603764528119,0.0030851534440228,0.0040900965885114,0.0068517918723083,0.0036366041402072
2018-02-02,-0.034600281612537,-0.0456911119172602,-0.0349341913984337,-0.0310770234080708,-0.0652649562546336,0.0277599400519754,-0.0455486672178317,-0.0100895935498912,-0.0239679035199085,-0.0277605855305678,-0.0065041127804779,0.0042305100475608,-0.0273615865250018,-0.0462128858794406,-0.0235731717982135,-0.022645695011259,-0.0317344714442242,-0.0189354697246679,0.0561743392876779,-0.0158309421991047,-0.0208988620237837,-0.0040900965885114,-0.0497769860621843,-0.0091158243073743
2018-02-05,-0.0413960113087057,-0.023048466546822,-0.0418858768315821,-0.0342461468756623,-0.0286029600997155,-0.0369004230437113,-0.0225831971792462,-0.0216407570941021,-0.0082852006380047,-0.0455394610082784,-0.0264477973180596,-0.015718113014878,-0.0236576565746466,-0.0476646351470082,-0.0203896819554341,-0.0305112748103306,-0.041875458745713,-0.0238960750329004,-0.059231051780737,-0.0349318779072795,-0.0356773182629708,-0.0165292276254281,-0.0120337609015177,-0.029741919790112
2018-02-06,0.0390291434734981,0.0280986892467307,0.0169653968228837,0.0151955041711184,0.0045763467098587,0.0369004230437113,0.0465651504928268,0.0057403023377309,0.0011640235888985,-0.0043561854613454,0.0231798080259695,0.0044386243806688,0.0048573744467828,0.0484151837124675,0.0313389611768588,0.0232470925197212,0.0182704092132381,-0.0061608293994899,0.0354855509674472,0.0504744685176605,0.0147911720026403,0.0041580477741614,0.0526642461031794,0.0056444497468202
2018-02-07,-0.0365144504364964,-0.0341617276060162,-0.0075047382857635,-0.0277900490971889,0.0024781758591041,-0.0136435161966921,-0.0201059239559144,0.0005722706851278,-0.0295155920924292,-0.0199139269532073,0.0194495723431074,-0.0155421081601634,0.0086440396788072,-0.0437016572383297,0.0021151187623906,-0.030641890504178,-0.0164125443070597,-0.0317864284881661,-0.0128856945534385,-0.0136412338677169,-0.0400196760788773,-0.0041580477741614,-0.0271650076074323,-0.0227715131409748
2018-02-08,-0.0395094688010608,-0.0308803718691648,0.0065697722728859,-0.0480106582185246,-0.0349604726675689,-0.0362534107608434,-0.0314367365894616,-0.0213941477068264,-0.041770902660096,0.0051099312857258,0.0516142591425055,-0.0648061905845063,-0.0292466146660621,-0.0440602014251652,-0.0027203720248216,-0.0331831768966175,-0.0223641865995256,-0.0287175693885131,-0.0651238024162172,-0.0180610592276,-0.0369690651556897,-0.0296005865283806,-0.0279238986605592,-0.021339374997076
2018-02-09,0.0207394984448336,0.0151176521497107,0.0055969647623856,0.016833009786044,0.0175825738930006,0.0060860142858469,0.0109181578306465,0.0145056790285331,0.0136489411650111,-0.0277481943786259,-0.114548918451883,0.0069509470444457,0.0314458856717618,0.0105906545188581,0.0318716821743245,0.0032406534466202,-0.0031679307881442,-0.0020539298123418,0.0019146230502147,0.0157938054659689,0.0271313224790734,0.021232336857864,0.0435368473864123,0.0232568998734166
2018-02-12,0.0144325414083068,0.0122817613454682,0.0046406005658359,0.0273049880715374,0.0217249260303487,0.01889001107308,0.0078663293060934,0.0148659915912514,0.043747437926727,0.051047704301613,0.0219788939605902,0.0111502943541168,0.0079569714433569,0.0096775321719577,-0.0026421110073218,0.0074242586559449,0.0188594640226371,0.0094127693606904,0.0255994141351036,0.015908487629348,0.025239342846389,0.0,0.0123175000896127,0.0189758839318551
2018-02-13,-0.0059208472529048,0.0052166329243408,0.0046186965313026,0.0177091054331421,-0.0007890314788072,-0.019178946292885,-0.0029425418182009,-0.0091222529276346,-0.0171670122822882,0.0362837655752246,-0.0305626376519816,0.0175125832795601,-0.006360467197207,0.0008023312788572,-0.0005879423677888,0.0004866169928945,0.0029538954142234,-0.0020386505354221,-0.0219928517191463,-0.0271748845060075,-0.0035331436637919,0.0,0.015186362690849,0.007490589227286
2018-02-14,0.0323995778412573,0.0282190686985503,0.0254793282854732,0.0446020454055995,0.0084490061674955,0.0134923034165961,0.0019625916731524,0.0062803439929401,0.0376830792050433,0.0247917137349489,-0.027973824987816,0.0195997408957531,0.0128778788674215,0.0166999454599692,0.0172042167105745,0.0224120252557957,0.0173890799889422,0.0173986140411397,0.0286001070214592,0.003179289194084,0.0156856217203089,0.0451820407099809,0.0535513280672379,0.0221412556832005
2018-02-15,0.0184347182221031,0.005884939800157,0.0125001670174884,0.050869268390854,-0.0094361512815557,0.0130315809218344,0.0203790955761884,0.0022740488289707,0.0121432953634332,0.0088505438341011,0.0105820822759468,0.0114356650083378,0.0148497930982385,0.0109807053667314,0.0040389380450902,0.0040819479698663,0.0018556667797078,0.0147324175911802,0.0045177246479433,-0.0014036025887067,0.0108583332053853,-0.0080642676189283,0.0092431220384296,0.0126928694749016
2018-02-16,-0.0137941887379717,-0.0042001419657702,0.0053094604845913,-0.0141201556441368,-0.0049499828627483,0.0030909645546706,-0.0252932053970722,-0.0011363435000466,0.0042317205282045,-0.0245165109508933,-0.0070423095844045,-0.0069044311663319,0.0058017495977411,-0.0054749925093939,0.0002879462086715,-0.0062720203143946,-0.0130618840523415,0.0039449091084868,0.015046983834221,0.0067777494588536,-0.00091943018047,0.0,-0.000708194970028,0.0053908795774761
2018-02-20,0.0169704634745873,0.0175224190043501,-0.0044227030400265,0.0028970395205112,-0.0124831861708702,-0.0014036389450975,-0.0219129997580358,0.0028382004371112,-0.0009750079538171,0.0158522831697833,0.0278764095961716,0.0108376374847765,-0.0169185057117529,0.0414804709792397,-0.0200616287976007,-0.006407499603549,-0.0092776048350833,-0.0039449091084868,-0.0028294181218115,-0.0025729759172437,0.0059618251588973,-0.0122202957951078,-0.0099643262316124,-0.0071943779781291
2018-02-21,-0.005693454956253,0.0057733811297433,0.0044227030400265,0.0060526457587943,-0.019688281331283,-0.0045060365610658,-0.0080889375615069,0.0016995150780023,-0.016060615953632,-0.0065143397215212,0.0287911627488575,-0.0130845622778421,0.0105347344923809,-0.0098298130357519,-0.014495116713808,-0.0094467175689505,-0.0144801621142112,-0.007538084231526,0.0018197727300797,-0.0077591666379914,-0.0196242472407242,-0.0165292276254281,-0.023156080936239,-0.0200554226013272
2018-02-22,-0.0057778270128965,0.0090056754101135,0.0304240298327638,0.0097931663597199,0.001331609042416,0.0039437296055324,0.0,0.0073302112555793,-0.0097949833306238,-0.0103387824071479,-0.0050209821258659,0.0099709645771755,0.0292592172702543,0.0277273279871268,-0.0095810321087883,0.0085828470220938,0.0136899142728448,-0.0270451553644308,0.0070459031746517,0.003184871071987,-0.0117264998548738,0.0,0.023156080936239,0.0055097809926628
2018-02-23,0.0180979913841445,0.0097319444087968,0.0034189477960246,0.0055590111258521,0.0166467261423397,0.0170038789868423,0.0181089567525583,0.0089483112480082,0.0074794500039083,0.0469455869042274,0.0083542676828525,0.0070845261335232,0.0162633810332688,0.0298529134368474,0.0104744864970125,0.0072713701504056,0.010693564461083,0.0024522079636368,0.007593750285519,0.0132227699102482,0.0350020391505743,0.0082988028146951,0.0156140749549469,0.0127388847239747
2018-02-26,0.0202189098338356,0.007238073852567,0.0,0.0217369628569299,0.007421508199485,0.015087395902801,0.0029866791019266,-0.015712933341504,-0.00431466056602,0.0135930582699721,-0.0033332855569865,-0.0099323918341625,0.0108808086505707,0.0317710794926431,0.0141890430192304,0.0039008189006732,0.0056153860915326,0.0093438343869736,0.0136435940626964,0.0101647837440035,0.0115504137435991,0.0082304248107329,0.0311984271248688,-0.0145720453593567
2018-02-27,-0.017073823012371,-0.0210531700175797,0.0,-0.0228542765105865,-0.0153042664189628,-0.0040921069622514,-0.0241461880197797,-0.009090810569585,-0.0155873651165583,-0.0445907075735068,0.0504581957963576,-0.0405099551034715,-0.035281146047517,-0.0125875416439897,0.0026379373342293,-0.0118444448472585,-0.0056153860915326,-0.004051800062971,-0.0128473921234428,-0.0174892552671979,-0.017948844099398,-0.0123711798512666,-0.0109816736548857,0.0
2018-02-28,-0.0104371262492923,-0.0231805206865136,0.0025564264628417,0.0074781160449637,-0.0141004773512491,-0.0134860041126509,-0.0331292866675574,0.0079590372488171,-0.010016299582082,0.0328293422037679,-0.0079681696491764,-0.0100399423753922,-0.0220931400344461,-0.0120354881632454,-0.0067558824199305,0.0041232693549577,-0.0103774939383027,-0.0114333509299484,0.0037724100768321,-0.0105680423919878,-0.0062092493740428,0.0,-0.053875495366261,0.0109489849427563
2018-03-01,-0.0178671373376477,-0.0025156165787534,-0.0059461196314267,-0.0103169524583321,0.0051316963893719,-0.0272449131310459,-0.0116464361168535,-0.0091012908384884,-0.001707526853873,-0.0066981470248368,0.0047885045830793,-0.0234534847714886,-0.0243817453231884,-0.0042827656541999,0.002061092225319,-0.0242143870081754,-0.0018981827678805,-0.006179369247576,-0.0350910227381384,-0.0317773649443626,-0.0146392404411535,-0.0083334571249989,-0.0109850952270891,-0.0183156056553593
2018-03-02,0.0085088176260619,0.0055292203441803,-0.0043307204502847,0.0033976492889138,0.0075471569869991,-0.0082915625413746,0.0042507589869571,0.0141846242461147,0.0093562102269104,0.0092466154312935,0.0451438177152376,0.0075097743636085,0.0097057540319935,0.0156144893038732,0.0014694721667356,0.0069367266844651,-0.000950747159786,0.0,0.0195124986132753,0.0015325643834804,0.0067652111263076,0.0124742121655326,-0.0140901061299483,0.0036900003553221
2018-03-05,0.0243940848069534,0.0124537665488428,0.0086429831724972,0.0169740103293571,-0.012678853376371,-0.0014370003659989,0.0021186227822393,0.0139864338259847,-0.0088434758891891,0.0049497393568085,0.0373456410615604,0.0208065728206845,0.0019693909415243,0.029148510014654,-0.0079612001596582,0.0182340344434743,0.007893978538926,0.0,0.016964795512453,0.0029821153247358,0.0110983416556385,-0.0124742121655326,0.0022382876003912,0.0109890011598299
2018-03-06,0.0223838786516559,0.0098516744009578,0.0204436333808595,0.0149530122217864,0.0017475776265003,0.0045897802915666,-0.02463971233407,-0.0005560035796805,0.0113799386424648,0.0483405020142182,-0.0005865838530443,0.0198836711033822,-0.004337408005786,0.0027321962559372,0.0008876382437388,0.0045784765789571,0.008144250270837,0.0012388081130376,-0.0073493406629299,0.0027445824454064,0.0011496656226643,0.0083334571249989,0.0081631621087163,0.0
2018-03-07,0.0157016769925046,-0.0273307464924736,-0.004224601751205,-0.0056978047580145,-0.0191863158553955,-0.0051646997844088,-0.0142001437709473,-0.0055741196671839,-0.0204750198193863,-0.0057937045029765,-0.0008807455001678,0.0185171685987755,0.0003950135316821,-0.0227677808849493,-0.0080177113847315,0.0265755936040283,-0.0109790813854262,-0.0016521199973751,0.0144489026727812,-0.0116403502388156,0.0150441470603817,0.0041407550405336,-0.0180253079161043,-0.0018229496327514
2018-03-08,-0.0050112330799798,-0.0195003702694769,0.0033809168478611,-0.0004665439878257,0.0007326674369831,0.004878840113522,0.012028397941048,0.0077951370981048,-0.0018979184196763,-0.0262310056860135,0.0087719640577703,0.023009732197178,0.0076736850860923,-0.0041955695081463,0.0002980079408185,0.0039767523552356,-0.0042668097780302,-0.0137357043450303,0.007633939951487,-0.0020048617889623,-0.0090910461095821,0.1205339693827175,-0.0356352563794313,-0.0054894311697976
2018-03-09,0.0211866012968071,0.0220159179412962,-0.0067739445046726,0.0246602961595492,0.0085435289037234,-0.0080483901289958,0.0010865161485194,0.0071843097117552,0.0232171254114854,0.0409790219028334,-0.0191041142493775,-0.002939483188594,-0.0029442922056519,0.0303681593092544,0.002084336233556,0.0071738432887951,0.0017405217585797,0.0190955832576213,0.0023375049105727,0.0010801069726626,0.0178760537456361,-0.0487900645238762,0.0164262725574668,0.0018331606353819
2018-03-12,0.008984599300061,0.0075097132102666,0.0084604971040467,0.0079739508553116,0.0109368923674306,0.0114779491973373,0.0140164165700213,0.0136726791443644,0.0084019972479416,-0.0094419679712407,0.0590524091425477,0.0056154556386527,0.0,-0.0027231195119954,-0.0014882807536824,-0.0012837855997851,-0.0012656277805618,0.0106341310814102,-0.0274152197652455,0.004922316589452,0.0140296946345133,0.0,0.0084973199035893,0.0552232193075212
2018-03-13,-0.0156446000990859,-0.0125474532163101,-0.009310315186541,-0.0279397092795603,0.003278419253673,-0.012633135238008,0.0042736773438907,-0.0010868713736349,-0.0380300242780671,-0.0089165624411737,0.0055788362492767,-0.0085313934281039,-0.010672326675436,-0.0158023928368764,0.0144907549216302,-0.0125578315884338,-0.0082658569280043,-0.0114568443720943,0.00119896554044,-0.0026120310208312,-0.0050991028496065,0.0038386025955582,-0.0077220319634063,0.001731583008971
2018-03-14,0.0167325707729713,-0.0025280422840341,-0.0093979204250955,0.0038632459731227,0.0075402348324122,-0.0002889352198049,0.0021296934767272,-0.0005440110689889,0.0026040672802243,-0.0035495179684783,0.0069300345181071,0.0081498554274856,-0.0007950786302268,0.0027663203665639,-0.0064800283281509,0.0042650920736386,-0.0072084914614558,-0.0053644060482094,0.0174227597693148,0.0,0.0035499212796028,-0.0038386025955582,0.0107943931543987,-0.0262941261706119
2018-03-15,0.0136631479957163,-0.0265086680254034,0.000858054635195,0.0128722053448759,0.0135109894795775,0.0037502886956755,-0.0010642271443859,-0.0043619133828036,-0.0029518888417521,-0.0451041407756651,-0.0251761975811652,0.0356739033706459,0.0019861460597359,-0.0287238710192876,0.0064800283281509,0.0037861823754008,-0.0049966238938732,0.0024793604236776,0.0076255709817694,0.0029955573328717,0.0035374664593295,0.0038386025955582,-0.0146779214967871,0.0035459737401836
2018-03-16,-0.001773644482947,0.0043232199791067,0.0085398657899005,-0.0012187272615742,-0.0191096591939921,0.0008633825802739,-0.0193555602462534,0.0,0.0138150075979295,-0.0226513062400046,-0.0099644518169612,0.0041684627812434,0.0009920533527822,0.0021302100793472,-0.0267792285895589,-0.0089810442369389,0.0045141466541247,0.0192119660879428,-0.0137284476543912,-0.0036880827471179,-0.0075320282016591,-0.0076923469645582,-0.0038986689528672,-0.0142604237146768
2018-03-19,-0.0061385689222168,-0.0104070669237927,0.0473312018482627,-0.0371146690544232,-0.0031696812122903,-0.0185837216195974,-0.0186306451076312,-0.0176411858137917,-0.004641291371684,-0.0320317135584957,-0.0231558598108096,-0.0278825549482277,0.0,-0.0265913972891735,-0.0066564895072698,-0.0119762482819725,-0.0067788846195759,-0.0097643963162483,-0.0464822671054707,-0.0160624910238498,-0.0082619201310998,0.0,-0.0261193860522452,-0.0515766994912764
2018-03-20,-0.000705176289399,-0.0096369036895953,-0.0105992080148231,0.0064263457391362,-0.0064724287918154,0.0087541164860502,0.0055157310180637,0.0127108745942328,0.014708709582393,-0.0048684487843777,0.0101966933388499,-0.0105604339247129,0.00158489386087,0.0014556392889826,0.0105691465015562,-0.0126930480970619,0.0074219896104752,-0.0244165773866651,0.0100854666419434,0.0109691191763259,0.0051438888101658,0.0038537443689999,0.0063949524763264,-0.0152385098643773
2018-03-21,0.0053008493454873,0.0217687312358838,-0.0107128600631596,-0.0174827690298151,0.0058579751065956,0.0020317735768333,-0.0121749536885946,-0.0093791786959904,-0.0013592280411516,-0.0079276057649408,0.0186653376298537,0.0162682248119838,-0.0053587126790413,0.0517294189401313,-0.0036113119193483,0.0019047190272658,0.020208915983805,-0.0050399507708256,-0.002871197622849,0.000231929281786,-0.0029042539084578,0.0,0.0344590602794976,-0.0019214038496333
2018-03-22,-0.0430702667308118,-0.0147512108082645,-0.0285733588466707,-0.0573631093556006,-0.0073020948551127,-0.0160753252627698,-0.0305281645104931,-0.0195920983545638,-0.0193981701815073,-0.0315837882837604,-0.0465878209898487,-0.0554875079477485,-0.0209138098909713,-0.0202309286985491,-0.0244137422466084,-0.0110984681252563,-0.0176403612707423,-0.0088811814197469,-0.0115680490766947,-0.0176359183797831,-0.0228540729919481,-0.0077222569717261,-0.0320713848166211,-0.0253175279750943
2018-03-23,-0.0277855973970222,0.0104345298872154,-0.0120068909189319,-0.0258707182228814,-0.0090208165661844,-0.0308175166713589,-0.0185404291891462,0.0022585717441374,-0.0308040782237637,-0.0168844560888841,-0.0089820735754559,-0.0229043045054919,-0.0010303860578635,0.0084211909655513,-0.0136858237097297,-0.0141461710239054,0.0006412185033624,-0.0119661575894509,-0.004998966250691,-0.0200387955969363,-0.0257345983602905,0.0,-0.0055800397826033,0.0175955665351351
2018-03-26,0.0410327803075238,0.004316680921049,0.0322606330275645,0.0251504632702479,0.0182678837309562,0.02193918659915,0.0139374770347671,0.013445613624897,0.0103150224757939,0.0248390088077314,0.005997042280728,0.0058007420041703,0.0218262181000494,0.0111191005114832,0.0121401857804663,0.0226724524356631,0.0279660989058694,0.0030049632206594,0.0161560237819289,0.0223193727782566,0.038922344832502,0.0077222569717261,0.0142860605880614,0.011560890165933
2018-03-27,-0.0351242075929389,-0.0200099447863095,-0.0228145079609429,-0.0213329813371956,-0.0080091103514523,0.0026717280250423,0.0034542557086685,-0.0140097442593105,-0.0060339084449676,-0.0033729782580467,0.0014936294484293,-0.0575106211627902,-0.0203837683924548,-0.0358818495773733,0.0126058468516017,-0.0173198099446363,-0.0017155347252133,-0.0030049632206594,-0.01657367361544,0.0057175492773193,-0.0223851872261828,-0.0116055108372535,-0.0369225276430089,-0.0193429446313263
2018-03-28,-0.0291796286787908,0.0087488407765821,0.0051149909287011,-0.0346244356278298,-0.0016510071313557,0.0261972472878628,0.0011486964457105,-0.0016944411097239,0.0044402702229553,-0.031700130232477,-0.008995539928474,-0.0224035608699297,0.0114660422377443,-0.0144301437348253,0.0018314419917726,0.0091784525286966,-0.0155721489159925,0.0208473390091978,0.0072642218979068,0.0275778909797121,-0.013957125581419,0.0077517664682535,0.0178288767883891,0.0
2018-03-29,0.0205048218332422,0.0342498337175625,0.0050887479804284,0.0004033087785408,0.0197337816155944,0.0089660598986514,0.0159458389971063,0.0090041124511333,0.0264068378528468,0.0434982438196573,0.0441898100369941,0.0210849170762479,0.0026430488594169,0.0272417856496371,-0.0030543741200674,0.0112843368481705,0.0115062421391112,0.0175295979621186,0.0053929768771632,0.0077001278866042,0.0247552633234757,0.0,0.0214550872839918,0.0077820544653932
2018-04-02,-0.0281420831946634,-0.1055475896711477,-0.0119146023920113,-0.0141232122272931,-0.0003037379964423,-0.0212431988644556,-0.0775037968592187,-0.0169498053206098,-0.0448282299441662,-0.0261246599991924,-0.0685812390462303,-0.0162880435111341,-0.017202821556721,-0.0301528283435374,-0.0092194996999508,-0.0179424036097755,-0.01994384323672,0.002066767561772,-0.0072668490417377,-0.0294232218894885,-0.029215981441367,-0.0077517664682535,0.0148262561056768,0.0096433652895925
2018-04-03,0.0325141487481523,0.0024310786332801,0.0144496169987498,-0.0001817546176905,-0.0015203284234455,0.0140189055888861,0.0085107817399303,0.007380080344814,0.0118429365671941,-0.0125496656080805,0.0168328142096654,-0.0169631894423569,0.0149668790821784,-0.0036511790227991,0.0104424318282456,0.0036721274053723,0.0208835254534824,0.0248736531322366,0.0175570280856134,0.0138074919794881,0.0227971212085171,0.0,-0.0101206886810545,0.0019175248763405
2018-04-04,-0.0058842355764099,-0.0046799903499181,0.0067284722185849,0.0192659844020584,0.0049578616028664,0.0052067546992984,0.0072373545430477,0.0084483964205488,-0.0001785770369693,0.0361176674392753,0.0030302591103179,0.0209430681225106,-0.0059190461815452,-0.0029305960611711,0.0063956987420621,0.0076872497453193,0.0068652293822757,-0.0141958488798508,0.0026581127494433,-0.0046073261743,0.0105239666632086,-0.0078126105796334,-0.0102240931171815,0.0038241509347948
2018-04-05,0.0021165150945625,-0.0009381292040626,0.0083473954014752,0.0056461093960118,0.0154234216070121,0.00632758123121,0.027269392389988,0.0022411294473554,-0.0050078740282577,-0.0099515112766344,0.0400350655230026,0.0039994747382863,-0.0006143484686615,0.0253546358032685,0.0045433637628569,0.0092419531191998,0.0279075550945711,-0.0106778042523858,0.0036691422811969,-0.0028217879054617,-0.0142107006300613,0.0116958644451609,0.0234383879818158,-0.0019101989802627
2018-04-06,-0.0205951321134971,-0.0164823578206974,-0.0108652833311353,-0.025821501567953,-0.0191647008213702,-0.0188114806584089,-0.0153213518325134,-0.0214943452719706,-0.0241369841777738,-0.0271290443492686,-0.0131677322591481,-0.0193539760826424,-0.0051341139687521,-0.004300951959723,-0.0213814943331647,-0.0007589124847235,-0.0050027240995844,-0.0062123275361694,-0.0145509715202538,-0.0160623363447856,-0.0209945074371304,-0.0077820712477667,-0.0226483247320616,-0.009606407832944
2018-04-09,0.0198398314589347,-0.0489333506575249,0.0092013902202361,0.0203091272276223,0.0001012589299529,0.0020428573254189,0.0153213518325134,-0.0132374041038769,-0.0269961114512606,0.0003794599617741,0.030459185012265,0.0280904796495975,0.0238035327258363,-0.0395655991537373,0.0110531807375773,0.0170332035104268,0.011033055112493,0.0029037786416434,0.0026800330586227,0.0063607457695802,0.0152064812471408,-0.0117879215911897,-0.0127185747468112,0.0153260929208505
2018-04-10,0.034749099949157,0.0139445499581938,0.0230462767450463,0.0314616833387484,-0.0077282764435087,0.0307189940985361,0.0254055991182253,0.0034700857636777,0.0459194418533313,0.014945891953479,0.0042766001777545,0.007033934280447,0.0135785276190034,0.0460102266990141,0.0042657664021581,0.0053047244067263,0.0259641461351805,0.0024823336433938,0.0240045843051031,0.0164291546593897,0.0117720190823762,0.0272922498106826,0.0468835653049919,0.0037951250059266
2018-04-11,0.0,0.0292418607837934,-0.0024439406269967,-0.008023489331955,0.0024468822021939,-0.0048181949560692,-0.0034268633364349,0.0017307476200618,-0.0099627993754003,-0.0565682982577646,0.0056736875105216,-0.0026588693957401,-0.0103669634569638,0.0225837391039613,-0.0064054535743907,-0.0071724546792832,0.0032167797041928,-0.0016541696200085,-0.0080728851349207,-0.0035145041727755,-0.0046000216415111,-0.0116055108372535,0.0030486659398736,0.00754712188349
2018-04-12,0.0033510169212727,-0.0223419209208111,0.0153786340389681,0.0073320898429338,-0.00163064592068,-0.0074138423075327,0.0125075324044621,0.0373346742760738,0.0182199754866743,-0.0039628715128214,0.0070472458185268,-0.0212726269768608,0.0014018111109401,-0.0041955695081463,-0.0101492709239268,0.0087490885518617,-0.0042426198917495,-0.0188014131046987,-0.0042643336371774,0.0063951704777993,0.010776282649878,0.0154441134328118,-0.004576700435745,0.0056232903317715
2018-04-13,-0.0028650979644426,-0.0309253458237708,-0.0194653258487105,-0.0137975169047468,-0.0082964115427346,0.0011443758169074,-0.0113638639806934,-0.0803203760459358,-0.0062763091700772,0.0069095485631232,-0.0127209333290485,-0.0102767202293012,-0.0165459083214103,-0.0291525629341549,-0.0012372269387272,0.0020366140070482,-0.0005868388527927,-0.0093222825799879,-0.0051003928027029,-0.0007776341800935,-0.0277477822978648,-0.0076923469645582,0.0030535292608599,-0.0322916301420387
2018-04-16,0.0050929136706203,-0.0184050522761813,0.0097798204436276,0.0075534480880472,0.003080867830699,0.0028546061556973,-0.0045819750164128,0.0220182225553999,0.0026948225148313,-0.021121222031943,-0.0085715682448226,-0.0011361340551143,-0.0008141200730276,-0.0322608061880256,0.0049398288644939,-0.0016661750628585,-0.0016148828567419,-0.0004258071687881,0.0093647264398804,0.0022537250094707,0.0051454240312129,0.0,-0.010728220380882,0.0210134408664488
2018-04-17,0.0286143148714108,0.0173911014131309,-0.0114190610918236,0.0247881084098651,0.0131400304003088,-0.0028546061556973,0.0148151008084811,-0.0094619737079948,-0.0053968450987587,0.0447130742977908,0.0296842445754776,0.0199694541695061,0.0026436786095791,0.0199193888812376,0.001538740114652,0.0137083496970049,0.0103780955930328,-0.0025586575995091,0.0084748987730529,0.0040282535431446,-0.0131487685342714,0.0076923469645582,0.0348258083478336,0.0075330032765974
2018-04-18,-0.0304543556042942,0.0426861694951874,0.0024577514390355,0.0087871877950664,-0.0054795984667013,-0.0097673893098941,-0.0056722745026474,0.0059242258983542,0.0068309631590723,0.0221502006665561,0.0152041413879673,-0.0034568066540638,-0.0114382176362322,0.0393891744282099,-0.0012307551920951,-0.0039367832982568,0.0231411142002491,0.0021326690417367,0.0137684086916785,-0.0020894211498623,-0.0092607235499442,0.0076336951323182,0.0415360574908767,-0.0189400363101022
2018-04-19,-0.0559160486649163,-0.0078042679767149,0.0040835600891395,-0.0026955303724855,0.0002035627722363,-0.012198827808572,-0.0045608512894208,0.0140763701157369,0.0245965033697883,-0.0447415933296548,-0.0179936072902937,-0.0075315784706506,-0.0211758671114377,0.009783684188013,-0.0021574930186778,-0.0105128264825546,0.0084895135896312,-0.0158903052248389,-0.014572697836257,-0.004503780474006,-0.0587029616434362,0.0037951057078707,0.0078205401763555,0.0057196850879064
2018-04-20,-0.0107182352539201,-0.0207828696483844,-0.0040835600891395,-0.0196339460256025,0.0021339824390924,-0.0011696656999924,-0.0337046943677448,0.0115810500253257,-0.0210199785779812,-0.0168379655275137,-0.0126495229178069,-0.0326568364288046,-0.0090632241381656,-0.0055788361572532,-0.0083657395784864,-0.0174877586659061,-0.0046602492598544,0.0107644526564065,0.0006030522075302,0.0057425751254207,-0.0147808735249199,-0.011428800840189,-0.0085346411227036,0.001899314769564
2018-04-23,-0.0088466888611042,-0.0171462508619866,-0.0008185107908396,-0.0046559914914778,-0.0160656866009882,-0.0005852054943793,-0.0095010429675976,0.0028742352080521,-0.0014291561968748,0.0182309084321738,0.0028249253220109,-0.0209463193613483,-0.0019073985908111,-0.0147941085561538,-0.0024921044513872,-0.0001886096557619,0.0063494453421295,-0.0086022722893455,-0.0070583396692174,-0.0012387946514147,-0.0051481769981842,-0.0076923469645582,-0.0187461132289559,-0.0133718805379764
2018-04-24,0.0141687263948346,0.001016681075884,-0.0090498832982626,-4.3188673154226365e-05,-0.0118296394273156,0.0,0.0118622948984845,-0.0191253797891264,0.0090757010876942,-0.0051272126382313,-0.0199437024888995,-0.0259489950982545,-0.0012735910260377,-0.0092694531338144,0.00993168671783,0.0234997321699843,-0.0002815650488394,-0.0056314225380602,-0.0004050441771377,0.0030942915123306,0.0,-0.0116505838504928,0.0151681353113952,-0.0096618048888283
2018-04-25,-0.0123931337196241,0.0060791059697049,-0.0082986944936966,0.0,-0.0186488131624988,0.0127981538681765,-0.0202505715626135,0.0069969885468967,-0.0158917984359838,0.0221396196963672,-0.0188822324685129,-0.0199937632465436,-0.0042570887589032,-0.0335062127087828,-0.0196481775131789,0.0035881458776554,0.0005626669810068,0.0008684395363891,0.003839703920919,0.0125112366376072,-0.0150810169872488,0.0193429308150511,-0.0195442754177093,-0.053851404228672
2018-04-26,0.0207577319677154,0.0060423736276755,-0.0125790410255088,0.0309746042425196,0.0091044736199963,0.0046137752592754,0.002403584655731,0.0144219990423597,0.0041310842170174,0.024450973055079,0.0188822324685129,0.0058845591758029,0.0059551718122414,0.0399327833225799,-0.0003150672782845,0.0090504963641002,-0.0115965282845218,0.0069204984294195,0.0120287442979907,0.0038826095116233,0.0,0.011428800840189,0.0231222533352699,-0.0291080767055541
2018-04-27,-0.0114697308434603,0.011976572793364,-0.012738753515868,0.0539855929685177,0.0023157752035665,-0.0159493812706363,0.0295706767137167,0.0091222529276346,0.0,-0.009568051339297,0.0043073009190379,0.0134399077656337,0.005919533603266,0.0063850713010147,0.0072202660119555,0.0132896669726285,-0.0077112046114602,0.0322335389967114,-0.0979037156951494,-0.004569508613752,0.0,0.0037808257528527,-0.0035779779175606,0.002107352179394
2018-04-30,-0.0173597568920778,-0.0281708112197622,-0.0137699003715781,-0.0040968130279273,0.0073328989381806,0.0043749929057801,-0.0081919427503827,0.0028335119093432,0.0108744058044774,-0.0045830688610273,0.0557247194683734,0.0122899999429639,-0.0105956845157191,-0.0035421887809974,0.0105788153231785,-0.0046808699497971,0.0020049555890788,-0.0088034188081849,0.007226397426983,-0.0002290244610314,0.0073088039282742,0.0075187642345289,-0.0079164191946403,0.0062961776664817
2018-05-01,0.0157415473613999,-0.0112878046680986,-0.0113289293063774,0.0048904178309161,0.0016686546930668,-0.0131830352809445,-0.0082597224869398,-0.0016995150780023,-0.0017746554247457,-0.000441762716794,-0.0108993318097665,0.0149801847093851,0.0164805742084759,-0.0229730990461434,-0.0055866623495892,0.0079981020817339,-0.0122346978902414,0.0050399507708256,0.0112824906650144,-7.630634340038966e-05,0.0124066619298726,0.0037383560721999,-0.0219145739541168,-0.0041929375346784
2018-05-02,-0.0057623951452381,-0.025080011456305,-0.0052723070465852,-0.0092842369685239,0.0102628548917391,-0.0217625952836111,-0.0095239000071893,0.0073427705998878,-0.0108939081143231,-0.018463135502464,0.0095433166390588,-0.0239679232671643,0.0266734907798733,0.0036243567573615,-0.005304730503111,0.0023246472370903,0.0018805755496145,-0.0151963815370046,0.0066657131944682,-0.0060501362330347,-0.0307795721288104,0.007434978487518,0.013934785508656,-0.0084389887021425
2018-05-03,0.0125821773163243,-0.0175182280727734,-0.0097389505519775,0.0105922370102193,0.0024721728390999,0.0024079814140822,0.0,-0.005077666359802,0.0003590241746977,-0.008014033240749,-0.0068073785108655,-0.0220648426494554,-0.0183263873695498,-0.0065332822752586,-0.0015659639242187,0.0103057048682027,0.00619641780498,0.0084709983142303,0.009385686684034,-0.0005379041325141,0.009228467038822,-0.007434978487518,0.0115859554814246,-0.0085107034395474
2018-05-04,0.0142175244916069,0.0053735731970658,0.0106194533353645,-0.0028957793408084,-0.0068134946166211,0.0062940491275038,0.0130721214999351,-0.0011317733207678,-0.0073865787205567,-0.0018771808814976,0.0269558110973227,0.009425427886379,-0.0068812048793702,-0.0029178893387753,-0.0100787095489194,0.0077477823064908,0.0032989635390108,-0.0067711335453211,0.0099293427110218,0.0092569143083851,0.0127790306775992,0.0037243653818922,0.0135860333236117,-0.0085838669713108
2018-05-07,-0.0032275481114858,-0.0140314964236538,0.0061432276042792,0.0085833970938864,0.0011389832720354,-0.0074972788418317,0.0416245278958662,-0.0125356921998394,-0.0074419587640872,0.0279123916673658,0.0066269297556531,0.0157358450969686,0.000836502094788,0.0216774378264217,-0.0114613924641542,-0.0002631789865956,-0.0015763154927261,0.0004248612499901,-0.0027365537235528,0.00144573604486,-0.0036345875174834,-0.0187623114414738,-0.0164700442981191,0.0213229668018034
2018-05-08,-0.0051964144954066,-0.0153342123247084,-0.0043841022156985,0.0355557003708852,-0.02048775923592,-0.0024111017108658,0.0190695297522669,-0.0069046722236583,-0.0111752348035274,-0.0174511901571143,-0.0612853445733985,0.0101224998945532,0.0110200259967125,-0.0086147624503507,0.0003201294155628,0.0070807898826767,0.0042927851707794,-0.0162609713664818,-0.0010544774890979,-0.0046493389235946,0.0188078302930487,0.0037808257528527,-0.0079738721782112,-0.0170217141960439
2018-05-09,0.020826785313992,0.0033058323040497,0.0260206450696913,-0.0068652307329166,0.0057916289900048,-0.0161219205456655,0.0044345508910783,0.0086232430747528,-0.0005528191561148,-0.0246843800902727,0.0125612475713721,0.00690950805236,-0.0066391223897617,0.0869513705349429,-0.0200460774105553,0.0023493693517195,0.023706660089839,-0.0008630838664451,-0.0016896908281673,0.0403513229049714,0.0043294288859296,0.0186920987942469,0.0137335350926555,0.0021437083481177
2018-05-10,0.0156386324079953,0.0345977726325261,0.0068258544115828,0.0278901188291085,0.0132466502256995,0.0064190289227963,0.0044150813234593,-0.001145385673007,0.0135483372259157,-0.0270446511866833,-0.0309883520583147,0.0263097268613119,0.0022873655498707,0.0689488068816686,-0.0134803032473591,0.0120071421310656,0.0036671178001301,0.0025874523553355,-0.0091301869654878,0.015290889149881,0.0106167313474982,0.0,0.0359572865880462,0.0
2018-05-11,-0.0113538274079827,-0.0324000055099984,0.0008498180824942,0.0045675305263719,0.0308122737132943,0.0078906335588126,0.0065861242343134,0.0062840010359916,-0.004921951191886,-0.0243602447332866,0.005706171157894,0.0030679563284037,0.0193341814269976,-0.0012345979344612,0.0082413205990587,-0.00240732602595,0.0134251474915099,0.0012911659432979,0.025275096151144,-0.0023149762844214,0.0035146305274813,0.0,0.0117041774915067,0.0021389060174336
2018-05-14,0.0156715050997524,-0.019956386304158,-0.0068199286885994,0.0086689442880452,0.0042110938808588,0.00692882820963,0.0032769207375902,0.0051122761612172,-0.0056813483377498,-0.0343358117831193,-0.0128849527276271,0.0068868838529696,0.0179674932737579,0.0280166271971047,-0.0108931878382918,-0.0085575399601314,0.002081133991854,-0.0095076024311668,0.0053929768771632,0.00050683423395,0.0010014003566398,0.0183491716418147,0.0243417813939976,0.0
2018-05-15,-0.0100034895388905,-0.0169396076684746,-0.0103183380064559,-0.0012495731840198,-0.0046130609341656,-0.013906073447953,-0.0310102426851539,-0.0073928074242741,-0.0292795345339094,-0.0265740672546872,-0.0174423693972527,-0.0119427148465414,-0.0356415793150404,0.0119402409542701,-0.0194376913513374,-0.0135476498098343,0.0070451016152515,-0.0026086089455934,-0.0173192099298145,-0.0139963953975286,-0.0164042138628222,-0.0072994351007854,-0.0040159161612884,-0.0129031515808673
2018-05-16,0.0146475794848566,0.0113247610144382,-0.0086806067458153,0.0437127576776124,-0.0091887177047063,0.009091336082637,-0.0147311595580443,0.0017107302247709,0.0107295712530626,0.0482741399092416,0.0,-0.0013146454367234,0.01297753698306,0.0170643805196195,-0.0105458362781962,0.0045656213234819,-0.0031708961662482,0.0021742949039982,0.0065037016333673,0.0082613205851087,0.012391530472033,0.0,0.014647565034628,0.0107642455634336
2018-05-17,-0.0024674717923067,-0.0496351320319945,-0.0008723842129674,-0.0155746461673489,-0.0067172839541624,-0.0015094945203886,-0.0103270633875678,-0.010885012317864,-0.0048797389485129,-0.020796135614411,-0.0297641032583326,-0.0775147968709277,0.0026572809388287,-0.0392672640080047,-0.0023969334118374,0.0034103961667826,0.0124870321686856,0.0004343140415952,0.0202863829826429,-0.0049631693393665,-0.0210805406487759,-0.0222230711007472,-0.0066315532485292,-0.0086023259864425
2018-05-18,-0.0252193462251169,-0.0071263360178339,-0.006126766772474,-0.1002170743524697,0.0041782794133005,-0.0036321252326816,-0.0257024287744012,0.0,-0.0222592497600762,-0.0117130044953421,0.0529536366458835,0.0006902333173388,-0.0055266065927823,-0.0183717547305792,0.0051290566088018,0.0036892221769013,-0.0095916414963008,-0.0004343140415952,-0.0041065185154951,-0.004620395982438,-0.0139572123447493,-0.0037523156569575,-0.0303973910907036,-0.0086767476405916
2018-05-21,0.0258613369667743,-0.0011923743056054,0.0017543857371613,-0.0506673460435269,-0.0124848989871519,0.0078528653825338,0.0047226266198081,0.0017265533563772,-0.0071434778977903,-0.0162810190589288,0.0,-0.0531043910979551,-0.000615988223322,-0.0174569191085098,-0.0123541680053076,0.0042297833511799,0.0138103126246109,0.0021697951498631,-0.0043304881475125,0.0030093030436662,0.0269630494743267,0.0037523156569575,-0.0117281491198668,-0.0109531125047706
2018-05-22,0.0001479871660121,0.0397716172263189,0.0069868157904773,-0.0022477252675807,-0.0108713311116228,-0.0057325894535966,0.0,0.0074477287367158,0.0059885700431339,0.0142137268902322,-0.0014337795074936,0.0076337991835178,-0.0014388768443884,-0.0108957757879577,0.0174571386906303,-0.0053783857667299,-0.0132599707163816,0.0047565868907106,-0.0278698534288106,-0.005216846574835,0.0042974514485609,0.0222230711007472,-0.0013890889682968,0.017467940568371
2018-05-23,-0.0116205105943505,-0.0161852653148517,-0.0140229018992625,0.0017486813033436,-0.0049050558720202,-0.00090807683529,0.0128731271076203,0.0164170285590894,-0.0088992674392409,0.0334615438812084,0.0198870413658789,-0.0121820619458681,-0.0072243780669052,-0.0383039960766047,-0.0223031932715795,0.0045865914215736,-0.0246579074429331,0.0030155344321882,-0.0126164789334399,-0.0067266889367374,0.0002522377321168,-0.0073529081200177,-0.0034805204512795,0.0
2018-05-24,0.003141997829231,-0.0081919406322299,-0.0133275458252661,-0.0004576970174579,0.0040719016215331,-0.0195724944260931,0.002322972105067,0.0238565670215187,-0.0060423522966872,0.0327273257409634,0.0014054602079922,-0.0417130430461591,-0.0035284623139144,-0.1674755524987914,0.0048460545809492,0.0035140689642849,-0.0167833110375723,-0.0173540427981073,-0.0002152073314332,-0.0178850008258502,-0.0096302821294242,-0.0036968284210114,0.0048696094195763,-0.0065148280636004
2018-05-25,0.0013436942723767,-0.0249864412888622,-0.0017907354610775,0.01454332466301,0.0099524137038091,-0.0105556805688653,-0.0011608115277601,0.0043767619591121,-0.0037214415328281,-0.0007305257919547,0.00560227709928,0.0244928809213673,-0.007721916187402,-0.0133909049169513,0.005166152905599,0.0,-0.022482632714873,0.021645821152751,-0.0012922174946683,-0.0189030136729213,0.0007637659959121,0.0,-0.0267248376868356,0.0021762551691725
2018-05-29,-0.0277307892200138,-0.0582928153437178,-0.0533706370892232,-0.0072039005709676,-0.0012387235033859,-0.0097227245351758,-0.0246927647375234,-0.017621553057292,-0.0280588220496791,-0.0555000132410938,-0.0254609991656575,0.00758382689179,-0.0196767950073284,-0.0562725559243229,-0.0055116676082398,-0.0333482774946167,-0.0125471629566278,-0.006444756861597,0.0043009136883078,-0.0254046349988579,-0.0294366916299404,0.0,-0.0429623416091831,-0.008733804692529
2018-05-30,0.0076393746429141,-0.0051225948113655,0.0150098951911217,-0.0017366782484975,0.0827245719686584,-0.0063229288214725,0.015357789358986,0.0077474814440015,-0.0154567219973014,0.0152007917297245,-0.0115275488925248,-0.0143889954751457,0.0161087237151389,0.0,0.0003455147026407,0.0189507924987228,0.0325884881662821,-0.0086580232393389,0.0130052168665142,0.0041744352877612,0.0047059356300209,0.0219787095938618,0.0074129854782107,-0.002195254938683
2018-05-31,-0.0022853484407558,0.0076732335208835,-0.0056021357598217,0.0038414416436722,0.0118153230840647,0.0072679823475563,-0.016548785765849,0.0027526659238108,-0.0121664583200571,-0.0385817634940641,0.0143887374520992,0.0067678192251499,-0.0004205380660176,-0.0050463490383207,-0.0163624316403552,0.0034637142879541,0.0004311383917205,-0.0078568243531593,-0.0025447591848668,0.0057993533118816,0.0093458302860329,0.0072205755695449,0.0044214897205978,0.010929059631212
2018-06-01,0.0276338054990512,0.0101392275756573,0.0194719210116014,0.0240328014186124,-0.001011287927048,0.0078408052923273,0.0177204778004127,0.0054823722791059,0.0133953181282571,0.0198478563855832,0.0085348808368217,0.01805606667132,0.0060816551224962,-0.1576699653044533,0.0184320435209264,0.0082995108167667,0.0017230064016162,0.0134929124473774,0.012241439628212,0.0257650175718602,0.0128371623824201,-0.0036037052389015,0.0311278664103744,0.0
2018-06-04,0.0086680623330508,0.0193696122545443,0.0127740067300647,0.0488552749411477,-0.0288790352691168,0.0049858572828567,-0.0165294813935497,0.0081678417033399,0.035987480551928,0.036376039107413,0.0168543956715878,0.0209844480887295,-0.0048202840932649,0.0547422456148243,0.0092609173401279,0.0077077003742145,-0.0057550412001488,0.0051749136520742,0.0291491382681776,0.0223662596012568,0.0194525922169725,0.0107719994767595,0.0021362025400379,0.0021716393472136
2018-06-05,0.0261365231464765,-0.0638788128296121,-0.0257129512451279,-0.0035324215103713,0.0043708644913169,-0.0068620754477168,0.0141848388925858,-0.0043479535414403,0.0043349171822479,-0.0020498970860449,0.0274742544003894,0.00395130128063,-0.0046327302661333,-0.0429658303373594,-0.0127127722774755,0.0092063090642424,-0.0072410838401393,-0.0021529785069533,0.0046754016927796,-0.006125259800382,-0.0108161982650529,-0.0107719994767595,0.0070869952354615,-0.0131006989784256
2018-06-06,0.0202877694120839,-0.0267391273281758,0.0229893346735003,0.0151170666003057,0.017008761690183,0.0081045532518677,0.0209066960232719,0.0204858561989869,0.0206273477733609,0.0256597825643325,0.0227738832968209,-0.0017634257089174,-0.0112490572066232,-0.0207009655021672,0.0120296761183502,0.0104920327189885,0.0047849626187161,0.0098649453173358,0.0174894591976659,0.0201022096147394,0.0005055696481099,0.0071941453958451,0.0319693495904269,0.021740074104705
2018-06-07,-0.0287313461259586,-0.0471657440352581,-0.0063840259719718,0.0035928869326351,-0.0037228437579575,-0.0024865761280912,-0.0023015868006579,-0.0091127068912191,0.0026928579764762,-0.0866650954679606,0.0274347512708059,0.0071192824921539,-0.0180922928970717,-0.0385834329178693,0.0155935754250173,0.0003421709474018,0.0137910563370966,0.0080764103816437,-0.0059961860348067,0.0020541694220845,-0.00101186535242,0.0,-0.0548273295427819,0.0106950617654374
2018-06-08,-0.0005301774065777,0.0444516167476667,-0.0055045994667426,-0.0049198490226922,-0.0172676547143093,0.0009331440390787,-0.0150901459427776,0.0085789883798783,-0.0044277245138673,-0.0001731786071159,0.0366897768987328,0.0163496898469772,-0.0237527873941516,0.0123462024204459,0.0389233044341503,0.0154449638887541,-0.0021424536948568,0.0,0.0016025017462233,-0.0017604967495579,-0.0150414805340464,-0.0035904401569436,-0.0065241072068182,0.0042463516759122
2018-06-11,0.011550239880286,-0.0178204884296953,0.0064192665305653,0.0232119557682448,0.0085263931648897,0.0157336430757881,0.0,0.0010671523191772,0.0185418207013263,0.0304527076841187,0.0196808134482506,0.0387343055706059,-0.0022282913007143,0.0101730238316923,-0.0025916505590743,0.0105547482413204,0.0064137162888928,0.0467316461797819,0.0107505289816485,0.0068774679614298,-0.0043765384629397,0.024867904290219,-0.0043732164779122,0.0147216618345198
2018-06-12,-0.0024807733689051,-0.0027702679352876,-0.0128795403947097,-0.008786301118052,0.0096017866129183,-0.0157336430757881,0.0011688372303004,0.0132451543484028,-0.0156520463092788,0.0113882491035015,-0.0221683389155971,0.0166069913533153,-0.0121186128237074,-0.0101730238316923,0.0384969863901842,0.0014987268107526,-0.0219759535392487,0.0172246798498503,-0.0129546315677346,-0.0191392462921653,0.0112879207493765,0.0173918996008579,0.0195304025225586,0.0267782376236399
2018-06-13,0.0208472516948541,-0.0224406246367989,-0.000926529240091,0.0096014525997025,-0.0227118406779687,0.007435231625624,-0.0046838005101368,-0.0095187414781086,-0.0079189938101942,-0.0342520543666839,-0.0100126372968851,-0.0087000313423892,0.0047302320722502,-0.0113110606122548,0.0394725322691618,0.0025759189165688,-0.0049494814722352,-0.0144000626102815,-0.000602062988654,0.0063712646619844,-0.0038335003154577,0.0537039946332126,-0.0035881176829597,-0.0061164691583996
2018-06-14,0.0099619215429278,-0.0524142023133835,0.000926529240091,0.0023676195992523,-0.0071615141129424,-0.0086797171082793,-0.0153758352994488,-0.0105716214366569,-0.0099384510385167,0.046988509435919,-0.0113853416383431,-0.0006665865629331,0.0033653089576444,-0.0156337525695628,-0.0093443664237258,0.0072762331929441,0.0094416248996536,-0.0101237756194869,-0.0139466215376207,0.0002215326257948,-0.0115910971504757,0.0,-0.0181362193777461,-0.0269444415976175
2018-06-15,-0.0049683647181195,0.0221740657416782,-0.0205811712984798,0.0085723249110127,0.0038323074892647,-0.009383866498335,-0.0131975926424767,0.0309052020250772,-0.0288089583454742,-0.0038763317207965,-0.0495537542426109,-0.0006271618700135,0.004246226055327,-0.0084388323570505,0.0599475059749128,-0.0016490660640666,-0.0282993961640225,-0.0305809353673884,-0.0002035543724132,0.0027280953211468,0.0023290046446855,0.0065146225245727,-0.0365301987127764,0.0187309337039008
2018-06-18,-0.017468649480369,-0.0251684112192267,-0.0018916713143473,-0.0150594749938264,0.0198101922722377,-0.0047250486233587,0.0471785371645396,-0.0156042219021483,0.0130168854139123,-0.0308848774078605,0.0406080466850329,-0.0099361574269671,-0.0020094709887135,-0.0181727632521923,-0.0011415394627631,-0.0142116628988153,0.0053401141749263,0.002095909306361,-0.0153866109557028,0.0052141651673629,-0.0114373868362234,-0.0163668297747235,0.0,-0.0041322963724632
2018-06-19,-0.0235826510423589,0.0367958570018964,-0.0171925720381782,-0.0255382214233055,-0.0053990063547537,-0.0120714658792397,-0.0080971833776763,-0.0131007675220127,-0.0112046378185564,0.0023057897018494,-0.0194432563196533,-0.0126412510131759,-0.0017892075232781,0.0266115956092428,-0.0042924349091706,-0.0080678654226469,-0.0014803693463525,-0.0058797362707347,-0.0026910259284664,-0.0027137532712524,-0.0182040864142623,-0.0033057580097601,-0.0153024889341861,-0.0062305864909751
2018-06-20,-0.0033032564365917,0.0214447938715927,-0.0019285793606793,0.0074121337138972,0.0166815061780325,-0.0083438422580335,0.0115474666240449,-0.0022002126009161,-0.0010064696215841,0.004123442412327,0.0052219637453441,0.0226554739504933,0.0217013960370673,0.0330608058627577,-0.0048872464868767,0.0006746553201573,-0.0065402526996907,0.0050421730648362,0.0269952632652672,-0.0131599029909281,0.02081480211393,-0.0099834737085673,0.0015407031719878,-0.0125786431516597
2018-06-21,-0.0061503483366633,-0.0374682060540274,-0.0116506729651666,-0.0135734796119839,9.491193033150937e-05,-0.0123219031122214,0.0068651699290791,0.0038472172336339,-0.0525129900142542,-0.0312092325213999,-0.0277246286048029,-0.0027890209266332,0.0162957914544046,-0.0446827593159564,-0.0130531772185888,-0.0054960723941617,-0.0094387681068561,0.0,-0.0068840460303887,-0.0128078298418712,-0.0192183910659076,-0.0305625556647343,-0.0320713848166211,0.002107352179394
2018-06-22,0.0103748266040941,0.0131293784775075,0.0126153365705485,-0.0057747994938841,0.015002420094154,-0.0035953964789903,0.0068181366085995,0.0265237675522083,0.0116070051198198,0.012071434315529,-0.0126634430750049,0.0202891432004563,0.0094381290314919,0.0021233502371977,-0.0052690841689253,-0.0009331140017847,0.0431615617667899,0.004182284764794,0.0230957152568707,-0.0125921884485258,0.0132032063087033,0.0170942775488418,0.0181177799702856,0.0104712909722657
2018-06-25,-0.0482448331972804,-0.0029030162316039,-0.0126153365705485,-0.0337284725443289,-0.0105440186919976,-0.0165074990554545,-0.043988687466459,-0.0042826460522493,0.0106440646200951,-0.0089444985410187,-0.0537509371410283,-0.0436125913160037,0.0027715250856696,0.0168247183226135,-0.0258676098095138,-0.0133277906191233,-0.0301497903326297,-0.0172599848054546,-0.016816853982672,-0.0187239130380358,-0.0072323232004696,-0.0240149084362085,-0.0213025189166629,-0.004175113305784
2018-06-26,0.0066897191536554,-0.0131671449506598,-0.0019551571112912,0.0014366122613349,-0.0004734776094279,0.0026597463530384,-0.001184061922153,0.0042826460522493,-0.0029106383149453,0.0343698115796176,0.0337585003051503,0.0066222254457364,-0.019129801159385,0.015520266292037,-0.0154805748096469,-0.0091586568079335,0.0140167311534651,-0.0068172945346014,0.0094443880508507,0.0049656831020277,-0.0013704176106115,-0.0069687331672573,0.018175050320476,0.0247945902086232
2018-06-27,-0.0207729931448641,-0.0359865980254712,-0.0267739620239018,-0.031474758075995,-0.0041749925998599,-0.0282847416526945,-0.043590399830768,-0.0032100418201812,-0.0140479260053139,-0.0445507960533664,-0.0223786416367346,-0.0247866381078174,-0.0142064465605313,0.004098431783168,-0.0079852476023596,-0.003216651011269,0.0123775593858583,-0.0038551434044,0.0057831174275024,-0.0163862800015328,-0.0264013765040727,-0.0176370469340447,-0.0245749720694166,-0.0081967795527813
2018-06-28,-0.0016517464277576,0.034512792954908,0.0149628047525012,-0.003256297163114,0.004459012111333,0.0010239259944273,-0.0250640167997886,0.0180564335932658,-0.0204786315091829,0.03934195179212,-0.0113798586684157,0.0112951361778868,0.0011001517287065,0.0061159926809399,0.0033861620584247,-0.0142954353357422,0.0021683135103192,-0.0038702793080718,0.0276516204959351,0.0154570239513365,0.0120366939070475,-0.0215835064240002,0.0253576853547703,-0.0124226973500579
2018-06-29,0.0224247395726218,0.0117306507032224,-0.0069546942504064,0.003256297163114,-0.005886350298347,-0.0013655773237193,0.0188566142453758,0.0223795863853708,0.0017229376751357,0.0071509376035541,0.0337585003051503,0.0241949017783418,0.0139739243024954,0.0191251563313636,-0.0105036467904156,0.0214105509972215,-0.0002888006423651,0.0047282870539264,-0.0085473070889694,-0.0021713426283129,0.0171039488855813,0.0251359402979242,0.0031250254621384,-0.0020853777080851
2018-07-02,-0.0138344454151573,-0.0044157998139522,-0.0080081105020948,0.0132858367116499,-0.0110106092850772,-0.0092672450489335,0.0037291124997098,0.0092214319915915,-0.0030168232662748,-0.0108639396277263,-0.0294759038149385,-0.008026680202525,0.0137814391757946,0.0039799249889951,-0.0012431535127555,-0.0029442158778332,-0.0120614680359216,-0.0177377884556251,-0.0062620065389284,-0.0068554049007163,-0.0005473269104938,0.0245196485505987,-0.0260782478552472,-0.0062826731323772
2018-07-03,-0.0195498408005789,0.0426215968745846,-0.0050378556622545,0.0007306677212994,0.006333901792904,-0.0034545396013343,-0.0062228534010699,0.0040711163324029,0.0017250689914671,0.005833410416776,0.0099221875002148,-0.0042783053543349,0.0044807325129196,0.0147861538140083,0.0172631074343021,-0.0012145470159978,0.0071381142480069,-0.0026223998336387,0.0005886339648064,-0.0041513304613536,-0.0041135737642541,0.003454328564146,0.0047925222707798,-0.0021032401318032
2018-07-05,0.0233325149952952,0.0042345494157434,0.0140423526923787,-0.0096228483694167,0.0146251645240846,0.0075839490046503,-0.0050063399817874,-0.0179352272529942,0.0185684405957275,0.0233608090082633,-0.0070771702212333,0.0264133765372314,0.0177260574712554,0.0039059192247681,0.0060938724636903,0.0109657789765726,0.0026094730305215,0.005237831421347,-0.0381931866174696,0.0130231536118676,0.0054811153590867,-0.0173918996008579,0.0103050703735245,0.0249494645830414
2018-07-06,0.006763192720566,0.0153735372159669,0.0009956451294348,0.0310608899015409,0.0014132187531052,0.0024008266689521,0.0050063399817874,-0.0098728743053455,0.0171911657585401,0.0273759333946319,0.0112994907177492,0.0190551675749035,0.0124715311789529,0.0154742877916256,-0.0009116466111018,0.0058224537238515,0.0056304898284289,-0.0021790327657065,0.0105435801567317,0.003789145214597,0.0184137805803152,-0.0070424750993034,0.0272287128713202,0.0081797074359557
2018-07-09,0.0090305212238339,0.0013855724645066,0.0118695085236959,0.0397140087423242,0.0107683957249116,0.0088677198603517,0.0049813399332299,0.0129701635771302,0.0244340730175616,-0.010085569801018,-0.0788728908455933,0.0241331897255814,0.0051507568992144,0.0255818269022509,0.0192719098447944,0.019027238008408,0.0192492922552336,0.0069566044417217,0.0401277355525069,0.0087604818146616,0.0149134830658654,0.0283553247048137,0.0106870627968511,-0.012294998183293
2018-07-10,0.0016059081342429,0.0082763944369901,-0.0098816245951613,-0.0027521947689255,0.0127708989607029,0.0054184161837542,-0.0012430567397219,0.0193985189260392,-0.0171852837174322,-0.0052433935576052,0.0180727346803974,-0.0087459885321523,0.0171153778221579,-0.0018726131188715,-0.0029868639167132,0.0024262486096846,0.006755957177555,0.0154773221271753,0.0013554508943958,-0.0110013911309403,0.0026401362799477,-0.0035903759435645,-0.0060927713614049,0.0404095010762672
2018-07-11,-0.029720757071753,-0.0264456316864556,-0.0029835290579693,0.0,0.007511834594077,-0.0204717062483599,-0.0137760280831003,-0.0010115999563682,-0.0235944717793423,-0.0160621186174632,0.0206802275457094,0.0010551983705577,-0.0134230427104848,-0.0304496419468869,-0.0069039185582189,-0.0155799256956248,-0.0287443406008254,0.0051067545078633,0.0054033136995585,-0.0094041908895583,-0.0256353838756258,-0.0108501378724582,-0.0341914676751435,-0.0039681144648551
2018-07-12,0.0292189714887287,0.0209362230542025,0.0128651536531307,0.0383002020421612,0.0154860066300757,0.0058430300751139,0.0187388883453651,0.0125722737844813,0.0010559692336267,0.0476840257601312,0.0216928241325438,0.0059329024288725,0.0214713753402078,0.0266938627220238,0.0220443234632778,0.0136561152143404,0.0027390911680367,-0.0008494766724673,0.0047998596054683,0.0087077066197958,0.0091542748399651,0.0322031923432791,0.028829486351213,0.0059462324500895
2018-07-13,-0.0007023624539836,0.0339475056428237,-0.0019684418582146,-0.0158179803713887,-0.0066721528373077,0.0041039889613174,-0.0225291249862618,-0.0299284035475593,0.0241880727593715,0.0298289353153897,0.0,-0.0037134625059009,-0.0004007221449957,0.0056283923437345,-0.0120509501406149,0.0039273330635065,0.0077443299601407,0.0122439693626752,0.0208500126562323,0.0025513365912424,0.0122538235961155,-0.0177626785272563,0.0091742333965954,0.0
2018-07-16,0.0044580717947555,-0.0013364772487345,0.0185462164639429,-0.0004118362362026,0.001175261994851,-0.0051325614135167,-0.0230484079186701,0.009225613213577,-0.011812633222517,0.0464215445887337,0.0113798586684157,0.0073386276996507,-0.0072436287202237,-0.0075121228426577,-0.1099170213957949,0.0054889708899104,-0.0133748197885696,-0.0246399296245014,-0.0007505805009606,0.0,0.0005293296628114,-0.0144405138160228,-0.0114812664734582,0.0
2018-07-17,0.0210679970617571,0.0315821371517135,-0.0254667187089814,0.0109478009284185,0.0019860391011632,0.0166696877003422,0.0192436250842122,0.0151903199626057,0.0236904286462458,0.0470892429410829,0.0223786416367346,-0.0061743783088479,0.0124424405102665,0.032455661928612,0.0020129107919559,0.0088355721180644,-0.0043531474480995,0.0128205756843033,0.0067352148069663,0.0148684607391054,0.006593500122126,0.0,0.0198180038844375,0.0156867221011598
2018-07-18,0.0642509409994529,-0.0183011495803144,-0.0039762095498776,-0.0022244395321759,0.0008113486054273,-0.0040567357209462,-0.0076530822512825,-0.0111166481832873,-0.0104370342738744,0.0261964329106021,0.0629812504793143,-0.0181807344099467,0.0015942608907786,-0.0212088001679429,-0.0003352891900649,0.0026271136342339,0.0018887587476101,-0.0102434496985881,-0.0104966850900818,0.0048570121666431,0.0096796715347871,0.0322031923432791,0.0120030254985468,-0.0019472010813686
2018-07-19,-0.012189577565949,0.0026350454900325,-0.0201212689596825,-0.0263252252633963,-0.0073253446752943,-0.0047538070811961,-0.0102960577727118,0.0015232986580211,-0.0245740739821807,0.01414072519223,-0.0383899101438012,0.0018711917824556,-0.0081974146582912,0.0037207668247556,-0.0196349754722811,-0.0380210428276504,0.0039113667584405,-0.0030074374046002,-0.0083256427312909,-0.0024255223775737,0.0358005181085707,-0.0035276054069407,-0.0403249192582937,0.0038908148378351
2018-07-20,0.0209168204961551,0.0562805714811596,0.0121212919746662,-0.0093415776082057,0.0115513376928841,-0.0064880323168607,0.0204872488343794,0.0151058198966427,0.0075613415319422,-0.0030745647814827,-0.0013504185057131,0.0081312721579673,0.012568549157597,0.0515720084018791,0.0139196791123199,-0.0086394976819184,0.0051907990836652,0.0085689938453152,0.0060619127793324,0.0002276515264281,0.0228463696652663,0.0,0.0038744292561907,0.0154146855693343
2018-07-23,0.0044032514375818,-0.0074905568369239,0.0040081457072425,0.0015373739836599,-0.0216780049825384,0.0023951586922548,0.0150946555545616,0.0069720254814664,-0.0122105722268641,-0.0276094440023015,-0.0232409218297999,-0.0113033851530408,-0.0019845439160488,0.003521186500704,-0.0071053986735838,0.0035160577627646,-0.0018710854272092,-0.0055615564407149,0.0037700725740776,-0.0005313605966899,0.0002457406840687,0.0278764668150961,0.0183912463813169,-0.035023139412195
2018-07-24,-0.032593624249845,0.0223056345387657,0.0139029602642528,-0.0150913895256206,-0.0030302483823971,0.0132405603166412,0.0099380501658243,0.0118401370486407,0.0132560988159613,-0.0287333799749145,-0.0323289293250108,0.0094854621817739,0.010080255701971,0.0260203289856475,0.0218312328065017,0.0048679458155911,0.0116037743555574,0.0220628036387862,-0.0090722809164529,0.0064319744154692,-0.0086282912593911,-0.0103627851692115,0.0445509150393537,0.0059230528895076
2018-07-25,0.024361815091642,0.030177709294805,0.0,0.0247610505218345,0.0066913427925898,0.0070579984897061,-0.0037151967647544,0.0092754154860168,0.0137018597795384,0.0334018722577384,0.0,0.0246766118514272,0.0045128077160887,0.0228534947340042,0.0105752969459251,0.0159731830358582,0.0018494426006312,0.0062751185028648,0.0186220192217936,-0.0027944432834763,0.0123035553895523,0.0273989497239924,0.0165649390085014,0.0156252444022222
2018-07-26,-0.0106517043897218,-0.0412682804248414,-0.0079207039757025,-0.0097848791656955,-0.0020118597398441,0.0043440371567426,0.0353478549062056,-0.0019455761967077,-0.0134927342540414,-0.0034580648301885,-0.030459185012265,-0.0100741414741301,0.0031274457250001,-0.0305887641310249,0.0253177055089401,0.0035988527404668,-0.037368393191667,-0.0083753243460624,0.0,0.008435455760555,-0.0017134863855181,-0.0449126313698771,0.0078264279906949,-0.0038834572053356
2018-07-27,-0.015583355467843,0.0220593823232841,0.0108747286423542,-0.0204104933427444,0.0037461990499867,0.0112734934948601,0.0433577696657243,-0.0097848355257963,0.0054189596720046,-0.0255060560119648,-0.0193315024018452,-0.0102900443667599,-0.004106748304224,0.0272358840721358,-0.0259753533283995,-0.0054449671993195,0.0039765658735193,0.0029393493009104,-0.0048570944061845,0.0084395669289616,0.0153157220535371,-0.0250460508388965,0.0231182804610508,-0.0097750407694291
2018-07-30,0.0056100055318717,0.0036304073644326,0.0127016804904864,-0.0145711378316226,-0.0322518796038084,0.0032916155264932,0.0102680393578364,-0.0198615519575349,0.0058031915348233,-0.0324467637008014,-0.0060241377913476,-0.0202097925398958,-0.0062904749715686,-0.0042071600134856,0.0019717309203424,-0.0193374626633993,0.0032287271511326,0.0232085396977899,-0.0200499100795781,0.0038597479166568,-0.0087229104412758,-0.0036295360974418,0.0082760948417188,-0.0059116813317307
2018-07-31,-0.0023338770066088,-0.0244512908612455,0.0038760941152418,-0.0169284853475675,-0.0270170592693363,0.0075300370748645,0.0022677753443165,0.0119644401845158,-0.00289738614432,-0.0009910119036433,-0.0106302742026946,-0.0062208407757258,-0.0187108938825542,-0.0110216659106003,0.0249646950484734,-0.0062711350621436,0.0017567900460475,0.0154475845584016,0.0315935228064856,-0.0235375328597857,0.0029159905606652,0.0180184174775978,0.0068446401969493,0.0
2018-08-01,-0.0004205510355062,0.0123001606694126,-0.0097183061537902,-0.0804641550385092,0.003188287635556,-0.0019588326492914,-0.0068181366085995,0.0083888493468022,-0.010626227620532,0.0093753270718162,0.0091185811320331,0.0027868226568221,-0.0028167885402554,-0.0008529269692354,0.0089256951550589,-0.0007760324956169,-0.0125099906643537,-0.004852352192477,0.0179785897201152,-0.0015940262475115,0.0120599917029786,-0.0107720319999592,-0.0417888558857215,0.0
2018-08-02,0.0088895357839016,-0.0006120821397128,-0.0257185811227245,0.0104247092263642,0.0050992773152667,-0.0161429474953078,0.0,0.0014730665878333,-0.0267474298494314,-0.020047141647165,0.0356650214949403,-0.0143650959205667,0.0018118798566435,0.0169209419181566,0.0260000080320375,-0.0032826201819213,-0.0206502937053278,0.0112857783985869,0.0050779767254058,-0.0044160653370814,-0.0038435557408105,-0.0036168493801966,-0.0014233032874171,0.0019746127713603
2018-08-03,-0.0048308850773386,0.0547756464611115,0.0069896041470904,0.0222702867506434,-0.0020174386905491,0.0181017801445992,0.019198527071202,0.0078200313641798,0.0134631884143914,0.0134965553363306,-0.0147061473896954,0.0120819281111539,0.0056156008835603,0.0499081381673804,0.0238324576920514,0.0012107508823655,0.0027177420722876,0.02649948616616,-0.0058054856277456,0.0019058018457105,0.0033637705394893,0.0250460508388965,0.0393839754425,0.0039370685603703
2018-08-06,-0.0056492705206778,-0.0175335479846698,-0.0110057355725134,-0.0114808336408245,-0.0081105429943688,-0.0121413544195654,0.0166394211988065,0.0024314656043848,-0.0046809819540589,0.0134028123348617,0.0277592916210021,-0.0012401222067932,-0.0072260903014038,-0.0023970651011122,-0.0100136984510568,-0.0040702513851318,-0.0019619820744742,0.0003902470029029,-0.009138893432766,-0.0219451239892922,-0.0149832233541813,0.0,-0.0084927923684992,0.0019624882672812
2018-08-07,-4.683030539887056e-05,-0.0250763104471454,0.0010055934129544,-0.0273715866299468,0.0064743768867439,0.014421572316468,0.0010996568865837,0.000485308674802,-0.0004264743523139,-0.0031611245166436,-0.0028860709764098,0.0143641465356578,0.0118156215481164,-0.0096464654580561,0.0063838678158663,0.0030325546904714,0.0106694761036489,-0.0232890807927641,0.019816884767009,0.0005449968516346,0.0041306063067048,0.0070424446642556,-0.0057019457691209,0.0
2018-08-08,-0.002625695036186,-0.0183041488710287,0.0139722779311557,-0.0208178253259223,0.0078673017730843,0.0,0.0206639769786947,0.0072555012406119,-0.0023499301726932,-0.0086436058145595,-0.0189647614859826,-0.033315981368331,-0.0641271537917274,-0.02122549537939,-0.0103563031229576,0.003713140713808,0.0049208460934355,0.0138808611681051,-0.0137758224669815,-0.0111891190935367,0.0175464023977891,0.0104712369816289,-0.0028632749647679,-0.0039292346947387
2018-08-09,-0.0181448989035377,-0.0211582493165045,0.0011038880985627,-0.0095499633373128,-0.004021779615936,-0.0160737121540721,0.050378010610856,0.0072027848310836,-0.0146490530927207,0.1097668447887851,0.0117130977696979,-0.11619344408532,-0.0042542739798032,-0.0132889718144211,-0.0003063344827882,-0.0028483936805443,-0.0084838885689815,0.0078462189608865,0.0108912217940289,-0.0129882201774016,-0.0031022269290965,-0.0069687085613353,-0.0232062828193091,0.0039292346947387
2018-08-10,-0.0255665473104587,-0.0649582027578157,-0.026424220529579,0.0009545977280973,-0.0221196425138709,-0.0049727803945267,-0.0269725110743976,-0.0047962392453344,-0.0275014557010364,-0.0318234117493299,-0.0250565354158256,-0.0024452747286178,-0.000853400193852,-0.035748714753188,-0.012636939824604,-0.0247660990122646,-0.0131701233262515,-0.0098173565505819,-0.0134496934868009,-0.0097726115952365,-0.0195492187460826,-0.0140846351559353,-0.0177651845080157,-0.0058995568276516
2018-08-13,0.0039646577274199,0.0040189043157226,-0.0166151657122071,-0.0115613447692188,-0.0164182197826017,-0.0133825760509722,-0.0169676699070646,0.0009610444452556,-0.0166445326052984,-0.0369019890833781,-0.0150378773645405,-0.0403268474363871,0.0091326160572022,-0.0034719984000932,-0.002173514950384,0.0109271792581395,-0.011628844103491,-0.0075262384200813,-0.0088219854854578,-0.0058936887616427,-0.0078296484488995,-0.0287788727816721,-0.0014947659180064,0.0098135120697419
2018-08-14,0.0044357809518471,0.0263871543449594,0.0031364852046218,-0.0062704828368573,-0.0028959674798545,0.0083852647672788,0.0116960754197141,0.0038351948000787,0.0092562741282313,0.0128745343111909,-0.1257693741801082,-0.0357585131204567,0.0219559355613543,0.006688840213751,0.0108208736421633,0.0006132819736635,-0.0067288611558398,0.0071315244129848,0.0020285058934357,-0.0004048553055024,0.0049008465433932,0.0108893333943583,0.0199933557515077,0.0019513961786888
2018-08-15,-0.0420669348399131,-0.0197247440853054,-0.0253713311365766,-0.0127538753655969,-0.0084361185585954,-0.0171808229688728,-0.0052995315336081,-0.0014363898490548,-0.0151706798922957,-0.0528712729445937,0.0792493585452152,-0.0369850243666318,-0.015213486441191,-0.0433502064250856,-0.0098887661259097,-0.0083557201165369,-0.02319038628552,-0.0015805150933827,-0.0105565871281436,-0.013045320778648,-0.0113081223583941,-0.0293061615712952,-0.0526833983640901,-0.0117649082484307
2018-08-16,0.0036455537012392,-0.0039915755040056,0.0106498010208546,0.0177825880149775,0.0036241498229201,0.0121581709051392,0.0137205462901839,0.0057333342212606,0.0178635655866683,-0.0294022586770985,0.0,-0.001995506614393,0.0031450696832764,-0.0118240503876785,0.0338911408638888,0.0249468115404374,0.0102320170997951,0.0342047343463156,0.0024175719779249,0.0074403610028896,-0.0009890473797051,0.0074074181528094,-0.0147919899322956,-0.015905134700816
2018-08-17,-0.0024798131175636,-0.028399886495164,0.0105372514234927,0.024411945286821,0.0048119687356753,0.0070243819578514,0.0217738298426066,0.0042786719142964,0.0186506436982885,-0.0321726552002976,-0.0504581957963576,0.0313630553042747,0.0033133806578682,-0.0203332929336665,0.0154902189858747,0.0070392281980034,0.0050768460097074,-0.0146269166149526,0.0189500556151966,0.0042269857560617,-0.0069530920471763,0.0073529515190345,0.0194180497927143,0.0040001639287898
2018-08-20,0.0106843810021075,-0.0055018682424681,0.0041842786922292,0.0046597536420991,0.0070755976419141,0.0073068044751276,-0.0030815836006037,-0.0278998145204014,-0.0006601106933312,-0.013821206495403,-0.0016708823967737,0.0155110357996126,0.0156792614000349,-0.0065573111084142,0.0114623901063179,0.0068201009039015,0.0108603177778174,-0.0003878254771696,-0.0051160166142634,-8.107258361267355e-05,-0.0007482808664098,0.0217399202378355,0.0023050974052662,0.0119049707720261
2018-08-21,0.0050000139066872,-0.0437005392206228,0.0103843806863122,-0.0025960171056134,0.0025784794916199,0.0036333989647863,-0.0103413476622309,-0.0004879075493517,0.0107279486359521,0.026845216045098,0.008326442882343,0.0065069131947228,0.0199205022395481,-0.0363676923040363,0.0081491215308697,0.0023760740392795,0.0062422657599401,-0.0066160522973457,-0.0031190429490317,-0.0056949272582542,0.0195094825929924,0.0282705919458091,-0.0146891336855641,0.0039370685603703
2018-08-22,0.001594617777652,0.0185594576352381,0.0051517747729143,-0.0004482970430768,-9.897066420938572e-05,0.0049332902609156,0.0010390015796573,0.0004879075493517,-0.0052400637791238,0.0489568201559613,0.0278022939643474,0.0016556794750464,-0.0040747943518963,0.0221695163107509,0.0052037334412562,0.009280430105627,0.0116001477293719,-0.0161389352454928,0.0036684216453046,0.009500480444915,0.0002444503212388,-0.0211276022399969,0.0215726480076439,0.0019624882672812
2018-08-23,-0.0063443202856943,-0.0389383730869603,-0.0176260088524007,-0.016865616746851,-0.0177898674064294,-0.0172074814714702,-0.0114882034890606,-0.005870893481163,-0.0178911873755498,0.0098087910981234,0.014411802920109,-0.0250540622487931,0.0002040010730017,-0.0260757974970089,0.0046030792624744,0.001762035613777,-0.0023093713333941,0.0015860557807458,-0.0038522788715305,-0.0120326651011488,-0.0053935224221657,-0.0071429897058121,-0.0145874924860385,-0.0098522875842463
2018-08-24,0.0170930216715019,0.0160467485965059,0.0020898533931741,0.0228112380208003,0.0096339011976431,-0.0093897774554445,-0.0073803942363133,-0.0039331265258444,0.0263926352308039,0.0536819117581002,-0.0176428358468543,0.0084212204190614,0.0044808257046957,0.0087678311306511,0.0037244810919601,0.0134062452274648,0.0111886423798686,0.0292817508447305,0.0023864150727463,0.0047327374355763,0.0136719773425162,0.0,0.0221803271123417,0.0273453513632607
2018-08-27,0.027262822382446,0.0257166894516902,0.0175897243392613,0.0187655902451702,0.0127024240430553,0.0249555841924924,0.0302263199713457,0.0117531578900242,0.0309885767939048,0.0196937827153904,0.0208173932469049,0.0204644253513617,0.0117173835731425,0.0182607881983076,0.0,0.0107771971235415,0.0066839921963723,-0.005014418557327,0.0267745156637655,0.0291224229510627,0.0070074291178596,0.0,0.0276036051533614,-0.0057970540715308
2018-08-28,-0.0091504546415386,-0.0213845225964739,-0.0134232681998982,-0.0127221990967365,-0.0031606136248014,0.0016416747344223,-0.0165634559524585,0.0053413960404009,-0.0093024460628874,0.0088442911544301,-0.0192005410239919,-0.0009921482984185,-0.002614452650596,-0.0143883838026466,-0.0074628858177914,-0.0014740783963276,-0.004552435824547,0.0042445894068823,-0.0044727716228392,-0.0031678078166459,0.0195523017737406,-0.0071941283383842,-0.011099002305295,0.0019362838785387
2018-08-29,0.0006290049978527,0.0171434574494027,0.0010391490816483,0.0006642924033588,0.0032590538127821,0.0019666162499474,0.0083159699199946,-0.0146344939924141,0.0019099262064194,-0.0019586312583612,-0.0048583585725467,-0.010022563100458,0.0056222775178458,0.0379187929375313,-0.0212556535416299,0.0001638938335517,0.0078775523931793,0.0049934247477381,0.0230423885291766,0.011122210030682,0.0411713876714987,0.0143371180441964,0.0,-0.0019362838785387
2018-08-30,-0.0078639723763087,-0.044902529753199,-0.0188684456152663,-0.0071980899734347,-0.006528763795814,-0.0168405053507014,-0.0031102362135078,0.0053906685087499,-0.0557997825156904,-0.1040249432802253,0.0080841185994016,-0.0746665506929722,-0.0070329590188769,-0.0235304091348846,-0.0115437417146728,-0.0067411273778796,0.0007543108555818,-0.0119485892027615,-0.0068569891136323,-0.0175678751981811,-0.0152986571139046,-0.0107333656493767,-0.0202937801651741,-0.0077820544653932
2018-08-31,-0.0007313576489007,0.0277590723037963,-0.0095695969683706,0.0098951210001105,0.0050487739494191,-0.0134096564386521,0.0,0.0150379498966755,0.0265442305428953,0.006622181296219,0.0191393527292604,0.0169350322401058,-0.0085055864324439,0.0346317308150359,0.0451117686697222,-0.0123669692652397,-0.0165718830798335,0.0084941340953905,0.002643012349873,-0.009465046563247,0.0032162777769841,0.0035903759435645,0.0022753764947238,0.005842211016524
2018-09-04,-0.0275398407508751,-0.0479971037038156,0.0137934448194461,-0.0191687907506876,-0.0165276616561382,-0.0221811662195796,-0.0522229792906823,-0.0004813354357855,-0.007889748657909,-0.0004089929657267,-0.004750590705842,-0.0022280769855189,-0.0075533232538131,-0.0442010514796107,0.0031254097053075,-0.0114229782361663,0.0004596908425971,-0.0096578672130447,-0.0115036113168445,-0.0168236540352308,0.0116292153504589,-0.0217399202378355,-0.0504962009003739,0.0173248845495971
2018-09-05,-0.022099136477597,0.0060334864541471,-0.0095290688997793,-0.0270989038170466,-0.0123233751982736,-0.0107546367072108,0.0065429234013389,-0.0024117589104393,-0.0101724803931282,-0.0425862587938175,-0.0809690887966434,-0.0388660584752784,-0.0154881265755491,0.0152675728569944,0.0174357397048237,-0.0254085938458947,-0.0041461528665007,0.0007759076404845,-0.0121778592805354,-0.0127021913347604,0.002490776846252,-0.0036695578014293,0.0055619700575346,0.0132701902336702
2018-09-06,-0.0562364560162667,0.0296313717906182,-0.0096204128639658,-0.005518353950614,-0.0012204468093921,0.0027863309647755,-0.0076375487427342,0.0043363949983605,-0.0044553216362865,-0.0223203980000459,0.022128614461907,0.0075601948475561,-0.0022918975614989,0.0066068998009469,-0.0061522150500543,-0.0006934015078785,-0.0203625652092904,0.0011630254971599,0.0153766878451198,-0.0023269663400578,-0.003852112861912,-0.0036833937176052,0.0288970599484681,0.0056339459234459
2018-09-07,-0.0195995820236092,0.024515200513012,-0.0107991809137153,0.0045929712270593,-0.00111989139209,-0.0034840445275095,0.0119762271427092,0.0024009951087737,0.0015616971607377,0.0177367383323874,0.001682060494788,0.0112347116058697,0.0004170909934346,0.0378447053690846,0.0150338427280136,0.0102652718193612,-0.0050377662184302,0.0,0.0030116658857308,-0.0074325008626958,0.0186670808714293,-0.0186224209654737,0.0015384590122367,-0.0075187485740969
2018-09-10,0.0261921310264208,-0.0100219206599039,0.0172230841549625,-0.0114052722825226,-0.0137451838293505,-0.0027963217282911,-0.0130721604086039,-0.0072202348092278,0.0093186105017073,-0.0218918141639221,-0.023810674956695,-0.0259880165212789,0.0097521227029222,-0.014598748497361,-0.0283052457338925,0.0148225899422511,-0.0063331082350557,0.004252794773524,0.0026501045166562,-0.0010063321272335,-0.0058100140516188,-0.0741079721537218,-0.0030789471321099,0.0075187485740969
2018-09-11,-0.0124650620610351,-0.0486463002754695,-0.0107297250368827,0.0116830193915768,-0.0187663456382272,-0.0045606925224803,-0.0132451978415613,0.0129591662392347,0.0087952902049828,-0.0021937506774492,-0.0017226270484695,0.0021211568656052,0.0016505586464505,-0.0412817835740753,-0.0051295847769008,0.0086719506832162,0.0151327799420832,0.0337601603170267,0.0029946004980057,0.0061897834763033,-0.0015702360455143,0.0240010074828499,-0.0218251568924703,0.0
2018-09-12,-0.0446076733648688,0.0075243653385417,-0.0108461018561338,0.0119139213072267,0.0039912981920262,-0.0098939423620412,0.0022198432072921,0.0061801018838831,-0.0019721867462538,-0.0057581364383079,-0.0121424001405503,0.0147221565086237,0.0094379504969244,0.028330506626226,0.0110811163605357,0.0146462702929719,0.0070153760451536,0.0,0.0108471251419115,-8.326755380227979e-05,-0.0137870288613415,-0.0321311783677591,0.0179622541136932,0.0037381860672301
2018-09-13,0.0371087533750067,-0.0181548718016379,-0.0032767471436438,0.0169122650942687,0.0108424026147431,0.0155039934003164,0.0154017917217852,0.0056713505124306,0.0206237418511405,0.0118263513911527,-0.0140599722534737,0.0517212228510137,0.0010205334442656,-0.028330506626226,0.0053545337728564,0.00099069937486,0.0054225253799624,0.0151769804316592,0.0050333974042571,0.0169517497218461,-0.0116742659972883,0.024194583888989,-0.0062111200185417,0.0092852038007998
2018-09-14,0.0128295968031384,0.0181548718016379,-0.005485514945688,-0.0108035830141206,0.0058929269924528,0.0104347111567038,0.0108578636778808,-0.0277133959136226,-0.0131936228267202,0.013535679140344,0.0088106296821548,0.0008423244050512,-0.0216526380094936,0.0142656923704145,0.0136777808133168,0.0018964408274335,-0.0037153185725915,0.0087783818314015,0.0286706347392837,0.0026202913272381,0.0223139111432866,0.0039763088412541,0.0314324638927305,-0.0148976886953068
2018-09-17,-0.0068589227898101,0.038240747960619,0.0076711604211026,-0.0108296660513333,-0.0263200207606484,0.0027646023257372,-0.0284794986069583,-0.0068059420100365,-0.0184581199031774,-0.0085895745193216,-0.0485270549451106,-0.0177871176960926,-0.0069030440326773,0.0306857699784686,-0.0103107879686903,-0.0133508040412682,0.0046419748995236,-0.0003640524774821,-0.0025263919790403,0.0016342116974579,-0.0147446708856437,-0.0079681442698668,0.0082672671869747,-0.0132203512221957
2018-09-18,0.0188289257065212,0.0,-0.006571592930852,-0.0035900013885221,-0.0128881863735994,0.0242042233967594,-0.0247482460101626,-0.0107896943245084,0.0024368586802059,-0.0225321712307637,0.0073395104862008,0.0032209514981058,-0.0044179341601409,0.0271018552911745,0.0041927902771021,0.0040821867601712,0.0189604258737774,-0.0054796928032967,0.0090662780018404,0.0206058668094106,-0.0045804193313707,-0.0120725775754672,0.0331281920368753,0.0113422468894166
2018-09-19,0.0132050143168305,0.0071885370620854,0.0249604633989037,0.0430033034352668,0.0063052961283642,0.019677159535139,0.0258586738464421,-0.0129034427362282,0.0068347387221163,0.0023142269825084,-0.0018298685712814,0.028190583214207,-0.0091072598526702,0.0026704816117224,0.0097155602177596,-0.0065896217091276,0.0036289723157265,-0.0162485501774503,-0.0139696362966033,0.0023169615932419,0.0105047887409419,0.0120725775754672,0.0292561468308569,0.0
2018-09-20,0.0128241897280458,0.0142248169609702,0.0180568168146855,0.0184237820308572,0.0109126114453919,0.0105128585182381,0.0110378514032372,0.0059759140122541,0.0197984977272218,0.0227591698117297,0.0145457664918193,0.040638243456589,0.0105819477368678,0.0097300793211143,0.0145347989901931,0.0053418698022165,0.0084159938557966,0.0059393753138992,0.001693329902245,-0.00295693732249,0.003401574240617,-0.0080322159864744,0.0208778526588706,0.0018781043327791
2018-09-21,-0.0161091319017332,0.0209658837441286,-0.0084567293083086,-0.0077045194003977,-0.012832234238401,0.0087845704135238,-0.0391770042962735,-0.0139999980826668,0.0196252069463018,-0.0105794564633621,0.017889564262425,0.0072910276673483,0.0033627739760584,0.0122485979184514,-0.0399943456704847,0.0124914400908009,0.0068605611031093,-0.0007406582590161,-0.0361796170877335,-0.0018423255184494,-0.0024937017516903,0.0080322159864744,0.0365150210132041,0.0
2018-09-24,0.0160045828560209,-0.0351907007050988,-0.0074586379131578,-0.009748040513883,-0.0248553015959767,-0.0068257377642324,-0.0266065532357711,0.0020118868233733,-0.0067826250143814,0.0359452953268402,-0.0269558092493316,-0.022224289310067,0.0064835163325622,-0.0096112695845838,-0.0062535005828308,0.0032828328310445,0.0131415667675884,0.002589258531227,-0.0026351198261607,-0.0057897148860632,0.0186628828828161,0.0079681442698668,-0.0180909711743004,-0.0018781043327791
2018-09-25,-0.0066025073708972,-0.0014336173420843,0.0010687422030271,-0.0001323777270414,0.0103410238082313,0.0022802178969025,0.0197337455568717,0.0199013143007684,0.0042444687749294,-0.0361329929959017,-0.0466067558624492,0.0259424821997771,0.0045756973475303,0.0035057951900632,0.0113411835420988,0.0367627206274789,0.0207599559523559,0.000738651058135,0.0291234656791368,0.0070716150318563,-0.0161691811311257,-0.0039763088412541,0.0306283445534565,0.0093545966484375
2018-09-26,-0.0074404971047163,0.0142454544110144,-0.0096618587399346,0.0079996560771835,0.0047538817230052,-0.0075620243674956,0.0068728076788993,-0.0089064767110924,0.0,0.0342300281150329,0.0876472912770318,0.0277713915027968,-0.0133696980703215,0.0190646536430711,0.0030965203815351,-0.0034813646391977,-0.0101081993071097,-0.0014777553549105,0.0155962430079981,0.0020798097232423,0.0022613049491133,0.0118813949462451,-0.0171965111617264,-0.0169017185319275
2018-09-27,-0.0003179759669151,0.0292702676550085,0.0010781613735055,0.0089346758126946,0.0065532560160601,0.0016486972993776,-0.0184337384345405,0.0039680091745037,0.0113709322499069,0.0278180415714226,-0.0229895042662198,0.0176221237799123,0.0016810794817101,0.0485856560812856,-0.018437596124889,-0.0064405011107977,-0.0023249708329218,0.0029531451778233,0.003567439021884,0.0099037876427825,0.0110076357494954,0.0117418833705801,-0.0100568786292054,-0.0133462869247056
2018-09-28,-0.0038218721504374,-0.0278572877629683,-0.0362079534291106,-0.0077970930514545,0.0075737511070301,-0.0089358774411572,-0.0128731271076203,0.0069067899008166,0.0108289708708522,0.0011461750000165,-0.0180510311483628,0.0118550030881907,-0.0103411890447011,-0.0131690725670283,-0.0094924111599288,-0.0190054388163742,-0.0087667713694363,0.0272693156660834,0.0186392455397981,-0.0020887435630125,-0.0134953932963028,0.0038833194342002,0.0,0.0
2018-10-01,0.0108966528386877,-0.0056653174733416,0.007790621566263,-0.0056130598915284,-0.005220931546892,0.011239857882817,0.0105449766953613,0.0194749691990279,0.0271752009020724,-0.023717264482018,-0.0113575638316074,0.0246662238367489,-0.0123799863014784,0.0008285503551554,-0.026356038066986,0.0021928919627391,0.0171688992322187,-0.0061159150255947,-0.0011548450126523,0.0037726096909445,0.0112585700410412,0.0,0.0127220015608249,0.0057416758111353
2018-10-02,0.0004211013196133,0.073295467896129,-0.0167693781033704,-0.0380955778298464,-0.0021386899258772,0.0013140687839121,-0.0129034437445767,-0.0096901336732315,-0.0265541385675764,0.0624046150204895,-0.0371594559945398,-0.0532415490285163,0.0147108295471372,0.0856307804628457,0.0032587416615972,-0.0086361799019449,-0.0036131061426298,-0.0193120114584499,-0.0126246350250629,0.0071048112271263,-0.0235622531267267,-0.0275065977510255,0.0385039828192295,-0.0076630796607687
2018-10-03,0.0086393206171253,0.0552484468482825,0.0156602593704624,-0.011717481763954,-0.0161885100550134,-0.0364405475075932,-0.0251059547639944,-0.0226498540007336,-0.004980179719308,0.0005650062495821,-0.0072923193541374,0.0037352289955641,-0.0119223536331594,0.0292046449201521,-0.0080176018090969,0.0045716803687918,0.0059184171088029,-0.0066446885943136,-0.0253950703223364,-0.0242352626218647,0.0077643386039496,-0.0080000184746856,-0.0109431198574947,0.0057528806805059
2018-10-04,-0.0229397929272892,0.0,0.0066370880264732,-0.0294566515089984,-0.0203337885367931,-0.0075188787675193,0.0108368982919833,-0.0039920061788905,0.006221522659604,-0.0422232817932757,-0.0120132998243773,-0.0367321657631629,-0.076301880708268,0.0102787131206478,-0.0361247945037284,-0.0057998570255044,-0.0036040806769683,0.0139761577306392,-0.0216666673024348,-0.004247020256419,-0.0354241194975686,-0.0493926016007278,-0.0229140970553425,-0.0193055004071694
2018-10-05,-0.0197718992781021,0.0,-0.0055279692935652,-0.0214110620054048,-0.0171345717388553,-0.010344984191005,-0.0193476800319136,0.0168570246538277,0.0123282985111905,-0.0113168939161134,-0.0353140996842529,0.0041383897510853,0.0160518351622434,0.0159426220647627,-0.0108782065196917,-0.0162713513455363,-0.0127931999445962,-0.0014622754545503,0.0027998504891595,-0.0055810655786805,-0.0190348969733267,-0.0127391705580172,-0.0059782035148217,0.0
2018-10-08,-0.011546624436467,0.0838810632296269,-0.0122698180712759,-0.0080078524909108,0.0037204723304404,0.0031146238575514,0.0157481362829781,-0.0138614974999931,0.0006122215856825,0.0114347463535819,-0.0101482501820862,0.0060137915921902,-0.0188296516962438,0.1004601311352308,-0.0034433815549479,-0.0232508741516026,-0.0098507648547214,0.0,-0.0027998504891595,0.0018091547693632,-0.0162250935943126,0.0,0.0132363178015095,-0.017699778296463
2018-10-09,0.0069656486939253,0.0238518152614088,-0.009019387325384,-0.0154635376831651,-0.0115450452944534,-0.0230697750804727,-0.0145278321799491,-0.0009974729860471,-0.0047049757684729,0.0016481184512491,-0.0210273765303794,0.0013367894678473,-0.0149464120462492,0.0445084046568722,0.0326987545464163,0.017321127001022,0.009265412487462,-0.0043986857041442,0.0156471354024745,-0.0148986540694453,-0.0014658861601875,-0.0042826860175936,0.0214644270519994,-0.0059701007239938
2018-10-10,-0.062183395065178,-0.0530080336041043,0.0101409469553632,-0.033360951496915,-0.0152568347943558,-0.0156810185503988,0.0229064259906519,-0.0283419283969621,-0.0255438585451401,-0.063711528046082,-0.0609892750052583,-0.0308247438375279,-0.0182837092424734,-0.0628817989134384,-0.0070046954219111,-0.0548353612394967,-0.0204088187091064,0.0185628289258161,-0.0327897456421526,-0.018006237465495,-0.0386338861044266,-0.030503322276917,-0.0454175036369246,-0.022200667021435
2018-10-11,-0.0008147711202992,-0.0083182099821002,-0.0203857161435043,0.0190695909977325,-0.0039381548050605,-0.0254653426430793,-0.0119905447931967,-0.0228461789825051,-0.0251344699480551,-0.0455579306199434,-0.0219395310031065,0.0042184892714507,-0.0045636355966824,-0.0160217025012789,-0.0039809508008286,-0.0008852633268867,-0.0228194016853033,-0.064033830372626,-0.0103927107491363,-0.0087836650936425,-0.010474283453365,-0.017857560591291,0.0067113025531218,0.0101522585846218
2018-10-12,0.014448426863443,0.0259135446206624,-0.0057372903700265,0.0316161167547113,0.0378048147828731,0.002575958824182,0.0167467468438466,0.0228461789825051,0.0015087521295895,-0.0047345782094172,0.0961740202100389,0.0438673803347691,0.0235529079447789,0.0324422098755841,0.0176401607934357,0.0142457535409441,-0.0024486363388986,0.0145039975708867,-0.000179993176864,8.571734710027812e-05,0.0183214126082726,-0.0136056477661797,0.0205238035778738,0.0200006484522445
2018-10-15,-0.0053501937581215,-0.0070009024169301,-0.0046137367949978,-0.0209659852286652,0.0051273668062687,-0.0058976734831497,0.0094453053537879,0.0173031341158309,-0.0002153270671954,-0.0289904891570769,0.006557394395009,-0.0133994779242048,-0.0054226508112948,0.0039015451616075,0.0378631970564147,-0.0112389430025698,0.0022960208614195,-0.0068439978550483,0.0132430938793794,-0.0097251730289356,-0.0232127060105313,-0.0184338035618272,0.0130208772133584,-0.0059582435840678
2018-10-16,0.0471545467632656,0.0480093176301561,0.0,0.0153227979103292,0.0083030919209505,0.0237456896190169,0.0289538315971822,0.0308020924484844,0.0090072404076089,0.0459184202896603,0.0325526579384045,0.0329913479472581,0.0254418747662765,0.0363211031259103,0.0221051398995184,0.0361593738547361,0.0089794289883169,0.01364185140425,0.0219788068124002,0.020628096531901,0.0319990026804095,0.0,0.001292708217885,0.0118812964735754
2018-10-17,0.0179426848256971,0.0122019803749315,0.0092061424861673,-0.0123290519911218,-0.0286308519350089,-0.0043415678487419,-0.0230957031920344,-0.0419642843089151,-0.0023515337995934,0.0153386257373187,0.0070921651493405,-0.0190029711237094,0.0025321360836856,0.0049935989339291,-0.0168937259385861,-0.0139789747279825,-0.0126554013915844,0.0089921698950621,0.0069322820780297,-0.0026296149022915,-0.011058454872233,0.0046404053784761,0.02865542964709,-0.0079051921809452
2018-10-18,-0.047429147290094,-0.0324957402896797,-0.0266990600795629,-0.0450407060587059,-0.0086600040373241,-0.0164508931832036,-0.0260370552137754,-0.0268884308848034,-0.0401711203327108,-0.0477439772684036,-0.0162283338756097,-0.0417160981517055,-0.0032237099720031,-0.0465196924576043,-0.0139577162789183,-0.0788559223664036,-0.007238172846641,0.0044658968443034,-0.0328302237108522,-0.0090444077689246,-0.0263744078966761,-0.0281709528287708,-0.0502034946530103,0.0019821392914375
2018-10-19,-0.0038613019313338,0.0011382895350733,0.0035231784805329,0.0002084069096381,0.0019437958507166,0.0014736579103069,0.0213532547036385,0.0041838425724654,0.0145956523792993,0.0103558367713967,-0.0340942183821697,-0.0085750687102206,-0.0043915971432442,0.0103828190497383,0.016265154098022,0.0186090284227287,0.0127469954693699,0.0202176296043994,-0.0064455376294239,-0.0030045486102059,-0.0023381496632994,0.0141847142537396,0.0072344795746768,0.0098522875842463
2018-10-22,0.0032376772047095,0.0191554703796748,-0.0047004082541546,0.0220049808861073,0.014964629325664,-0.0033180395275556,0.0232028843045082,-0.0104931111039965,0.0080899176199866,0.0379942765869794,-0.0293275672814274,0.0193665433564738,-0.0011588025151931,0.0348908855465013,-0.0156797756544158,-0.0036758545066728,-0.0096605490985783,0.0039948615958516,0.0019738911526894,0.0066832746145806,0.0069976486897003,-0.0285734493070383,0.0328741989961614,0.0058653514207791
2018-10-23,-0.019354615354981,0.0033424810034836,0.0151961456984777,-0.0142196090547397,0.0311294423032406,0.003685719366437,0.0114025138334654,-0.0084748453630996,-0.0109481156130701,-0.0215991517539224,-0.008111059730036,-0.0157098787019753,-0.008150173982885,-0.0195158243739284,-0.0079329452381287,-0.0081345656397173,-0.0279683699271799,-0.0029039277874094,-0.0128104870144345,0.0074022456857179,-0.0187701672731255,-0.0294138801938736,-0.0348420540587648,-0.0357182874572701
2018-10-24,-0.0893954971346397,-0.0373983603209242,0.0069364771935029,-0.0473771255712476,-0.0209421709472148,-0.0428475932055119,-0.0310904348581373,-0.0368406911130687,-0.0126290154172519,-0.051694696964895,-0.0340050506476794,-0.088883607732296,-0.0236585042261516,-0.0402129189517874,-0.0397164031944143,-0.0414060787858252,-0.0282841669607782,-0.0272677543415547,-0.0368048590313381,-0.0292443922526839,-0.040821675017606,-0.0406146819700878,-0.0491184179486809,-0.0142423019335667
2018-10-25,0.0665280155231675,0.0407296085642603,0.0103152204478407,0.0317977792584081,0.0212693377707089,0.0224045881704295,0.0242645404223349,0.0160447752692678,0.0060021668822924,0.0210198151223313,0.0378553293117605,0.0330738182892971,0.0102417558581837,0.029989223529095,0.0039820925729667,0.0302056563273058,0.00957109152947,0.0258127590423398,0.0075077485765491,0.0180777147963393,0.0246388142188949,0.0103094269203083,0.015058372677291,0.048009193212148
2018-10-26,-0.0168830971302833,0.0251795785818369,-0.0230691622600671,-0.0101336077703368,-0.0081015238868857,0.0044961018908438,0.046831363122755,-0.0099282140633099,-0.0118160593810183,-0.0074878967396836,-0.0017094412786451,0.0084363161871059,0.0044924220280364,0.0421314854092833,0.0330756979478941,-0.010662946865648,-0.0004843363616311,-0.032183452908026,-0.0202104986035775,0.0054710323200808,-0.0194445582861275,-0.052643750346846,0.0234986769347909,-0.0019550131313242
2018-10-29,-0.0172345566887761,-0.0340882132122244,0.0219283380147117,-0.0365189103252836,-0.0345577693615806,-0.0018709644694658,0.0140619000754687,-0.0055586530095375,-0.0024697283004702,-0.0275626203605536,-0.0576617137075512,-0.0204380138438695,0.0054112746435786,-0.0427738391592431,0.0035430235001232,-0.0107780381955038,-0.010717872940245,-0.0067897826471132,-0.0272717987257915,-0.0171106053681926,-0.0093148552798592,-0.0054200975921168,-0.0545465443755133,0.0174590290366767
2018-10-30,0.0323415043321908,0.050173867075413,-0.0091743962024852,0.0088738265192471,-0.0006828782967769,0.0407320557327994,-0.0010747330365639,0.0242301622588128,-0.0493076183760479,0.0772278452449128,0.0329798064419701,0.0150548155478098,-0.0011740829501616,0.0531872663207209,-0.0473764022429312,0.0124840897963522,0.0214818868753021,-0.0187206585543604,0.0465468124646806,0.0080328138284055,0.0391355873286611,0.0215062313461999,0.0221770736666631,-0.0077219614399591
2018-10-31,0.0212265302916119,-0.0247722894222346,0.0125929719068418,0.0358338560048432,0.0123355501435584,0.0245086159031213,0.0202242643286405,0.0300130212987799,-0.0188348466054146,0.0443915200615236,0.0832413700954295,0.037999810388094,0.0142279821250985,-0.0097979617361425,0.0503194749839157,0.0156920781528366,0.0097002161058057,-0.0007716111768631,0.0130160703481188,0.0069442402821735,0.0084349100730727,0.0,0.0343585502752943,0.0019362838785387
2018-11-01,0.0193062131663035,0.062355273618124,0.0379512590634121,0.0583006940490813,0.0014608774526561,0.0118591325896102,0.0260023885519617,-0.0181144158737707,0.0359293324998626,0.0515012672178221,0.0697186674363323,0.0596253449764945,0.0153970730024521,-0.0061728749139231,-0.0207847653605535,-0.0055157927354283,-0.0009499842418798,-0.01203654438289,0.0278730768504447,0.0055377315977347,0.0246286060546863,0.0105820762456221,0.027434599676738,0.0153554108725556
2018-11-02,-0.0041628816831735,0.0101939995339499,0.0010946167441723,-0.0342319304560136,0.0245174761368396,-0.0143185195720496,-0.0155201183619615,-0.0053908435291187,0.0122302124950111,0.0366112396007993,-0.0403047922657227,0.0092037937080355,-0.0029688284745885,-0.00123934225505,-0.01481057546582,0.0089595330506684,-0.0140378212544871,0.008169629620772,-0.0365937373626872,-0.0192147805167488,-0.0069383076706133,-0.0159154518818866,-0.0045205026213954,-0.0368618740575898
2018-11-05,-0.0122470061677848,0.0035450146262863,-0.0032878603359738,-0.0212840577988284,-0.0058252485116194,0.0059619556854615,-0.0073258073730708,0.0160859356939608,-0.0057503430959258,0.0090729135306562,-0.0074700772344105,0.0161712619358751,-0.0091913267958609,0.0178194685693411,0.0166093587421871,-9.292265823379608e-05,0.0181477220060601,0.0207063294080307,-0.006356394375953,-0.0004332520415477,-0.0077660896864388,-0.0894449723058837,-0.0032416026072552,0.0078741695990119
2018-11-06,0.0260942986357397,-0.0142571758657592,-0.0032985008673513,0.009659924785879,0.002092135475967,0.0241808663399569,0.0094090168033482,0.0084746948124414,-0.0030031551756124,-0.0617944728991721,-0.0219437979361991,0.0103313614785789,-0.0039319604798282,-0.0340693997437369,0.0189859820841864,-0.0067126576370242,0.0009463409668111,-0.0034214332034303,0.0033702697766724,0.0186280101098139,0.0064757681954303,0.040119916707918,-0.0071683604020544,0.0116960097074835
2018-11-07,-5.6369256221877606e-05,-0.0144627442821649,0.020709210203103,0.0153155045946595,0.0149574785981316,-0.0140921308454662,0.0134369089316841,0.0136199078723535,0.0071467366478086,0.0389987301808663,0.0223383621068919,0.0276497929441057,0.0317050363418429,-0.0203702367244087,0.0081943599228209,0.0239393959847085,0.0105041268553529,0.0259361659802799,0.0323675850478348,0.0146061426750465,0.0115519032141513,0.0,0.0019601405152509,-0.0038834572053356
2018-11-08,-0.013790923211733,-0.0220947427534656,0.0021550947250832,-0.0357366942227272,-0.0013012172179531,-0.014995807529424,-0.0103197990702308,-0.0104602762577465,-0.0046049946189414,-0.0531379022992277,-0.0239532560706079,-0.0156502751730656,0.0029144532947773,-0.0400185569548481,-0.01497606849103,-0.01731975024465,-0.0212793042759011,-0.0134480142888686,-0.0155014230174952,-0.0170755460003579,-0.0123266643590649,-0.0342890655314686,-0.0098393515183667,-0.0176648400863942
2018-11-09,0.0029100341016095,0.0095290140704271,-0.015184659585546,-0.0257871017968236,-0.0011944513901753,0.0014045033319112,0.001036642102564,-0.0021053114348492,-0.0254775038810488,-0.0175912952699599,-0.0513996167272114,-0.0418762837958701,0.0060260356987771,0.0,-0.0152037654440018,0.0064840235523808,0.003657633690246,-0.019749754169013,-0.0062683177799396,-0.000426413525532,-0.0164131460254264,-0.0235304228312043,-0.0382983691252118,0.0019781179852343
2018-11-12,-0.0377402416053458,-0.0074031265018521,-0.0469884648925373,-0.018233287765871,-0.0265300519308908,-0.0120014611973053,-0.0273125447728754,-0.015932409603947,-0.0249293738892539,-0.0113944706615205,0.0206279580604578,-0.0429531754340568,-0.0089404889935544,-0.0148348646059501,0.0038974051572471,-0.065727313489031,-0.0134229884215466,-0.0096362105194964,-0.0481153032635348,-0.0143467136323103,-0.0268883331737375,0.0,-0.0096351100479243,-0.0039602572766719
2018-11-13,0.0111214695171453,-0.0279892638242611,0.0469884648925373,0.0159994822321394,0.02750719977359,-0.0007106537545236,0.0427369063731011,0.0064033946117478,0.0038758461592034,0.0182791267219872,-0.0176549384742572,0.0075448832977391,-0.007889103301879,-0.0573184010121898,0.01838190777279,0.0225210059311971,-0.023438791219962,0.0168978129970982,-0.0056437044407071,-0.0039882323770372,0.009132809062228,-0.0240975793334754,0.0096351100479243,0.0196469793778317
2018-11-14,0.0107094862496301,0.0173167065285566,-0.0165290056094937,0.0093377510691583,0.0145455528559819,0.0056697040602906,0.0291625938668729,-0.0160859356939608,0.0019324680827512,0.0268366980186041,0.0134795511026997,0.025445186475034,0.0060911908761376,0.024166198662276,0.0052738688983948,0.000963821259539,0.0101592531549847,0.010606149155484,-0.0019535607408571,0.015259482341567,0.0116958669377851,0.0359318970210412,-0.004805859227976,0.0058197410838743
2018-11-15,0.0232327693318614,0.0296003700592362,-0.0524639191995859,0.017940375098453,0.0172846089676235,-0.0028308761744728,0.0128016660393357,0.0086113422086091,0.0131848082952794,0.0115403603867232,0.0020899127360451,0.051795697595113,-0.0202208340545797,0.0222232824102033,0.0078592010245988,0.0157662691212667,0.0206462496111821,-0.0060470249135877,0.0099233427682903,0.0010262833365803,0.0178107738545918,0.0626986478728474,0.0271568411877298,0.0210533683357594
2018-11-16,-0.045122809052482,0.0195980878187618,-0.0105943629238798,-0.0077792736276283,0.0023102506398462,-0.0003542966207659,-0.0058881788070155,0.0,0.0083008130862807,0.0112055696464077,-0.0041841223835454,0.0086921887549662,0.0136769606645121,0.0203948262946223,0.0123902786469467,-0.0083778209861042,0.0058214602686463,0.0331811294157753,-0.016397031365694,-0.0003419774302653,-0.0437794498701138,-0.0280130956935511,0.0026757004397914,-0.0037951250059266
2018-11-19,-0.032476468287407,0.0020412858377318,0.0082499999553389,-0.0208633698763733,0.0072110020186113,-0.0056881840843736,-0.0098910766681035,-0.0042964962893181,-0.0173916883333831,-0.0271192228437655,-0.0459012451673803,-0.0005574134553847,0.0290070394722135,-0.0006733839218895,0.0094058329559505,-0.0292968793515733,-0.0054970562436666,-0.0136609270804295,0.0035363680356788,0.0015377848369393,-0.022491153303267,-0.0114285607571375,-0.0168409928184853,0.0037951250059266
2018-11-20,-0.0139112518896409,-0.0469572310900168,-0.0346304302070796,-0.0311199127850301,-0.0128910467622263,-0.0161725759393509,-0.0231283364880008,-0.0217636271602557,-0.0077202562424347,-0.0665700778833571,-0.018609312578028,-0.0281705024843126,-0.0410785633979071,-0.0603722208301018,0.034846709079499,-0.0158763076872441,-0.0282820166379753,0.0059304763072232,-0.0290509311269593,0.0012797864500582,-0.0114384746087541,0.0,-0.0451624651620368,-0.0405852187494333
2018-11-21,0.01586580831228,0.026358899854882,0.0275633027851547,0.0358060625228411,0.0152835773205128,0.0118858091898017,0.0181455707489401,-0.0022026939266306,0.009161117608917,0.0164671031938361,-0.0089848205901317,0.0294560640269838,0.0136550679699536,0.0275153925495446,0.0038282407047163,0.0151870737137222,0.027633018440901,0.0058952364331443,0.019790655697971,0.0165726610512697,0.01476139949246,0.0114285607571375,0.0197050984049762,0.0098135120697419
2018-11-23,-0.0015263915591789,0.0010402347091149,-0.0095014274701481,-0.0073112304443148,0.0008306392719243,-0.0061054103507491,-0.0181455707489401,0.0022026939266306,-0.0048111487855919,-0.0291995954663892,0.0062977892601931,-0.0340964321411476,0.0208037401211549,-0.0317195387580184,0.0097772653185064,-0.0051358824606531,-0.0441123896247979,0.0084143293539193,-0.016565769008741,0.0038499631302899,-0.005822712111521,0.0056657693352659,-0.0789978103327659,-0.0078431899368289
2018-11-26,0.0227738710867342,-0.0500905670744031,0.0293966476147671,0.0140296037408447,0.0082696858103012,0.0189120701787848,0.0060851483227084,0.0098523267610328,0.0308664532818321,0.0391188655180512,0.0309075716756086,0.0185639944123816,0.0218971463588655,-0.0108737775177094,-0.0171735165648365,0.0171800371368062,0.0229623284181421,-0.0168998749198778,0.0264142576467372,0.0129473462759879,0.0241770787334281,0.0333365087979338,-0.0392207745963086,0.0039292346947387
2018-11-27,-0.0001191814852434,0.0521671556726857,-0.0034822825087805,-0.0130444220586003,0.0010288974693608,-0.0092329940441842,0.0050427732570255,0.0097562678494891,0.0055958048286788,0.0291808704264164,0.0278688828789941,0.0015209694739728,-0.0071731362429221,0.0441982113908914,0.0128399472602631,-0.0086022145231385,-0.0099916174488239,0.0073829827223148,0.0068363339118753,-0.0022289650412359,-0.0010865052900337,0.0162604228393541,0.0109206623841537,-0.0118344268756839
2018-11-28,0.0403893572233977,0.0276236742837632,0.0034822825087805,0.0304417505891567,0.0273878750222213,0.0003567418580994,0.026800776339257,0.0617023529639668,0.0124770520332635,0.0415114878834188,0.0167718660205715,0.0140968843295388,0.002831819371178,0.0034807764467894,0.0035225704177241,0.0295034501950848,0.0161038218666953,0.0254186900099413,0.0295380265204663,0.004781767352779,0.032351446527493,0.0160004303342092,0.0477182263248281,0.0157483821177741
2018-11-29,-0.0161351910719149,0.0090402083918135,-0.008144269634402,-0.0280920435381588,0.0179488016916828,-0.0078770114149038,0.0126522494527216,-0.0184240281524137,-0.011779497002577,0.0347022946242878,0.0238302132301049,-0.043479390193978,-0.0010881822694859,-0.00417793557994,0.0350820534993352,-0.0088081413045637,-0.0019781434435679,0.0035793997827333,-0.0196587977261084,0.0016439161200194,-0.00210660650453,-0.0322608531735634,-0.0037051386430777,-0.0058764435093715
2018-11-30,-0.000991568112787,-0.0040080596360188,-0.0344658606750833,0.0272425867999333,-0.0032486294535285,0.0125025178278632,-0.0165777278407635,0.0184240281524137,-0.021844916126537,-0.0169590776091075,0.0145105576291038,0.0170558985929121,0.0151289028293395,0.0159226499153277,0.0039098027068658,-0.0029854133478943,-0.0033054819718683,0.0134846075009167,0.0179565265580801,-0.0024665902240972,-0.0090046189205406,-0.0054794960294429,0.0169308750442089,0.0252193881406979
2018-12-03,0.0361629390742992,-0.0172156009495525,0.0072290572931663,0.0160694854175549,-0.0123015627554701,0.0193361585117224,-0.0039408509180516,0.0040489177759615,0.0054470787378324,0.0486318818885616,0.0373104637885624,0.0358580015324472,-0.0125189385710253,0.0324352378577263,-0.0052164525009941,0.0154092874578708,0.0235609157788818,-0.0156306376743655,0.0252371998779343,0.016572451229627,0.0298763863448519,0.0271018919900196,0.0273594655586841,0.0038241509347948
2018-12-04,-0.046192997303188,-0.0107882242281973,-0.053000632257331,-0.0463731741547421,-0.0089238250617955,-0.0368835920319789,-0.0129161395753669,-0.0050632977526672,0.010572248024407,-0.0404826478788225,-0.0257726030362199,-0.025518280885199,-0.0078503191221441,-0.0249088262717629,0.0052164525009941,-0.022863709887698,-0.0187712870896028,-0.007186667849766,-0.050351106698999,-0.0215237342794116,-0.0338748265214761,-0.0216223959605767,-0.0346854262754778,0.0019066536503664
2018-12-06,-0.0195844786099712,0.0123202759506584,-0.0038049124766408,-0.0107883406026578,0.025554498603189,-0.0156564021977128,-0.0060183074577966,-0.0020324478403948,-0.0053895332370492,-0.0121633132884078,-0.0305244667032646,0.0386456296849924,-0.0008760191565966,-0.0367969878656559,-0.009672130214438,-0.013697413265814,-0.025026592901618,0.0132547334584467,0.0067717136755907,0.0078282443707617,-0.0156125869742727,-0.0221003729977417,-0.0051604710219628,-0.0076483294615018
2018-12-07,-0.0418621758074477,-0.0143887674234914,-0.0179491026567577,-0.0063287803925229,-0.0138395617769844,-0.0132993101117042,-0.0121457731115128,-0.0143446523081904,-0.0412528718363995,-0.0114759121149132,-0.033170584555433,-0.0078301614425617,-0.0057129069489905,0.0070472005994162,-0.0087059959695166,-0.0078130373398233,0.0020253068204021,-0.0118131898015234,-0.0141763937978005,-0.0153848196285286,-0.0092669834663556,-0.016901905135458,-0.0292483727887107,-0.0115832087384617
2018-12-10,0.0117161338278455,-0.024097749587324,-0.0117112763493396,-0.002006916806196,-0.0529399537585484,-0.0033524703734917,-0.0587169804224156,-0.0124611374559204,-0.029318899597015,0.0198840729775806,0.0104844746186869,0.0008869935492068,0.012482312789932,-0.0511453940625876,-0.0260383011626368,0.0116476277191575,-0.0077856819148673,0.0,-0.000391033084524,0.0080528306912706,-0.0024673919903897,0.0112996184958108,-0.0215393205554659,-0.0156557230862659
2018-12-11,0.0003712970537046,0.0126447571691044,-0.02384222404502,-0.0132005333470557,0.0029344414873886,-0.0011201708526304,0.0021572625146357,0.0124611374559204,0.0052809282325787,0.0048535601545642,0.0062383868528161,0.004591655799127,-0.0164567081174986,-0.0066741002691672,0.0116265802502024,-0.0033423661369118,-0.0061361792647329,0.0046705145051433,0.0007822048940346,-0.0043919954409616,0.0073841088170101,-0.0169975724631079,0.0115964834146653,-0.0039527307565947
2018-12-12,0.0229585574117123,0.0155853421730907,0.0648736358347854,0.0162650464372804,0.0320266710441714,0.0181387272641155,0.0390965398962444,-0.0031007268139182,0.0247720230128449,0.0170810609092981,0.0261880504073395,0.0378602826831526,0.017761493797602,0.0125692702846189,-0.0352929497836402,0.0173748898241425,0.0083426111509599,-0.0097248080041509,0.0283337741825375,0.0122162967498677,0.0183592780958146,0.0225998591027551,0.0007685468953555,0.0118112296950123
2018-12-13,-0.0068628668838766,0.0234345117695875,-0.0063011835589892,0.0008341104280624,0.0209605284222353,-0.001101082567553,0.0133814810138463,0.0215059149983352,0.0287010409199885,-0.0802017716143943,0.0565299828264658,0.024940442697829,0.0163834899091916,0.0014685864020103,0.0190324255475886,0.0011606346876877,0.0042296191185755,-0.0028995357221348,-0.0080138870357027,-0.0091482968630822,-0.001338740377093,0.005570979243249,0.0015347807631667,0.0402738416945057
2018-12-14,-0.0188241220930791,-0.0182933344805411,-0.0076142079835332,-0.013205209205128,-0.003180952992023,-0.0118215042908236,0.0030628083884889,0.0020246937913324,0.0033231960949549,-0.0211817102585571,-0.0464836858457369,-0.0212644162354238,-0.0057896626901805,-0.0170182600153805,0.000273139283788,-0.0241636312149058,-0.0170276943014799,-0.0032721615301953,-0.0175864451764411,-0.0056458651926396,-0.0216634957591188,0.0,-0.0061537855045221,-0.0247397200262573
2018-12-17,-0.0026738241876369,-0.0217739405122796,-0.0350003806664214,-0.0442213258789649,0.0055599017352703,-0.0138447092546236,0.004069440774495,-0.029761177864291,0.0014206236683209,-0.0503395056529907,-0.0308591366576482,-0.0386819203009576,-0.0066890682063873,-0.015038144930096,-0.0120913092374641,-0.0136584374432935,-0.0089699302468844,-0.0150434241688945,-0.0155228524184081,-0.0045899671832794,-0.0085221234353651,0.0055402113148439,0.0053866216021352,-0.0019286197840098
2018-12-18,0.0122531676237214,0.0248463136464098,0.0026351148993633,-0.0133347161644596,0.0156201237239503,0.0127293864125364,0.0398060300705118,-0.0062693870333006,0.0213046729812296,0.0010944324487196,0.0,-0.0257704443548401,-0.0190150674483255,-0.0245411264571104,0.0312992959122644,0.0046068529514702,-0.0122036973605186,-0.0148977874963067,-0.0222253190953032,0.0038402449150014,0.0147984061212342,-0.011111190558093,0.0122047539291396,-0.0019321504089823
2018-12-19,-0.0549969687891902,-0.0206615403242618,-0.0185929785252048,-0.0310849648038402,0.0050559236464833,-0.0044742190127937,-0.0029311387409078,-0.0115976501808483,-0.0281907104172876,0.0050063583692585,-0.0780172552456783,0.0036490997192779,-0.0099788239296545,-0.0164388382760225,-0.0186617928779213,0.0002996526287653,-0.0019313778286758,0.0048660410938343,-0.012837639367544,-0.0052633219148034,-0.0145223183805049,-0.0112361358001921,-0.0354978267823595,0.0115385582419264
2018-12-20,-0.0078289145105285,0.0277935259138084,-0.0067250221998131,-0.0131335993963856,-0.0030112236179493,-0.0093862279928758,-0.0009788940441288,-0.0160346007074063,0.0298110694314504,-0.0193610361550735,-0.0587594746819206,0.0104435793462234,0.0106407969287194,-0.0063341837697947,0.0178576825678014,-9.990311658825136e-05,-0.0082944959478354,0.0044710759995978,-0.0100999848376703,-0.0078208545345379,-0.0097074026597003,0.0223473263582851,0.0163619155875349,-0.0173582993258007
2018-12-21,-0.0280963425632192,-0.0277935259138084,-0.0081301667862658,-0.0185039104977882,-0.0236230467123981,-0.0232791508722116,-0.0278070597239681,-0.019587067810733,-0.0137387332620266,-0.0669434881536474,-0.0312150013115304,0.0358602631059463,-0.0193707081228522,-0.0168205015095772,-0.0121410709399529,-0.0403640969529321,0.0044203288734032,-0.0108391004429404,-0.0324236934605965,-0.0386433213082222,-0.0047496326848062,-0.0167134771977402,-0.0030959719754779,-0.0417141350307705
2018-12-24,-0.0234454502122529,-0.0168426789552289,-0.0136987709441234,-0.0019075675534603,-0.0019939895017579,-0.0167420201288943,0.005022609173626,-0.002200270805992,-0.0028176578289826,-0.1068505854641843,0.0082584912403613,0.002451504755617,-0.0110770959385053,-0.0228768162767281,0.0062237580358579,-0.011928709442726,-0.0217590893398642,0.0044992929623504,-0.0183572455211682,-0.019046591798145,-0.0118309972098931,-0.0056338491605448,-0.0235304532782478,0.0040486464921317
2018-12-26,0.0531125726226369,0.0235552594344545,0.0231777157483821,0.0369857147659589,0.0177067296715862,0.020980111483924,0.0266944833353788,0.032505547301616,0.01052516008864,0.0901357320035387,0.0790374356333352,-0.0061815029548419,0.0242545158076912,0.0499701679664326,0.0208229483748247,0.0349605726123796,0.0395949844212903,0.0093093954410328,0.0372235723251694,0.0169382899920176,0.0408103509349047,0.0168071150434411,0.0366227131947212,0.0259237013417522
2018-12-27,0.0095668275582747,0.0250798413840447,0.001346794116507,-0.0089951409114013,0.0026436196510468,0.0142337879432883,-0.0078355111730785,0.0074349609135144,-0.0254488382262159,0.0255395938023736,0.050980327706481,0.0117166939534678,0.0114715752337541,0.0062696492487772,-0.0071590252748972,0.0061813598536417,0.0017318495475571,0.0051754685237273,0.0189293663709291,0.0153580637597494,0.0005439305083223,0.0055402113148439,-0.0061397534436824,0.0039292346947387
2018-12-28,0.0045237888741702,0.0143443986706481,0.0146962428190258,0.0036447690565761,0.0085688153325911,0.0087470684909489,0.0165777278407635,-0.002118568890999,0.0035733002036359,0.0102892912845584,0.0025455874709954,-0.0392354059935344,0.0052504744899382,0.0198424894875581,0.0029229144262623,0.0021192616462526,0.0053486985248718,-0.0100055370769678,-0.0080688087310338,0.007419679056257,0.0097404335265234,-0.0167134771977402,0.0023070059075922,0.0078125525021478
2018-12-31,0.0034115700455084,0.0060852278163383,0.0,-0.0222598087558729,0.0043533678510141,0.0015134652562416,-0.0048473166325289,0.0094989049362927,-0.0016658218982463,0.0025985919585878,0.0304634254640983,-0.0065217088263915,0.0052230509315913,-0.0015358755296639,0.0002652411125769,0.0035220364207271,0.002749540935794,-0.0018637611627716,0.0029041054289127,-0.0022372314601755,-0.0062118052945323,0.0056022866396472,0.0129723707899194,-0.0019472010813686
2019-01-02,0.0043601454880288,0.0702729886651365,0.0079261857714922,0.0227530078997473,0.000772125618512,0.0011334185775129,0.0163859756614397,0.0094092803369205,-0.0019074783053896,0.0174665223812402,-0.0161594312216357,-0.0242105078453929,0.0155074392601668,0.0740529115060473,-0.0034541760103041,-0.0037237732557544,0.0181963543573382,0.0033526090891387,0.0090722294548566,0.0017213493692924,-0.0106226002124056,-0.0112361358001921,0.0210058489387838,-0.0039064093100131
2019-01-03,-0.0567297933818391,0.0126496754060392,-0.0039553218828005,-0.0475859154567572,-0.0180063682981916,-0.0136882776210791,-0.0300849684475648,-0.0146752789758664,-0.014907798008398,-0.0047763744124109,-0.0335559583839293,-0.0392380881240779,0.0080886831761497,0.0176869480902108,-0.0212517155275859,-0.0382291053224816,-0.0021931199854896,-0.0037260033261889,-0.0355168296345875,-0.0141171898847085,-0.0609669871192561,-0.0228580665632583,-0.0486787166878328,-0.0118112296950123
2019-01-04,0.0423595116197299,0.012950776288467,0.040134859842448,0.0395412986564691,0.0171377848614153,0.0445514596463407,0.0339016328472263,0.0167542679451391,0.011321249958434,0.0612689655738529,0.0583097125362486,0.0392817181373068,0.003597371446578,0.0344622019200477,0.0135028315147858,0.0337829389489119,0.0223791799028294,0.0268841784514499,0.0455240911562331,0.0433553023498438,0.0175978300283987,-0.0057971498076654,0.0886985962424149,0.0019781179852343
2019-01-07,0.0225896967615453,-0.0027608998748729,0.0101011193499331,0.0101994958667948,-0.0051299587658424,0.0185022307264319,-0.0047731818905449,0.0082732428782379,-0.014961654217465,0.0422557038149093,0.0316849844112669,0.0415197772151443,0.0063172714098223,0.0201218467843036,-0.020323136453189,0.0097758364683828,0.0013202278408011,-0.001454283701419,0.0103102322327734,0.0128626819022557,0.0074074933114358,0.0286552163709238,-0.0136448379629294,0.0
2019-01-08,-0.0073883376383578,0.0164535352906192,0.0062618046603071,0.0049079104219789,0.0073480502747713,0.023447080544332,0.0292335048381278,0.004110614234738,-0.0051190661318667,-0.0013690044029877,0.021867309187062,0.0121189097611371,0.0145865570049035,0.0092529311778086,0.010077692946623,0.0155241939178205,-0.0061213911280937,-0.0043764094449865,0.003413289417252,0.0084568162357285,-0.0082661059667703,0.0,0.0164940263054487,0.0098331117097779
2019-01-09,0.0406508614507856,0.0259525339436383,0.0,0.0196346482173357,-0.0088046934767755,0.0076949568626156,0.0018569914840105,0.0122324899316454,0.0231897757408554,0.0343215721631686,-0.0258230256793057,0.0640331476401314,0.0109043026396431,0.0272569586822186,0.0029766293020276,0.013534905403004,0.0115494750339366,-0.0132453331440016,0.0008014248778414,0.0049750320176631,0.0189943369729683,0.0,0.0315040550193894,0.0039064093100131
2019-01-10,-0.0019046355423508,-0.0070919108902134,0.0124069626112131,0.0102093885719813,-0.0021403360456062,0.0062521645430888,-0.000928018790669,0.0010130371417185,-0.0241673238041637,-0.0010889416831592,-0.0188042874489293,-0.012812141153677,-0.006775392132662,-0.009003320667972,-0.0070500768527101,0.0066994112096381,0.004583005276606,0.0,-0.0167629695961668,0.0126916772529455,0.0224915304499129,0.0223473263582851,-0.0076098453950961,-0.0078278396880604
2019-01-11,-0.0036350861882414,-0.0071429521815784,0.0,-0.0133949586846346,-0.000389710597886,0.013413837920646,-0.0093284208646537,0.0522540549650227,0.0048801951311623,0.0156605175677588,0.0048347770793206,-0.0470630931845441,0.0002058500816737,-0.0123498946907014,0.0040734475506825,-0.0132477705078919,-0.0114965329384464,-0.0220940352808529,-0.0024468274553912,0.0046482418813642,0.0052035273952002,-0.0055402113148439,-0.0203445257954926,0.0058764435093715
2019-01-14,-0.0207669326364143,0.0106947354820758,0.0183267724279216,-0.0187159977134028,-0.0174942116810998,0.0054514202025885,-0.0227497460182628,-0.0038496096451225,-0.0231481024531321,-0.0151306286020442,0.0056112891949431,-0.0138164715715487,-0.0399213415115169,0.0026126106293891,-0.0158430268581133,-0.0085676856361214,-0.002149861544729,0.0011352977306411,-0.0114989444363131,0.0025552986011563,-0.0234916321826483,-0.0111732658828963,0.0014163654928123,-0.0439191498632031
2019-01-15,0.0033972206029995,-0.0044421840380932,-0.0048543521254813,0.0296129568282381,0.013882837793671,0.000339819644338,0.0028722068423308,0.0115053236125679,0.0333200432821088,0.0299499596163546,0.0170402496398307,0.028497274056678,0.0117210175224267,-0.0058878692916015,0.0125856388498934,0.0129705370471047,0.0001656580479632,-0.0011352977306411,0.0289048808216692,0.0070726998618555,0.0077994195461901,0.0111732658828963,-0.004966049321613,0.0439191498632031
2019-01-16,-0.012322103044835,-0.0026751214303433,0.0156913938475797,0.0107795841466025,-0.0006845252701248,0.0023747865637302,0.0104613723642232,0.0113747865716571,0.0202750366040622,-0.0149063003801357,-0.0039370278891985,0.0287309556884989,-0.0070161503293242,0.0039289193624141,0.008123558242624,-0.0017587302082029,-0.0064760309157065,-0.0011366832229158,-0.0046255946375426,-0.004921833156219,-0.0111608837449344,0.0055402113148439,0.0035496838288007,0.0077820544653932
2019-01-17,0.0016513292004312,0.0053423392631775,0.0023924066777925,-0.0097082357631705,0.0065343623703246,0.0010162711035643,-0.0028422737188944,-0.0028318111494329,0.0037707976246048,-0.0078294872660746,0.0121546081556558,-0.0080569815197479,0.0165049898940599,0.0078126697255023,0.0059155169926956,0.0134059628575631,0.0024957735280062,0.0041611895708935,-0.0020177119058737,-0.005906294601794,0.0180740602802123,0.0055096864102057,0.0251938503367479,0.0153850411007279
2019-01-18,0.0322284585036829,0.0079617421104638,0.023613718256249,0.0191480795856122,0.0046552430512996,0.0074196965082093,-0.0076190986453288,0.0084707205376717,-0.0125456754208124,0.0243340457374134,0.013932137436158,0.0019806041460359,0.0083594901504686,-0.0012979852718841,-0.0069947291099363,0.0201564290965379,0.0146809361806168,0.0030155751780984,0.0134418209396911,0.0034364085871434,0.0150417058341547,0.0163491338722011,0.0096287269672448,0.0189041361571161
2019-01-22,-0.0198634439753719,-0.0367919132259004,-0.0188463767451316,-0.0661582647173819,-0.0139332134313274,-0.0084359676117737,-0.0125062827427226,-0.013207928583423,-0.0356445903093272,-0.0581218225804134,-0.0642823740119702,-0.0304983955224762,0.0029094180605353,-0.0143887663740065,0.0118088410452721,-0.0230555230391251,-0.0240297535466047,-0.01899749146849,-0.0346714739119566,-0.0140594291622866,-0.0128400035279496,0.0,-0.011011727769802,0.0018708871717156
2019-01-23,0.0162927725207735,0.0332613881662124,0.0118206250354764,0.0177356428326209,-0.0153248568880459,-0.0071416694494965,-0.0019378690641875,0.0,-0.0079306116186943,-0.006002323468631,-0.0004099294619868,0.0049247396484779,-0.0165293237858312,0.0195703159108882,0.0045256595370923,0.0074242351032198,-0.0119803829991966,0.021628409819471,-0.0002063811584198,-0.0091844310311142,0.0032942895436423,-0.0054200975921168,0.0205484457284805,0.0148425030516365
2019-01-24,0.0409700455520276,0.0061697321161124,-0.0035316198736927,-0.0034359929084564,-0.0112213579272717,0.0115372178482973,-0.0019418238545294,-0.0041139826905358,0.0062011846052598,0.0307495119591667,0.1145433556125308,-0.0243291126210949,-0.0129527436269265,0.0025805849232203,0.0060904014133957,0.0124107438864449,-0.0011890499519151,0.005241443235775,-0.0018590412980992,0.0029352933265673,0.0310288570785446,0.0268113129229221,0.0074298831312784,0.0
2019-01-25,0.0449201640859167,0.0113593269088481,0.0163748362020714,0.0266844766594438,-0.0011088273641095,0.0124058951935723,-0.0336000399080345,0.0114394471423309,0.0224947315036221,0.0109380765702731,0.0163194504370305,0.0091519457675266,-0.0092325038691623,0.0191454550946044,-0.0106160609504881,0.0057708448236066,0.0055928430470881,-0.0033663103154073,0.0080304935594917,0.0072195768490379,0.0131963168066704,0.0209431080957323,-0.0842011577489929,0.0055097809926628
2019-01-28,-0.0143102745769256,-0.0078497990258312,-0.0175546977178695,0.0023908791376472,-0.0099342141180014,-0.0040066926451043,-0.0410313758686995,-0.0028474508773634,-0.0099624015184138,0.0347372435095625,-0.0828343371182342,-0.0054560348247729,0.0008623226101995,-0.0472427941071651,-0.0061556023676321,0.0087343850420564,-0.0095089791659863,0.0100653105262575,0.0014346944571483,-0.0100732301359691,-0.0185241842651433,-0.0156661134268324,-0.19855823062381,0.0092245831182563
2019-01-29,0.0026380774259715,0.0104522913561182,-0.0011811084344317,-0.0134028252609859,-0.0170557969824698,-0.0043587833354949,0.0155847230121426,-0.0038097393182821,0.0051149946675308,-0.0106764786707715,-0.0177414772504951,-0.0132262906250835,0.0053734833735541,0.0313140191459384,-0.0040348226541995,-0.0405532106943464,0.0039161361188981,-0.0119404434466252,-0.0010245134406781,-0.0017159903470727,-0.0300956477733222,-0.0159154518818866,0.0246928035148807,0.0
2019-01-30,0.0146676558038238,0.0034605059290311,0.0023609699502298,0.0243279805842169,-0.0079067080332868,0.0086985711267337,0.0877842872897005,0.0104413693539111,0.0163862681649993,0.0302581177664658,0.0504178562983401,0.0205767424142035,0.0085380204059934,0.0272425190137253,0.0131211266650166,-0.0016568880271909,0.0121626018141181,-0.045697889851469,0.0085731420961057,0.0062778170840012,0.0284920722551289,0.0,0.0922965752968778,0.0036297260471416
2019-01-31,-0.0122653371584542,0.0700284517138136,-0.0142519459770815,0.0192420975249483,0.0255735562678021,0.0016642076958777,-0.0365425273453019,0.019636111408209,0.0205801394639912,0.0054544390656303,0.0067848093110525,0.0358838939253698,-0.0006379512757943,0.0185763930153992,0.01583564754342,0.0087404086324482,0.0357856886423109,-0.0023604647561792,0.0185265962826775,0.0010558892093461,0.0064000032921813,0.0106384572129867,-0.0119858081851629,0.0303324874180129
2019-02-01,0.0191269852212494,-0.0162340345150131,-0.0108239341380147,-0.0079093205232592,0.0085158257952859,-0.031759327074651,-0.0328550228973054,0.0092164690658966,0.005603642445588,0.0018115550168493,0.0397695962428441,-0.0085307448075728,0.0332565042580363,0.007943906135267,0.0217568591097094,0.0051118062390838,0.0178218299848582,-0.0051332206511798,-0.0825231429011048,-0.0095444213976465,-0.0013303134309126,-0.0106384572129867,0.0103957745088862,-0.0106007717078817
2019-02-04,0.006425069373277,0.0142252089762926,0.0048252232581476,0.0154691426074888,0.0,-0.0246755822123785,0.0020221242886924,-0.0027557861622833,-0.0006987009390595,0.0093348467131448,-0.051863530561619,0.0073391376882629,-0.0012352318767185,0.0036452645222777,0.0170207530433799,0.002498029856536,0.0090297373039951,-0.0027751482631455,0.0030291416079428,0.0073499512220962,0.0098002327643302,-0.0107527581178185,-0.0339836461565334,0.0035459720798074
2019-02-05,0.0113523364440677,0.0008064632744351,0.0036036620682837,0.0130795096350837,0.0078431461497832,-0.0138175587444888,-0.0070957993103779,-0.0027640463008453,0.0108911077328088,-0.0132089669163422,0.0255269236382176,0.0201428816305027,0.0051361323016632,0.0084541004221079,0.0037710743052872,0.0195748527290122,0.0042490852378178,0.006331591611373,-0.0093327386640367,0.0046272579731292,0.0081380478195951,-0.0054200975921168,-0.0032977519774401,-0.0035459720798074
2019-02-06,0.028497967165757,-0.0504444767859659,0.0,-0.0135970422708027,0.0041980111290862,-0.0183625873563131,0.0171462290375306,0.0055198324631287,0.0018418280103347,-0.0119917426090401,0.0139862812496889,-0.05446516210888,-0.0026675630800325,-0.024963411940672,-0.0121183163869629,-0.0094544029320511,0.0025092615008612,0.0023642839772164,-0.036416285611728,-0.0197945026851336,0.0127287448382147,0.0108108825887128,-0.0639329456159709,0.0035459720798074
2019-02-07,-0.031310321656031,0.0059195653848806,-0.0230454637004524,-0.0131432527452659,0.0032859069095758,-0.0187056505064235,-0.0060183074577966,-0.00459756297478,-0.0178721732339668,-0.0020080361359271,-0.0117648300294979,-0.0225859307465223,-0.0004108198684966,-0.0211843382875935,0.0053198141849981,-0.0173433895809962,-0.0157880840426742,-0.0027586442639595,-0.0265825486701456,-0.024587376612513,-0.0161334263811236,-0.0162604228393541,-0.0168668450174429,0.0017682372369342
2019-02-08,-0.0001655084630067,0.0025267870599701,-0.0024569903853191,-0.0098396480628242,-0.0029868165100368,-0.0092988725835505,-0.0152054576521258,0.0009214196910218,-0.0420912523485781,-0.0294063980682315,0.0139553918835653,0.0090870423651274,0.0053301204808282,-0.0120372422965466,-0.0199036142720239,0.0054940261753184,0.0009543868502284,0.0121592968053949,0.0281645367835134,-0.0067963882087598,-0.0086946100636606,0.0,0.0195042038450095,0.0
2019-02-11,-0.0141832784237818,-0.0092947050485072,-0.0098887782370635,-0.0108889487806402,0.0025892538909504,-0.0041191753391403,-0.0112995908291391,-0.0036900301822959,0.0012205761531594,0.008616611744256,0.0079912999006972,0.0011252845546851,-0.0051246431134095,-0.0238641207495173,-0.0570069063410116,0.0005767200559985,-0.006859692443331,-0.0031238074129422,0.0067507730249909,-0.0013648381812405,0.0131441618460601,-0.0795875857102095,-0.0150381624506261,-0.0035398758470622
2019-02-12,0.0236374234891325,0.0284537757124654,0.0098887782370635,0.0129469010565417,0.0142196884429464,0.0089651639105192,-0.0010336322760329,-0.0046318496272919,-0.0125201339192932,0.0368521302552906,0.0271251549178423,0.0175425586005175,0.0150929043062482,0.0459263707228232,0.0382757452145352,0.0051744070930546,0.0109847099596587,0.0007818671581292,-0.0069766341974411,0.0222016408653837,0.0090990107620774,0.0518849260728205,0.0546303235653313,0.0193159233386434
2019-02-13,-0.0026293140175139,-0.0242186810209696,-0.0036967651347379,0.0207523781164917,-0.0059004596866185,0.0048228814055235,-0.0177363790217723,0.0027815540274493,0.004682311374947,-0.0094677346910438,-0.0120440760935149,-0.0159614127914524,-0.0062946937092709,0.0136224270115534,-0.0174836843131458,0.0060032303104415,-0.0017430692762987,-0.0019558153095919,0.0174617714025338,-0.0012531654514127,-0.0132862339362378,0.0,0.0125786084536381,-0.0017407125530461
2019-02-14,0.0110191094609142,0.0405852233546288,-0.0061920131023256,0.0014946510399305,-0.0115069179721283,0.0110416855980863,0.0146294665534578,-0.0037105689711114,0.0019655555118887,-0.0020266549117406,0.0116918933444449,0.0025329584220918,0.0139575629706838,0.0278973801426036,0.0077198014142485,0.0064393571849086,-0.0001612371130499,-0.0047093267210427,0.0013307527297774,-0.0031813825074484,-0.0018379826133627,0.0167134771977402,0.0115991137159843,0.0034784002904721
2019-02-15,0.0002167398636165,0.0056660480690626,0.017241788633445,-0.0233636725845443,-0.0004988872540709,0.0018287888002461,-0.0114766321261683,0.0,0.0036742889342717,0.0090188171957956,-0.0343996329109246,-0.0577006003093343,0.0113853618787671,0.0017930185736503,-0.0469619417077467,0.0082722083263462,0.0073801628278813,0.0031419156427507,0.0147400636314523,0.0158073297925058,0.000788372721177,0.0272496052790028,0.0155296459651759,-0.0157485298879433
2019-02-19,-0.0104134851889776,-0.0228581907961769,0.0133416194039863,0.0139560200848709,-0.0185380197260212,0.0069177300791993,0.008359522264715,-0.0197097215953632,-0.0041652601829946,0.011255572991387,0.0283936060176599,0.0088357443875124,-0.0005958579049414,0.0029803398744818,0.0116054993320928,-0.0007491016127003,0.0093867569556564,0.0050852270516563,0.0093469395077363,0.0028023385391868,0.0096667905689558,-0.0108108825887128,-0.0114195685309648,-0.0250011045020911
2019-02-20,0.007589159121629,-0.014138197542489,0.0107850951151078,-0.0073917300195587,0.0132334106144482,0.0018127057025481,0.0062240223297678,0.0141177608071996,-0.0064039885244926,0.0030725465041232,0.0133758090711162,0.0128074648457361,-0.0123976474101374,-0.0047733584481322,-0.0174593642022145,0.0011236044296847,0.0022146552617301,-0.0043011160834436,0.0141785435886747,0.0106436031829746,0.0139429538479634,0.0,0.0032760726762943,0.0143628284773934
2019-02-21,-0.0072056265062174,-0.0041952727280141,-0.0023866227139401,0.0036736091971434,0.0043057567339332,0.0043367578186437,0.015392907645785,-0.0141177608071996,-0.0197136690596089,-0.0091638270634151,-0.0359533374041638,-0.0606596726032089,-0.0008051333629506,-0.0041952187246638,0.0064095489887192,0.0011224244375513,-0.0148032080359881,-0.0047133220814745,0.0160814509716025,-0.0127034212241357,-0.0005130176911607,0.0,-0.0164883147984578,0.0071048334466997
2019-02-22,0.0128465907532149,-0.0016841542414689,-0.0254098767223758,-0.0273779531026656,0.0015975037256068,0.0157427301517323,0.0091231816807537,0.007554421037085,0.0189721357632657,0.0245736181662303,0.0126059791835162,0.0169403653164827,0.0024132767992623,-0.0012018458779867,0.0241504560922589,0.0124477769678392,0.0049584893776879,0.0058880913902608,0.0052340095466871,0.0047724730131974,0.0104632495319987,0.0161728557099354,0.0383249687418656,0.0088104395532389
2019-02-25,0.0112941569849613,-0.0093102984089266,0.0133903432801805,-0.0130657738607098,0.0161302710976039,0.0077793924504425,0.0060363718203322,0.0167913375152157,0.0088625348715969,0.0027497815836587,0.015977576042796,0.0068926140307521,-0.0070557352033455,-0.0237311053850193,0.0131987466352878,-0.0091816206896124,-0.0019164412388312,0.001955148590405,0.0118319955928987,0.0048317135508266,0.0048122380197628,0.0106384572129867,0.003992155059308,0.0139377007619143
2019-02-26,-0.0087555287643814,0.0177000378049607,0.0449247179857072,-0.0184726294562089,-0.0103607529724691,0.0042179420765768,-0.0171983699123958,-0.0074279457528581,-0.0155616462096981,-0.0150423374191763,0.008767371795229,0.0028505870116073,0.0004047945312604,0.0018457662906832,0.0024055120161079,0.0022336155451094,-0.0011196912398547,0.0031200543521801,-0.0055871115913985,0.0066762929582804,0.0005049029992045,0.0,-0.0023932951714997,-0.0017315821354129
2019-02-27,-0.006712066706493,-0.0058655128461826,0.0307367433085288,0.0011723119959539,-0.0047723417807765,-0.0021067888273735,-0.0123204589584422,-0.002800051992243,-0.0084999556621521,0.1897187881880162,-0.0034976766538532,0.0035077387971242,-0.0077142940488306,0.0091769883209715,-0.0072337601452769,-0.0052194435082428,0.0004797031919268,0.0108444994407053,0.0049678150831806,-0.0074120842270852,-0.0037951032509924,-0.0160004303342092,-0.0023990367773825,-0.0192483209428061
2019-02-28,-0.0068122921106139,-0.0359319155199973,-0.0058719855023621,0.0022789275787946,0.0077433981621513,-0.0063470456115903,0.0184242795491433,0.0018675722004068,-0.0126326943592536,0.0267501694724741,-0.0109214180775394,-0.0106942551249304,-0.0024486055594317,-0.0435663380782918,0.0130895120802922,0.0011207709743601,-0.0048106495618682,-0.0139645537928854,-0.0091268039673386,-0.0105194148956924,-0.0101909904427794,-0.005390784996596,-0.000800888645418,-0.0106570814946677
2019-03-01,0.0121749874441503,-0.0220174935371073,-0.011614273592339,-0.0027723700880981,-0.0067473798868435,0.0028259209449599,0.0070744855474105,0.0111315941616361,-0.0074009345375585,-0.0157071729068487,0.0255303098541079,-0.0265106915376436,0.0131915557640276,-0.0147391190213463,0.0002653790195175,0.011600322965533,0.0017668163529447,-0.0046985581755611,-0.0020858951173421,-0.005800092107199,0.0086689526748044,0.005390784996596,-0.0072376523522388,0.0071172056476054
2019-03-04,0.0029668364136519,-0.0008909833297592,0.0046620216727981,-0.0072443782280986,0.0,-0.0231945359190022,-0.002016308046048,-0.0111315941616361,-0.0288442999820945,0.0265679637556282,0.0044789418484811,0.0072419523350877,-0.0085039556312902,0.004508991224968,-0.0095975438880708,-0.0098283675615666,-0.0004817450646061,-0.0007850467140428,-0.0056539036399745,-0.0160832096772738,-0.0061116523941064,0.0,0.0024181619490983,-0.0017743334696793
2019-03-05,-0.0061051734845429,0.0088732434507885,0.0104107201138952,0.0415078586014283,0.0191309744870511,-0.0036166342680119,0.0434423055459318,0.0046534035314187,0.0015806040085677,0.0085233001351587,0.0571201874562841,0.0447018749920404,0.0101155202893976,0.00640607078101,0.0191038498933551,0.0060383853737926,0.0014440438110132,0.0058741567158704,0.000839611949523,-0.0013521127698448,-0.0033259396942031,0.0212774250031091,0.0191392351150605,-0.0071302524248547
2019-03-06,-0.0184313418360257,-0.030053872500092,-0.0080879047933679,0.0147940441161038,0.0058434885564717,0.0014480864487689,0.0143886351053783,-0.0055866448839889,-0.0087246127663691,-0.0134296440346286,0.0372832763851751,0.0122406080625339,-0.010522262531353,-0.0239105969890522,0.0120168373476829,-0.0035257451829151,0.0001601829939232,-0.012178700915419,-0.0027314771666322,-0.0023705093717971,-0.0059118036302154,-0.0052769946688999,-0.013518856066502,-0.016231189332418
2019-03-07,-0.0202974450141244,-0.0036494403970404,-0.023475229518193,-0.0269096138451958,-0.0022360691568241,-0.0197300995887483,-0.007648236200088,-0.0207555687471332,-0.0053246206254184,-0.0227471896906443,-0.0275901101428464,-0.0301501316342784,0.0012198223630379,-0.016485707749664,-0.0162307019730469,-0.011592202156935,-0.013230341526206,-0.0207674876709615,-0.0240614676516068,-0.0062919813407456,-0.0041334865167392,0.0157482621405484,0.0087684022038463,-0.0446170175609326
2019-03-08,0.0074082335934928,0.014519457311201,-0.0155599250460014,-0.0125696609242247,0.0118997053654856,-0.0018470261225509,0.0066954584428673,-0.0019083366441461,-0.0131670750335484,-0.0034638167179155,-0.0077469647380006,0.0094454317344574,0.009302440168315,-0.0039974067695556,-0.009813015938684,0.0151179473398501,-0.0125850070987092,0.0020156385684884,-0.009745662659887,0.0040008648189706,-0.0111936949681976,-0.0210533437172706,-0.0007938940538583,0.0037949310331463
2019-03-11,0.0125026871758846,0.0483610063491108,0.0167468350593651,0.0200243393303392,0.0215962335313029,0.0139505216336579,0.0300491753273126,0.007611813736243,0.0211436214602933,0.067759855547858,0.0240126788232433,0.0277698591682029,0.0012070620665842,0.0577147245722189,0.0192693797834548,-0.0023180871363202,0.0070476233851515,-0.0113405319944246,0.0032591906155858,0.0119913761649206,0.0114524447741284,-0.0053333756362644,0.031276853804897,0.0187624389223473
2019-03-12,0.0078107641036719,0.0051373067941402,0.0094451884918371,0.0001796602981345,0.0155027433828602,-0.0032863727736183,0.026473428136343,-0.0028474508773634,-0.0010601185013556,0.0049140679730372,-0.0462940820847808,-0.0009448538606844,-0.0038271295883269,-0.003155675344473,0.0023501678184985,0.0026885214691843,0.0017949851459517,0.0,0.0045448155916916,-0.0031107877160607,0.0067066371669644,0.0106384572129867,0.0046082946232068,0.0037104424873596
2019-03-13,0.0001095914471536,0.0101948702970049,0.0174725676120057,0.0070413983670327,0.0231748048812203,0.0021920570864226,0.0044943875907694,0.0028474508773634,-0.0053160084341508,0.0493336566738147,-0.0113296830024625,0.0343370953914687,0.0154202913537808,0.0268180363477781,0.0067584236809221,0.0078386659523657,0.0265440202083873,-0.013533121137812,0.007529446178955,0.0046205062580595,0.0079376614640285,-0.0160004303342092,0.0174711119172106,-0.0149255720064322
2019-03-14,0.0041550627335373,-0.0025389353954468,0.0046083127447278,-0.0025601673421897,9.054148193365918e-05,-0.0065909878793117,-0.0044943875907694,0.0047282104682664,0.0031932355043888,-0.0282332854915292,-0.0148551190796202,-0.009553278241507,0.0035706370060504,0.0,0.0033622914585536,0.0060446155091078,0.0009518226313303,0.0016502819840513,-0.0116408494244186,-0.0135861202265639,-0.0099965977212548,-0.0108108825887128,-0.0098372989618074,-0.0075473094032746
2019-03-15,0.0506356711276945,0.00927885520866,0.0080139702791366,0.0162027684246481,0.0137573761232374,0.008414096261486,0.0187423833379067,0.0093895503389331,0.0303529047678177,-0.0103001306714523,-0.0154244309967768,0.0157201345160151,0.0076932283238164,0.0207071430475667,0.0036082805469788,0.0267571049343429,0.0037993966677469,0.020400601701612,0.0028148679813413,0.0107324288606278,0.0211556768744918,-0.0054495402506413,0.003795063315761,-0.2701596703906085
2019-03-18,-0.0113186200346993,0.0149998975388254,0.0,0.0040392412812861,0.0137467812946581,0.0047247226668494,0.0131753264203049,0.0018675722004068,0.0,-0.0077231763542195,-0.0163681599020857,0.0046518736715097,0.0109441065540893,0.0308630132760172,0.0053880606162717,-0.003116256351034,0.0125610527357054,0.0012108064472786,-0.0036825279066352,0.0045287066750976,0.0050314233931185,0.0108696378427581,0.0060422356460463,-0.0049750139251795
2019-03-19,0.0008917113034225,-0.0183643970634042,0.0079500510234584,-0.0025738677518081,-0.0091139846919277,0.0050632424774796,0.0,0.0166514266247648,-0.014015392543984,-0.0053963430041843,-0.014144494030023,0.0033213319639275,0.0150464733396842,0.0150815530320542,0.0119548622150607,0.0115260501992091,-0.0021869805940708,-0.0012108064472786,-0.0120073557746103,0.0018391003506863,-0.002260974472418,0.005390784996596,0.031136694140087,0.0024905693346075
2019-03-20,0.0017279442936928,-0.0178500130589498,-0.0275245859668638,-0.0032854096352821,0.0130698023954876,-0.0094238110462159,-0.0043725449930804,0.0036633176332068,-0.008662537836241,0.0318090020250965,-0.0289037182950386,-0.0302959981526163,0.007629328590287,0.0148572915565334,0.0237362905430993,0.0095627399132451,0.0082535045196081,0.0004036975261985,-0.0506808657441015,-0.0005012719150618,0.002260974472418,0.0,-0.0154473293679506,0.0197050302447806
2019-03-21,0.0167059452499698,-0.0384662300784899,-0.0271084778122583,0.0093584708988876,-0.0012289501205824,0.0072569149094356,-0.0035119063331183,0.010909167328843,-0.0036978207698763,0.0130285226820596,-0.0047768258160565,0.0126622075727076,-0.0087788123908358,-0.0334518816826894,-0.0047023359430165,-0.0008735093022274,-0.0062228597990037,-0.0052621465273379,0.0167264998411083,0.0064136999885393,0.0294246780069364,0.0160004303342092,-0.0022262104654586,0.0024360882817207
2019-03-22,-0.0346007212838799,-0.0615720272064914,-0.0241848759545706,-0.0297806855747442,-0.013441963151926,-0.0138333679582998,-0.0258366667812706,-0.016408760281271,-0.0391256691800689,-0.0141940114720604,-0.0682038786929788,-0.0324773187909723,-0.0129482155501881,-0.0748751555772604,-0.0289437912086529,-0.0239676214146218,-0.0189039428303106,-0.0032522656130122,-0.0460333583098098,-0.0018283243716137,-0.0149750512601611,-0.0053050815767222,-0.0487158465503416,-0.0246316878611089
2019-03-25,-0.007592290877783,0.0131829609882774,-0.0049080692137311,0.0008993085645458,-0.0013363430238988,-0.0058825001365589,-0.0090661509691756,-0.005529898146833,0.0016498906677631,-0.0122792917740071,-0.0087129747525191,0.0059643288202249,0.0164258742597063,0.0037856579192849,0.0217234668397818,-0.0010746996449064,-0.0014324709394819,0.0032522656130122,0.0028510898985136,0.0022434107973472,-0.0126946933432638,0.0,0.0031152613008178,-0.0125473881359929
2019-03-26,0.005138807824415,0.007455682551503,-0.0012308838421228,0.0019156618865761,0.024481606491967,0.0128232336436209,0.0234032547347031,0.0,-0.0005497233474351,0.0052781408605699,0.0317114601282653,0.0070341773081978,0.0073431103545607,0.0316107070584752,0.0136495773875129,0.0206631402168806,0.0065082677011512,-0.0052898808750136,0.0136664945194695,0.0105672545191888,0.0119521887616711,-0.0053333756362644,0.0123650303100208,0.0075473094032746
2019-03-27,-0.017396150046637,-0.0543761890311149,0.0134559253056063,-0.017557564346168,-0.0064584423466595,-0.0036752100116657,0.0008894068596378,-0.0083527733668744,0.0016479538171183,-0.018307878209935,0.0228580799397368,-0.0006373526550333,0.0042264267950198,-0.0564767647032122,-0.0159010401686727,-0.0032527726522602,-0.0098581524204526,0.0133739622110597,0.0014032657115903,-0.0060956251796602,-0.0049628688373686,-0.0053619731212225,-0.0272497258715038,-0.0126105529794071
2019-03-28,0.0007601648326271,0.0469205064796118,-0.0258474568369733,-0.0010961796415953,-0.0050912288316635,0.0051413479699804,0.0141220624892235,0.0138826715137074,-0.0079899925402995,0.0248666021702241,0.007504754390017,0.0043690431864176,-0.00211098056374,0.0198153564524339,-0.0047695583358824,0.0057075277854421,0.0009581380063097,-0.0133739622110597,-0.0048703341362101,-0.0163268513680563,0.0034765370669518,0.010695348757487,-0.0031621218896982,0.0050632435761325
2019-03-29,0.0206859226709852,0.0203710850105434,-0.0024969607257232,0.0044990681317047,0.0198663982508673,-0.0047731752539328,0.0043725449930804,0.0045850208910627,0.024861185205101,0.0210580527104484,0.0312813132024558,0.0216873201490281,0.0049828676142618,0.0075663653917055,0.0189436814289298,0.0108852565178523,-0.0007984669135985,-0.0008167428843832,-0.0037808457773045,-0.0088575185877326,0.0152526365461547,0.0,0.0334791929621187,0.0050378633823684
2019-04-01,0.0232844060570789,0.0183459500590887,0.0380180312480027,0.0331125720340583,-0.0052765236103158,0.0261547946254729,0.0,0.014532563083462,0.0530727686092351,0.0202377147953081,-0.0010875725778909,0.0585538969158871,-0.0034469658501201,0.0012554121235861,0.0017269170756253,0.0031130617541021,0.010963761261423,0.0174063689690875,0.0173672944601146,0.0156373454931628,0.0099600757477622,0.0,0.0390439907923547,0.0174352366871927
2019-04-02,0.0070407294889989,-0.009766807153291,0.0095809307466818,0.0033979870335523,0.0025119833159585,0.0039363588186653,0.0069564774271224,0.0080826168500345,0.0035759185405996,-0.0157964481204908,0.0118984611879895,0.008866563116245,-0.0007674854847468,0.0050063508761959,0.0132225325866905,-8.635152708436067e-05,0.0036281179487156,-0.0100828419537495,-0.0190259495238862,0.0064025000082832,-0.00241990342032,-0.0053333756362644,-0.0081331162645681,0.0
2019-04-03,0.0199200617608372,-0.0131728542810081,0.0235582617950504,0.0227250112460657,-0.0023385403587816,0.0049873237130615,-0.0139617735096386,0.0017870454302872,0.0101471721584012,-0.0027685963554207,-0.018813885945597,0.0352982357715014,-0.0197759356778415,-0.0189043658225751,-0.0151965393840374,0.0053394460087581,0.0048691653279657,-0.0089577850962605,0.0052037622786027,0.0034749289084929,0.0125208899574098,0.0,-0.0096979977401581,0.0
2019-04-04,0.0032311912379867,0.0283247971635198,-0.00349844638276,0.0238402496294174,-0.0106356044364366,0.0106048028370873,-0.020418026084926,-0.0116748695040462,0.0095451981108123,-0.0140587540232832,-0.0225309145768362,0.0081517696133484,-0.0100364102206054,0.0282243004551421,-0.0119255606786707,-0.0041312774577475,0.002347818047482,-0.0053312010670829,0.0030620213941778,0.0083077772921944,0.0059642708775187,0.0,0.0096979977401581,-0.0074351425989606
2019-04-05,0.0150589522496735,0.0090932175755533,-0.0129338804089012,0.01341928818431,0.0015762250540785,0.0003514398212853,0.0089287146851382,0.0223323422297649,-0.0015010626757971,0.0027281788727009,-0.0056190301387477,0.0361130701295988,0.0039479692892943,0.0202021011318429,-0.0015006810682698,-0.0116240326165577,0.0085607461218675,-0.0032949221184805,0.0128520129576514,0.0037611050948207,0.0045095811500606,0.0,-0.0059569516030195,0.0123609545502583
2019-04-08,0.0107173444265731,0.0021274106980078,-0.0011841710243385,0.0175807168203858,-0.0002624713728729,-0.0074088812458765,-0.0161294805288885,-0.0008836514413275,-0.0100653493724385,0.0072323966604033,-0.0094358123028848,-0.0034025935283401,0.0117509823959061,0.0292648982574861,-0.0067812985026458,0.0027883347624637,0.0120169657772515,-0.01120109785457,0.0787740464489266,-0.002451421760182,0.0037813589603943,0.021164836980981,0.0316089234735479,0.0073440756945223
2019-04-09,-0.009824000933178,-0.0063961652856576,-0.0071342637899511,-0.020614800224366,-0.0016644522016395,-0.0056818007124368,0.0152400736692506,-0.0142479594223807,-0.0038009088372898,-0.0026095367761431,-0.0133615415133827,-0.0072371911128659,-0.003901758191612,-0.0064957937129894,0.0102795813220839,-0.0404849757735892,-0.0112420549620044,-0.0058579093850332,-0.008837262200553,-0.0014736536747914,-0.0042550225168263,0.0410314451455126,-0.0182552414553027,0.0382824064756311
2019-04-10,-0.0088696755904509,-0.0010700419654503,0.0071342637899511,-0.0221213734459153,-0.0090714422331887,0.0010677054318435,0.0008894068596378,-0.0062976152703564,0.0083428517814869,0.0179697906747078,0.0099427290673514,-0.0136445853762943,-0.0001954316660648,0.0064957937129894,-0.0014979383363735,0.0170684471398629,0.0067910676581419,0.0137531927098217,-0.0023846269510969,0.0009827512337574,0.0037833586978606,-0.0050378218177991,-0.0007375162879859,0.0093456353377665
2019-04-11,-0.0094546850175101,-0.0260319696842317,0.0094341222983975,-0.0335432119379577,-0.0009735062067619,-0.0132498200471395,-0.0053476388404751,-0.0099775102524377,-0.000251821347645,-0.0208441455378611,-0.0053415348977301,0.0023421364107902,-0.0047029888427814,-0.0310845201654641,0.0049839625687968,0.0005342487184174,-0.0013856635053768,-0.0104016752200837,0.0036825408486516,-0.0093742763975663,-0.0063930054234604,-0.0204089856473091,-0.0118696858972424,0.0023228546573523
2019-04-12,0.0245066943586564,-0.0177392904289201,0.0174524482272644,0.0109792233990981,0.004506310237319,0.0061096498308366,0.0053476388404751,-0.039038466907213,0.0152446486582724,0.0015670283937474,-0.0003826374318416,0.0030651502988972,-0.0138452929375691,-0.0974984993738026,0.0155386042637437,-8.911172832881675e-05,-0.0064901278995637,0.007499887202611,0.0158732825798342,0.0111733713312141,0.0113372047114133,0.0153456556208095,-0.0120122025699451,0.0046295847519566
2019-04-15,-0.0148020737243612,0.0011187751242955,0.0080413102050849,-0.0258675368669685,0.0062396949015659,0.0021473419757973,0.0017761809203622,0.0018940999997658,0.0042071908998644,0.0179930287842742,-0.0022988311755045,-0.0143491448460419,0.0029830787837625,0.0053406637015822,-0.0120645641215855,0.0042644323046596,0.0012393944676678,0.0,0.0067872018631409,-0.0035193023693249,0.0007041876193691,-0.0205135649734758,0.0030168552440699,0.0137617590806479
2019-04-16,0.0187385703150795,-0.0101074337737288,0.0011435476536982,0.00950000137707,0.0112385735158557,0.0007148972885615,0.03316185233653,-0.0191027207820804,0.0100753475051864,-0.0230800710084686,0.0302252376211029,-0.0179014271424913,-0.0190445893428994,0.0230348152959345,-0.0092074642514257,-0.0142858620972088,-0.0043452189039192,0.0070324548726645,0.0134370266950192,-0.0018053689191628,0.0093438267839158,0.0051679093526663,0.0216025495111036,-0.03476614679045
2019-04-17,-0.0012775493969332,-0.019373596910565,0.0124929861043434,0.0002936088313756,8.677087703956587e-05,0.0120741271860471,-0.0017182806137059,0.0038495131268758,-0.0002448871791114,-0.0071575701644635,-0.008221317562707,0.0095127002097128,-0.018382728350311,-0.0045647526069401,0.005982110506252,0.0099323101226129,0.0045000252873266,-0.0049588308785772,-0.0043891932850992,0.0189568881236281,0.0315816060730722,0.0102566464269094,-0.0223559772290939,0.0023558060829445
2019-04-18,0.0124612451896179,0.0148485014195869,-0.0124929861043434,0.0040427910875102,0.0041493227266258,0.0192278359862094,-0.0086355426681046,-0.0019226799818405,-0.0078562873877072,-0.012884131562223,-0.0246925982763102,-0.0084971295027074,-0.0024767559666889,0.0206995546584718,0.013084854107296,0.0058593998854705,-0.0060563214888933,-0.0133443378751718,0.0025102325296928,0.0086663599356109,0.0224976672303784,-0.0154245557795758,0.0037607435193143,0.0324103407075055
2019-04-22,-0.0019445018164416,0.0056534807509363,-0.0057307906141386,-0.0096948916362737,-0.0070990217981097,-0.0185222690807758,-0.0236956812607851,0.0057579885440608,-0.0181576116793453,-0.0025031526040182,-0.0019248990092206,0.0076022855385464,-0.0060113186104966,0.0044711349725909,-0.0066445160874799,0.0072323922373307,0.0160696512208025,-0.0042073396012947,-0.0052368847752259,-0.0080219686751492,-0.0055218387435087,-0.0156661134268324,-0.0197123712332325,0.0045455248430192
2019-04-23,-0.0010711418822246,0.0233995228203953,-0.0127241399543067,0.0228808108348532,-0.0081127761038537,0.0056279227301274,0.0079609948095229,0.0076262152981438,0.0156895375386767,0.0186325345339017,0.0003852175567802,0.0225027715247221,0.0115753495420225,0.0069865411042435,0.0095836463770169,0.0088368650202861,-0.0036855453377131,0.0046266487900301,0.0143887627021115,0.0062626545023256,0.0059623267228512,0.0156661134268324,0.0083874432911383,0.0135135636014718
2019-04-24,0.0005845249957294,-0.0222732989809542,-0.0093567404024268,-0.0232941457437885,0.0159016809081391,-0.0295447561654857,-0.0044149287890964,0.0047371699239269,-0.0452381600039291,-0.0283788785082315,-0.004246240857554,0.0001457820976979,-0.0059775889764353,-0.0295461141960517,-0.0009788544026738,0.1172410162162096,-0.0239773452308922,-0.01394466347211,-0.0388399378310233,-0.0166255122681189,-0.0002202197359641,0.0356271123581706,-0.0474243305164781,-0.0067337269777054
2019-04-25,0.0038870376505446,0.0211711836224228,-0.0286074883507547,-0.0081251248726266,-0.010050260228839,0.0032460350697092,-0.0026584138143608,-0.0056870370062158,0.0084951093457479,0.0032046649813928,0.0195371170772786,0.0137284884089474,0.0012398862823852,0.008438746367434,0.0145810642579391,-0.0002325268358873,0.0025180444334256,0.0004254447630027,0.0042954656793634,0.0025198389762097,-0.0206923466740929,0.0629748991128292,0.009508699444735,0.0044942234832823
2019-04-26,0.0164278043793766,0.0054973677974183,0.0084288327112136,-0.0108367929229356,0.0030429672374689,0.0075337195146527,0.0271351646231137,0.0122815116226808,0.008169756002331,0.0039914118158694,0.0770031443829672,0.009880197329144,0.0102712187111446,-0.0058345351743029,-0.0084797675478354,-0.0122404027089126,-0.0088414036737574,-0.0008512842657575,0.0739241510839785,0.0034843628596279,-0.0122150287837388,0.0232029446132046,0.0109805509688492,0.0067038583960559
2019-04-29,-0.0038202795913013,-0.016584246264276,0.0236975499675287,-0.001626587174786,-0.0056587492537967,0.0010715193478905,-0.0043271355683942,0.0093458903997403,0.0223768335178529,0.0094340620871982,0.0153366735784894,0.0103476246781473,0.0103692034631257,-0.0006505751254455,0.0019446753916865,0.0122404027089126,0.0011093169992633,0.0089001096449958,0.0001993021475912,0.0015357602100882,-0.0025065670272339,-0.0045978146868878,-0.003124996489344,0.0088693596502936
2019-04-30,0.0116081881865,0.0099837056421396,0.0023393996916791,0.0022885436507813,0.0009598161308352,-0.0042931523000606,-0.0069625314889103,0.0009297704503055,-0.0173049101053877,-0.0204852074533361,-0.1369468458664342,0.0030976868896597,-0.0087355364895791,-0.009150437768691,0.0170943443320181,-0.0014734332726531,0.0063163706142943,-0.0042279457775902,0.0023849947976009,-0.0016976143682585,-0.0002281071839513,0.0,0.0,0.0087911637242755
2019-05-01,-0.0117049225599634,-0.0155730997063261,-0.0093899722584482,-0.0048846626506273,0.0134289254476716,-0.0057534775671692,-0.0043765453995643,0.000929014943662,-0.0065988068707665,0.0012179062107584,0.0285454945926977,0.0029477636763735,0.0024454620080489,-0.0198942414371989,-0.0033475890843113,-0.0077906448285736,-0.0128320419424046,-0.0016961535827486,0.0194639710332586,-0.0055167692641653,0.0,0.0,-0.0317992620698377,-0.0043858101054066
2019-05-02,-0.0022313396246884,0.006703229777847,0.0070505725667691,0.0049448771998577,0.0261607941243977,0.0018016472640329,-0.0096959204717763,-0.0187446365392593,0.0171680654812447,-0.0049220532855729,-0.0089062138084652,-0.0175691529913541,-0.0053060648845946,-0.0013406132748727,0.0109576843103478,-0.0148127084326015,0.0155043660455844,0.0105549606612771,0.001945066113195,-0.0026881990717457,0.0131489896980312,0.0,-0.0016168122174178,-0.0132747132691626
2019-05-03,0.0132657335706376,0.0171232338476439,0.0081633625964623,0.0048007041066098,0.0051009798089118,0.0064584786281396,0.0131986877822334,-0.0229675610266788,0.0027495035220921,0.1825288452071056,0.0131377532438512,0.0178144146774159,-0.0286448548862585,0.0066846270872356,-0.000237078499417,0.0112085190437047,0.0092194585961014,0.0257061198945982,0.0152353143183381,0.0086095179664944,0.0069579073150194,0.0227801545982452,0.0341981009313925,-0.0179779185031045
2019-05-06,-0.0169629250586593,-0.0345439746869247,-0.0140352750613872,-0.0153226942956763,-0.0122525463601093,-0.008620777285103,-0.0105449770007415,0.0115496619336945,-0.0072654652803492,-0.0196233500927087,-0.0240881474772236,-0.0141834457144658,0.0054602060393067,-0.0100437178153374,0.0131829727442447,-0.0077218444850091,-0.0028036282559815,0.0024528006404218,-0.0199098059488838,-0.0054332973655188,-0.0214772485415108,-0.0227801545982452,-0.0213360696290489,0.0179779185031045
2019-05-07,-0.0220777502065336,-0.0079677816400389,-0.0250458986483976,-0.0145120575267991,-0.009076012611993,-0.0043383336990361,-0.0368912901415425,-0.0105822196203053,-0.011634037540233,-0.0510995995200938,-0.024682815256841,-0.0632556504302108,-0.0067241818672365,-0.0101452885323147,-0.0098707205980885,-0.0236117108612292,-0.0297632586794707,-0.0185453947325706,-0.0465574999207492,-0.0039107831698368,0.0,-0.0092592967297617,-0.0023990367773825,-0.0089485022428142
2019-05-08,0.0036805334379721,0.0281707265806221,-0.002418605543677,-0.0158531373242807,-0.0154561741473435,-0.0312812993810887,-0.0119872468055293,0.0048242310762445,0.0070979322385436,-0.0062298093144637,-0.0183043082806291,0.0009081154320025,0.0204513315252556,0.0367073907955981,-0.0140328579570869,0.006699973728689,0.0076837221571737,0.0303175983711918,-0.0028677217853347,-0.0060590411211221,-0.0013716164720745,0.0138571114166495,-0.0048153377863637,0.0222232155119769
2019-05-09,-0.0121873766556692,-0.0213370173554925,-0.0060714180689496,-0.0055297670517111,0.0029377603392375,-0.027669072593393,0.0101524029615145,-0.0184565132929872,-0.0073523804201052,0.0122000530824761,-0.0190640249207905,-0.0104167806653117,0.0008260787500482,-0.0319604250246519,0.0026311131960419,0.0005629007149314,0.0066750114647029,-0.0085106567773221,0.0,-0.0202430408146927,-0.0103510574048293,-0.0373876588669442,-0.0145871550495688,-0.0110499313396648
2019-05-10,-0.0012570363028645,-0.0056917009161026,0.0084900236126266,-0.0123634287896052,0.010471289459931,0.0026865541166927,0.0009178881052438,0.0058652744011813,0.0058351888695735,0.0276260874220533,-0.0168780218262747,0.010643743764692,-0.0035150973606139,0.0020275828526519,-0.0110497517538514,0.0110348669920634,0.0066310753496372,-0.0048958049422216,0.0192998851074874,-0.0004192334518053,-0.0097586493412999,0.009478715067097,0.0177998605575773,0.0022198432602933
2019-05-13,-0.0426601745876036,-0.0372137182723526,-0.0369048537422349,-0.0338026073140609,-0.0142749063297475,-0.0260154854854821,-0.026023870786763,-0.0147277942444219,-0.0308263885729807,-0.0269076100773206,-0.0363991722840526,-0.0381521941569484,-0.0190280759137997,-0.031552212523743,-0.0454624026660726,-0.0201622178668907,-0.0026786403146079,-0.0202444995599102,-0.0341791367317334,-0.0085040376006153,-0.0439103928528767,-0.0287101019029221,-0.0400873103426462,-0.0246925508780124
2019-05-14,0.039131715410777,-0.0011855033037595,0.0161595281593212,0.0055934480976054,0.0061303970141923,0.0078367536236547,0.0103045731040771,0.0098427429210321,0.0088310068306132,0.0355642381837766,0.0226886022110228,0.0301803013835653,-0.0078416618457297,0.0006965765158586,0.0047913367246761,0.0157788621539669,0.0114520900225647,0.0033333629082621,0.0085000454562762,0.0068258769438784,0.023626723734583,0.0048426517825262,0.0049958383522461,-0.0045559940389576
2019-05-15,0.0129935105722189,-0.0191619797530397,0.0061463506058874,0.0007215757508918,-0.011079325633676,0.0081633658873059,-0.0046707208674332,0.0174762902151957,-0.0044061077385979,0.0180346732583505,0.0115806763499355,-0.0012588526250301,-0.0012772562780516,-0.0140257076325833,0.0120031607585651,0.0077176735183188,0.0116309296471182,0.0024925423290871,0.030496697943847,0.0130993733832713,0.0,-0.0097087842297116,-0.0033276366115679,0.0090909816340883
2019-05-16,0.0074978483307885,-0.0220056788381619,0.004889921129471,0.0078380346417947,0.0183695868466391,-0.0023255459671509,0.0148702830622098,0.0114831232152177,0.0113638237302273,0.0390239790816471,0.0231833029209265,0.0631091219267512,-0.0032008657983744,-0.0221357033806648,-0.002987230813491,0.0365679263120313,0.0053047936734227,0.0024866566072159,0.0404211372472547,-0.0061528970755864,-0.0105389732799294,-0.0048899275293841,-0.0416904223095668,0.0179377200225884
2019-05-17,-0.0046609665371892,-0.0099378647656713,-0.0221955520286947,-0.1805534388097385,-0.0010259062537572,-0.005447429111232,0.0119212891671063,-0.0328850530807107,-0.0105847043705886,-0.0361655638048059,-0.0253178242864153,-0.0461194767472901,0.0,-0.0285628464660374,-0.0183676820817901,-0.0136470411350604,0.0001554563502521,-0.0053951577273001,0.011662567746427,-0.0125892024839293,-0.0313061154597504,-0.00491404208088,0.0069264977499403,-0.0066891368311305
2019-05-20,-0.0547522767758605,0.0258790669947746,-0.010025165665306,-0.0875853909320847,0.0579945333586304,-0.0039094931451466,0.0592831157530491,0.0029454165725057,0.0044024498650494,-0.0008357224633988,0.0042644150885831,-0.0340010111739887,0.0099946261687002,0.0162124980256115,-0.0620698779070596,-0.0171850875059877,0.0024865431024521,-0.0037526935277942,-0.0078238567249782,-0.0024524334198972,-0.0403042319111901,-0.0300022433505098,-0.0156526949806308,0.024310535862581
2019-05-21,0.0170214905231258,0.0486743699893137,0.0062773826231823,0.0247029432582222,-0.0071290296097554,0.0070258640065699,-0.0086282620388287,-0.0019624179264039,0.0105384523027423,-0.0019877510548518,0.0347097325095204,0.0192225664964751,0.0056968784593403,0.0302398046872669,0.0269241281253198,0.0136455214541131,0.0006205921167898,0.0008352894105292,-0.0226686482879499,0.001184652584115,0.0164188446943267,0.0201011169966119,0.0259529680020913,-0.0220755847165781
2019-05-22,-0.0115243268541354,-0.0011596374127198,-0.0330818863786113,-0.0174980088682641,-0.0023604728981836,-0.0066341893408536,-0.0052128160084095,0.0039213342634849,-0.0128667603248806,-0.0060572678554944,-0.019925920330746,-0.0070311495980943,0.0181389309846582,0.0120983451977094,-0.0047456412356647,0.0140059191531545,-0.011701535904629,-0.0121774472431477,-0.0106384993575048,-0.0078958098837063,-0.0102300861527133,-0.0099999651523132,0.0034102077963928,-0.004474454640426
2019-05-23,-0.0047625907630806,-0.01049567953796,-0.0195956625310713,-0.0426183915081388,-0.0273446571857567,-0.01023215160117,0.0138410780472382,-0.0058878401626105,-0.0078002555581626,0.0194413735021985,0.0116716115283832,-0.002341730179332,-0.0004132889668682,-0.0220412941036785,-0.0039718537745894,-0.0164515760591177,-0.019972125147186,-0.0114722796500585,-0.0435158555999599,0.0012778241973965,-0.0215679937443971,0.005012395540396,0.0033986177923064,-0.0090090796970346
2019-05-24,-0.004310866117791,-0.004700566932775,0.0065745395326908,0.0088624467650841,0.0274262130231406,0.006308946770305,0.0648606149167774,0.0068661458829382,0.0111612661912268,0.0202526572088714,-0.0049854250913381,-0.0162362856133251,0.0043310842158108,0.0135666777229304,0.0123930344176999,0.0071622772854667,0.0133590788825319,0.0063897420877516,0.0131526954827623,0.0091517891906756,0.0034089118033042,0.0099504728128897,0.0193199547246558,0.0045148562137523
2019-05-28,0.0062503784278904,0.0313071918323519,-0.0078947144332346,-0.0028870308331736,0.0105374846733927,-0.013454650630527,-0.0219789597874462,0.0068192101330106,-0.0064737213327328,0.0134606463834252,0.0181598273590153,-0.0203235442886184,-0.01346729620438,0.0154823073171268,-0.0166473018781854,-0.0119128134178145,-0.0117594073157714,-0.0068172945346014,0.0038716795575584,0.007144414672549,-0.014502409260213,-0.0718257748435149,0.0311247749879985,-0.0227801076404126
2019-05-29,-0.0128049234814247,0.0303560966306106,0.0105126017509886,-0.0104805438658175,-0.0059847651158126,0.0019900502216603,-0.0283824083210788,-0.0029171180868701,-0.0136021458157169,-0.0459461860691261,-0.0144183907997197,-0.0095742706737493,-0.0191647956901928,0.0159339054133107,-0.0104459474083666,-0.0139862505835202,-0.003201743290222,0.0063926791121242,-0.01930271844564,0.0012555778228593,0.0010616320532967,0.0365576165927629,0.0048270311189473,0.0137302638315295
2019-05-30,0.0070284080797353,0.0219066226129458,-0.0144833746692769,-0.0100547830260211,0.0055007954908523,0.0015890442318942,0.020117984570148,0.0287930868264831,-0.0140569266842311,0.0081257376078962,-0.0087519205359227,0.0060364533490409,0.0031844633902888,-0.0034422101259696,0.0320599328150488,0.0053777783842576,-0.0012840950928687,-0.0004251157416823,0.0062011819350158,0.0016714281233563,0.0092435494950331,0.015267468079667,0.0056020324003829,0.011299423445407
2019-05-31,-0.009736828993577,0.0139870833263979,-0.0093271603731268,-0.0164100670769125,0.0016122332110644,-0.0232943993625696,-0.0041580901447288,-0.0095059137360089,-0.0139861159974192,-0.013527175066466,-0.0164595146391923,-0.0025709611652682,0.0004238926831967,-0.0048395117998496,-0.0062778544889432,-0.014838884497017,-0.0075749531808124,-0.0128315445801292,-0.0109809683998971,-0.0182872679166816,0.0081166242537866,-0.0050633300264995,-0.0047998586805499,-0.0067644358502763
2019-06-03,-0.0057061263605691,0.0074505177209562,0.008000138400672,-0.0203882646129436,0.0150281721035478,0.0088999456068794,-0.0041753693421346,-0.0019119853569753,0.0193139951557408,-0.0030720910678327,-0.0167349704531121,-0.0160162501495086,0.0277880261559109,0.0232889877383055,0.0401186204318024,-0.0019519388725832,0.0091794888900031,0.0212954806008607,-0.0045941725603406,0.0046668447918776,0.0121807491419629,0.0349162854313899,0.0008017436329372,0.0045148562137523
2019-06-04,0.0184404755430902,0.0121280126597573,0.0377893860764084,0.0333044926182113,0.0096329106126002,0.0258414163391877,-0.0033528601384507,0.0123633852220708,0.0259617094275297,-0.0304535830879304,-0.0060764638891384,0.0252247192633721,-0.0080684879952723,0.0174497964258422,-0.0086076992309664,0.0240491428098437,0.0016018840080374,0.0179583417934479,0.0072985976196227,0.0118651265071978,0.0061633312107636,-0.0098522652338053,0.0127390697905978,0.0089686781237083
2019-06-05,-0.0055809239122854,-0.0211875568687369,-0.0141663553148558,-0.0207651376319715,0.0060323503066559,0.0058696169037704,-0.0067398020718623,-0.0133208621157199,-0.021191103458503,0.0311214769333032,0.0342353138222821,-0.0215122301355523,0.0105381996510063,-0.0215203524957094,-0.0007630645062641,0.0034115846813032,0.0044713481413047,-0.0104016752200837,-0.0004156925272496,0.0056723907376827,-0.0214782269767188,-0.0200006901710849,-0.0183640359887005,-0.0067190984871844
2019-06-06,0.0175845275168011,0.022234791023437,-0.0078126341198208,-0.0022932634129553,-0.0022676949284394,-0.0070479632606672,0.0042178005578117,0.008583692191793,-0.0002643543277658,0.0217936013072401,0.0008410621684253,0.0276314808859687,0.0063519392285797,0.0161835264606284,-0.0260356917968136,0.0018198332666807,0.0136100768070979,0.0066697325550548,-0.0138136174127176,0.0089434535237051,0.0054779189502491,0.0298529554048903,0.0096230812457154,0.0
2019-06-07,0.019827077890679,0.0031367857118018,0.0013063781358806,0.0084133846238598,0.0078757340919581,0.0050952191789268,0.0058748616525012,0.0094520048321595,-0.0005290980235446,0.0384474471915607,0.0183261531374299,0.022753359976579,0.0075289177347963,0.0283567528377752,-0.016324789285409,0.0245981150434504,0.0134270907652722,0.0029037786416434,0.0292827462988976,0.0089458767237591,0.009836976815706,0.0048899275293841,0.0,0.0133931274326054
2019-06-10,0.0083062964352489,-0.0136628318556302,0.0052083553884265,0.0176021566865349,-0.0009325883329571,0.0050691149431636,-0.0033528601384507,0.0140122520515264,-0.0021190759881348,0.0196083625763936,0.0495170412338192,0.017579025835861,0.0374022311143944,-0.0203621565656038,0.006087177829481,-0.001621253717011,-0.0031065735533508,-0.0213530848337359,0.0154348096532701,0.0089475293659457,0.0203986733258476,0.0048661324471853,-0.0088176054507531,-0.0044446251897911
2019-06-11,0.0092381165922832,0.0157482952894132,0.0012979005955136,0.031790644682772,0.0118244158795826,0.0096767802819375,0.0108559850847935,0.0055502540806311,0.0076607218195894,-0.0051392810139869,0.0015698949945606,0.0261354180436859,0.0073930263022727,0.0294236263562952,0.0010546692164645,-0.0081454649080727,0.0035716732116579,0.0080087469585641,0.0040224632088086,0.0120734947229008,0.0085447663480966,0.0144580811569142,0.0654439911701436,0.0066594397024267
2019-06-12,-0.0165276538253724,-0.021053351960782,-0.0170050609702656,-0.0199604492449454,-0.0144711814969582,-0.0124032797188977,-0.0100165911416261,-0.0036966366027679,0.0010521919054515,0.0163501724632766,0.0003920889615796,-0.0084494341228591,0.0169138615903867,-0.0201765074113244,-0.0079385508201632,-0.000545450685891,-0.0159376979903154,0.0149999806337843,-0.0088709148881416,0.0055054297078172,-0.0125912574184567,-0.0047960323398862,-0.0022651361137224,0.0022099199478669
2019-06-13,0.0056237174036422,-0.001064717818672,0.0,0.0081022530818692,-0.0065692292005623,0.0038926620891532,0.0016763458798432,-0.0028207099766222,-0.0095088614688565,0.0193493784347333,0.0171010978863015,-0.0005608622954955,-0.014783906941878,0.0169494701625314,-0.0195848787636125,0.0038891852929099,0.0040867599013054,-0.0020701901008486,0.0058557099661902,-0.0071068025471863,-0.0002537129679169,0.0237540522725367,0.0150041373748099,0.0153342972176008
2019-06-14,-0.0303136970206008,-0.0226183652161713,-0.0079470776502672,-0.0081906335648982,0.0066473023601814,-0.0156620281406856,-0.0025157398230106,-0.0018851922541252,-0.0130898739441542,-0.0313067800925788,-0.0190630818424417,-0.0053999937944095,-0.0144167813762821,-0.0045349586464145,0.0043255059420377,-0.0090463411934189,-0.0050323704045198,-0.0004143031053094,0.0328740886554173,-0.0032105323342968,-0.0416671839484656,-0.0047059991866425,-0.0233531143373357,-0.0087334676706987
2019-06-17,-0.0124722978229421,0.0,-0.0026631227954674,0.0109934705514511,-0.0097907427500012,0.0086445655521538,-0.01097521606636,0.0,0.0024172835152369,0.0046159140018167,0.0089932747405132,-0.00826906459204,0.0009805908363782,0.0038884247551165,-0.0223685697148978,0.0063255671296467,-0.0080729888908583,0.0119515049166119,0.0148895540475764,-0.0017701415060127,-0.0047679992420603,-0.009478715067097,-0.0192387913827973,-0.0132454072676979
2019-06-18,0.0264353098910712,0.0151355842121054,0.0132453331379056,0.0226574473662353,-0.0018907138182835,0.0124417667134442,0.015164496335926,0.0140517867232823,0.028036618590908,0.0062822766069539,0.0123792563499902,0.0089830710512646,0.022869168927579,0.0211210170377131,0.0218289980096688,0.025440470282251,0.0157682281678162,0.0114054082513415,0.002109190925708,0.009617839599775,0.0403333116242103,-0.0047733056789108,0.0448232151394407,0.0022198432602933
2019-06-19,0.0107269675488295,0.0212319455321015,0.0065572941582738,0.0072418301881125,0.0038447207578129,-0.0027084741825604,-0.0025113621195793,-0.0140517867232823,0.0111530512074682,0.0294925649388888,-0.0038520995754551,-0.0234569509634354,0.00439738211089,0.0094545796807541,-0.0035149508138416,0.0005309373369382,0.0071708891310096,-0.0073169600163716,0.0146405109382348,-0.0012771817034176,0.0048339331719073,0.0189580199326504,0.005925866589403,-0.0292485449169701
2019-06-20,0.024293482338086,0.0207910968238749,0.0,0.0042354996573612,0.0165227703773873,0.0057947876873925,0.0362178171759595,0.01591069834152,0.0097537996717957,-0.007747567205488,0.0130370003527646,0.0201072344316899,-0.0251124040350676,0.0266190014539726,-0.0027123149980001,0.0192313767634084,0.0175523029955186,0.0125685795964027,0.017957859434226,0.0047010603072408,0.027782779509724,0.0,0.0124772679758851,-0.0022855730437977
2019-06-21,0.0030201723814924,0.0,-0.0144833746692769,-0.011819357438207,-0.0152602650827748,-0.0046330496215607,-0.0105649205514746,-0.0046533456743755,-0.0141481667783494,-0.0091390796299508,-0.0091849007773094,-0.0106507055730817,-0.005492278645883,0.0151562967497922,-0.0211342744980576,-0.000372024145486,0.002743794320247,-0.006061795465448,-0.0130624240899304,-0.0077403757661587,0.0002471856641359,-0.0237540522725367,-0.0132160264706353,-0.0115077057630751
2019-06-24,0.0026171097550466,0.016327072866286,-0.0026561298314351,-0.0017979262008456,0.0056617284789375,0.0,0.0040768055435611,-0.0037384593700666,0.0020705014104955,-0.0141325942528514,0.0015366506515492,-0.0019069304934089,0.0088124166851817,-0.0018068286637071,0.0008318281374843,0.0043076159942225,0.0024318701086016,0.0040452432713968,-0.001691547867773,-0.0003206685971299,0.0185804484591738,0.0330998854690917,0.0080971949250292,0.00231199610728
2019-06-25,-0.0187145344226875,-0.0173562034341652,-0.0106952292872524,-0.0299204335951017,7.846093713981261e-05,-0.0034892709599967,0.0097166537933102,-0.0028129910663303,-0.0028479726813754,-0.0117444932879244,-0.0435447772462849,-0.0283837059127334,-0.0021469991272815,-0.0374622388815211,0.0052521903896967,-0.0143317281275026,-0.0015190711606716,0.0016135669426611,-0.0113532798647852,-0.0069153043556822,-0.026871296760806,0.0,-0.0229894744378718,0.0
2019-06-26,0.0265239849112166,0.0153294652872857,0.0133513591186875,0.0219193556741048,0.001958237454597,-0.0011751315604344,0.0080256415194588,0.0009385072559591,0.0195128380294544,-0.0086945823710982,-0.0020068698080462,0.0075908500000365,-0.0052893428527274,-0.0075377162462548,0.0164072640320545,0.0076394149412859,0.0037944756117131,-0.006875713469999,-0.001714154845791,-0.0051778780738365,0.0041026905457264,0.0184338035618272,0.0082181851359159,0.0046083667594837
2019-06-27,0.0029313524805907,-0.0040649644535502,0.0092410474517428,0.0023295319218989,0.0076395496710266,0.0128531015894872,0.0071684544794687,-0.0037592172325813,0.0040597550289342,0.0023772847470864,0.0052094314771338,0.0185758814358081,-0.000982779617038,-0.020382780505072,0.0209348632645174,0.0048379347967575,-0.0140354053908948,-0.003659313546712,0.0045644408585436,0.0030777349797777,0.0129657899834252,0.0136056477661797,-0.0007443231370338,-0.0046083667594837
2019-06-28,0.0142400418992156,0.0,0.0,0.0113111718924443,0.0098141369316144,0.0,-0.0007939184103453,0.0075046777367759,-0.0002531735965494,0.0017997397268105,-0.0088319009274266,-0.021581961667763,0.0035328864677963,0.0019286904631401,-0.0047924577868785,0.0156183066730219,-0.0003072532191423,0.0081133950285323,-0.0058997488051657,0.0025839689431608,-0.010665381243061,-0.0045147051507374,0.0007443231370338,0.0
2019-07-01,0.0332973193786045,-0.0031779150239719,0.0091563528742828,0.0055232457043672,0.0071263602612532,0.0107778262989373,0.0031720553529237,0.0,0.0098298724815775,0.0122495243267861,0.0476374658530747,0.0267723943652238,0.0093605197764281,-0.0051515680392328,0.0330739496871093,0.0109052066160613,0.001995655261485,-0.001212764877867,0.0248835314169624,0.0144131095540736,0.0548866123654039,0.0267873083422089,0.0358094490544702,-0.00231199610728
2019-07-02,-0.002561953132953,-0.0015416299530757,0.0026007078675585,0.0112909552601587,0.0025164998871751,-0.0007661064597694,-0.0047619429048575,0.0055916977251402,-0.010590007503199,0.0123086599116737,0.0179086255213363,-0.0038903390123725,0.008311714221258,-0.0169271890520927,-0.0269544470700884,0.0075636564544288,-0.0013813212052689,0.006451788368786,-0.0005585679970354,0.009573081064917,-0.014115566785354,-0.0177781890298096,-0.0470330231274302,0.0183492728458305
2019-07-03,-0.0027553383030793,0.0122704103499389,0.0064726445778351,-0.0066411990443118,7.627084576933285e-05,-0.0015338863836431,0.0015898875519337,-0.0018606412011519,-0.0197113117588423,0.0103769896856631,0.0060241089794339,0.0147179111997894,0.0063319994105457,0.0065444827649256,0.003442353005354,0.0059383643665125,-0.0066260142598455,-0.0092875435316233,0.0191887608329688,-0.0013392556855507,-0.0115867383097398,-0.0044944141616619,0.0060015076234081,-0.0045559940389576
2019-07-05,-0.0192649912621112,0.0398455205452155,0.0115459734315057,-0.0193320617778711,-0.0116433905045654,0.0038298228345161,-0.0023857015214017,-0.0046663759503529,-0.0277870724303843,0.0073287630059644,0.0346770468377841,-0.0154441210595699,-0.0328598311187557,0.0225743807049041,0.0029034919976171,-0.0145145390889425,-0.0013924340444937,0.0084832543903794,0.0056492422672387,-0.0020522882618161,-0.0099673845284282,-0.0045147051507374,-0.0188753710248177,-0.0207618670265918
2019-07-08,-0.0082339465040055,0.0,-0.0051151879315525,-0.0269309403676558,-0.0280498919156513,0.0011463954504269,-0.0144348225706831,-0.0122350866272484,-0.0144579555841612,-0.0129482110389052,-0.0574570171000097,-0.0142891175038637,-0.0075398020778036,0.0202027155401969,-0.0119316865273311,0.0023133701884168,-0.0026354462052045,-0.0223722740033567,-0.0067465063722318,0.0023675140072567,-0.0153947393959263,-0.0182654494475078,0.0136260911362644,-0.030771841133605
2019-07-09,-0.0068491978528131,0.0058426009783791,-0.0064307854999532,0.0140353716586307,-0.0142049423234849,-0.0045925931896531,0.0032257755558511,-0.0133461832814387,-0.0083954980753242,0.0166706372540712,0.0099350576757459,-0.0009314404383178,0.0023871745030223,0.003120006211843,0.0084993983213601,-0.0014453373913534,0.0003103529617796,-0.0182653912657277,-0.0051357264075524,0.0002364076929888,0.0088619851186013,0.0091745068320654,0.004500991935797,0.0
2019-07-10,0.007281622431674,0.0086994982212376,0.0038633849982427,-0.0034904181849224,0.0187114222095878,0.012199999225074,0.0048191570810591,0.0057413040516078,0.0008156997894803,-0.0113511496542342,0.015094683806101,0.0194941319802954,0.0027777362379057,0.0142286761757128,-0.0082327423944583,-0.0044937869293866,0.0123382838125323,0.0062646357973941,0.0073287808619029,0.0037752977780218,0.0258784737632922,0.0576655741222185,0.0331281920368753,0.004796056730238
2019-07-11,0.0029747791273173,-0.0135660051379928,0.016571513946558,0.003054756656855,0.0100464793542962,-0.0049382348016608,-0.0072373930023514,0.0226427679596872,0.0010862995855847,0.0015145881647633,0.0200228788981795,0.0029279549727796,-0.0307841517511282,0.0248724251438383,0.0278744505687944,-0.0017449603677004,0.0021435880351563,0.0049832300611449,0.0043715530333683,-0.0049580385655039,0.004656443011302,0.0043009565121692,0.0021696582459438,0.0095239535176578
2019-07-12,-0.0026863919946835,-0.0058707670947326,-0.0050698830036737,0.0013063491941158,-0.0165358280113356,0.008342891658426,-0.0056659583341294,0.0615020681593896,0.0113359790230616,0.0164184198465191,0.013491575169346,-0.013454299182972,-0.0290234208831536,0.0083530037887928,-0.0082115546251058,-0.0047411804785637,-0.0049064434743635,0.0070175254071886,0.0135395269885298,0.0075452815857346,0.008035967757987,-0.0129590674587707,-0.0028942244881284,-0.0047504879827802
2019-07-15,-0.0068443242310749,-0.0158261625443749,-0.0089342304411739,0.0063332162529041,-0.0001587785736161,0.0022632018746855,-0.0065146941337981,0.0087336002315563,0.0125352619937335,0.0004961738737412,0.0014476661237297,-0.0140670433900664,0.0023111054294817,-0.0204087186122576,-0.0029019503666454,0.0026287487212028,-0.0086446320065403,0.0041051290618776,0.0,-0.0006264733431313,0.0142084987590651,0.0197493974779739,0.0143885834379995,-0.0047734655348776
2019-07-16,-0.008549158418905,-0.0039958275389475,0.0,-0.0121814252543241,-0.0054145123505064,-0.0144216602172986,0.0040768055435611,0.0026053450017688,-0.002388057861157,-0.0174507159543377,-0.0007236056106374,0.0121795974494078,0.0014677581383097,-0.0183603456405494,0.0157275833858014,-0.0147663047779307,-0.0105987211543805,-0.0094670117104538,-0.0324371630848303,0.0076490256732517,-0.0011962920532697,-0.0270286673136346,0.0021405607118785,-0.0023951227596372
2019-07-17,0.0599704965236069,-0.0020039530311328,-0.0116055294822747,-0.0057065385627863,0.0053350482573542,-0.0107609010245641,-0.002444088344077,-0.0034752706012968,-0.0018615967358699,-0.0035080494719776,0.0115151183363564,-0.0270017486324705,0.0122880956939255,-0.00185476209024,0.0,-0.0066829348554771,-0.0077074226195463,-0.0008274787352271,0.0070133199032307,0.0058146884097203,-0.0033572722344223,-0.0137933580751857,-0.005718248746481,-0.0072201648731565
2019-07-18,0.0404268090587365,0.0306194276217648,0.0116055294822747,-0.0158853310986222,0.0091700153316649,-0.0046476428826749,-0.0131365037640858,0.005208337576366,0.0105906442617795,0.026462029707317,0.0,-0.0179040574601003,-0.000621198998377,-0.001858308542141,-0.0033867463117946,-0.0519915223277633,-0.0031632354937332,0.0094745030301948,-0.007754679777137,0.0034725830180759,0.0367880001638321,0.0092167301523518,0.0042920335572249,0.0285735816160843
2019-07-19,-0.0134589709293653,-0.0296169133850758,-0.0038535377977508,0.0041064071504219,-0.0297097376992496,0.0046476428826749,-0.023412445740147,-0.0139494711582544,0.0063007386496716,-0.0344561097559088,-0.0035842468270992,-0.0171221284451239,-0.0060246865530237,-0.0087172886202553,-0.0157812952911322,-0.0221393722825311,0.0082032924233614,-0.0053438361750028,-0.0053899063132476,0.0027694101011963,0.0147092592751878,-0.0138571477561568,0.0021388445648904,-0.0213534167429277
2019-07-22,0.0182564611229301,0.0168901845611908,0.0064143636303319,-0.0049118478682279,-0.048668640429005,-0.000773123694862,0.0,0.0061269071615872,0.0054808999198381,0.0155321674266897,0.0028684108129466,-0.0033693037503672,0.008507262329767,0.0,0.0094986579051281,0.0016035100217051,0.0039203353334484,-0.0053733782208134,0.0026057525523999,0.0074242253612109,0.0174156512078411,-0.0046618957234126,-0.0085836637594192,0.0023951227596372
2019-07-23,0.0107873892299847,-0.0059286376177654,0.0114432876122665,0.030332095192576,-0.0188142791466718,0.0130621413682678,-0.0026325531146396,0.002614226420301,0.0167768191066572,-0.0026428707004519,-0.0068259842478184,0.0086062043723602,0.0174095032168892,0.0049904799849072,-0.0252639233700928,0.0063882463293971,-0.0017232582094122,0.0024835691012925,0.0112742867892885,0.0046408259936665,-0.0040442928042518,-0.0046838873445125,-0.0166611118481534,0.0023895810113861
2019-07-24,0.0165854531244802,0.0167077217254469,0.0088103801884333,0.0107119016816907,0.0132669739125521,0.0060883364399151,-0.0034071643323634,-0.002614226420301,-0.0100321616429099,0.0388825615853347,0.0071839663075432,0.0004081454971887,0.0056690909340972,-0.01315389967642,0.0109817520968582,0.0156376564450448,-0.0097669214574973,-0.0149940504454928,0.0126019605320006,0.0094429630457373,0.0026979467667089,0.0323353365336934,-0.019919404024381,-0.0023895810113861
2019-07-25,-0.0172806581145055,-0.0602590451067677,-0.0189756711557194,-0.0165478850340612,-0.0037726073090267,-0.0125980350096197,0.0059548990670266,0.0052218359107576,-0.0506405260898699,-0.0114286958236222,-0.0115191945771266,-0.0209393642824564,-0.0132101945339777,-0.0242512528612712,0.0148072898605438,-0.0175498694531341,-0.0047601048089624,-0.0384989653058283,-0.0100321707089778,-0.0037664642767945,-0.0208718457239656,-0.0323353365336934,-0.0119941896840625,-0.0096152876327938
2019-07-26,0.0034715534879685,-0.006230452356275,0.0050954079636122,-0.002186366670327,-0.0107959744659384,-0.0108152045918674,0.0059196480567833,-0.0034781924549114,0.0046125049440828,0.0033812838658224,0.0036139711848059,-0.0046758328838549,-0.0008188087953659,-0.026842913485682,0.0233473940841846,0.012679421844596,0.0023829250232969,-0.0056857158996304,0.0045726071919762,-0.0041596581262828,-0.0036747934572458,-0.0285734472998552,0.000753728655727,0.0048192309025557
2019-07-29,0.0005195721376098,-0.006269514394158,-0.0127877682389248,-0.0067642395977483,-0.0013903136444177,-0.0085805187808323,0.0589368056138193,0.0026096780506761,-0.0059732589887704,-0.0020182061544433,0.010050360624263,-0.0346575803624191,0.0057168181699114,0.0105613192136957,-0.0312526062120654,-0.0044195809696745,0.0069577174909554,0.0039396295948268,-0.0018264983974356,-0.0016687751971433,0.0109839168807015,0.0285734472998552,-0.0022634275260795,0.0024009339706008
2019-07-30,-0.0114521113514776,-0.0276324703594135,-0.0181825131220987,-0.0061892059434782,-0.0096112645066659,-0.0082595145246577,-0.0323128888370924,-0.007849957068053,-0.0131581482379821,-0.0304722796194809,-0.0787340729703793,0.00845533275004,-0.0143535659337565,-0.0065877018436921,-0.0295323799736091,-0.0275044144190372,0.0053433038637527,0.0021818857890152,0.0429404666655375,-0.0045651400701753,-0.0190699447549786,0.0093457830679251,-0.0060604125663259,-0.0193708414460772
2019-07-31,-0.0245163874121612,-0.0262018886766253,-0.0198549739390367,-0.009356299628652,0.0113531585536086,-0.0175303003637075,0.0024600706044664,-0.0087950507673135,-0.0019332699972971,-0.0196947829611824,-0.0112687810703331,-0.00845533275004,-0.010379784777573,-0.0053016730640058,0.0029928162435495,0.0002439527706457,-0.0143661047453536,-0.0013084067673534,-0.0042121467415077,-0.0159890563252158,-0.0111966796660158,0.0138571477561568,-0.0130021387300216,0.0
2019-08-01,-0.0061676021616907,-0.0178576820991334,-0.0161728098980451,-0.0225440529276808,-0.003484963857391,-0.0024142917445453,-0.024037627366328,-0.0053144417721426,-0.0142005246104059,0.0080618278500397,-0.0358033311468801,-0.0258049877947685,0.0134729729077265,-0.0221707995438302,-0.0062679420381712,0.0003250387515976,-0.0675853653757045,-0.0202830438706929,-0.0179225245767389,0.0044069461600892,-0.0179885835621749,-0.0421610003364898,-0.0368523251775025,0.0145632561135462
2019-08-02,-0.0069332742295422,-0.0119011043719636,0.0040676871592897,-0.0133660739003813,-0.0066550207303448,-0.0146108822183279,-0.019483962521841,-0.0161151233336083,-0.0423886679829705,-0.0189183345539545,-0.0097680778626627,-0.0235705904869094,0.0030837409727153,0.0155042589656611,-0.016538414094898,-0.0113586042623534,-0.0063144723008892,0.0137139944314124,-0.0157001273789894,-0.005182403246903,-0.0052682738093343,-0.0096153777874473,-0.0193556205926364,-0.029341990054381
2019-08-05,-0.0360191975941779,-0.0348069988227248,-0.038625488259647,-0.0732374745783115,-0.0392417322438265,-0.0148271421070567,-0.0419274401103733,-0.0163788692560697,-0.0369533180585044,-0.0680858060544418,-0.0438942410634179,-0.0362429537535171,-0.016974050815246,-0.0528786944218653,-0.0216330554405379,-0.0245426525696723,-0.0232089443036342,0.0048215472150072,-0.0244881493567792,-0.0050533094489679,-0.0436771334628636,-0.0294138816006203,-0.0604208705764965,-0.0276747852608455
2019-08-06,0.0129271065912437,0.0152322641959687,0.0111889511678968,-0.0047040192470646,0.0212456145702142,0.0016583370676719,0.0341987061550135,0.0091325055991799,0.0054496484462269,0.0455966099339697,-0.0025673726655073,0.0037217749942399,0.0200482206773346,0.0098245528053071,0.0121383659389737,-0.0091379240347535,0.0040224422170327,-0.0167555987091225,0.0248518186543349,-0.0097905849624844,0.0342690167629577,0.0049628299862732,0.0163022697696539,0.0076240300184978
2019-08-07,0.0037623670670683,0.0184334090441058,-0.0027854383091605,-0.0049278307293638,-0.0078129010399372,-0.0066503994449975,-0.0095278954061606,0.0144408009378866,-0.0142923732532649,0.0205839743834674,-0.0107690034212217,0.0149345555204916,0.0126069521310387,-0.0091199054440735,0.001402023422,0.0236867291918869,-0.0040224422170327,-0.0143305219514187,0.0095902504102016,0.0091667814314559,0.0,0.0049382397708647,-0.0094058565615682,0.0050504573774369
2019-08-08,0.0198752102934163,0.0136055398621441,-0.0007120462772176,0.0070323470624877,0.014943685158165,0.0083059909832248,0.0283159275243654,0.0080320061796852,0.0,0.1146887148413897,0.0047526815827838,0.0976784047362628,0.0235632501833396,0.0305369518662705,0.0158444894739151,0.008678048026689,0.0165095898565001,-0.0036150353008252,0.0128828654440953,0.0087744988523956,0.0153925610829754,0.0243321377684834,0.0279559529439898,0.0125158532743387
2019-08-09,-0.0185319838162616,-0.0181819507555118,-0.0114612969297687,-0.0256541194855319,0.002483733522772,-0.0099753051757627,-0.0076434888747547,-0.010723845289283,-0.0185477259805137,0.0029023385209487,-0.0130154176554579,0.0202954863534254,-0.0079256956040434,-0.0082359161236831,-0.0011035717070964,-0.0146726151635014,-0.0124871476394674,-0.0004524587208614,-0.0024922040698664,-0.0028646504580898,-0.0117632173752122,-0.0145281388735225,-0.0357175606830111,-0.0125158532743387
2019-08-12,-0.0071554700872136,-0.0314528606120432,-0.0203791814734548,-0.0236967931982539,0.000974248888133,-0.0088105020168018,-0.0085616275994229,-0.0026988976890924,-0.0141400327246747,-0.1012471265302084,-0.0332994146330922,-0.0324692302692199,0.0013914905737228,-0.0357809731487011,0.0005519380873546,-0.0054427553398808,-0.0022714654260789,-0.0132215208003647,-0.0091307232049149,-0.0058318693426349,-0.0109266221935571,-0.0098039988949609,-0.0218828971661813,0.0
2019-08-13,0.0219079595121414,0.0141007562993988,0.0,0.0239021607997331,-0.0167802430174193,-0.0008431018539427,-0.0060370716691009,-0.003610348586005,0.0072521226132766,0.0220747336950744,-0.0027124549294539,0.1037647206541922,0.0297479510670646,0.0064080458881743,-0.0248649219750705,0.0152484038554892,0.0092277861718139,-0.0041386910386349,0.0118004970142671,0.0092374092322931,0.0212567776151746,0.004914055054109,0.0347860464231981,-0.0152286083945186
2019-08-14,-0.0489908134260685,-0.0429146338275236,-0.026827319312866,-0.0263241422560298,-0.0181659013143451,-0.0338869551133047,-0.0139375329893138,-0.02471523453598,-0.0319209951533387,-0.0279446083747121,-0.0261422677744516,0.0048948660711678,-0.0299463900175847,-0.0509571214882642,-0.0151066048034571,-0.0341496412400434,-0.0231424691567685,0.0004607270191869,-0.0350911564103437,-0.0229786760537251,-0.0342806742480448,-0.004914055054109,-0.0562537318313243,-0.0364624097849006
2019-08-15,0.0054469639091694,0.0048601798228185,-0.0045420647434792,-0.0052854246517171,0.0058491542053702,0.0030495037466771,0.0087337815270269,0.0128915750300109,0.0132109856945308,-0.0109467949005388,-0.0140386557377047,-0.0286756849673763,0.0081132447219438,-0.002991851491692,0.0020083896757283,0.0024782520382835,-0.0063334554329887,0.0082567639511288,0.0128040978749064,0.0069333843639363,0.0105793409751977,-0.0148886523187644,-0.0081709469098461,0.0026489105185736
2019-08-16,0.0141472517576497,0.0024220364740226,0.0225065246419775,0.0246021152582001,0.0069015202409485,0.0142519714773876,0.0163866414427205,0.0127271840135443,0.0249736320692179,0.0182267306142449,0.0098477228986482,0.014653590083558,0.0268576556202,-0.0090293348607877,0.0099815274834256,0.0154149492594415,0.0084954137514263,-0.0273225930200013,0.0128218373836368,0.0111655960101479,0.0165053692350962,0.0344014641622467,-0.0082379361050208,0.0052771962587067
2019-08-19,0.0132543732045178,-0.0282058550047525,0.0088628594143678,0.0748906902935999,-0.0147692206410279,-0.0004288735339721,-0.0060059925498539,0.0054057217675222,0.0046722621745054,-0.0345019946974138,0.0339482033434621,0.01447982858752,-0.0085538617125129,-0.0083492248331609,-0.0011356036225089,0.0060331020618749,0.0089590604651244,0.0056180365255809,-0.0001794362827465,0.0065782312256672,0.0057609493881303,0.0096153777874473,-0.0185534542331544,-0.0105821199557056
2019-08-20,-0.0046470789828925,-0.0037380238383961,-0.016308715577898,0.0422717198770197,0.0046732355708156,-0.0047302913989542,-0.0069085026999164,0.0178098495382981,0.0043411419955878,0.0147249194921217,0.024505536561342,-0.051403786125391,0.0011707960297275,-0.0030533309890525,0.0039691621580479,-0.0143887820026726,-0.0071609771962113,0.0041926777754133,-0.001077561168393,-0.0047164673374675,0.0038220700326214,0.0095239601333914,0.0102470083695505,0.0
2019-08-21,0.0108404470862248,0.0197775714169203,0.0029850163564952,-0.0075708946651502,-0.000365794542521,0.0034424658587406,-0.0069564762623195,-0.0026514979961156,0.0110770539054088,0.0282276302885371,0.0065804810996321,0.0169171221704234,0.0104753388992899,0.0543085691977676,-0.0082396847142858,0.027172298647307,0.0103666870091281,0.0270595395009372,0.0176303859307549,0.0065660355880963,0.0151449733423958,0.0,0.0064665225391795,0.0053049236969989
2019-08-22,-0.0081890302303415,-0.0185300695612029,0.0118519272090649,-0.0229680084212384,-0.0371705459904441,-0.0030116598002782,-0.0704900034596636,-0.0079961196346189,-0.0147967472576144,-0.0166986618813229,-0.0030655422323713,-0.0208647402661119,0.0168390820845996,-0.0153232138084491,0.0037020572894446,-0.0147068228673621,-0.0062428147378259,-0.0168837224965705,-0.0337493272559497,-0.001772653069576,-0.0106247839690438,-0.0239820022690693,-0.0083220536629864,-0.013315757312457
2019-08-23,-0.0223608029247088,-0.0381243750000572,-0.0163331110826323,-0.034735750293267,0.0073758415694964,-0.0134462303917688,0.04485881642089,-0.0089608597807719,-0.0283484344787647,-0.0348596071962425,-0.0262179058132048,0.0004854317649058,-0.0081926557340943,-0.047430981533753,-0.0034168021089562,-0.016456748890226,-0.0136913751310538,-0.0171735677559587,-0.0171260819960195,-0.0141370584222668,-0.02840816678941,-0.0146701474952518,-0.0292058120288716,-0.0053764312697861
2019-08-26,0.0164437232343974,-0.0130380120345123,0.0014961675170721,0.0189648724409661,0.0080699097250955,0.0215991714634435,0.0106857843190066,0.0017986278732085,0.0186744029709111,0.0073951077963929,0.0191756296910576,0.0068527444667894,-0.0019150526262547,-0.013975115565241,0.0113444202590506,0.0108328830553263,0.0032597897767461,0.006532855579179,0.0307266349689014,0.0228151971034877,0.0094787889649068,0.004914055054109,-0.0173583368057577,-0.0108400896750237
2019-08-27,0.0003737501540443,0.0052354164030723,-0.0044945212045408,0.0003852175567802,0.0093023272743861,-0.0038534557311828,0.0201673556654657,0.0017952955922115,-0.0015691481684569,-0.0141886487003013,-0.0035398234188992,0.0301128580715164,-0.0003832315445193,0.010112890029656,-0.0113444202590506,0.0096335910643752,-0.006529876990875,0.0013943873018313,-0.0001800258915798,-0.0024497160704468,0.000241631438675,0.0,0.0048521000772054,0.0108400896750237
2019-08-28,0.007816957813695,-0.00130654301086,-0.0060240825304271,-0.0024104529708806,-0.0098631376262381,0.0064141681976157,-0.0201673556654657,0.004474393539688,-0.0025157840263747,-0.0101160999382399,0.0,-0.0238655316906508,0.0028719677053317,0.0123078516800194,-0.0014271624495736,-0.012921816985667,0.0131969805350262,0.00740384053758,0.0017999593336139,-0.0013040610428323,0.0072291192000002,0.0,0.0096339677983052,-0.0108400896750237
2019-08-29,0.0183249105146208,0.0181360493400954,0.0090224362178958,0.0118992432133255,0.0,0.0008522813656703,-0.0062195331897489,0.0168220569697092,0.0131375150593031,0.0090382893371616,0.008386742439868,0.0126545002075966,0.0062901471021352,0.0241701281076973,0.0051281658101025,0.0123380212084027,0.0003593510107471,0.011915796287111,0.0197637101719885,0.0016105865721316,0.015012847962168,0.0242141345768206,0.0274249187077502,0.0162165209448098
2019-08-30,0.012976346382393,0.0253494770676336,-0.0060059035032675,-0.0034400473972366,0.0080095514814111,0.0076367382474047,0.0008909142106516,0.0087411335818883,0.0102025108453047,0.0018685212508193,0.0096238414109035,0.0051899245930981,-0.0099296945742257,0.0111320063530897,0.0157883600288328,-0.0061080397184642,-0.0017970596927923,-0.0022805212308369,0.0033444075042643,0.0009956289659527,0.0082440094093412,0.0095239601333914,0.0257843103132953,0.0238421822148776
2019-09-03,-0.0117029499345902,-0.038944894049461,-0.0030165327146283,-0.0184519911664438,-0.0262220559289492,0.0163490830898545,-0.0436830028210608,-0.0184457678827594,-0.0070998233841628,-0.023138112652445,-0.0100635085506373,0.0133613262612439,0.0150466387326986,-0.0111320063530897,-0.0135175814614101,-0.007074849753839,-0.0059530254323729,0.0027363448656179,0.0090956032867359,0.0071702134631221,-0.0215775664679997,-0.0239820022690693,-0.0082155368574865,-0.0292186134846638
2019-09-04,0.032420225054432,0.0257081438262469,0.010518603734968,-0.0001949940836523,0.0031375702101241,0.0115752817584628,0.0083372108002053,0.0348468101505829,0.0299075620797952,0.0153717800478538,0.0144075807001842,0.0377789769889984,0.0099690824589186,0.0423731754140614,0.0427368650481405,0.0187563729657851,0.0111552159245746,0.0095171410204875,0.0186308705218203,0.0040202061220435,0.03370157622285,0.0427618947160109,0.029798827465151,0.0133872648852442
2019-09-05,0.0423010653217978,0.0225857264725863,0.0221738033506113,0.0152911312213257,-0.016945397957035,0.0183267508729767,-0.0167446079993944,0.0328448630441724,-0.0039161371216263,0.0262457711582886,0.0201680817671303,0.0099364195055873,-0.0128087630202058,0.0113798713210668,0.016168567550246,0.0225557696768845,-0.0026874431479,-0.0076976323702582,0.0174505085024088,-0.007065180553198,0.0249469690696941,0.0,0.0079752161796746,0.0184457651448846
2019-09-06,0.0061810989562838,0.0401271618536127,0.004376156492349,-0.0148036801023021,0.0071195335516862,0.0176005169166324,0.0185878390304239,-0.0217763413975951,0.019429772503777,-0.0131288231072881,0.0118244103908682,0.0281902084108165,-0.0037985768150381,0.0112519383294575,0.0180136503271186,-0.0110913017563873,-0.0025147473443016,0.0022700530923684,-0.0057266243618592,0.0066864449011427,-0.0120524496860041,-0.0046618957234126,0.0008822997679551,-0.0237791165180601
2019-09-09,0.0115444863107203,0.0094898579294626,0.0130154933652659,0.0237911658845382,0.000191711716555,0.0133912213598739,0.0082532925334053,-0.0144991828085729,0.0158592884110984,-0.0456226219053546,-0.0186446309668415,0.0054728115848488,-0.036628455147035,0.0152673047847393,0.0094068230910653,-0.0031211931182077,0.0118004235901638,0.0049764139021659,0.0130895983359713,0.0058893552066239,0.0031977673342713,0.0046618957234126,0.0235305301005239,0.0132803209154923
2019-09-10,0.0014076235254893,-0.0130721468784469,0.0490638507984564,0.0495785553767555,-0.005767558112768,0.0159134612011695,-0.011019414710268,-0.0017195565196463,0.0385815793076389,-0.0392088466719533,0.0265894996173661,-0.0275575982675655,-0.021145887399121,0.0061791543729459,0.0059640761410242,-0.006437253993301,0.0097286525920661,0.0062978670632212,-0.0124142125358788,0.0059299106168939,0.0056849530593536,0.004640417603805,0.0102826964530668,-0.0026420458453177
2019-09-11,0.0146642880716791,0.0035822889489842,0.006816642855874,0.0125119718075801,0.0121689491550909,0.021710927323316,0.025525409851272,-0.0034485051691262,0.0205336192149379,0.0210989712308826,0.0202026977847484,0.0107951423895085,0.0246927099983036,-0.0027412339653987,0.0043854352562786,-0.0070624419653029,-0.0054717768075676,0.0080394105336099,0.0135807285406053,0.0143406134653707,0.0027176938072095,0.0092167301523518,0.0067971057528237,-0.0268112196168714
2019-09-12,0.006462738796328,-0.0071772857550049,0.0,-0.0025975285717683,-0.0007621710034251,0.0164427078140443,0.0187256352158842,0.0085987228507682,0.0111978150035856,0.019159830201489,-0.0239581852787043,-0.0077929930939655,-0.0232824111257019,0.0095629374163301,0.0094787077674971,0.0078900394919569,0.0008846206824966,-0.0013355332069857,0.0033248022702458,0.0017689983375523,-0.0033977310192878,0.0,0.0300273668715784,0.0027137431375183
2019-09-13,0.0087128028662641,-0.0218456008245002,0.0542103519493779,-0.0086471362127396,0.0004763858254848,0.0044380345136594,0.0131638381613745,0.0076758827891132,0.0081143885937189,-0.0086073525174681,-0.0105065055228505,0.0063046572843492,-0.0034284553192907,-0.0116241380102257,-0.0112821964947575,-0.0160109199815021,0.0056427828430254,0.0035570574513803,0.0018240592013349,0.0063865213930203,0.0150886320887559,0.0181823149500329,-0.0016447339787653,0.0134592014091785
2019-09-16,-0.0112278799297644,-0.0148332419586221,-0.0208069560309778,0.0039725804584156,-0.0107270988297285,-0.0033266348081433,-0.0291927045922459,-0.0008499612073107,0.0080496795903539,-0.0228045519383908,0.0159265380795887,-0.0179242622898776,-0.0004040849188329,0.0364655209025839,-0.0106288013000892,-0.0122639836495279,0.0195027458407519,-0.0057865066868019,-0.0064821809246642,-0.0052824094316825,-0.0031341516497955,-0.0181823149500329,-0.0233149147430644,-0.0188940031870923
2019-09-17,0.007647054074102,0.0233854413403324,-0.0172305427164982,-0.0176352393613203,9.632459212260967e-05,-0.0007406805957073,0.0035842395628238,-0.0076824349009947,-0.0134519086235771,-0.0073730349336456,0.0152675069780832,-0.0008137164844055,0.0296687107763218,-0.0093273173606149,-0.0041786165104662,0.0210517024675489,0.0017228013970802,-0.0004468679873061,-0.0005004121837921,0.0137348368020857,0.0118133536265156,-0.0045978234152082,0.0050419431258219,0.0027210586403954
2019-09-18,0.0067884705536673,0.0,-0.0161728532019018,-0.0058866927026093,-0.0091889260861179,-0.0168134269238531,-0.0189621822621619,0.0025673422491645,-0.0027121595604957,-0.0136568913208341,-0.0090498071177345,-0.0005184544093883,0.0,-0.0216511920609607,-0.0034079885572857,-0.0027536056032966,0.0022354453579653,0.0,-0.0139438380914609,-0.0056025541242803,-0.0019963061976855,0.0,-0.0135022886012112,0.0054200734157717
2019-09-19,-0.0008009308388192,-0.0196564746558178,0.0108109386729289,-0.0058288076222341,-0.0035044642326149,0.0041361366204202,-0.0183998156745017,-0.0085836641292962,-0.0214118904558078,0.0124379536310463,-0.0242588183892218,0.0044712082731726,0.0176962619288287,-0.0061750235497448,-0.0018399235017458,0.0010856395662788,0.0015447992626231,-0.0076214831241605,0.0040520537842358,-0.0036550231964467,0.0040617941796998,0.0091744513380422,-0.0162745699800004,-0.0163490865256812
2019-09-20,-0.0153420419448577,0.0086471952252225,0.0080321685029232,-0.0245162607738391,0.0897543460399088,0.0011252414575295,0.0938740967195093,-0.0217875033834169,0.0167839491350294,-0.0024424532669842,0.0279709344057712,-0.0066217014132652,0.0202256570423231,0.0006880120687366,0.028528936468535,-0.0034279344379459,0.0029109846259656,0.0031452757865513,-0.0038828237057435,7.322224378203401e-05,-0.0232072227581179,-0.0419643100084018,0.0,0.0217399410430502
2019-09-23,0.0108848514636648,-0.001230544437617,-0.013422988216065,-0.0268893069242173,0.0536260441917164,-0.0003750273145981,0.0590820952019983,-0.0313225451968688,0.0010909283610276,-0.0144846453978502,-0.0186999321079657,-0.010221091090306,0.0005664251683445,0.0013746056819721,-0.008215719619222,-0.0041963384930134,0.000342233747963,0.0089324674976341,0.0,-0.0013923397006809,0.0045486024490668,0.0235305343294111,-0.0095444461931801,-0.0217399410430502
2019-09-24,-0.0084465125098436,-0.0074166507876054,-0.0204786454109866,-0.0476137743217943,-0.0216935809285714,-0.0154924442964632,-0.0136383827693538,0.0036299016163572,-0.0043705627179626,-0.0051978969718637,-0.0259203215210415,-0.01359028316085,-0.0007552771554752,-0.0110502309805491,0.0030886884688692,-0.0018521120435437,-0.0104822977742053,-0.016588160198804,-0.0035585993372699,0.007597441244358,0.001133998447115,-0.0235305343294111,-0.0229287282879009,-0.0110498477717817
2019-09-25,0.004615911364481,0.0111042752741075,0.0013784550156494,0.0518054292675893,-0.0070180650635975,0.0090979202518775,-0.0032362544602908,0.0018098139368341,-0.0032902393258722,0.0267745573569353,0.0051524733753329,0.0084022262529797,-0.0070148926109485,0.0041581174244889,0.0010276409966689,-0.0120369935744761,-0.0010371036711203,-0.0027162978739903,0.0279540492392431,-0.0057657479306252,0.0199715014286723,0.0327898586703596,0.0229287282879009,-0.0027817516174749
2019-09-26,0.0020582072633974,0.0109827556828763,0.006863428579676,0.0218414090887604,0.0260043847366642,0.0117180550014115,0.0224368776471246,0.0063092462750975,0.0114692147641006,-0.0036488287172993,0.0127660983562045,0.0298166235044341,-0.0070646178581448,0.0075787084679836,0.007927438152762,0.0034052974401292,0.0123734501469483,-0.001360977764417,-0.0195021938830999,0.0123663395149788,0.0317068155131936,-0.0139212200643611,-0.0026189401278842,0.0083218679224694
2019-09-27,-0.0176108437291828,0.0012124617718842,0.0081745098583589,-0.0374292346411939,-0.0131322815723105,-0.0132402357684,-0.011957157646814,0.0071622319075634,-0.0396008827404523,-0.0152836374616649,-0.0313532036328987,-0.0474211333841028,-0.0107878635583626,0.0020566296237329,-0.0043396667622799,-0.0018715039209284,0.0095191713945426,0.0063349138857926,-0.0077291464060351,-0.0015396786009285,-0.0206597545891664,-0.0236419568569204,-0.0008745064517801,-0.0027662215463196
2019-09-30,0.019141693823073,-0.0134226526632901,-0.0040788211795004,0.0151986358752331,-0.0208159981573521,-0.006878233466915,-0.023530499293273,0.0141720810430094,0.0089989574130786,0.0177720732238046,-0.0100855728463589,0.0208406398316003,0.0013548858386274,-0.0089438850077692,-0.0311794554905915,0.0036547935600106,-0.0044081033449816,0.0013521630727573,0.0061068401318613,-0.0132218859608048,0.0210902640723809,0.0,0.0061056997863317,0.0110193378343688
2019-10-01,-0.0122720440090979,-0.0211063426106483,-0.0109591172585346,-0.007423379745953,0.0064645373331817,0.0026805817125516,-0.0224168778947388,-0.0294533731625046,-0.0121111573800742,-0.001452331850273,-0.0092983176665488,-0.0129696037920767,-0.0224947904858927,-0.0083275880372746,-0.0130164297439714,-0.0061272027397709,-0.0078473993519394,-0.0072330221025858,-0.0199853009331296,-0.0089625838391356,0.0151597152764901,0.0189580695124079,-0.0043572962895239,-0.0249666871831787
2019-10-02,-0.021002220412595,-0.0247863942542205,-0.0293522419619309,0.0060600589941355,-0.0166830555391577,-0.0169692406759796,-0.0075853432261188,0.0036164620405325,-0.0206133523906593,-0.0115850539343069,-0.004458339277817,-0.0099447183455971,-0.0137439626263407,-0.0232648586499466,-0.0056308538307277,-0.0302435470177462,-0.0309588564347165,-0.0224833463678497,-0.0196887573793289,-0.0137484063353889,-0.0162359189040155,-0.0189580695124079,-0.0519831618520894,0.0056024036509986
2019-10-03,0.0167551286959746,0.0076918684044235,-0.0028409380946738,0.0164302229745549,0.0201601433206368,0.000777616498865,0.0075853432261188,0.0071944372809968,0.0140746569602692,0.0255846868826026,0.0203457260840198,0.010781793348713,0.0105734404726591,0.009229520293998,0.0165336897581243,0.0126765546215352,0.0066900450659428,0.0032430216760355,0.0191710575746291,-0.0020557629421293,0.0149640180353163,0.0047733182509219,0.0173284215124089,0.0027892993216614
2019-10-04,0.0068924922674353,0.0202287947863082,0.0113154783202411,0.0014368652811791,-0.042544560816335,0.0085141084631361,-0.02207224308914,0.0053618325012956,0.0068220524150293,0.0018434926806909,-0.0013143785855542,0.0025067778176204,0.0182879797885426,0.0028225985935863,-0.0114377180131082,0.0022562344565439,0.0054248570713264,0.0156040427011552,0.0140556184267803,0.0047144944863806,0.0061341497351725,0.0141847512614859,0.0346547403396804,0.0165749842105186
2019-10-07,0.0055931314168065,-0.0164038017023213,-0.0070570078987686,-0.0291367602129613,0.0106279656607366,-0.0143609346299502,0.0085471600043565,0.0062195539703679,-0.020318277651115,-0.018681292868302,-0.0101344575402984,0.002878662829441,0.0118160986017104,-0.0264206664221973,-0.0048270606925844,-0.0073075743675241,-0.0020965001165587,-0.0137555985493076,-0.0116419473873183,-0.00509582984394,0.0111149002438502,-0.0047060080557753,-0.0185111616723667,0.0
2019-10-08,-0.0218189359591169,0.001270878646332,-0.0085349832404169,-0.0193041063278824,0.0021479228387808,-0.0161579513572376,-0.006831806087284,-0.0151720834831019,0.0034629949634186,-0.0432640579454721,-0.0237519880502619,-0.0375746675995478,-0.0083148098602818,-0.0036243655232128,-0.0146226487733005,-0.0143343668609423,-0.0130262201741757,-0.0018484441518475,-0.0149202467366307,0.0021327771203623,-0.0018788561209093,-0.0142520614566325,-0.0170483853429501,0.0
2019-10-09,0.0171602341651286,0.0213711687590896,0.002853011429664,0.0037106069352743,0.0150830555717815,0.0177203843205671,0.0270514867233324,0.0035906970114383,0.0068907371762452,0.0121023813388303,0.026405659083565,0.0069269575598593,0.0013583037080966,0.0243916166985522,0.0170391255480453,0.027518725439374,0.0019471641135626,0.0036934778609563,0.0114702860817224,0.0119498779443629,0.0169882664191693,0.0142520614566325,0.005415245443276,-0.0027433848212619
2019-10-10,0.0209744665207916,0.009901246820565,0.0540672435430094,0.0387778347004461,-0.0063604621614934,0.0054495954332924,-0.007534540858292,0.0017905765114778,0.0025718823605913,0.0193221897276378,0.0079191046847668,0.0098957138514985,0.0015501156308181,-0.0014184762710813,0.0,-0.0069174278429997,0.0124771529113316,0.0087174909703158,-0.0093751653164044,-0.0027101680084076,0.0051222818510763,0.0186922087275055,0.0275206261924954,-0.0027510710955889
2019-10-11,0.0332784780538579,0.0183041264370384,0.0778602947446855,0.0077695003055788,-0.0067577699001515,0.0218862174907297,-0.0033670955749607,-0.0189623196992076,0.0309098130079599,0.0215215924172964,0.0152210106763175,0.0372569792131654,-0.0081649173782754,0.0217626488091398,0.001339757754575,0.0907642033365467,0.0102510594655282,0.018556916577868,0.0140299076372247,0.0208885288961004,0.009964523336154,0.0137933580751857,0.0335803619612231,0.0082305425578521
2019-10-14,0.0062882002255264,0.0012084272262864,-0.0150946964496818,0.0076146894864521,-0.0041127463489174,-0.0034239715542909,0.0,-0.032425119442808,-0.005549378723261,0.0024689279320933,-0.0130322970065659,0.0286058891620677,0.0154952026350181,-0.0020853361579695,0.0005355902186707,-0.0011892798511441,-0.0005185600347701,-0.0013462079597057,-0.0051732474597221,-0.0028094194579857,0.0098663831837972,-0.0137933580751857,-0.019667197305641,0.0081632847851645
2019-10-15,0.0222993663234811,0.0,0.0566655792329997,0.016364494747763,0.0216242780001367,0.0203704121763181,0.0158933361362714,0.0046969521793265,0.0132673817125277,0.019552672407908,-0.0194266825926954,0.0344690818544126,0.008421170505696,0.0020853361579695,0.0219731233708584,0.0089247086911781,-0.0048544963663998,0.007604771822963,0.0113459731150222,0.0132382886246587,0.0095712844975599,0.0183491358619632,-0.0121633863210643,0.0
2019-10-16,-0.0500860844343247,0.0250459617232425,0.0,0.0100242333037101,0.0052467228588009,0.0014924730372056,0.0074410981205588,-0.0065821444334517,-0.0055065957718549,-0.0315033408842122,-0.0284894273399936,0.0291900283313206,-0.0034365337536859,0.0172122400369636,-0.0015724001140984,0.012036169376504,-0.0026100170808289,-0.0116540773547932,0.0071540606113997,-0.0008040008118079,-0.0051731463658439,0.0,-0.0203097881600167,0.0240974764793531
2019-10-17,-0.0027941137862619,-0.0154306721553882,0.0035864095106956,-0.0058352154877052,0.006433065452311,-0.0007460012916382,-0.0008241048018957,-0.0009439305353939,0.0013794631022125,0.0004917358686125,0.0086778593603988,-0.0202877114012416,0.0074307586859068,-0.0151309083965991,-0.0057863577081085,-0.0009327310365909,0.0133275002416004,0.0165438782684375,0.0188304473104592,-0.0059403832186557,-0.0076094660159617,-0.0045557777867774,-0.0035745379313187,0.0052771962587067
2019-10-18,0.002597559206853,0.0056602097648277,0.0118623662519115,-0.0369974896537197,-0.0109786710874133,-0.0041128978747808,0.0032922710951801,-0.0018902122596649,-0.0024845554208079,-0.0239159092601246,-0.0211404508894483,-0.0098110239582966,-0.0030417988656861,0.0069062815894758,0.0208829027041599,0.0041129254907801,-0.0075940994386125,-0.001775536748636,-0.0139205392748928,-0.0013247959544147,-0.0094920570647514,0.0314632266836063,-0.0017921116197308,0.0
2019-10-21,0.0233475485319294,-0.0012274113428609,0.0047060755736298,0.0059587177859512,0.0266268968539677,0.0011233150427498,0.0032813868310785,-0.1290812460035306,0.016991533181391,0.0168450063538658,-0.0037226623264725,-0.0163906281199328,0.0015219304683946,0.0075418923787018,0.0015488588219083,0.0273466680286231,0.009655395591722,0.001775536748636,-0.0005069344293731,0.0040426304996499,0.0145047071963593,0.0044150542751924,0.020417735023001,0.0026279590036178
2019-10-22,-0.0199339145474199,0.0456261857112545,-0.0118065538320388,-0.0070196294246569,0.002896168839773,-0.0037495040535344,0.0282618035268824,-0.0183653980955083,0.0148348443296151,-0.0156895492618769,0.0092807558863516,-0.0256294088900066,0.0130328334386549,0.041477608940436,0.0002578883544024,-0.0068806680452828,0.0112606555565433,0.0053073302890651,-0.0035549179885556,0.000220194052475,0.0127187621929385,-0.0177781679793885,0.0165580831150593,0.005235686185561
2019-10-23,0.0092408344433758,0.0209064160435668,0.0129795158772507,0.0050053456653715,0.009987488493818,0.0026261890107845,0.0126584195891501,0.003324403158154,-0.0048307833721836,0.0083835389419002,0.005067995677559,-0.0125115640779434,0.0039328019270068,0.0207527119844415,0.0279702630727454,-0.001062869038094,0.0113036825433687,-0.0013242218920361,-0.0066353338635023,0.0070888710983547,-0.0093242808130264,0.0089285543342244,0.0068905507016674,0.0026075333003138
2019-10-24,0.0279758389201836,-0.001149692202325,-0.0070589199441681,-0.0044264802423326,0.0093880757339186,0.0052316049034133,0.0039231577305094,-0.0122429588808081,-0.0129977458921959,0.0186825965296684,-0.0004596749715157,0.0434574910479281,0.0152108195936504,-0.0214085685917242,-0.0182190760647422,0.0009867739324205,-0.0006713297374449,0.0013242218920361,0.000853228183097,0.0060259532326849,0.0154275393686122,0.03493790192032,-0.012089706116211,-0.0026075333003138
2019-10-25,-0.0037053441588534,0.0182444819530029,0.0256425353902765,0.0017344415667857,0.0028327427068242,0.0081662896702523,0.0201556800761451,0.0297870900643908,-0.010686602241956,-0.0032866350107125,0.02092883915024,-0.0060987254231621,-0.0023960762954273,0.0385901639601662,0.0022956683058144,0.0006068467281643,0.0018447805136516,-0.0061947602879621,-0.0020487864528169,0.0009406994118617,0.0035263163120284,0.0,0.0450180589211348,0.0283159184405658
2019-10-28,0.0095004122319277,0.0366094509359256,0.002298736823648,0.0094859892828038,-0.000166397919036,0.0058975494849606,0.0076453107249454,-0.0043572458512439,0.0057686447762375,-0.0179480117362604,0.0345167321344446,0.0088879933847407,0.0042353193118862,0.0094193623634635,-0.0076726388685535,0.0068018828470153,0.004013254713298,0.0048705383959259,0.009356083543941,0.0004335821885304,0.0035142611363419,-0.0086206705739165,0.0156576272149218,-0.0050891396235405
2019-10-29,-0.0071926258515553,-0.0109532682577451,0.003438363603152,-0.0188684752962604,0.0109235697621641,0.009873975791943,0.0136159679639309,0.0162427834638654,-0.0021938225420314,0.003659721650191,-0.0096154286399232,-0.0012701857626358,0.0011019080857677,0.002496843524625,0.0185683838866701,-0.0077880578452846,0.0001671025714053,-0.0084275958473063,0.0030430886832819,0.0024548831231445,0.0031135929530456,0.0129033678306318,-0.0073861501105054,-0.0076823425224348
2019-10-30,0.003960581863323,0.002200378811471,-0.0045872080768676,0.0002914908345958,0.0078702035390034,-0.0021859099532295,-0.0105742100478773,0.0010734924201645,-0.0041259357152725,0.0165410575138684,0.0070022099993765,0.0099397032570678,0.0214281237833979,0.0123918493528829,-0.0108957450181166,0.0112467493626144,0.0020003112824897,0.0,0.0304238950143314,0.0024487427373429,0.0085124583724134,-0.0129033678306318,-0.0008240611118059,-0.0103360855249223
2019-10-31,-0.0139497389610863,-0.0380781388016986,-0.0080783921304037,-0.0105480208121688,-0.0022891407263827,-0.0165473556590916,-0.0106870686409989,0.0285581459322914,-0.0155557968840853,-0.0550778649183305,0.003917313000382,-0.0009792262950183,-0.0079364550696547,0.0,-0.0025511183598805,-0.0048908457639811,-0.0352519358569241,0.0263751470104161,-0.0039377349378,-0.0033865984929208,-0.005408780271447,-0.0218826719764317,-0.032679770065632,0.0332086746293986
2019-11-01,0.0324118118607623,-0.0057246819977938,0.0046243295303343,0.0270247541848327,0.0078265060450219,0.0183692929964411,0.0045941215947959,-0.0073256137621235,0.028971497752392,-0.0623422709622367,0.0112312291791059,0.0127914040858359,0.0222072230440733,0.0122398750083401,0.017471115166384,0.00833748794017,0.0114912286602657,-0.0188313409642839,0.0099779114880429,0.0091961789122176,0.0090622974734078,0.0347860398070636,0.033503831177438,-0.0050378633823684
2019-11-04,0.0138220505890478,-0.0063379702975396,0.0034540626000694,0.0464939827974344,0.0011363689475967,0.0076156589071567,0.010638492284511,0.0248974441478009,0.013506659402803,-0.0086289417614384,0.1400607135449427,0.0608968046096833,0.004947018042805,-0.0030460752260685,-0.0136469061946509,0.0058174976786666,0.0135504447361833,0.0083644130373699,0.0021138113450098,0.0052069274179782,0.0263296555729453,0.0211425397008524,0.0155296459651759,0.0025221041962617
2019-11-05,-0.005064309840784,0.0171921458509836,-0.0011498923499324,-0.0144257534766172,-0.0106009588765458,0.0046855230553828,-0.0091116963863235,-0.0041068422393792,0.0141200512422492,-0.0015038597503655,0.0250750010961642,-0.0454746302181061,-0.004947018042805,-0.0018320103119811,0.0226424431760992,-0.0067903047235802,0.0120404765519515,0.0139315540995852,-0.0021138113450098,0.0012798057139455,0.0011209168447376,-0.0126319212681041,0.0040467988916199,-0.0025221041962617
2019-11-06,-0.0113222335935709,-0.0218269774400725,-0.009248846518856,-0.0064064322883714,0.0181969799996073,-0.0050468653278494,0.0218794106409121,0.0163269017952143,-0.019770729874454,-0.0043594356915903,0.0191169283506646,0.0177641929348828,0.004065381676781,-0.0253805566036278,0.0024845671839526,0.0115383484687905,-0.004832141776121,-0.0065060385346238,-0.0116233030265302,-0.0026324945695952,0.0016793041997975,0.0,-0.0171082553965136,-0.0178347257221078
2019-11-07,-0.0040642230137537,-0.006992897159739,0.0046349784914196,0.1267672464639284,0.0025726809360131,0.008994533049019,-0.0089955046047487,0.0140706760561255,0.0131350056184689,0.018545217331984,-0.0471837013693754,0.0027357361789879,-0.0056608288392205,0.0235450851766452,0.0014876073947474,-0.0002220121754774,0.0083166116805109,0.0164006929424109,-0.0054486070437729,0.0175834011912892,0.0005591687427695,-0.0085106184327482,0.0032813021575792,0.0203568299183696
2019-11-08,-0.0013458829834958,-0.0417975434613424,-0.0151427094638838,0.0218325825531069,-0.0074145694378811,0.0348443803635349,0.0223388705670557,-0.0345212385920219,-0.004269948721125,0.0049270143250073,-0.0078962993370477,-0.0036384125948725,0.0262620662409318,-0.0317288581779449,-0.0114628141838868,0.0100177101618887,-0.0019897807985462,-0.0042899380833376,0.0001655932586497,0.0106528990042455,-0.015774997361043,-0.0042826972567152,-0.0367012963547983,-0.0101266801698947
2019-11-11,-0.0021348393380629,-0.0012204853947808,0.0311981868776096,-0.0300718973306954,0.0006469811112395,0.0096384513323735,0.006605576632189,0.0112995460337428,-0.0061705591315388,0.0064513381726998,-0.0018892594613308,-0.0126869947519807,-0.01007286487487,0.011313847257129,-0.0042698458452932,0.0024888409531946,-0.0011623428477887,0.0034337225346896,0.0214532636915509,0.0046294564787068,-0.0043630840176587,0.0,-0.01368717488025,-0.0051019282246239
2019-11-12,0.0032567859098673,-0.01476004448779,0.0011370882109733,0.0076647697364746,-0.0045374826800297,0.0010271573495286,-0.0043989143295863,-0.0040943480740049,0.0042967458625935,0.0037708743576398,0.0033981588491625,0.0040895592369412,-0.0034972584703476,-0.0165503022389339,0.0002517213206565,-0.0103620317390102,-0.004830365431093,-0.001715387461763,0.006621025078664,-0.0035912499618175,-0.0085917439071008,0.008547202138083,-0.009519588086263,0.0076432606221243
2019-11-13,0.0086692688773881,-0.0137246452486117,-0.0102799607736148,-0.0292411360339484,-0.0011375282017351,0.0020515504289799,-0.0118257325973658,-0.0041107132385351,-0.0096933886522077,0.0280901995051641,-0.0248057568266744,-0.0049704681177491,0.0095877256679433,-0.0154643983294824,-0.0293650435064793,-0.0079357338727943,0.0066566294587371,-0.0094867774460469,0.0025720640896675,0.0001383090046287,0.0139008815735972,-0.0128481761094116,-0.0246494780315038,-0.0205136280087039
2019-11-14,-0.0007038761727358,-0.0063009209078128,0.0022936689238375,-0.0007611651439267,0.0095478011393943,-0.0151415987146665,0.0103552139489009,0.0163433471194776,0.0123692602517504,0.0434432780611544,0.006547301707048,-0.018232277243233,0.0043278323831312,-0.0183491174820451,-0.0080656314489542,0.0008188679807403,-0.0037139040220988,0.0021637260486708,-0.0070887775256731,-0.0047844596594233,-0.0075928696051059,0.0213228016039277,-0.0017841977624777,0.0
2019-11-15,0.0192405422529802,0.0150567952754998,0.005710888656754,-0.0097768591442264,-0.00209592977476,0.005532599090503,0.0109770421520831,-0.0010137573584985,0.0063930521619548,0.0249589598453487,-0.0073203419660128,0.0053363643303723,-0.010593118247149,0.0209432682498502,0.0057306547258364,0.0079291375761467,0.0074135707875666,0.0098946544077871,0.0033893468085275,0.0027765153523926,0.0153166100133446,-0.017021827632599,0.0229491271410993,0.0025874246838061
2019-11-18,-0.0054699269051683,-0.0213981085492114,0.0011383149820498,-0.0045383167278787,-0.0092421010383496,-0.0058794853122901,-0.0080380193888029,0.0,0.0118784642881766,-0.0315598314626974,-0.0140189447814793,-0.0034051910591816,-0.003672793008342,-0.0222666890713991,-0.0046863737241857,-0.0022167732712876,-0.0025209093941076,-0.0047197407557129,0.0061045547027025,-0.0046547410701398,0.0024361240764338,0.008547202138083,-0.0140598025681959,-0.0208885107182358
2019-11-19,-0.0070460655051824,-0.0051021282117178,-0.0011383149820498,-0.0071486821374993,0.0004886778746073,-0.0031265163736913,-0.0007339100829604,-0.0030471066058326,0.0132932345661593,0.0062094710914024,0.0116960101918941,-0.0060132412596125,-0.0005258758256507,-0.0166948978578138,0.0039068131093122,0.0041340980930693,-0.0116801166744777,0.0047197407557129,-0.0086859247407686,-0.0052364850062502,0.0063446316984605,0.008474625494516,0.0140598025681959,-0.0026420458453177
2019-11-20,-0.0099181852889085,-0.0064142647082829,-0.0172317941847108,-0.0077227106750772,0.0056822480856904,-0.0111967610441463,0.005126311444541,0.0091139490846243,0.0069670434829465,0.0212518071590137,-0.0215483066349055,-0.002394517269336,-0.0462863801478454,0.0013457933868494,0.0359962189452702,-0.0054666007204202,-0.0049503699314223,-0.0042899380833376,-0.0068083928160693,-0.0104147803088627,-0.0048479952220392,0.0167368586032012,-0.0176059769849061,-0.0026489105185736
2019-11-21,-0.0068667337861167,0.01532610923949,0.0023146317530349,0.0073768914026643,-0.0012959254477253,0.0007034926384714,0.0101744529314458,-0.0050530851202932,-0.0064492549158408,0.0255003676056961,-0.0167735592739455,0.0226050679220133,-0.0077418307127232,0.0219497117403768,0.0104766932129765,0.0031800915896047,0.003927797151106,-0.014288838353702,0.0006504191565177,0.0054319518547112,-0.0097673185814102,-0.0083334492782326,0.0184782724311209,-0.029611850745944
2019-11-22,-0.003038184073743,0.0138453938148734,0.0057637603773688,0.0200314551352587,-0.0012976737054688,0.0035100587575187,-0.0109052173745283,-0.0277367567680291,0.0077340135177399,0.0062084456624846,0.0226965625585742,0.0529563433549533,0.0077418307127232,0.0032839321700002,-0.0150004061354791,-0.0001474843960833,-0.003927797151106,0.007819063030277,-0.0052152371775653,0.0027396580935752,-0.0035926422322551,-0.0126319212681041,0.0359627858601667,-0.0054794714622632
2019-11-25,0.0183491662638211,-0.0087887667133013,0.0136989753688581,0.0195550006585172,0.0125807443765983,0.0142636399854931,0.008733767108259,0.0277367567680291,0.0099657423382728,0.0339015516756813,0.0090143486257989,-0.0188952264521855,0.0323394882413068,-0.0019691070078369,0.0221705829077145,0.0024339935268988,0.0034165795002731,0.0025930435524341,0.0097562845430121,7.047730490938875e-05,0.0182079560357046,0.037426575611226,0.0117058703619983,0.0109290131099094
2019-11-26,0.0011795137720467,-0.0203827363410622,-0.0034072583325011,-0.0143983839672952,0.0054348866029512,-0.0139133107876756,0.0122434960820605,-0.0225419221295437,-0.0061211090344661,-0.0031673622289627,-0.0031262208427276,0.0320493570226489,0.0,-0.0306893487439217,0.0236163395092892,-0.0029513086779182,-0.011491335941189,-0.0104121065827111,0.0216095474918871,-0.0040070084833212,-0.0024209391650269,0.0121705671695948,0.0,-0.0109290131099094
2019-11-27,3.6911814702556e-05,0.0102433432085773,0.0180389921791463,0.0076435940558319,0.0104663122078552,0.0055883978573576,0.0142149058427527,0.0133813587605673,0.0096743381036041,0.0106606267225899,0.0216811192981292,0.0149270992979761,0.0019538183313905,0.0027063733290304,0.0052795718890097,0.0005173151510193,-0.0029370507460528,0.0056531359266682,0.0089856156427514,-0.0021857970804157,0.0048363514954385,0.0,-0.0133892945735951,0.0109290131099094
2019-11-29,-0.0031730757496726,0.0,-0.0157659723781757,-0.0082339849609747,-0.0262121679842666,-0.0207643268169732,-0.0056617378690537,0.0050996994046452,-0.011722985071469,-0.0150774784161242,-0.0030686607017194,-0.0123553320778984,-0.0037330148179659,-0.0047411339702352,-0.0256982051055314,0.0039798138875317,-0.0053775389327714,-0.0060893443878082,-0.0037735848453515,-0.0102884725792016,-0.0149565526849397,-0.0162605858818604,-0.0093103226136128,-0.0136800842054983
2019-12-02,-0.018761871966034,0.0126587578240069,-0.0091222234397745,-0.0092384971379777,0.0035563753517813,-0.001779620323127,-0.001420527416962,-0.0143446038006067,-0.0035953204665863,-0.0009995297688947,-0.0383759483112702,-0.0049272468276537,-0.0023179730678224,0.0,-0.0078896612178698,-0.018560225822986,-0.0062821219132951,-0.0153885344459792,-0.0031555553935782,0.0004278064835094,-0.0020741734489213,0.0040900187122655,0.0318017818751603,0.0027510710955889
2019-12-03,-0.0028277597876922,0.0068985037965247,-0.0103626792768631,-0.0227360751860246,-0.0058261505549195,0.0010681192277135,-0.005702022574622,-0.0020659123779269,-0.014772929231599,-0.008240775498896,-0.0076136864400924,0.0112501691163795,0.0088858320840277,-0.0033998407876008,-0.010200288832642,0.0057532755672502,-0.0162343823425223,-0.0026619575450741,0.0204902486229592,0.0032739530557197,-0.0037821038702294,0.0202027372537276,-0.0115991137159843,-0.0082759530131069
2019-12-04,0.0184071145868278,0.0198024988611746,0.0057702735293776,-0.0051526594223814,0.0124204544984292,0.0148360740548154,0.0542553360262476,0.0194576227843663,0.0096145473706141,0.0,-0.0092949325752957,0.0030522083314279,0.0149268651977849,0.0108398275361762,0.0052374998015563,0.0097864696332043,0.0111457066792044,-0.0057916629222929,0.0107791904755076,0.0186551857544765,0.0075500383683899,0.0314984670310536,0.0082987137686663,0.0192049661230163
2019-12-05,0.0150111921772202,0.0097560707600838,0.0103032944042396,0.0219960455026662,0.0008012583658931,0.0052456804688674,0.0,0.0030381941630115,0.0074713666970973,0.0056858239246784,0.0161099548177627,0.0112019284067788,-0.0052427599952253,0.025284122636551,-0.0024906296620703,-0.0051036537995878,-0.0061765423078914,-0.0094278667934699,-0.001379329602309,-0.0038433145791296,0.0226819058156926,0.0491593897313937,0.0016515980868891,-0.0027210586403954
2019-12-06,0.0225668653389021,0.0048426564102481,0.0135748651372837,-0.0077386588417818,-0.0006409684877239,0.01178917121605,-0.0047505776390668,0.0050426632169355,0.0245921282793957,0.0077140343842447,0.0166406400979228,-0.01452264647288,-0.0057991244860531,0.0188746577298208,0.0079482644352375,0.001111713341066,0.014062298073485,0.0040512419791034,0.001379329602309,-0.0004200745321343,0.0098774610651006,-0.0261697452261869,0.022032888027111,-0.0054645696482521
2019-12-09,-0.0092179844350814,0.0036165397620053,0.0089487573801543,-0.0068425274906269,-0.0014436006042126,-0.0090026429589027,0.0040733324785975,0.0,0.0037498295523463,0.002672236955985,-0.0067021765342394,-0.0052774403953312,-0.000881636366024,0.0032185045289894,0.0019773120662889,-0.0010374718228396,-0.0003491645321389,-0.0008988837642589,0.0097548020038527,-0.0061828612222587,-0.0087752054082472,0.0037808167163487,-0.0008076413098863,-0.0054944559168508
2019-12-10,0.0057129088508887,-0.0048247152733731,-0.0055836069347485,-0.0024364681715365,0.0108559054073986,0.0003477707071173,0.0107817281315742,0.0100101283894433,0.0034869673189157,0.0036371521552913,-0.0215922387274134,0.0038880263878553,0.004400274883082,0.0019263271407254,0.0142193674682586,-0.0011872556687864,0.0015704526246986,-0.0008995795476112,0.0057471787143539,-0.0050163104917553,0.0011010420269279,0.0075187059032975,-0.0064831367783364,0.0109590255651029
2019-12-11,0.0175089587996133,-0.0036344808988804,0.0044693239063862,0.013757551677072,0.003328739797094,0.0034709107814046,0.0040133246246556,0.0029836929208637,0.0032267986971126,-0.0109341361547903,-0.0036444726995994,0.0040663448424753,-0.0014060784427956,0.0076679045022514,-0.0043912170815931,0.0015578097497028,0.0006967693218102,0.0098524868835214,0.0034624365577275,0.0031117870228554,0.0249969633449245,-0.0075187059032975,0.0225092320175031,-0.0027284830072508
2019-12-12,0.0112030634621858,0.0239821213318132,0.0121885666580652,0.035206861927981,0.0039486510058885,0.0034590651572932,0.0073163408073799,-0.0039801634038387,0.0276202187106364,-0.0005688527954088,0.0044525720471577,-0.0203343587258069,-0.0063515058338738,0.0220341988631718,0.0087633580829518,0.0131808974077225,0.0062523222884798,0.0053332763800084,0.0116541039539908,-0.0001414331245879,0.0473408737266347,0.0223889285098382,0.0258938346056543,0.0054495416476462
2019-12-13,0.0091837921975503,0.0,0.0701670189609091,-0.0116823885725505,0.0001575471121877,0.0089377319598873,0.0059465423287994,0.0049725650412995,0.013647749654913,-0.0214533526488702,0.0255197019455861,-0.0008220977374691,0.0131869927143779,-0.0478255520039085,-0.0198268546496622,0.0130815240453072,-0.0055556957444218,0.0035396329306647,0.003706909658466,0.0035249308418086,-0.0061612463001288,-0.0148702226065406,0.0115519655261162,0.0081190310346282
2019-12-16,0.0105684091943523,-0.0035609806222349,0.0402467823298602,0.0334286317145364,-0.0029988812248409,0.0044393634134252,0.0006585133314449,0.0049481849744776,-0.0045285136286796,0.0252394318218867,-0.0083020474403032,0.0021687861327777,0.0152542876776391,0.0052114485325138,-0.0054535758384233,0.0064055663574045,0.0124569150784221,0.0079192648884034,0.0100132390191785,0.0030211316295254,0.0049661095689939,0.0258795976850462,0.0076277876215127,0.0133872648852442
2019-12-17,0.0063625535956459,0.0118203841106609,-0.0330856199400817,0.0052624814780193,0.017394494962613,-0.0058090882248946,0.00197307174483,0.0156712400767222,-0.0023917079991204,0.0062670949091883,-0.0204539001632002,-0.0002954281455136,0.0006878130194993,0.0058309989701088,0.0061950540155333,-0.0391375751396791,0.0053161761245519,0.0026258428405285,-0.0075006230193048,0.0016827553444125,0.0117180147772333,0.0216613725022123,-0.0053332005928568,0.0105821199557056
2019-12-18,-0.0091311387814521,0.0266685413182572,-0.0123079639303198,0.0227527966145517,0.0058858914819865,-0.0037768840832934,-0.0092410060964973,0.0038797902931957,0.0145013655067711,-0.0065763128623359,-0.0321147684261058,-0.0097329697413441,-0.0229536510179202,0.0255116014704166,0.0041906521002323,-0.0048610267122501,0.0008546960577402,0.0069685063225501,-0.0005907518113241,-0.0026653106724134,-0.0021971879497106,-0.014388856516579,-0.0007644354559854,-0.0052771962587067
2019-12-19,-0.0011645016656558,0.0147643505081214,-0.0135066416286493,0.0108338697424912,-0.0093095695757803,-0.0037911230651244,0.0,-0.0058254553625509,0.002357528893468,0.0009445499800335,-0.0050335228388367,0.0182985413946128,0.0146676660832847,-0.0012601443475959,-0.0017233118373707,-0.0023267743569705,0.0064725611194287,0.0034663444044502,0.00265538475315,0.0025953855229969,-0.0125163359545932,-0.0145985542884163,0.0106464690355756,0.0026420458453177
2019-12-20,0.0060473924714123,-0.0154611074913606,-0.0308043866389398,-0.0045391332331945,0.0038895465715538,-0.0017278767220147,0.0112101278223133,0.0019456650693552,-0.0132735280762892,0.0170033464854544,0.0016806309778569,-0.0065647203043659,0.0053593169772363,-0.0190967831276835,0.0014773505753402,0.0099444444628806,-0.0122995264275345,0.0056071325319226,0.0002945272183478,-0.0055493613734078,-0.0005177243118494,0.0,0.0037750071056721,0.0183010860344297
2019-12-23,0.0086476173081715,0.0150030764345083,0.0032310511809567,0.010455806622418,-0.0098307816728206,-0.0031180913447745,-0.0118735116575514,0.0,0.0196107777220881,0.0027135096298467,0.0220063140792978,-0.0059486821662089,-0.0058793107807781,0.0203569274752795,0.0036841344873432,-0.0047727660870764,0.0106001948529916,0.0051480569747597,0.0026475010050623,-7.019317429080019e-05,0.0049934759120575,0.0036695753442884,0.002258249404289,-0.0078022904318618
2019-12-24,-0.0040941934752609,0.0022886033753457,0.0085654435006992,-0.002642596969312,0.0001567318993966,-0.005567411881354,0.0033123966782988,-0.0048710575290371,-0.0077511639473653,0.0006393728818308,0.0073650210677622,-0.0082748685783702,0.0053618692472987,-0.000629772753774,0.0063539501928207,-0.0012718074919471,-0.0017022242186017,-0.0012845317676948,-0.0047113796652809,-0.0043771965229808,-0.0079323207631905,-0.0036695753442884,0.0127009974095793,-0.002614416545465
2019-12-26,0.0047697328917672,0.0214819139852446,0.0042551761584763,-0.007107489881057,-0.0075543522058181,0.0034834040094455,-0.001323563949009,-0.0068593443899174,0.0091540630538826,0.004547799598602,-0.026855632881845,0.0178214563338015,0.0020680100394918,0.0162502297693585,-0.0132420337735079,0.0073085308147486,0.0028920010038326,0.0051281495473363,0.0038296579078509,0.0013435381328248,0.0084473934498476,-0.0036833367757224,0.0014835456762583,-0.0052492286437139
2019-12-27,0.0011128642486202,-0.0044848476251686,0.0031797460250997,-0.0088966841841502,-0.0030059984348316,0.0006998460286355,0.0118499953773509,0.0088107040688156,-0.0205363099673245,0.0033431430452912,-0.0122183534927104,-0.0005550810378185,0.002922140093402,-0.0131046204068585,0.0019729233748089,0.002967760063945,0.0037301093685866,0.0118644279057265,-0.0035346819878268,-0.0017679786855682,0.0035988317398385,0.0036833367757224,0.0058416570104231,-0.0105821199557056
2019-12-30,-0.0060182924342928,0.0056026203449173,-0.0031797460250997,-0.0012660920743829,-0.0026973888604922,-0.0109058885318429,-0.0098653058077755,-0.0097943189957581,-0.0216985542229033,-0.0260181106464161,-0.0218564615536442,-0.0082663641728237,-0.0091386633440087,-0.0012571774924152,0.0039340217793237,-0.0118493874055802,-0.0069629702279954,-0.032972314036888,-0.000885480398165,-0.0047538047206154,-0.010489290347742,-0.0110907769102883,-0.0022717724442413,-0.0026632213194732
2019-12-31,0.0035547665065989,0.0,0.0105597354363333,0.0008706368770994,0.0068087161890311,0.0014139521025948,-0.0026472597722042,0.0156251049132052,0.0082528208453105,-0.0206099636644143,-0.0078295444321416,0.0099961139219937,0.0025949604612049,0.0025125755111321,-0.0041803466361289,0.0044878754873662,0.0050995713991497,0.0060762387257105,0.0041260097166047,-0.0004977378864419,0.0043122170320635,-0.0037243674140077,0.0007575260341283,0.0
2020-01-02,0.023014731954408,0.030804941012023,0.0248976038009498,0.0893951337102603,0.0051940284809091,0.0115891830053835,0.0092348458924087,-0.0029110880673082,-0.0121599018335456,0.06473629303819,0.027564246822413,0.0694712082894239,0.0082587438570453,0.0204912903588456,-0.0027144593763424,0.0208278828641228,0.0128035850192027,-0.0183408338571799,0.0154679280241509,0.0120233946924965,0.0328451970708836,0.0111318075485736,0.0187624220053024,0.0026632213194732
2020-01-03,-0.0162462858134162,0.0027067250040773,-0.0259485236116523,-0.0325004569923619,-0.0268890291534167,-0.0179677303811938,-0.0205645113244443,0.0019417767420075,-0.0108240528871967,-0.003924527681125,-0.0262550305457094,-0.0123670654651979,-0.0216514439988166,-0.0173591723181443,-0.0052026544304517,-0.0209025425947713,0.0078363679579611,-0.0084091674202384,-0.0142920535973338,-0.0105304787683815,-0.0335338916217669,-0.0186224778747721,-0.0119672713099905,0.0079469695423167
2020-01-06,-0.0079860845704589,-0.0262883766666943,-0.0021052213411372,0.0158674593754497,-0.0178981989742137,-0.0028479585007552,-0.0134953717238102,-0.009746698623803,-0.0052075905217576,-0.0020587153071538,-0.0013092162767036,-0.0018498286711254,-0.0017527663395409,0.0142811378467127,-0.004979964155285,0.0016407814912149,0.0123796319725948,-0.0125225132535815,0.0150159209576465,0.0001422871908882,-0.0116069286277471,-0.0113423695299764,-0.0113505801225743,0.0157071463722359
2020-01-07,0.0108015593106705,-0.0179172595314198,0.0021052213411372,0.0055750915274819,-0.0036185131296631,0.0056879106871186,-0.0095564704475483,-0.0108324248928748,-0.0007462567636058,0.0299645046448233,0.0138770527963214,0.0121762722430078,-0.0010529044666469,-0.0099129874839876,0.0052284975772836,-0.0043312262339556,-0.0092287109388484,-0.0004502629019458,0.0156489279052669,0.0052427951014921,0.0160749149748808,0.0037951021785616,0.0068257444096444,0.0
2020-01-08,0.0103218241856808,-0.015945650461723,0.0021007986932644,0.0082323335858118,0.0106532187280286,-0.0028399521863633,0.0088768570985831,-0.0009903231297117,-0.0064905401076562,0.0134136374756224,-0.0043158665952502,0.0090435501326551,-0.0017576178291727,-0.022671094497408,0.0150339127968806,0.0108672456079137,-0.011824605596673,0.0,0.0036967931426326,-0.0024762577629786,0.0073460982325745,-0.0114287901711273,-0.0007560685722689,0.0025939396621937
2020-01-09,-0.0016908453956041,-0.0173718812056102,-0.0021007986932644,0.0217454386590754,0.0190544073053762,-0.0035611967440245,0.0288126642408497,0.0379236868836767,0.0015018911790352,0.0202996184787407,-0.0025985884217658,0.0219916441979286,0.0103247970458699,0.0031795143032884,0.0087678736800973,0.0150622256202526,-0.0001675474857707,0.0,0.0080573405131256,-0.0046154326768661,0.0081369643542958,0.0038241917498812,-0.0175508378909279,-0.0025939396621937
2020-01-10,-0.0174044365629555,-0.0224462808388654,-0.0105710870177961,0.0255821776475917,-0.0099663404641794,-0.0111213238432221,-0.0066270067566245,0.0160912902273624,-0.0042603592726297,0.0350363567809104,0.0303248089487127,0.0015944693833045,0.0213581138949039,-0.0070085083693387,-0.0043742659049921,-0.0010944983233489,-0.0112901162015792,-0.0018025157652874,-0.0023963044778856,-0.0055665812147003,-0.0062663307137587,0.007604598421246,-0.0015411444841073,0.0051813643459999
2020-01-13,0.0176367247755449,-0.0023920649528961,0.0010622713921653,-0.0156923406060771,0.0152306690519963,0.0114780885725647,0.002656114329163,0.0213664004912867,0.0099952649648566,0.0317832332992917,0.0448358100039709,0.0308546439665251,0.0049299200288608,-0.0102830159378275,0.0133062782522102,0.0098071921515119,-0.0008476793349276,0.0218612950105807,0.0109474122559745,0.0059223913561279,0.0201822953377441,0.0037808167163487,0.0266279736779981,0.0128370637013572
2020-01-14,0.0036424118437725,0.0035862385105187,-0.0063899226274721,-0.0157282825478475,-0.0006364877075295,-0.0057226585518397,-0.002656114329163,-0.0018399540050619,0.0143174627132509,-0.0581325664117482,0.0155660450872527,-0.0017751012558093,0.0102911635027829,-0.007131291088954,0.0067064178609128,-0.0078380192063196,-0.0006784943258928,0.0044032784349532,0.0115191573787494,-0.0013526888556496,0.0043197364130058,0.0112571209612645,0.0097121842922265,0.00254780722604
2020-01-15,-0.0081975203648845,-0.0315179310417856,-0.0139860560130999,-0.004580593601732,-0.0055880299136732,-0.0097315027063302,-0.003997347786794,-0.0009213003917714,0.0031814434190646,0.0120575725781035,-0.0075532275646046,-0.0093006667600183,0.0460849728632957,-0.0330717340772592,-0.0071874724525806,-0.0062124357685311,-0.0016989212811244,0.0074416567224222,-0.0120777403385514,-0.0072213146920283,-0.0325189342553224,-0.0112571209612645,-0.0142269997653894,-0.0442203511879499
2020-01-16,0.0033269945386473,0.0146700481728339,0.0032450307996514,0.0006454989422506,-0.0132153204326428,0.0010860959734135,-0.00066768206695,0.0,0.0046312810340736,0.0097706538459227,-0.0088176649486566,0.0127908552060675,-0.0174619332840921,0.0013439846609082,-0.007966127638042,0.0065037409408716,-0.0008503351032334,-0.0092005758475686,0.01414549705397,0.0052960203796681,0.0061462688640352,-0.0037808167163487,-0.0075700901089987,0.0105821199557056
2020-01-17,-0.0034601453822675,0.0239820860630932,-0.0152343242124977,0.0008598718879024,0.0016210903956044,0.0050521363120368,-0.0073753379880514,0.0027612543968333,-0.0024349121267865,0.0097800471024731,0.0222938957978899,-0.0008853894245772,0.0,0.0179705621129726,0.0284332948667791,0.019261340471357,-0.0039210999867442,0.0017589191251463,-0.0019298775641312,-0.0004283896186016,-0.0028977667968228,-0.0037951021785616,0.0350914373714656,0.0078636451891789
2020-01-21,-0.0054808970940012,-0.0635914653818221,-0.0088107138553481,-0.0181421942854074,-0.0438703502890738,-0.0068629243719975,-0.0101452896424296,-0.0027612543968333,-0.0219356053407593,-0.0218563942930289,-0.0604523839175246,-0.0260936630786359,-0.0027767854683298,-0.026062024085053,0.0030578093106301,-0.0030056822675224,-0.0186211907629001,-0.0048446856260691,-0.0048405383381866,0.0165715546255924,-0.0058209205723245,0.0075759188949103,-0.0282757696681543,-0.0131408414478856
2020-01-22,-0.0072312023539806,0.012547536749514,0.0131870651271339,-0.0169184099696222,-0.0032205821928408,-0.0054515347316024,-0.010936627579384,0.0173600613758537,0.0111513494496491,0.007097437162967,-0.0670230995049934,-0.0019385810445786,0.0029398267990221,0.0,0.0,0.0002868318334083,-0.0003483880626364,0.0096662328410763,0.0034598679307191,-0.0057758789437016,0.0018867788802441,0.003766450635066,0.0127485410697261,0.0026420458453177
2020-01-23,-0.0065361037037234,0.0319043114973243,-0.0154019267332823,-0.004461019320149,-0.0027201483882497,-0.0010938487867919,0.0061665596413784,0.0018098792237499,-0.0209173363601884,0.0002713839202312,0.0203636554772779,-0.0154351620628174,0.0043933841876615,0.0094338576078019,-0.0054159731905292,-0.0103703890411273,-0.0006966265440579,-0.0052610146140685,0.0028971753830533,0.0105402578525133,-0.0150220654467347,-0.0113423695299764,-0.0089821077240694,0.0
2020-01-24,0.0051171784343075,-0.0145989102959833,-0.0022195140439555,-0.0317967513416279,0.0083071899389173,-0.0191533502947387,0.0013651230404034,-0.0027163573337563,0.0,-0.0041543668136574,0.0108957278966523,-0.020480747720093,-0.0083150289225657,-0.0094338576078019,-0.008299026468272,0.0066379732090267,-0.0040150476841995,0.0017563816604102,-0.0098290608076045,-0.0020989444353904,0.0043398404575953,-0.0153260333691344,-0.0351987378753175,0.0063359127564811
2020-01-27,-0.0398251106092031,-0.0298529379508549,-0.0179378031464689,-0.0290327964324301,-0.0199512097578238,-0.0161205289018862,0.0088286295715205,-0.0036327063138039,-0.019053032464416,-0.0102250240020067,-0.0047795273809292,-0.0185777589079823,-0.0185067792788542,-0.0386524359533935,0.0515074828914494,-0.0204141744838404,-0.0190715335471818,-0.0194953501094534,-0.0079614736218363,-0.0119796508938332,-0.043727654059392,-0.0313751215421095,-0.067658594044752,-0.0159154574344053
2020-01-28,0.0205417104908738,0.0062937037459451,0.0090090883275042,0.005134101781218,-0.0010340568783613,0.0011331862345063,0.0047216049685112,0.0099592291133281,-0.0131664866493421,0.0314045077172364,-0.007870543414973,0.0177853932998912,0.0061517297766346,0.0202029643065462,0.0060874373172397,-0.0282106205187941,-0.003035379525782,-0.0130600737188051,0.0099073075609794,0.0107178400610274,0.0325796037490806,0.0118813603076106,0.01488848888221,0.0053332796482491
2020-01-29,0.0203306185791571,-0.0241282143619681,-0.0033688621509895,-0.0036306202603686,0.0018949077739849,0.0022624407742788,-0.0087867253694238,-0.0036101654657678,-0.0210090762138785,-0.0090968379863172,0.029839992445118,0.0165145422825983,0.0056199153467431,-0.0090060440377175,-0.0029264557238835,-0.0061338970991782,-0.0034034324041249,-0.008650248315396,-0.0030594413712288,-0.0072501518338876,0.0017502854965196,0.015625252276988,-0.0190638052394636,0.0
2020-01-30,-0.0059606863871586,0.0038490011105489,0.0145170910139098,-0.0057888695783541,-0.0089888946005394,-0.0052869838568869,0.0,0.0,-0.0061228008693836,0.003687471777237,0.0089078422966699,-0.0161794134661317,0.0032910878927672,0.0083158716296587,-0.0047452272299484,-0.0051784721116705,-0.0345019813607003,-0.0110345678283212,-0.0092347506125767,-0.0033260307520137,-0.0246053358551541,-0.0476278457084445,0.0050082917055072,-0.0160860728818663
2020-01-31,-0.0477273478231961,-0.0233175479582945,-0.0246925154321138,-0.0174894176741391,-0.0053973192113243,-0.0311502780136594,-0.0102354213715889,-0.0090826423041803,-0.0248730594103321,-0.0121133901825167,-0.0291366069741458,-0.0223201974079252,-0.000657293755979,-0.0265746599553369,-0.0107023621916737,-0.0015283438317741,-0.0318926404347661,-0.0196086299055711,-0.013586310472915,-0.0160049096065382,-0.0339014934773,-0.016393875295933,-0.02358988027304,-0.0191001740010752
2020-02-03,0.026371770493422,0.0156051114432771,-0.004555724355459,0.0545697892790837,0.0048762048679318,0.0112642599676506,-0.0103414062501645,-0.001826511404082,0.0106197352382091,0.0223427699863654,0.0004346980651841,0.0268831845328811,0.0021347352958973,0.0063580565311114,0.0095693177433759,0.0141987498181315,-0.0176036414392632,-0.0009435224268066,0.0042656237640255,0.0005760804033645,0.0152702016791468,0.0123205167195963,0.0143885483103911,0.0
2020-02-04,0.0376965950109822,0.0019349379526554,0.0124788073374229,0.0067210947424252,0.0238617660108295,0.0069285116656914,0.0273427657128082,0.0145193191740302,0.0008122645463815,0.0459499866857271,0.0299679474694265,0.0393663741349126,0.0102816336453566,0.0119007317945667,0.0386972833566492,0.021185269667713,0.0079696804730904,0.007522664594616,0.0351304506198317,0.0145068716878471,0.0489899701212661,0.0202027372537276,0.0273536207223912,0.0191001740010752
2020-02-05,0.0234178651244052,0.0140757140214569,0.012325136342451,-0.0047306293679847,0.0005087603167215,0.0091638522195505,0.0147259273100632,-0.0054200446895178,0.0187673388117768,-0.0491113454837384,0.0029480586737911,-0.014340858357932,0.0447694588567539,0.0041666910010811,-0.0296681039324107,0.0142178663174474,0.0248579612430623,-0.0023445679075173,-0.034704845301853,0.0054482840991267,0.0069300766041662,0.0353669759885644,0.0170251935285747,0.0107527932336172
2020-02-06,0.0104890302252762,-0.0115020137434542,0.0110742836297028,0.0182643372633641,0.0101215701924841,0.0090806380176537,-0.0006647721898986,-0.0072727630804303,-0.0026598043440535,-0.0071872644025345,0.0228652335220824,0.0263766398807874,0.0040284174736737,0.0137647927039352,0.0071655736607283,-0.0067905580123008,-0.0154157746105663,0.007483606403849,0.0146418976848656,0.0149176831700073,0.0017252254620419,0.0489742175496054,-0.0032206417716558,0.0026700944694597
2020-02-07,-0.0149056275856374,0.0025678757870672,-0.0011020699608266,-0.0170413480421371,-0.0138587135863414,-0.0022624407742788,-0.0066710850931595,-0.0100872982954234,-0.0139447971893509,-0.0379386436828044,0.0053289391698192,-0.0207687235166114,-0.0222022438782532,-0.0034235585839448,-0.0148351850846299,-0.01053221934733,-0.0067352822064536,-0.0173921201870999,-0.0206164968472322,-0.0105525126611638,-0.0318710508332702,-0.0110907769102883,-0.0294619978243542,-0.0026700944694597
2020-02-10,0.0153257439841025,0.0051148429579117,0.0033023770141762,0.001068860890129,0.0015305737603386,0.0086449598333691,0.0053404761246227,0.0064310371542877,-0.0155127688492373,0.018723891360711,-0.0106864281403891,0.0368404720542763,0.0061471006100179,-0.012422465071503,-0.0031753202054525,0.001257814850061,-0.007753439918805,-0.0071374292752923,0.0011408312712579,-0.0074746952973594,0.0144851781989285,0.0110907769102883,-0.0372292878988695,-0.0053621471613644
2020-02-11,0.0202344657020203,0.0050891586361923,0.0131005530896224,0.0221862582409482,0.0116566383558769,0.0074572871968481,0.0132277293941971,0.0027433706411121,0.0,-0.0100928222089811,0.1919172019209356,-0.0043498465012943,-0.0086798563116605,0.0287495393735848,0.0115188931212686,0.0097139194833939,0.0116077796329139,-0.0009557537949884,0.0021353201780898,0.0058576056108021,0.0283561335927919,0.0182154053780715,0.0272123528663528,0.0080322416308241
2020-02-12,0.0045148927672986,-0.0140578122551515,-0.0010851330755659,0.0257860158449947,0.0045245095644514,0.0088757833188957,0.0085050400413355,0.0243583440794723,0.013350031570865,0.0713616071446221,0.0212594834252297,-0.0076076656709807,0.0039546428668701,0.0067248965315085,0.0031392370741962,0.0117217575261996,0.0126148428974706,0.0180016968535317,0.006379087177355,0.0022491008852716,0.0164007021004479,0.0143371008278915,0.0166394599471242,0.0158733533908069
2020-02-13,-0.0005986287943402,-0.0208068266746561,-0.0065362924778471,-0.0169440576513553,-0.0013385593325434,-0.0029499064279683,-0.01708316744641,-0.0107526458095006,-0.0144475972228041,0.0263843294889838,-0.0164959700777092,0.0171357739217539,-0.0095177314985788,-0.0196284122496455,0.0260729683060341,-0.0051522333132396,-0.0140218309038879,0.0014072355740046,-0.0166707615987151,-0.0093813637097914,-0.0050437166088217,0.0,-0.015800751751609,-0.005263104927408
2020-02-14,-0.0029993487148871,-0.0079159263347303,-0.0076794345895589,-0.0045226053106954,-0.0167133674146024,-0.0111400900219083,0.0,-0.0081411233208625,-0.009934060377406,0.0226766187746303,-0.0377011015550405,0.0008746111746331,0.0112528987108602,0.0006834606355523,-0.0087623784426043,-7.284251221673088e-05,-0.009854241047138,-0.0070568943574582,-0.0111248373285932,-0.0067559632542222,-0.0194017726507489,-0.021583507816881,-0.0050421790171593,0.0026351145015466
2020-02-18,-0.0227673518517566,-0.0289482217103125,0.0,-0.0029024366305661,0.0001701519508556,0.0100315214971065,-0.001326262526661,0.0180022446997174,-0.0247061725029205,-0.008965111991297,-0.0124137211565855,-0.0053720707246274,0.0100360579581622,-0.0054794892083109,-0.0041890773513499,0.0023254752767529,-0.0055609076465219,-0.0061570071571424,-0.0323346323980775,-0.0055092298339411,-0.0351522257329994,-0.0257841427133781,0.0125577734591255,0.0
2020-02-19,0.0262080928613839,0.0162602300867198,0.0,0.0120747045896312,-0.0052906089862414,0.0011085685248017,0.0059544107879694,0.0079963548875352,-0.0054155037360148,0.0194270317661198,-0.0078825639931685,0.0113884058933804,0.0007798801354517,0.0224115225243874,0.0085799192810118,0.0139841912750728,0.0001991475510592,0.0,0.0064318658000561,-0.0111104889843582,0.0256557727371049,-0.0074906703261984,0.0024929847121022,0.0078636058618288
2020-02-20,-0.0124277650358797,-0.0176273676466325,0.0260882341633552,-0.0249760683965165,-0.0080749076735111,0.0091896075193438,0.0,0.0052957660735972,-0.0045832651314028,-0.0002019260065981,0.0269711255191613,-0.0196723103934912,-0.0098707066275607,-0.0334615176070767,-0.0176799056564642,-0.0091324054508765,-0.0120195130063769,-0.0274516775907867,-0.004932435315923,0.0091715063421133,-0.0203302365920921,0.0,-0.0167369316315422,-0.0026143152721552
2020-02-21,-0.0241188596553021,-0.0096224702969995,-0.0053790450105766,-0.0202859359616089,-0.0077930311806251,-0.0102981760441456,-0.0072823690919956,0.0043916661852696,-0.0241186111595701,-0.0094576520762208,-0.0126851137732288,-0.0139318057974335,0.0053391327304046,-0.026030486879589,-0.0011155757959651,-0.0130881813975705,-0.0091099848320905,-0.0177347845305559,-0.0120592461975541,-0.0005034922321698,-0.0158833234873942,-0.0151518657726609,-0.0369616959967487,-0.0026213001638122
2020-02-24,-0.0523252572101009,-0.0337112293388444,-0.0669145599542961,-0.0310630236255304,-0.0163004116355138,-0.0380529694248159,-0.0441498972445808,-0.0167922627157564,-0.0668942683141429,-0.0882578240674307,-0.1061488513621427,-0.0294448496330366,-0.0410830474271262,-0.0701133328559628,-0.0269217241717214,-0.0426900946979236,-0.0391966692372975,-0.0282273407605386,-0.0309565333473487,-0.0332717803540019,-0.0267995007340653,-0.0231671214126267,-0.0782929992120919,-0.0265972517051575
2020-02-25,-0.0202100561201508,-0.0172912925054935,-0.0245195710022243,-0.0111884929155596,-0.0154930915673623,-0.006936343383145,0.0013879278396289,-0.0179861602464312,-0.000628912171396,-0.0667088160878384,-0.0215233861556134,0.0087090585934923,-0.010828742747619,-0.0200782338109044,-0.0217903802026842,-0.0242764444745358,-0.0296222143785529,-0.0056395750177853,-0.0054896921271883,-0.0034259169694079,-0.0048155616012284,-0.0039138663814235,-0.0239589980007988,-0.0135686631148403
2020-02-26,0.0060607934422165,-0.0131674275860311,-0.0047393900709977,-0.0071783135616003,-0.0052182423216429,0.0183912905583665,0.0013860724649794,-0.0018162485916373,0.0093955060811983,0.0032486662425927,-0.0398655341520139,0.0232253516016465,0.0078871380206511,-0.0212853775598396,0.0095628055155874,-0.0069106442211888,-0.0032731784099069,0.008702324922361,0.005646219782232,0.0081733753686297,0.0214902263726766,0.0039138663814235,-0.0126892049469369,-0.0054795357759152
2020-02-27,-0.0322627185398749,-0.010362819221098,-0.0336124083402016,-0.0298235057467044,-0.0079695844169611,-0.0160740627177031,-0.0252467580926625,-0.0351562468822055,-0.0109701609315036,-0.0520388304120249,-0.0237601101227489,-0.071670919819808,-0.0267034778924237,-0.0381695756029447,-0.0232484987548056,-0.0166068743021625,-0.0403665357018439,-0.0005100739391554,-0.048876220474157,-0.0279911395054535,-0.032129771290374,-0.0277245796563003,-0.025872180389949,-0.022223283074942
2020-02-28,-0.0018774826760612,0.008889089123707,-0.0180185055026782,0.0005835982722315,-0.0025490831687275,-0.0100815567640606,-0.015027036257126,-0.0531783761443693,0.0168753912317427,0.0263660559877498,-0.0120952092118051,-0.0100526976641708,-0.0231265425511777,0.0016542674377209,-0.046938765794577,-0.0099846854249729,0.0020459727850927,-0.0206085740308199,0.0212859335243433,-0.0049588998586678,0.010267830651665,-0.00402398213022,-0.0101318417983957,-0.0313861789724723
2020-03-02,0.0382176133685101,0.0160936798513442,-0.0249848249922857,0.0065627922871387,-0.0036529313412003,0.0112385147103548,0.017155420166754,0.0283914488480072,0.0034029610467243,0.0414638945600085,0.0524877033891582,-0.027515539033855,0.0501573410643443,0.0317228817619099,-0.0007472627062843,0.0236715384898777,0.0180061462422749,0.0160087338655881,0.0310250961225686,0.0148791621244148,0.0389780532984134,0.0199606397493142,0.044806087905824,0.0115275799144107
2020-03-03,-0.0111577931956476,-0.0348732670056073,-0.0533276980879269,-0.0234575172898718,-0.0171639055506127,-0.0143609532931314,-0.0135571707121706,-0.014584544041142,-0.0240674852249531,-0.0274400806298924,-0.0625336292219844,0.0298973677634624,0.0061980342872258,-0.0267765018046617,0.0258285293647615,-0.0218119876223292,-0.019597157541551,-0.0170502783679102,-0.0153923895241137,-0.0133507154838836,-0.0198458120092901,0.0078740556557825,-0.0048804590581184,0.0
2020-03-04,0.0591047763247836,0.0030029685097472,0.0111731407798758,0.0287429125177212,-0.0138709108399619,0.0155163086668155,-0.0247285062718738,0.0251464332565563,0.0433369578793505,0.0452219244615283,-0.0481100464420745,0.0525289898174596,0.0519596347366495,0.0138835673339212,0.0362460479873125,0.0149124424664508,0.0300266220669676,0.081524659613724,0.0251636937329902,0.0068493821788919,0.0393049698961363,0.0308904840367347,0.0327265962883749,0.0198585990580616
2020-03-05,-0.0453066181022281,-0.0428857970472433,-0.0440099030527101,-0.0264568385860552,-0.0285268319400708,-0.007727970946656,-0.0398099487382457,-0.033012751451483,-0.0310746030947464,-0.040192376411869,-0.009720006585816,0.0125142564179361,-0.0286561747019016,-0.0490335168285673,-0.006814656548935,-0.0354778573875425,-0.0352727086972461,-0.0228330925732525,-0.0210567539685961,-0.020303345658255,-0.0239352008507824,-0.0269766176553112,-0.0425596428378178,-0.0112994160465392
2020-03-06,-0.0004856882466048,-0.0431716971008524,-0.022011373240335,-0.0388013160360349,-0.0017493861555193,-0.0279271435208223,-0.0107859481695791,-0.0351620713126705,-0.0307813878341658,-0.0215238550252632,-0.0287823887825466,-0.0139706139618409,-0.006374428830755,-0.1097235805049499,0.0028256562909847,0.0017299664172458,-0.043464389943046,0.0088063288427431,-0.0050567644425423,-0.0163087825430299,-0.0119135464699877,-0.0237163917023875,-0.0600687723690049,-0.0028449527443282
2020-03-09,-0.0877344318901496,-0.1086338862974232,-0.1129724109455265,-0.0643626638722443,-0.0439478993407576,-0.0732186717606153,-0.0755986614834234,-0.0742651331069046,-0.0745790806843107,-0.1299229404429596,-0.0943053778106568,-0.0455161999053199,-0.0508305581980241,-0.3708984516620338,-0.0588334616069614,-0.0858073078902421,-0.1884065920784481,-0.0438102540009293,-0.0754982660131191,-0.0345772353279594,-0.0606356696793675,-0.032523253973324,-0.1787603440252547,-0.0769610583727826
2020-03-10,0.0583241720967784,0.0532034497395763,0.0262310121488698,0.0481425503289258,0.0300383375482211,0.0407879606081826,0.0417237972234216,0.0120417975383095,0.026046664286484,0.1044761872339421,-0.0089828912930514,0.0107128684634192,0.0263937111321181,0.0983109454640027,0.0260904576261222,0.0565751354102417,0.0636729865921554,0.0330363111761631,0.0302899695762373,0.0336327243079459,0.0504148170680003,0.0244910838891911,0.1650251312898136,0.0152673992667467
2020-03-11,-0.0574528976190205,-0.0960005201765425,-0.0514634914290577,-0.0332516426710371,-0.0464355785102368,-0.0296909143848109,-0.0400543447990036,-0.0320646304247271,-0.0187815264171247,-0.0841520051236228,-0.093401192079614,-0.0018805942160158,-0.0529848583805185,-0.1564420353904785,-0.0243463468759785,-0.0465804093869435,-0.069166608552337,-0.024421605157018,-0.0430138238475397,-0.0336327243079459,-0.0425355874625097,-0.0538432563322014,-0.1006434653079928,-0.0496995235577752
2020-03-12,-0.0927203641813072,-0.1672275246794277,-0.1604168676064414,-0.089323516748009,-0.0782015541401119,-0.0938254314855266,-0.1374710624939537,-0.1003791896632833,-0.1207606852502229,-0.0926263401340392,-0.1245805783918898,-0.0820822513940404,-0.0803593896281027,-0.2286331996583063,-0.0685129518821656,-0.1045519012248776,-0.1620586503095733,-0.074884696243668,-0.0946699993317299,-0.0901927734089493,-0.0703749104674833,-0.0302399163002545,-0.1715563829840194,-0.0864324327378249
2020-03-13,0.0651225519965912,0.1557544884876114,0.0769609351858495,0.0129461480943273,0.0632106024954812,0.0244078572682324,0.0852554706888044,0.0401757937939306,0.0871088779155719,0.0649555204139922,0.0078896424326568,0.0721908784747569,0.0599418391738768,0.1884194194927881,0.0353579277847155,0.0658991677528213,0.0252495386196431,0.0097402803141295,0.0689040233329909,0.0352882310840616,0.0701833889687324,0.0302399163002545,0.1948132416480776,0.0606245445841911
2020-03-16,-0.1135885892245402,-0.1602584883561968,-0.2465637873601212,-0.1118182160620717,-0.0998515539700668,-0.0814841395635399,-0.1016571715375063,-0.1284302294224604,-0.1304296237257798,-0.1365413765839607,-0.0489866797267297,-0.1213255984550407,-0.0756010739832655,-0.2258068172170173,-0.0842546745848908,-0.1056169859962885,-0.1722658496911551,-0.0954178870774136,-0.0859788721779168,-0.0688209930695569,-0.1512192930425202,-0.0479395652038883,-0.0964601419080033,-0.1031841628086336
2020-03-17,0.0384050963080397,0.0697447601284741,0.0070837880573169,0.0160392462020251,0.0801497140560121,0.049119298371675,-0.0306195843491496,0.0656405022758095,-0.0036621991680942,0.0487983052915605,-0.0450146567890046,0.0428992548201461,0.0482556894027861,0.0281706269701332,0.0376366630035469,0.0545909173226446,0.0133387373857849,0.0187801926689328,0.0658921677064943,0.0914487344827099,0.077950481994907,0.0264333276009142,0.0336059238832218,0.0072200672737012
2020-03-18,-0.1905450849906484,-0.1844293843060229,-0.0936643412754552,-0.0860042695944578,-0.1256768018635146,-0.0146752122750823,-0.0869201938538495,-0.0683579354733869,-0.0691968782032756,-0.0817543238003972,-0.2431260584549059,-0.0895688377526786,-0.049968391847655,-0.2254610043786999,-0.0651678773406123,-0.0601452319202735,-0.1713143896091584,-0.0811091212494425,-0.0074554472627608,-0.0240053746560269,-0.089824430382567,-0.0399165637898539,-0.0989887229949231,-0.0554670970281961
2020-03-19,0.0829632720045685,0.0372713718267589,0.0153848460492127,0.0692957812305605,-0.1260043396676922,0.0080743593332983,-0.1319696832548302,-0.0303889790836422,-0.0598602617929575,0.0248128601840198,0.0271510070332756,0.0739282541562595,-0.0153554122480241,0.1604286999962396,0.0207895878684252,-0.0295185946954905,0.1061001332002504,-0.0216710347208213,0.0110719792947659,0.0184384404462596,-0.0014346037732928,0.0090091430002005,-0.0301808142893809,-0.0230780520837659
2020-03-20,0.0096250178904329,-0.0839112913674261,0.020152030903743,-0.0107696693829755,-0.015530061762,-0.0191030035080395,0.0012477245107707,-0.0270095359299329,0.0444517580078573,-0.0232439046868471,0.0904281879059065,-0.0212418480134348,-0.0442935378409785,-0.0423877225482533,0.0378864213782152,0.0018045223118248,0.0423515476336167,-0.0136231712238066,-0.0431563573852873,-0.0150839321155542,0.014476354270434,0.0,-0.0282502798371013,0.0344204266999528
2020-03-23,0.0759409602799072,-0.10330009302905,-0.0433190173950106,0.0284653140435242,-0.1775259339125003,-0.0433562856691365,-0.1504170038592256,0.0256060062509959,-0.0641245368119971,0.0104774859840466,-0.0780056374217288,0.047074712418158,0.0190253635224229,-0.0838300522066536,-0.0046239332945163,0.0417462053270965,0.0674501434643062,-0.0571198576525948,-0.0030198823492919,-0.0471171050250589,0.0162608495636447,0.0,-0.059014223473703,0.011214979221657
2020-03-24,0.1098068252332362,0.1699912447120994,0.1406673294899711,0.0555431750215102,0.0963414059920793,0.0904462491766282,0.0341912842729108,0.0834939702084054,0.1264700556752007,0.0683007046105288,0.0853197822068945,0.0804441499650083,0.0025754278817875,0.1967904323966505,0.0400802018225101,0.0749286901348176,0.1796466414673547,0.0771658714628023,0.0746480260181567,0.0461720570541341,0.076740162641125,0.0309074207896534,0.130868162262836,0.0110906897949327
2020-03-25,0.0071226138489981,0.0809964472628055,0.1051341874549596,0.0050685173688584,0.1147133168843121,0.0467289621797104,0.1112256387452077,0.0565121192356814,0.0719619036836616,-0.0151136504558895,0.1809710996953373,-0.0504435103731193,0.0479040350634298,0.065919065859749,0.0465676129598129,0.0040494203370506,0.0671432107390552,0.0031959373310535,0.0118591105307972,0.0415816074954085,0.0026565354562908,-0.0043572683407429,0.0695261553675787,0.025409903208036
2020-03-26,0.0514269404696881,0.0203856633988581,0.051598638980165,0.0493206684210907,0.108005612465801,0.0387477893245553,0.1068631605735088,0.1053605018022878,0.0664036088129353,0.0142152828784158,0.0194050892340524,0.0320876888313872,0.0681627276978948,0.0017224536846252,0.0092075083269329,0.0798981441171013,0.0170354667437502,0.0158280120895049,0.0477330431948939,0.0407921398059194,0.0175993769955664,-0.0043764103565375,0.0342331458456994,0.0725705311022051
2020-03-27,-0.0881522990707939,-0.0915057745886642,-0.0700985944622225,-0.0420217503719637,-0.0474443551403025,-0.0163230892040138,-0.0297164115141388,-0.0670320996221811,0.0,-0.0377364103656754,-0.0671485413587649,-0.0535904950827794,0.0134337175752681,-0.1128470066103263,-0.04509377476635,-0.0440810685344521,-0.0989239515494042,-0.0145526515461105,-0.0159213101540003,0.0070984236561031,-0.0611890132063877,-0.0540672131469689,-0.0594233908416288,-0.0100502535223623
2020-03-30,0.0592124454504716,0.014634560023002,-0.0359065854242244,0.0134298461021433,-0.0140904419358864,0.0137635045127053,-0.0246635949095845,-0.0023533104929187,0.007593605069271,0.0039377133333111,-0.0950975688518296,0.0182822406148783,0.0590369603235556,0.0057637304340409,0.0423651129288915,0.0234797709380778,0.0553307541177843,0.0375279222890232,0.0142274743539188,0.0016385200063071,0.0192132582532162,0.0273990451023847,0.0251902449959293,0.0133781282020554
2020-03-31,-0.024129149491527,-0.0170945561878423,-0.0261452768450107,0.018424512243139,-0.0077701209116747,-0.0414272724528963,0.0106446495015308,-0.0335360299722973,-0.0207469859326474,0.031794870729076,-0.070218420968986,0.0447619961244041,0.0003322594970724,0.0522507712364432,0.0017373108965927,-0.0214868796169076,0.0424473715443882,-0.0012285112299146,-0.0165901976116789,-0.0429972000133274,-0.0006274963899102,-0.0227801383652411,0.0306209074449415,0.0294620375931914
2020-04-01,-0.0494765536603951,-0.0714588745144397,-0.1120050434078048,-0.0313423205236107,-0.064434361953344,-0.0634112191858116,-0.0962518475543698,-0.0537965275352188,-0.0911995392527136,-0.0881842735281974,-0.0470776012112192,0.0075117490574578,-0.0075032165349897,-0.0164991460632313,-0.0195300602603705,-0.0460203828061223,0.0119657074021093,-0.0439768124513979,-0.0401675540188439,-0.0273829036536099,-0.0271492038359011,-0.0046189067371435,-0.0170319224927861,-0.0261454513569854
2020-04-02,-0.0069717507810578,0.0034358237882492,-0.0099256383908226,0.0193648882449997,0.0410215717284279,-0.0095331131205669,0.0192437324814096,0.0165713270510663,0.0278128196612947,0.0341273028783382,-0.0123457818312338,0.0236525795086457,-0.0073912951804575,0.0713316510030735,0.0227482235977971,-0.0051299796496637,0.0983695644669251,0.0555871028207093,0.0355947143258537,0.0094660245030855,0.0342384058314606,0.0183491358619632,0.0,0.0
2020-04-03,-0.0108560534402659,-0.0654184917076684,-0.0303821528255439,-0.0242910411019812,-0.0826411270458673,-0.0500840918645684,-0.0848190451514983,-0.0452566035431212,-0.0253983425592143,-0.0183143190497157,-0.0278920836691458,-0.0186556424099082,0.0088965216500467,-0.0086429948119012,0.0169100737957368,0.0019031044772512,-0.0723721876126219,0.0054529501001852,-0.0245737850310501,-0.024225903436208,-0.0224820909662231,-0.0323353365336934,-0.072504870753945,-0.0336729675486045
2020-04-06,0.1029329933689791,0.1092963862035211,0.0837929647725657,0.0573756378716892,0.066001000346993,0.078414622885802,0.1049454842285435,0.0873420838414202,0.0732178180236826,0.1077209245493762,0.1551929008262997,0.0380364559486841,0.0136102192758316,0.0638870081775793,0.0285085269283076,0.0628199608334902,0.029634060281571,0.0603756144842844,0.0573032249935749,0.0624438741610662,0.0599991767974441,0.0724298241752366,0.0675845577347427,0.0468312212528159
2020-04-07,0.0053706864682716,0.0396093501853846,0.0685198698516056,-0.0112344414828724,0.0018925998576899,0.0101900170196489,0.0330709853641244,0.0156347404094929,0.0100353041178249,0.0378207748446079,0.0216391543694496,-0.0319933395533666,-0.035574309721563,0.0288944674443443,0.0517773017195053,-0.0016085141696473,-0.001877158474433,0.000568742449178,-0.0034558873212966,-0.0041751433991938,-0.0050155605910675,0.0043572683407429,0.0327502459381843,0.0097560949637467
2020-04-08,0.0217363641005912,0.0611956411736318,0.0087912643057148,-0.0448045912072725,0.0479925465429897,0.0196217464191659,0.0401472523014549,0.0118625755507437,-0.0235745415952495,0.0342756399376229,0.0249163457187404,-0.0050588023456512,0.0186162465300867,0.0746729416810446,0.0776419029148849,0.0281262717215939,0.0215057971370318,0.0146729965907166,0.0236226361651099,0.0133640122809781,0.011001130812779,-0.0043572683407429,0.0071341981978501,0.0128618362314389
2020-04-09,-0.0063738034461264,-0.0022861137450931,0.0656321242461528,0.0170125648833376,0.0482502748158295,0.0089971586603212,0.0452563350063837,0.0047058269560125,0.0071684986581259,-0.0199025773593799,-0.0449942582270619,0.0062204273314598,0.0060180436480083,-0.0133039063028131,-0.0277738341005835,0.0540672330171503,-0.0042111520037892,-0.0073096218370856,-0.0085700464400719,-0.0010528050901204,-0.0393559399394267,0.0043572683407429,0.0070839662564294,-0.0096307335424116
2020-04-13,-0.0098383459145745,0.0022861137450931,-0.033336533533389,-0.0063839426889922,-0.0276099988778368,-0.0189881861943193,-0.0156078160265464,-0.0023502121307341,0.0074904679576439,0.0180626504373728,-0.0007802790222553,0.033612417375445,-0.0195225646297978,-0.0014892101228046,0.0464813027230959,0.0079576555816913,-0.0143467092080205,-0.0136365422191393,-0.0244936366863961,-0.0175752450798443,0.0086529412253693,0.0341914299139969,0.0082016635128603,-0.0195445992828944
2020-04-14,0.0526915151807649,-0.0783319307072236,-0.0063762773587392,0.0255921981836335,0.0334811734410354,0.0059161382055301,0.0156078160265464,0.0198027869752532,0.0103938484827286,0.0344281512670354,0.0405409032602448,0.0097589564742976,0.0160164722383937,-0.0044809832670951,0.0163622892307206,0.007732763020865,-0.0096801564163833,0.0293142016786789,0.0220549610264533,0.0274926889993727,0.0378390447447558,0.0289874968515837,0.0023307717943219,0.0195445992828944
2020-04-15,-0.0225411870696357,-0.0377400969267869,-0.0798651014386144,-0.0004955193335591,-0.0605790303279136,-0.0290009818203307,-0.0545589730347768,-0.0400054561492915,-0.0364771917066555,0.0462773450407159,-0.0539006360455291,0.0230174609460407,0.0010030163896717,-0.0553988419883316,-0.0114862952119145,-0.0386856753285931,-0.0742949425255354,-0.0350514983252407,0.0103644568949503,-0.0133266731047543,-0.019344646781144,-0.0123205167195963,-0.0391738397179741,-0.0097245514812732
2020-04-16,0.0344791940306592,-0.033901814601547,-0.0069523862610589,0.0191472973636281,-0.0233332038848321,-0.0188595666137927,0.0242368290570236,-0.0132932378300105,-0.029145249861513,0.0400769604194017,-0.0167534858061504,0.0348053394097558,0.0299559956380557,-0.0288944674443443,0.0281764994975097,0.0052956997641349,-0.0525808227103756,0.0159821324879945,0.0027350873809166,-0.0094763347530602,0.0537068461856398,0.0,-0.0158636641016487,-0.0032626461715007
2020-04-17,0.0110536470951965,0.020997993414583,0.0565121400811081,0.0209804664982229,0.0584691335925371,0.0742775465363769,0.0831077308559864,0.0428637290490363,0.040190783519705,-0.0251374928554222,0.0269857758170792,-0.03818409132323,0.022447704483786,0.0492553565973757,0.0049139777193807,0.034038505608926,0.0846570211119361,0.0196249806991604,0.0347366896173486,0.0225622459488805,0.0243200387181161,0.0082304980073307,0.0278974481890759,-0.0098522980743198
2020-04-20,-0.013861781298913,-0.0478809244490791,-0.0244728549610961,-0.003052269580257,0.0349101387715675,-0.0133449501134643,-0.0341548232393842,-0.0081916921794331,-0.0374343019372962,0.0069050003288584,-0.0547200286435485,0.0005447255496919,0.0163551661385281,-0.0283035869514726,-0.0166077070161771,-0.0069114119601128,-0.0580210566962753,-0.0022233365805517,-0.0139076171433711,-0.0235477288148784,-0.0207007057812882,-0.0165292996740212,-0.0452677034857036,-0.0233735254487185
2020-04-21,-0.0366395802377743,-0.0417310724122461,-0.0413852805920724,-0.031736338841446,-0.0602471177693826,-0.0249390102132149,-0.0837593795314712,-0.0310290606510694,-0.0222673983959418,-0.0481106024428799,-0.0336449376590799,-0.0127808840483716,-0.0001558823444938,-0.0357181743319242,0.0140554801693144,-0.0550105606299933,-0.0165644011135324,0.0225591825410953,-0.023886487792573,-0.0085815854571649,-0.0234717018432215,0.0041581133213975,-0.0253500046924235,-0.0239326000088001
2020-04-22,0.0481988697082274,0.022472503852481,0.0023445999649338,0.0033470825868846,0.0453995470829946,0.0036662986004043,0.0606942297470709,0.0357181368972236,0.0238391006171188,0.0471294237491077,0.0492381613853578,0.0123218016451822,0.0076149771116944,0.0468204466111735,0.0379951902231767,0.009438020911002,0.0569561352625034,0.0498779122711541,0.0101019866075802,0.0062782933424392,0.030293692818295,0.0205345636412259,0.022843662519671,0.0171529964495947
2020-04-23,-0.0190640155420735,-0.0339008719524704,0.027715532003903,-0.0188497797425926,0.002449304311642,0.0279675488637747,0.0044343861455513,0.0276833145988943,-0.0323186839369871,-0.0241474077174608,0.0760256514582518,-0.0168033673539076,-0.0094889557198065,-0.0047427959268369,-0.0013256297545654,-0.016792630914967,0.0085689247012621,0.0010345396809348,-0.0099407700440714,0.002056805691482,-0.0058717717487053,0.0476278457084445,-0.0138979225841211,0.0202027124621332
2020-04-24,0.0134467724363815,-0.1091997550730634,0.0068104038394907,0.0109562699483447,-0.0230123570655127,0.0110596137757639,-0.0360398914428379,-0.0034186632823656,0.0264120645335625,-0.0266687109976526,0.0186921330121525,0.0176065155704048,0.014431265834764,-0.1087121238255908,-0.0181665126007795,0.0115696895115888,-0.0037040328010848,-0.0177365887790332,0.0143978358781944,0.0072060245199256,0.0017083638262809,-0.0038833378763318,-0.0244698924539432,-0.0202027124621332
2020-04-27,-0.0032261145783616,0.0377401113677076,0.0245823697036668,-0.0038707745245698,0.0158929641251841,0.0362890124555175,0.0568397503058308,0.0192204521516272,0.1006097020008929,0.0313617916712072,0.0547687455923857,0.0290618109118563,0.0035370415300159,0.05833596705516,0.0155098735495871,0.0031713658810481,0.0223014488631081,0.0130721218760467,0.0077527298994568,0.0132924505507689,0.0146840358721256,0.0154441922104113,0.0270113757135102,0.0168638103535213
2020-04-28,0.0017859311452799,0.1053605156578263,0.072371930041621,-0.0347042808670297,0.0061402703235438,-0.0102346402829547,0.0032451659600458,-0.0158017888692616,-0.0003570029330828,0.0152695414085268,-0.0219789364421449,-0.016474617876776,-0.0084793516449734,0.0892308765488112,-0.0250109479439228,0.0,0.0050127736864133,0.0005192846864408,-0.0083882163053758,0.010332921573541,-0.0141155507009229,-0.0510914914492659,0.0287696949139111,0.0
2020-04-29,0.0413077045375915,0.0645389611370238,0.1252838644541092,0.0258144514713354,0.0949986499526258,0.0237200240883996,0.0907838056065846,0.076623919833684,0.0309556243728903,0.0064615282917408,0.110508540951062,2.808534370135618e-05,-0.0242899706653867,0.0847223060748767,0.0019464060837806,0.019406483777848,0.0543302861079997,0.0020746414069483,0.0260407632160752,0.0187097403857849,0.0320806350105233,0.0239053848381983,0.0770979601880639,0.0552986538031747
2020-04-30,-0.0516207516115727,-0.0870114649895048,-0.042559776648906,0.0125624996662132,-0.0353539682752281,0.0066747244170253,-0.0381954675893942,-0.0277795514758931,-0.0256109416265268,-0.0318932418207706,-0.0540672008664606,-0.0241156196966914,0.0045898525390555,-0.0327432804381169,-0.0046774786970633,-0.0051327043631888,-0.1374098595879016,-0.0088471228966158,-0.0051229512718404,-0.0339662999149661,-0.0250920102902787,-0.0158732147540655,-0.0599826390588733,0.0403155466349608
2020-05-01,-0.0330257646167755,-0.055488479491832,-0.0307123686941195,-0.0498707421323869,-0.029258903808671,-0.0472526142734541,-0.0418472887154917,-0.0185899559389683,-0.0328727137881084,0.0370260189799021,-0.0593128397135287,-0.05855768325668,0.0015776822949868,-0.0504556675140969,-0.0129769854231298,-0.0133329819525078,-0.0571407826041885,-0.033487120395744,-0.0239421347583603,-0.0201876605983706,-0.0389572942030316,-0.0283995030579712,-0.033274782594225,-0.0308666551863491
2020-05-04,0.0146558834894436,-0.0060242473516622,-0.0256678025118779,-0.0132090663078461,-0.0338194692074966,-0.0100767721663772,-0.043675038101465,-0.0144526235495607,-0.0230322823704187,0.003099967549776,0.0283506279259815,0.0129483917388721,0.0029907903191195,-0.0045768090494121,0.0230838828694719,0.0018791628387937,0.0456043059889563,0.0086112635748936,-0.0126735492447629,-0.0034736534937369,0.0203396942621352,0.0323913575044261,0.0,0.0062501003537357
2020-05-05,0.0180926379399002,-0.0121576481336435,0.0059823560370875,0.0106020466473175,0.0014728676157433,0.0070206244875139,-0.0134832641724496,-0.0022421228138638,0.0030017797596748,0.0220468700339058,0.0069637765307244,0.0288594560131638,-0.0077317367119484,0.0286381026410147,-0.0213044644079749,-0.0053046556730205,0.0097234604957949,0.0032103691640843,0.0231399959091103,0.0103849699080198,-0.00847301559123,-0.0039918544464548,-0.0215332756694734,-0.0284380206480108
2020-05-06,0.0122358718315149,-0.0373878165006228,-0.0200814544931182,0.0135859512382063,-0.0004905804719377,-0.0008747750614688,-0.0068105935295359,-0.0056274958402031,-0.0147199139585891,0.1793000680044993,-0.0238775499859267,0.0081322363361255,-0.0183843593793198,-0.0612748619140034,0.0154860084471941,-0.0297775941435594,-0.0310171655280524,-0.0156125557158999,0.0087953236387368,-0.0031207220809266,0.0080895466205359,-0.0080321700841328,-0.0038485749682435,-0.0226914167651303
2020-05-07,0.0260037374959232,-0.0588407990954792,0.0378156250733467,0.0112671320185393,-0.0106110043391631,-0.0026293260396892,0.0079412336368154,0.0201125775348751,0.016591725280453,0.0384759508794179,0.0349197498251476,0.0154355724103449,0.0053101434770477,0.0,-0.0196431882241001,0.0181289288192525,0.0145532780936203,0.0193451288817474,0.0065462104914613,-0.0004935609415124,0.0038292230342102,0.0278346954050968,0.0190965566289305,-0.013201431404076
2020-05-08,0.0159278143429641,0.0696666402951896,0.0288758692199293,0.0160649715404552,0.0069221382105837,0.0504809747331385,0.0190268529396693,0.0142778851756211,0.0067089014180821,0.0160616089652618,0.0344047582589057,0.0352185554700117,0.0071961234253903,0.0804070076954364,0.037953363033329,0.0131915307118966,0.0415474434523268,0.0015952667294181,0.0175552342170659,0.0129180809112261,0.0110226528224686,0.0078126038337577,0.0717635150090312,0.0262309349041641
2020-05-11,-3.275398576718658e-05,-0.0417391980422418,-0.0406638249719715,-0.0022074421129589,-0.0523439401548788,0.0004172837682832,-0.0771828765290449,-0.0187124208745053,-0.0168576222210594,-0.0043561244500942,-0.1025645660829273,-0.0102251090856775,0.0192525189812484,-0.0447167974956984,-0.0152027923821043,-0.0126709008925063,-0.034501787389543,-0.0133729340641752,0.0069971537355462,0.0042153661265622,-0.0096858328260127,-0.0078126038337577,-0.0346304877130976,-0.0229143486679581
2020-05-12,-0.025824284831402,-0.0435582232882911,-0.0321311614212744,-0.0211154102927286,0.0471569863519651,-0.0544147818877776,0.0760735574025965,0.0165289815703304,-0.0330291391585859,-0.0246512720513756,-0.0118256995707852,0.0126680922797302,-0.0227640740905381,-0.0153614151772194,-0.014059846869586,-0.0074881373394646,-0.0169313280404175,0.0186722731818629,-0.0057768621878913,-0.0283050711861756,-0.0251222683221072,-0.0158106708745091,-0.0159218492098658,0.0033059556298916
2020-05-13,-0.0081237144912309,-0.0172713807376692,-0.0395474138497733,-0.0205231432821406,-0.0612749568242478,0.0148603431309526,-0.0281391619236379,-0.0678225082204104,-0.0086273759515398,0.0084278882933359,-0.0233180526822898,0.0282133919030851,0.0112886967297147,-0.0540672763673869,-0.0190596194747159,-0.0029757857471164,-0.0370002248026963,-0.0219082773189258,-0.0437867284429165,-0.0202586268667728,-0.0035287585918091,0.0,0.0098279597595567,-0.0542506868609037
2020-05-14,0.0278845424475813,0.057545501891677,0.0105598804106832,0.0055349605511558,-0.0103217561071895,-0.016623303221976,-0.0057241810402359,0.0150902702648276,-0.0023659206205093,0.0112952230013894,-0.0293457433304356,0.0028529666956478,0.0163089989422307,-0.0131579463558317,0.0095753179765063,-0.0083624657316407,-0.0180658911504703,-0.0027050549309235,0.01392001487637,-0.0069021786255705,0.0229091383062369,0.0118813603076106,0.007308307488081,0.0172717636824075
2020-05-15,-0.033645033001016,-0.0334480986916946,-0.0105598804106832,0.0392127430425164,-0.0310710030526149,0.0118397322574006,-0.0291224975906194,0.0023014655821382,0.0070809463509351,-0.0028602778310506,0.0422003680793516,0.0063770336085031,-0.0059282752094551,0.0098845403522992,-0.0141961984527383,0.0007069064232432,-0.0013268382402134,-0.002712187643012,0.0054827889464363,-0.0005132561978156,-0.0451498207400096,-0.0079050466924148,0.0036338042672594,-0.0034307086484796
2020-05-18,0.0413495177910929,0.0562128433022952,0.093184614496405,0.0745584613836447,0.0024668030911616,0.0397402886456417,-0.0324354538217375,0.0294471857500193,0.0373194161048737,0.0248609715958387,0.0619054135561492,0.0197552070303528,-0.0020361516119908,0.1144991719693911,-0.0070728673632061,0.0370236667813657,0.085516795006598,0.0198985701692384,0.0009368562389919,0.0218320836109588,0.04072558862235,0.0039603016035307,0.0857008492870068,0.0068495156919097
2020-05-19,0.0044507881811179,-0.0360101933766892,-0.0314365503290099,0.0198773793871005,-0.0182324259693822,-0.0071475505993032,-0.0385858194771833,-0.0191556069980909,-0.0202179801286139,0.0142456414991283,0.0168071026014087,0.0355247939521996,0.0107603483504221,-0.0176995373753725,-0.0130638900016926,-0.0021303323859243,-0.0203146990787757,-0.0032002292893302,-0.0160481814059147,-0.0105180347984328,-0.0206474787343133,-0.0403279727231526,0.0066372008475636,-0.0137460093224525
2020-05-20,0.0613907561361788,0.0295586111208768,0.0314365503290099,-0.0112705950983285,0.0516137720685856,0.0171518109175989,0.0361409464827966,0.0236102120511856,0.014157126700673,0.0273533367580478,0.0368139715268758,-0.0136901722505831,0.0061853350482716,0.0393924574606894,0.0611681949366342,0.0258508622961093,0.0393285406379546,0.019048283494798,0.0019015579204926,0.0134433265954552,0.020068745838957,0.0081967658042435,0.021811204523199,0.0137460093224525
2020-05-21,-0.0206327028471102,0.0687775699707212,-0.0215060392253572,0.0138185879305936,-0.015206442610943,-0.0158867152919297,-0.0235304787280701,-0.0078084231819239,-0.0172449872714932,-0.0165552288362942,0.0303253330309445,0.0289137295249322,-0.0007710527460593,0.0268187189473447,-0.0228724345223696,-0.0204286046038726,-0.0306597398523158,-0.0026241378313405,-0.0068302672304265,-0.0157298217097601,-0.021250213865898,0.0081301921919164,-0.0152176713104335,0.0236096995892753
2020-05-22,0.0011591038120162,0.0120118508933518,-0.0059462148281863,-0.0629220795136014,-0.0129871183233603,-0.0050695310209309,-0.0279560009787842,0.0133483701951084,-0.0354090857137521,0.032127949282521,-0.0431244018629928,-0.0762894831163976,0.0001541509842968,-0.0168541805217417,0.0164739613440434,-0.0010332634357439,-0.0061842911382097,-0.0174929003066992,0.0079377057471115,-0.0033119890096138,-0.0188966418610956,-0.0040568336155797,-0.0165659756188178,-0.0134231089029278
2020-05-26,0.0015645674423341,0.0664029039466306,0.0783587923966633,0.0476280575755776,0.023682508438616,0.096041317579397,0.0178803932632192,0.0022074137906358,0.0624842306266861,-0.008522999920518,0.081970458518974,0.0371519523764369,-0.0223045341328886,0.0750179057253392,-0.0091842341049117,0.0454738582265061,0.0138612391175825,0.010108839430154,-0.0169034962928535,0.0542195078143095,0.0202751359139257,0.0040568336155797,0.0143729266201022,0.0
2020-05-27,-0.0041667944458536,0.030263256316191,0.069237890426669,-0.001292819355104,0.0821682241785386,0.0220709456782937,0.07437925044721,0.0304042197408938,0.0241601811531837,-0.0161211537536534,0.0228474858848688,-0.0242073845377426,-0.0096681296483533,0.0297756930927065,-0.0037368591133808,0.0123544523677843,0.0088322525128656,-0.0037122448916466,0.01262501696604,0.0215216155598998,0.0179413350437545,-0.0040568336155797,0.049260492510595,0.0526438317518273
2020-05-28,0.0045106147369899,-0.0358656516718192,0.0119353996171536,-0.0177127919597799,0.0068359473776742,0.010855575338176,-0.0035316731798991,-0.017260477388445,0.0062235537096273,0.0076820699421,-0.0366842013380153,-0.0291933635663381,0.0339756700295543,-0.0284623842326559,0.0131157289845016,0.0052714481266438,-0.0112823728762299,0.0005311461266908,0.0252463121476034,0.0121489901901989,-0.0286240334664742,0.0201212331238458,-0.0275439319253536,-0.019418008228789
2020-05-29,0.0293793220272728,-0.0284918012756605,-0.0415285597798869,0.0021609756515434,0.0176056984921966,-0.030620818087033,0.0256126229123809,0.004074139543083,-0.0018263521264674,0.0292009935716048,-0.0191821861989822,0.0444571536016962,0.0149738950676625,0.0013113764240427,0.038532213669979,0.0355180583105596,-0.0204467917773261,0.0220596984380363,0.0027834181393608,-0.0184775571461264,0.0009939374516338,0.0079366152187265,0.0472028706403713,0.0785332858689514
2020-06-01,-0.008472560262021,0.0507147463902599,0.0566676687527882,0.0051485760202858,0.0161253379115824,0.0122096206311717,0.0249728551004611,0.0174297300901931,0.0316687279917982,-0.0089518107095392,0.0254953625021649,0.037647362584761,-0.0036466026538684,0.0233172225734002,-0.0183177802908018,0.0031953837716534,0.0377751117149958,0.0427112062109755,0.0112091611728217,0.0034857226570199,0.0138123796040758,0.0195699973658721,0.0081636441223436,0.0090224680180201
2020-06-02,0.0241902429059717,0.0876070467652228,-0.006700480718442,0.0012131283315044,0.0479946937269857,0.0037848608567037,0.0682452802603035,0.0128756790579496,0.0510983659510899,0.0184176372544202,0.0217873184849834,0.0274379950686851,-0.0084064406397383,0.0704429638575594,-0.0001907404427465,0.015060010418102,0.0244132915774013,0.0059552138038605,0.0190568431785456,0.000237189451373,0.0190224340577263,0.0191945423266451,0.0417970912465097,0.0148591932182196
2020-06-03,0.0339808584236154,0.0634357250785333,0.0523853298541756,0.0475325597285545,0.0328620117580831,0.0198247480558593,0.0237982207915656,-0.0117962102734829,0.0629384941763508,-0.0072959365685836,0.0597549313195155,0.0144070324793084,-0.006776648757599,0.0454888134329192,-0.0036283887696928,0.0234842113617856,0.0473883790805182,0.0268503797170192,0.000599107835423,0.0176329447638368,0.019987426007042,0.0626355949854664,0.0297668994361204,-0.0088889494090765
2020-06-04,0.0194742650653036,0.0070672794950263,-0.0064002058082428,-0.0306104841545113,-0.0155243944759466,-0.0025958277969451,-0.0492502246501156,0.0,-0.0505614779672423,-0.0159790223876736,0.0223696968478646,-0.0233543922516155,-0.0057342921829999,-0.0057174104414201,0.0133029076492197,0.005822896305454,-0.0022463924794715,-0.0194555979048649,-0.0091749386633481,-0.0044376845343929,0.0227319902207567,-0.0400781877152838,0.0252233463568587,-0.0149927118271632
2020-06-05,0.0115723572286094,0.0548081066861838,0.0576935458203138,0.0478029251717844,0.0479713224333,0.0382489529352763,0.0482272551700297,0.0117962102734829,0.0480296994387594,0.0315682515162514,0.0557078277060592,0.0490475948554403,0.0023287358376324,0.063319148724645,0.0013208186458149,0.0109567616922845,0.0600125443256365,0.0044107874199341,0.0169304147094448,0.0226809905577276,0.0168074060699896,0.0436432831162514,0.0182816477314451,0.0060240398166834
2020-06-08,-0.0225639616583288,0.0645385351870013,0.0180185055026784,0.0227292094721898,-0.0381038567233109,0.0039237636695403,-0.0082220555700027,0.0190079712833841,0.0028476755140864,-0.0093523154586456,0.0037483148402204,-0.0389261331088448,-0.0026396125959244,0.0452468519986641,-0.0138586940732845,0.0057997645808569,0.0394550343536073,0.0135989692848168,0.0184005447131716,0.0073717086714735,0.0066804297328224,0.0211276014057344,0.020619483380996,0.0411822264818514
2020-06-09,0.0002290890424241,-0.0296001287912568,-0.044113749753224,-0.010306687003613,-0.0437083535066018,-0.0103775956376006,-0.0486353643760111,-0.0243526848525856,-0.0050679467028458,0.0087754012364484,-0.0436988838005656,0.0010013205881991,0.0048081324015911,-0.0452468519986641,0.0437616015420632,0.0009512026158962,-0.0530499169970961,-0.0121331012737191,-0.00160583788064,-0.01126962868135,0.0185423345258564,-0.0354647022336259,-0.0044464465164955,-0.0441897482298566
2020-06-10,-0.0040442942519369,-0.0528756839467221,-0.0315983015697682,0.0084250475145672,-0.0054855539972842,0.0046653565303111,0.0150540756744543,-0.0032204253030578,-0.0224801131525707,0.0232156448528852,-0.0208751684123393,0.0370074812938066,0.0294251369060414,-0.0440115248267271,-0.0040338672349693,-0.0011709249773836,-0.0274806922402301,-0.0044041276680646,0.0296510573795498,0.0032110049365803,0.0164683596265735,-0.0036168510896551,-0.0179860939972318,-0.0121213633102547
2020-06-11,-0.0441607571255637,-0.087422930060131,-0.0994920377020984,-0.0435687848532913,-0.068780119296858,-0.0797146475933252,-0.0776441129144465,-0.0484677206980825,-0.0921322950278988,-0.0364954885888897,-0.0856647434563884,-0.0296454738233213,-0.0326795815196048,-0.0942981699133814,-0.0357214422907468,-0.0532297121954812,-0.0881910552585245,-0.0627421169024327,-0.045554818682163,-0.0514498793684898,-0.0445938692509182,-0.059719042366701,-0.0724341260207062,-0.0500104323985859
2020-06-12,0.0301226158244203,0.0528970681786737,0.0484522867421117,0.0389351663949835,0.0385310965722678,0.0237560872999114,0.0373557922314478,0.0278258271408478,0.0256648102050975,0.0473187314617096,0.087373589145677,-0.004775289768002,0.0029449630243236,0.047081730173397,-0.002287371541898,0.0049299016054531,0.037260579097059,-0.005235524973743,0.0135636262757694,0.0267993180893881,0.0172914883049859,0.0076628076551291,0.0364024261913997,0.0095696133792674
2020-06-15,0.0200273925932394,-0.0357611474520815,-0.0033840013404053,0.0047192421911681,-0.0130783722454328,-0.0030339571823776,-0.0100504078016863,0.0120024554001902,-0.0346078930730895,0.0302918712432145,-0.0253616214858642,0.0090436440257555,0.0118471353163251,-0.0118625871494325,0.0272959647142512,0.0021491765982988,0.0020296990929669,-0.039619587955876,0.0208672108471663,-0.0032912046933901,0.0003570489533419,0.0,-0.0018832965675765,0.0645383760880581
2020-06-16,0.0058112715462552,0.0263489007033062,0.0366096521270211,0.049759840057348,0.0222494150088699,0.036177840337404,0.0055958299705101,-0.0109054064962927,0.0353018524396642,0.02802356999553,-0.004681104361659,-0.0013076145444683,-0.0013773933436445,0.0189129881176181,-0.0145906188002045,0.0235662563826482,0.0129519672002937,0.0364650518913216,-0.0054644372977317,0.0171210627107969,-0.0039348716582803,-0.0038241917498812,0.0047015673418124,-0.002980553560439
2020-06-17,0.0290029132265097,0.0,-0.0383061510793212,-0.0061272199167072,0.0,-0.0029348191984488,0.0022297693214938,0.0227652699563951,-0.021739965937372,-0.0154086891838574,-0.0041140050581329,-0.0129020793144949,0.0216657471922729,-0.0035190810830757,0.0069476108929955,0.0073867008483921,-0.0225572731200331,-0.0143202361092202,0.0316496112729733,-0.0055710124680485,0.0142352710343742,-0.0115608543340794,0.0074768142834364,0.0059523994204652
2020-06-18,-0.009787952828689,-0.0215057373399656,-0.0119555902160273,0.0116503034097261,0.0238244245017149,0.0018354173844592,0.028541946048938,-0.0118598634601023,0.0182655007731442,-0.0104310986766718,0.0111275254286189,0.004726479173625,-0.0099412807670868,-0.0094451184396149,-0.002810963208681,0.0045983161835474,0.0032118915502681,0.0021346237287671,-0.0004191045080661,0.0018602959293279,-0.0005342538403807,0.0,-0.0178491554481288,-0.0089420896691692
2020-06-19,0.0049753303299819,-0.0097092392350888,-0.0296445646916962,-0.0030826442193827,0.0212581280246837,-0.0192528805655198,0.0245871176859857,-0.0065289011520492,0.0107323829759109,0.0286770993361749,0.0388398502436722,0.0095075826313699,0.0223046568369245,-0.0023754038713541,-0.0020661848619245,0.0138887217167686,-0.0105509318045489,-0.0042736123184452,-0.0079984811299089,-0.0103538440777732,-0.0150729846902,-0.015625252276988,-0.0230117556002389,-0.0120483421755624
2020-06-22,0.0099866665834618,-0.0073438429133465,0.0123130083170661,0.0,0.0006710446956739,0.0074489436891993,0.0167542447487556,-0.0010923778417599,-0.0205261280325568,0.0326015515845661,-0.0476143795556405,0.0120037542553754,0.0057570682900673,-0.0095580617030315,0.0011275649984732,0.0284181299967061,0.0137528873301104,0.0090594878280314,0.0102320438221821,0.002657108524267,0.0123979518076464,0.0117419144006561,0.0144441383663431,-0.0152673992667467
2020-06-23,0.0064304415419851,0.0266682318209185,0.0069688686674598,0.0020291390938993,0.0157518995987167,0.0014830182704814,0.0236028345742305,0.0290813086246037,0.0052584137619473,-0.0071864530597736,0.0232298257631717,0.0395471559514337,0.0,0.0491904656946413,0.0204506807694779,0.0006381617522013,0.0127058598919953,-0.0053190040335806,-0.0009766385010698,0.0074644643244745,0.0134800133519323,0.0038833378763318,0.031987744537069,-0.0030815894512623
2020-06-24,-0.0138973333661009,-0.0744760097400736,-0.0461894817977508,-0.0160199506765907,-0.0294859636745647,-0.0262776538808742,-0.0736398121553181,-0.0378630023322976,-0.0162145911293247,-0.0245654789250719,-0.0279412550537005,0.0054784965491769,-0.0209720758444773,-0.0624833848572853,-0.022707083604593,-0.0377048675813149,-0.0509157990568898,-0.0037404837944507,-0.0139155004937481,-0.0100432408350572,-0.0031762927880745,-0.0038833378763318,-0.0377404877609088,-0.0155524944703359
2020-06-25,0.0136515985979528,0.0254464953474262,0.0269076048132248,0.0192580456089084,0.0343170083488537,-0.0015227956293606,0.0237335195932395,0.0239663659294926,-0.0032032837544639,0.0183569365461657,0.0192931979145476,-0.0032054549662712,0.0107641870508548,0.0216614933017028,0.0016929216664771,0.0132354690949147,0.0229828004987622,-0.0032170523704517,0.0049417382150385,-0.0002347393068475,0.0080974232075958,0.0,0.0152676028582954,0.0217062836723562
2020-06-26,-0.0131537033045869,-0.054206718059887,-0.0489672165338221,-0.0157214190257262,-0.0123430845217691,-0.0326241465300274,-0.0358150159948942,0.0255062129996557,0.0039137600457901,0.0017792574739132,-0.1734438777418061,0.0045528451037437,-0.0181565518303701,-0.045047176109695,-0.0193555709785253,-0.0064130898032068,-0.0293436868203222,-0.0005370706605498,-0.0187664248952699,-0.0126808459182017,-0.0125256828208151,-0.0078126038337577,-0.0356664643988795,0.0030628673305062
2020-06-29,0.008395566416147,0.0339017603674209,0.0418622900088858,-0.0041960004622385,0.0116856252012156,0.0098213083230804,0.0077051142461703,0.0041884371219795,-0.0028448582747473,0.007840402681059,0.0523257999416473,-0.0124268592019181,-0.0072949184356145,0.0306581830421109,0.0159668568010009,0.0119910257349697,0.0159762694238594,0.0210557464754943,-0.0138729715026792,0.0057695372489208,0.001064661634762,0.0116959417100895,0.0019608439050751,0.0
2020-06-30,0.0087875375911936,-0.0233472006118125,0.0088730206050731,-0.0116097292404075,-0.0035134675793968,-0.0007820794022554,0.0184686211590245,0.0093605909281264,-0.0093025922298211,0.0050239120713477,0.0013063035276346,-0.00756343254882,-0.0012210545212298,-0.0012081743493467,-0.0003771065681337,0.011277792014261,-0.0226836552196676,0.0214496651667799,0.0059484267621807,-0.0099795374592215,0.0067160683670586,0.0229896445052067,0.0097466224930056,0.0121582063430248
2020-07-01,-0.0011960220885871,0.0335510438255537,-0.0070922290289461,0.0061533361800112,0.0529088789948222,-0.007461405572414,0.0328246570074135,0.0020682856162403,0.0216898404121113,-0.0087931289135312,-0.00326899518384,-0.0038271672882554,0.0030498452698091,0.0215315492283414,-0.013484219635206,0.0005711510571488,0.002444350690256,0.0489874198911559,0.0180624200067307,-0.0119311181717041,0.0008804968020079,0.0150379376776133,-0.0029139159735045,-0.015221073673531
2020-07-02,0.0151999128502424,-0.0040732621630232,0.0315263554495328,0.0218924481123261,-0.0035531172314415,0.0179693605567461,0.0031200815701337,0.0244908363405516,0.0118883541727359,0.0114777387709219,0.0510640115505025,0.0073840345356126,0.010300052645495,0.0035443081784212,0.0110287902427455,0.0195814442064623,0.0039593524389669,0.0127328279127651,-0.0022757055200637,0.0179624234860638,0.0311876157223918,0.0221411826270792,0.0125665409272435,0.0302137855006943
2020-07-06,0.0322693673965313,0.0618245905472523,0.0051590337421465,0.075202183860223,0.021951411687163,0.012312521801705,0.0164781592834133,0.0189720785952269,0.0318138335290774,0.0075692752936591,0.0354560327563402,0.0209663167078204,-0.0066527375028866,0.0221580667146575,-0.0106465652269212,0.0324397183441957,0.01657908874372,0.0149724293605508,0.0042624557574058,0.0046573042992399,0.0541209355851162,0.0252264679031799,0.0180872907449163,-0.002980553560439
2020-07-07,-0.0089646086198333,-0.039125173604593,-0.03136125424287,-0.0391213482771242,-0.018607118600459,-0.0185263239658479,0.012182914366845,0.0127765703644682,-0.0050633162653683,0.0112922196687854,-0.0549350945626656,0.0096118690538213,-0.0131319060729864,-0.0245194478317297,-0.016768243067335,-0.0240050814877861,-0.0248198008188627,-0.0471135230284844,-0.019615397491886,-0.0160359738074848,-0.0190884608144807,-0.0035650954009676,-0.012340141127338,0.0059523994204652
2020-07-08,0.0256103946887833,0.039125173604593,0.0210162347339946,0.0217441734861294,0.0147078857433333,-0.0117555583926032,-0.0020201067091694,0.0097182955507553,-0.0030504336394097,0.0076747051709862,-0.003814398747147,0.0228525882206405,0.0125249652441921,0.0348467922766221,0.0156208394647046,0.0198625278361124,0.0036709413180346,0.0099998367738636,0.0090681447231233,0.0035946455861459,0.0304970342052772,-0.0107720054269239,0.0273214172691098,-0.0240252598467275
2020-07-09,0.0070932423154266,-0.0242729180671845,-0.0299051297118921,0.0143635816916205,-0.0016465465297192,-0.0138917630320554,-0.0152831054843107,-0.010695132010305,-0.0247434149348975,0.0024108965819822,-0.0251544631279387,0.0612247862214232,-0.004106613563064,-0.0266065678804531,-0.0071052372584752,0.03818641459545,-0.0459240104371541,-0.0160485085265924,0.0246262063535351,-0.0126786199926538,0.0343913586219581,-0.0072464069889894,-0.0121553658497317,0.0060607021595381
2020-07-10,0.0028588719193507,0.0170525910718253,0.0706578988750699,-0.0015102090598269,-0.0033010790627403,0.0103379958327463,-0.002055502932357,0.0155192523115057,-0.0175505446366557,0.0179034862075733,0.0019575688085633,0.0024798915128592,-0.0025946265173759,0.0197335662794591,0.0086899248384502,0.0053565821878143,0.0292979730556428,-0.0010115206161702,0.0331369764757756,0.0091640803545791,-0.014460260143605,0.0,0.0149396342320589,0.0149927118271632
2020-07-13,-0.0184335131193522,-0.0219789012945577,-0.0167788211271386,-0.0345193632500651,-0.0287202659122067,0.0211357732478374,-0.0302894211147726,0.0076701261568676,0.0279349609755832,-0.0533975461105988,0.011021186059327,-0.0155394520363669,-0.0044413325606651,-0.0209064041311589,-0.0119923885080628,-0.0168192275619709,0.0061901065009819,-0.0040567893956628,0.0056641884041104,0.0006398435740697,0.0189269576206703,0.0144405018763598,-0.0009272016983015,0.0088889494090765
2020-07-14,0.0209058994651565,0.0243912577216027,0.0117746881408564,-0.0185533962728232,-0.0154308591656078,0.00502236657299,-0.0117336470453692,0.0113958912872345,0.0034374389347515,-0.0095569804833353,-0.0367737048669862,-0.001972481310684,0.0052052155741209,0.0391300437648488,0.0310370982023084,0.0191620463164694,0.0333768066238633,0.0065840216650121,0.0021493812477406,0.0109752029013447,0.0286318979647184,0.0391629098945314,0.0733127261007924,0.0290718934450596
2020-07-15,-0.0554358574284892,0.0024067938818947,0.0165840339149592,-0.0035123753711747,0.0092443678894529,0.0209731232150498,0.0074829413003651,0.1174684066203486,0.0132949483937525,-0.001028669090715,0.0734866834091803,-0.0080990893519787,0.0166567285667138,0.014566328687946,0.0127462197161865,0.0177805120985992,0.0139282837226613,0.0035271656664703,0.0305277563082007,0.0070934088377034,-0.0135320310539857,-0.0145988737695486,-0.0051860672605645,0.0981713601165875
2020-07-16,0.0257424331398601,-0.0048191503089398,-0.0300522509658256,-0.0130394854996307,-0.0057946222957645,-0.0022668945757562,-0.0139413206700513,0.0265136158097853,0.0067499095532759,-0.015568845277083,0.0293958425334128,-0.0481760720180952,-0.0140643451669459,-0.017957822265971,0.0208280775208087,-0.009559650224939,-0.0148239261134217,-0.0020139996076373,-0.0003905243808968,-0.0066190806347732,0.007990747497466,0.0145988737695486,-0.0227878681290036,-0.0104440273876706
2020-07-17,-0.0042400519337597,-0.0024185977673414,-0.0205484702580385,-0.0053615373788229,0.0174957049446495,-0.0079741956773635,0.0150055610784374,0.0032653606295705,-0.0128639530414922,0.0084316401233586,-0.0066606733935268,0.0160262560362074,0.0227367988490079,-0.0056786317601722,0.0027324296341406,0.0074502320279172,-0.0171717799288804,0.0015108170190343,-0.0094193426708186,0.0044962808716917,-0.0028571226461338,-0.0072726804911716,0.0026560854476522,0.0
2020-07-20,0.0203600502794349,0.0191855069061943,0.0086130706408849,0.0127874991290992,0.0856885382232088,-0.0003813597205493,0.0638734183177143,0.0249510255370104,0.0341625709561372,0.0604246922846378,-0.0116101902611869,0.0293504951930803,0.0190227977964072,0.0045453914294473,0.0003639065379186,0.022086169824198,-0.0153093843042224,0.0030151167191703,0.0272283426967434,0.0017299773754668,0.0073525096816231,0.0144928507611029,0.011428545851102,0.0360863991546795
2020-07-21,-0.0197607442494769,0.0395858602274752,0.0085400052185391,0.0069720420870575,0.0104288187090682,-0.0134383808612845,0.0562709093612605,-0.0071798613959304,0.0130849968143382,-0.0057836487702722,0.0544229849531525,0.0020577296670563,-0.0019005054840994,0.0400052473766114,-0.0076671348080212,0.0170041789170181,0.0309865705177236,-0.005534519645804,-0.0111904201947625,-0.0079669803173905,0.0136600560884456,0.0388056600770506,0.0017469284284927,-0.0076239270643101
2020-07-22,0.0226176840745804,0.0158554967388349,0.0084673047370016,-0.0199224333910024,-0.0377848396416165,0.0038580377637056,-0.0190483237978873,-0.0153292129840756,-0.0216829683168322,0.0004807855942221,-0.0331390943968505,-0.0144086118143098,0.002630703414753,0.0129873401715265,0.0032929585219112,0.0119886708120056,-0.0205506396371943,-0.0040446102108497,0.0005172314931534,-7.914198399738837e-05,0.0105619490097259,0.0306667380027462,0.0104166235452807,-0.0025541515186993
2020-07-23,-0.0215501330937826,-0.0342889881014185,-0.0135825511061709,-0.0135331287157391,0.0005985293329646,-0.003471695209539,-0.0048191526645027,-0.0048902457543742,-0.0289777102907078,-0.0370629542818221,0.014337148852177,-0.0210534503585115,-0.0309813854506826,-0.0278453032552837,-0.0051271070194895,-0.0196482087601248,-0.0110533528787137,-0.0298220675147136,-0.0120960854157412,-0.0031731307788351,-0.0170717815813992,0.122989470372852,-0.0253619864120944,-0.0051283466371011
2020-07-24,-0.0440282579942881,0.0,-0.0155041361077139,-0.0173251199469701,0.0019921330773904,-0.0058127241684493,-0.0067863196572597,0.0073262483091722,-0.007549838116998,0.0067874622199584,-0.0393157095064555,-0.0156907926601013,-0.003771142556685,0.0044543109969643,0.0007340815570984,-0.0165686750181013,-0.0030919531215345,-0.0094390346983974,0.0005231893755812,-0.0051777250519595,0.0925131700272805,-0.0089420779678282,-0.0026607968507883,0.0178349358762062
2020-07-27,0.037631568200692,0.0521064808471452,-0.0122272756227641,-0.0269089470754329,-0.0344164260987986,0.0150436669224163,-0.0427286341024286,0.0272018384067145,0.0133449910240104,0.0791407926717253,-0.0074303087807225,0.007953683193512,0.0185663426589739,0.0327897517347518,-0.0159027897404113,0.0386459094639386,0.0049427084878166,0.0177549382362895,0.0267129778770569,0.0186727207124661,0.1191353853998462,0.1472838416178969,0.0561217658026229,0.0025221334114995
2020-07-28,-0.0142983929688123,0.0066009804869433,0.0122272756227641,-0.0014683497926881,-0.0010304488534771,-0.0119393608248263,-0.0298838298179604,-0.0071287665815065,0.0023764581540755,-0.0292721210914805,-0.0074859915401179,-0.0036132746392834,-0.0019305235598747,-0.0173540352262981,0.0153520717967277,-0.0277360658614167,-0.0108443948921657,0.005677475642507,-0.0116555593466993,-0.0166780871528358,-0.0790825348820467,-0.0557914778451105,-0.0143766720171341,0.0125157468034035
2020-07-29,-0.0316903674477817,0.015234218087395,-0.0443730027889111,0.0350763929650277,0.0043205823292771,-0.0003874786329798,0.0,0.0212354554658724,0.0254449946233923,0.0445412363978618,0.0018767432922084,0.0046969606761742,-0.0053651140155528,0.0141230643376017,0.073242597089477,0.0264615861359462,0.009611061524068,0.0102406853622079,0.0093608908298574,-0.0117863210086177,0.0720907834174378,0.0108698141513972,0.0293768283431397,0.0366340794945342
2020-07-30,-0.0051969232638997,-0.019629779446469,-0.042638473529095,-0.0153059896431617,-0.0245231635011311,-0.0191748253228825,-0.0222113704121356,0.0077517535350444,-0.0153234215180053,0.0187663834673905,-0.0100503262204276,-0.002611615156554,0.0037288271967605,-0.0207092432337572,0.02193433121746,-0.0276471093766028,-0.0496545363031715,0.0291186474544264,0.0021673910649413,-0.0124163115420508,-0.033705369540474,-0.0054200949526705,-0.020050678164311,0.0236978561293504
2020-07-31,-0.0251530962513015,-0.073092135071787,-0.0076045993852191,0.0117945892723918,-0.0165469207379151,-0.0386677148883753,0.0042690623648136,-0.0077517535350444,-0.0179514798475204,0.0153399735399446,-0.0171924297736896,0.015830558399152,-0.0277753324695129,-0.0462051945245853,0.0145792384658234,-0.0059487902745001,-0.0339685117263575,0.0039506114320144,-0.0071573630283015,-0.0258079299253806,-0.0130968705445342,0.0054200949526705,-0.0178804840139494,0.0116416354186178
2020-08-03,0.0357928563446483,-0.0167266864799269,0.026366982184877,0.0095854162044091,-0.0214040321919606,0.0295388820508342,-0.0096310678872026,0.0054326862717619,0.0115530662153711,0.0417953608760228,-0.049368366969881,0.022795848781131,0.0013766168970503,-0.0328282554806523,-0.0112470044297929,0.018234849222626,0.0163037123682121,0.0014777028376453,0.041580889218769,0.013318143329446,0.0007604250405135,0.1338690573033987,-0.0190812119827992,-0.0139862436184934
2020-08-04,0.0100957794212721,-0.0236685105392786,0.0147604140249648,0.0495206350977603,0.0119479087321883,0.0344860716404498,0.0085653782347101,-0.0219101066206088,0.008075300674355,0.0011165828152819,-0.0060913998782079,0.0227461758269376,-0.0121493675477339,0.0035693465193392,0.021392880556819,-0.011724281323679,0.0340665730522484,0.0175611028763804,0.0255116723754782,0.01615775333783,0.0155839313221814,-0.0166869295982217,0.0061106573609162,0.0046838498654649
2020-08-05,-0.0049263111133717,0.0098284823429644,0.0217397793178988,-0.0064945555834858,0.0021569641649721,-0.0135739771658962,0.0116589222843876,0.0007908389827426,0.0106669446006506,0.0429509434666375,0.0081136915393305,0.0021859322467685,0.007092302595546,0.0588063858935773,-0.0016294242787582,0.0085741846947993,0.0054079906806321,0.023890536558957,-0.0257577201176646,0.0154202405204815,0.017797954241371,0.0260988122399405,0.0232269209123392,-0.0046838498654649
2020-08-06,0.001951922925782,0.0,-0.0071942763743342,-0.0021476891899947,-0.0021569641649721,-0.0145528493900615,0.0136057264881963,0.0141289239445496,0.0180716698253231,-0.0044900443321163,-0.0245411504001622,0.0024925871447729,-0.021743364447099,-0.0044894841694737,-0.0022856800655453,0.0021013054713376,-0.0086029087719068,-0.0316574841136478,-0.0096464455731735,0.0278103036794385,-0.0136915039992713,0.0744424302398687,-0.0197515736374396,0.007017514724954
2020-08-07,-0.0085952461201914,-0.0197537679357158,0.0,-0.0046292829644443,0.0047391065850579,-0.0228420188854094,0.0,-0.0180892991827268,-0.00522355065244,-0.0215341748136719,-0.0167018338220836,-0.0327480967534699,0.0148057331587119,-0.0308419461118532,-0.00655948511822,-0.0050133473085178,-0.0132068556028284,0.0522188676031403,-0.0054827835639068,0.0125437486403372,-0.0061037436795823,-0.0721033100091115,-0.0326161775773063,-0.0188240885954494
2020-08-10,-0.0018048025789827,0.0024905930326888,0.0071942763743342,0.0004798653149702,-0.0084169240495284,0.0084761264799473,0.034732664872934,-0.0007940673451702,0.0375826446725793,-0.0601142982167379,0.0479543803638509,-0.0219321944303771,-0.0003092321884841,0.024069925249903,0.0247004560364287,-0.0095383485025664,0.0195864408073012,0.0349953603022861,0.0002498595013968,0.0046828690372979,-0.0020009744102829,0.0,0.0177623754889597,0.0047393462132288
2020-08-11,-0.0112834725323507,-0.0024905930326888,0.0300112306991293,-0.0036850085101383,0.0193180557263628,0.0281377564662776,0.0179108609435076,0.0031722273019632,0.0362213392786996,-0.0218502867226604,-0.0073850390570733,-0.004105875570179,0.0087819856214759,-0.0056785800558185,-0.0168342869055391,-0.0030740804620208,0.0126384311943814,-0.016663036184108,-0.0090351266442176,0.0240626886841699,-0.0244612808809003,-0.0212521600066617,-0.0168669629248339,0.0047169907194773
2020-08-12,0.0366827466397854,-0.0176104575034778,-0.001740793902824,0.0120459527004843,0.0023357186537005,0.0124271925697789,-0.0029628242873549,0.0102402391302502,0.0469205699633108,0.010517136033231,-0.0163046931790833,0.0431048290116304,0.0287290182389878,0.0011382264386538,-0.0058938595246216,0.0215075133673723,0.0315231099628996,0.032613956985894,0.0176178793279455,0.0199128025128603,0.0184330551223252,-0.0192777269719168,0.012455897847803,-0.0094563369327062
2020-08-13,-0.0001332690474491,0.0025347859602304,-0.0211275485541562,-0.0122867423594499,0.0,-0.0124271925697789,-0.0029718243907694,0.0015660207440362,0.0057853528506623,0.0400372891069888,0.0136056388152061,-0.0205671971608989,-0.003434058869975,-0.0114416273256914,-0.0032895676262429,-0.0108824561815117,-0.0274076328795875,-0.0008795737286324,0.023622516506065,-0.0058806417176997,-0.0138244203161592,-0.0346570335152014,-0.0026560854476522,0.0188240885954494
2020-08-14,-0.0098141065749475,-0.0178802772492214,0.0053241349488093,-0.0649185829715675,-0.0102324750211697,-0.0062723508361379,-0.0322608189112698,-0.004705702689034,-0.0242310802758365,-0.0005274346883661,-0.0211684531208167,-0.007513945726818,-0.0086595278082737,-0.0092487234771309,0.0014817520500876,-0.0047361482544614,-0.0178405013447826,-0.0262996309048584,0.0031401413049629,-0.010524050542803,0.0014037532769801,-0.0025220825445797,0.0044229232147676,-0.0188240885954494
2020-08-17,0.0197706894980784,-0.0421116560570191,-0.0071049265249363,0.0596869598559095,-0.0172902360444617,0.012116604958773,0.0162604491591928,0.0117233874069979,0.0070673334421438,0.0284977833530719,0.0,0.028165472770377,0.0164372407057391,-0.018757712632083,0.0054137537047607,0.0024333776655671,-0.0054792718566489,0.0031566666547124,0.006250737248663,0.0097126822154924,0.0224471606455196,0.0224728932242492,0.0026442273099154,0.0234751436119082
2020-08-18,-0.0034141151088764,0.0186421996842948,0.0071049265249363,0.0022569635955491,0.0363911641597494,-0.0066262942298971,0.0297936195084078,0.0085109107351559,-0.0443985405913727,0.0156517193069438,-0.0125001176450645,0.0110018063115706,-0.0058503023288793,0.0245481811386846,-0.0031135091319245,0.0080677845550525,-0.0130126730659063,-0.0204693380984677,-0.0056479198235166,0.0040499515039984,-0.0097743742331619,-0.012422426034198,0.0209067848648851,-0.0023228234715708
2020-08-19,-0.0060623362922385,-0.010609798519661,0.0035335720455322,-0.0120693044005051,-0.0080205703319937,-0.0019573794417997,-0.0167738340847831,-0.0139645861527388,-0.0129672258356356,0.0031472929318221,-0.0183362135364886,-0.0085816644523193,0.0024041962863243,-0.0162980983005057,-0.0220700423639939,-0.0029092048376337,-0.0039370519277155,-0.0018397208960916,-0.0229167850710836,-0.0064137148976843,-0.0110165171740952,-0.03562719736106,-0.0244341551727556,-0.0070011380699663
2020-08-20,-0.0074151805021962,-0.0161299358155099,-0.0088577069943416,0.0062553862924552,0.0111687569858949,-0.0197869053198194,0.0,0.0015611305333997,-0.0363906004947844,0.0048134188635788,0.0099150522454642,0.0074764464336425,-0.0021033716533152,-0.01656851212911,0.0008386397018904,0.0102993921441427,-0.0099108648408403,-0.0139083173482137,-0.0210586326724104,-0.0083181727821628,-0.0222731922825483,-0.0532041411179033,0.00528628680344,-0.0070508565211384
2020-08-21,-0.0001344737213928,-0.0027136322513836,-0.0017807915761269,-0.0083764683443137,0.0141491945874214,-0.0036036606219247,0.0118694018674156,-0.0173095596648602,-0.0061418641046064,-0.0132367060123259,-0.0314986374880739,0.01180187699293,-0.0025601258752701,-0.0156346933771157,0.0065168951099199,-0.0165181035301307,-0.0164022649322386,0.0244417826986587,-0.0083460051739185,-0.0019408711418273,0.0197238242216792,0.0027287016417301,-0.0267157836454727,-0.004727785033899
2020-08-24,0.0156513754247056,0.0215062538739057,0.0229083401302832,0.0035054885719247,0.0267062136331701,0.0095809320372493,0.0204387534419869,0.0149667739953773,0.0141662275628067,0.0081263356721512,0.0654472198623299,0.0161784614816937,-0.0054428878885421,0.0239531226680469,0.000998711918549,0.022086218555529,0.0299226272936712,0.0229689090522002,0.0128692215467038,0.006925177511988,0.0071226629927121,0.0321742646885396,0.0196610202800757,0.0117786415550374
2020-08-25,0.0074853766793312,0.0132102279773771,-0.0069930361904406,0.0226898442704763,0.0076152731838332,0.0118485048346932,0.0284919141590251,0.0015624376834235,0.0193136541721128,0.0097780699731844,0.0741566337876906,0.0422482356254949,0.0075515160349164,0.0047225172635028,-0.0035004508666842,0.0102589223859652,-0.0155142826523557,0.0285293769434082,-0.0050271506998411,0.0002224995578101,0.0143452573897873,-0.0159577825223105,-0.0071047330732989,-0.0094118358571422
2020-08-26,0.0132771456842641,-0.0374370393605564,0.0139378061870789,0.013982961053129,-0.0074141330116259,0.0097674982266511,-0.0141444868650713,0.0054496042927798,-0.016759314025005,-0.0066149238198853,0.0113208347692008,0.0026008626523674,0.0046538261477397,-0.0445590554794236,-0.0006679483440619,0.0172438563946775,-0.0009987682007595,-0.001298918329216,0.0218093121961189,0.000741677065557,0.0211396765262836,0.0080107644477973,-0.0152673490931503,0.0
2020-08-27,-0.0254560751584449,0.0215641255761671,0.0,-0.0017273969405939,-0.0062542353117089,-0.0140956219392487,0.0141444868650713,-0.0077943961405013,-0.0089688461378201,-0.0120216965149815,0.001250028773001,-0.0041527315527032,-0.0076674499602069,0.0073621758411317,-0.0025094389992958,-0.0156145604775517,-0.0083598399224817,-0.0087031694086037,-0.0086668291352647,-0.0099086844564286,-0.0141673487733857,-0.029691942318051,-0.0109192177158354,0.0070672276572666
2020-08-28,0.0086011550439577,0.0544878242036168,0.0289870985124978,0.0136587489310402,0.0334358682986755,0.0137066987941221,0.0511059274615721,0.0023447918477215,0.0360229032244059,-0.0189057427301344,0.042793746513309,-0.0151765943828916,-0.0065107755628468,0.038374149118285,-0.0053746494136652,0.0052319233474396,0.0136739901227622,-0.005698066634896,-0.0128903603063936,0.0026917759222557,-0.0019871230926371,-0.0054943733127892,0.0332912998822847,0.0116685697414128
2020-08-31,-0.014038583415429,-0.0491688093897395,-0.0220907174227866,-0.034944599913504,-0.029597989364579,-0.0050691033248173,-0.0455036615950343,-0.0165292116788009,-0.0402142278644186,-0.008783956420193,0.0101221516320793,-0.0342181809570378,0.0031849984911263,-0.03959730728933,-0.0205876589387781,-0.0078884773716447,-0.0170376728061025,0.0096239396752406,-0.0094920334370827,-0.011188467973592,-0.0149042772791156,-0.0251060499553057,-0.0269071773509974,-0.0023228234715708
2020-09-01,0.0334294252250151,0.0390165446095422,-0.0385334596695938,0.0187679513562022,0.0331149604459932,-0.0054880694120851,0.0129511759795475,0.0055402677199154,0.0122030486399404,0.0342107457461136,-0.0179322943446069,0.0093564213202901,-0.0022739633274295,0.0605524419243711,0.0161996667902601,0.0057269114426183,-0.0163046323595179,-0.0052379662911001,0.0108765531658079,-0.0009820957726125,0.0286090924132595,0.0278570972477616,0.0444517114166034,-0.0046618964043769
2020-09-02,0.0295164139115735,-0.0017888443616727,-0.0125789348097207,-0.021259593977204,0.0095118021412501,0.0011785976553779,-0.0027610301070386,0.0047240527912482,0.0120559991190565,-0.0110594328600033,-0.0207198244657615,0.0037143506079466,0.0049959763068394,0.0023017961892062,0.0089248727437563,0.0158630571041964,-0.0054944117190163,-0.0008755039776269,-0.0001257244035537,0.0016615150833425,0.0075738710685762,0.0,-0.0061056276657147,0.011614475562451
2020-09-03,-0.0576681125096261,0.0523157227603636,-0.0018100069750279,-0.0231205672052166,-0.0169512332739021,-0.0070923330892962,-0.0413982684364362,-0.0206353601044955,-0.0287929331743295,-0.0954171843524571,0.0231295192828691,-0.0169371587914044,-0.017365340340067,0.0114285486776724,-0.0011742252124631,-0.0429147708485606,-0.0034492986976739,-0.011453960226162,-0.0269028954644858,-0.0195839022317114,-0.0121214092573973,-0.0449514379332683,-0.0167626416016191,-0.0069525791580741
2020-09-04,-0.0235088782908299,0.0,0.0285732717166784,0.011871313611091,-0.0156454255194447,0.028071992350267,-0.0086831856416766,-0.0024087104708963,0.008403591477422,-0.0034462049627466,0.0814302353760334,-0.0001649790504991,0.0004609369581265,0.0011357309481979,-0.01317825339635,-0.0154975215526702,-0.0010373594690076,-0.0156289231651305,0.0036119404590833,0.024476582076919,-0.0283609951741219,0.022728276675653,0.0123784985671249,0.0023228234715708
2020-09-08,-0.0561727200904567,-0.0270616563676702,-0.0579871569229717,-0.0294017808080448,-0.0126544289543164,-0.025702228140386,-0.0097371930445784,0.0183200177841436,0.0,-0.057805811166772,-0.0605900365149074,-0.0583627752161932,-0.0043098316971845,-0.0476556092073939,-0.0022132308877571,-0.0301816841821045,-0.0309121660318378,0.0053857432537336,-0.0214754211460457,-0.0146749646141932,-0.0203550491917914,0.0493249717646691,-0.0303325333031965,-0.0069847198759478
2020-09-09,0.0340196209145586,0.0074535584061923,0.0055812506179202,0.0007540863130612,0.0076518288073188,-0.0023697642098809,-0.0039215808576043,0.0062941126045723,0.0188112792465626,0.0334763109196707,-0.0274807669885568,0.0306990107650442,0.0276865947347508,0.0304827931524649,0.0353323735557249,0.0489470392147044,0.0173302144747542,0.0097999270567155,0.0191550164954987,-0.0007621693196773,0.0265455818933242,0.0596804634090659,0.0250462464997565,0.0162227794516589
2020-09-10,-0.0066166302503489,-0.035267965927048,-0.0168384051425547,-0.0020120551602689,-0.0117029984805716,-0.0143371037826462,-0.0128522532271788,-0.0118343803244878,-0.0184896606686395,-0.015584113871081,-0.0097383511205171,-0.0268175894205571,-0.012531247418666,-0.0376514558949427,-0.015920941202737,-0.0214661102531374,-0.0230547103217388,-0.0097999270567155,-0.0127291991933096,-0.007271146851524,-0.0063172765227816,-0.020356717753883,-0.0214294968420327,-0.0046083038892078
2020-09-11,0.0062271621745795,-0.0233479649729915,-0.0094786894658331,0.0121779722155883,0.0012170834144851,0.0048019402570762,0.0049628466677504,0.0126183990870432,0.0054550795494354,-0.007724364099487,-0.0006118219045827,-0.0083258799646763,0.0095259687877482,-0.0072205195630561,0.0013365392470681,0.0035785606724498,0.0075067907267971,0.0124560603567847,0.0067744781998926,0.00887125954167,-0.0010144224877608,-0.0103362257407397,0.0518798468531074,0.0228321597938032
2020-09-14,0.0239567305574821,0.0259083061011538,0.0075899525478548,0.010391800788998,-0.010392523649747,0.0115104165995614,-0.0139584746046814,0.0369273409526438,0.0293256634778611,0.0036623198924363,0.0325133406800302,0.0211477681568856,0.0031552637409277,0.0,-0.0035119909096246,0.0070565729723943,-0.0129034475160527,0.0201318464177604,0.0090474410645682,0.0183326369514462,0.0210903485765987,0.0506437541742923,0.0068317051942212,0.0398281658084964
2020-09-15,0.0062586254666427,-0.0154641928531231,-0.0133207913492874,0.0211884426514643,0.0136307178047618,0.0078616028864604,0.0208650298043466,0.0075244406839982,0.0031026874611419,-0.0065610458753448,0.0205225845218191,0.0255177626584393,0.0187255820303438,-0.0012080893110258,0.0133135935807024,-0.0001865714643152,0.0043193638551803,-0.0026030176691631,-0.0163449635819401,0.0019418717463031,0.0643443889109525,0.0645386239110885,0.007630508685452,0.0086393640018674
2020-09-16,-0.0214850330372495,0.0129038517249608,0.0133207913492874,0.0122945899297475,0.0194101932170616,-0.022570658547206,0.0039255261204989,0.0163572516757826,-0.0046576134644022,-0.0265535749954697,0.0325463904642613,-0.0067032118918151,0.0005886567071859,0.0179754198202568,0.0347662198257383,-0.0106372347591428,0.0075149361263302,-0.0069748348836151,0.0069078339874653,0.0,-0.032195870820332,-0.0046403293647883,-0.0213408380554087,0.0149414221859776
2020-09-17,0.0119597084847713,0.0025603411281622,-0.0190843313436628,-0.0108497324939147,-0.0045684226184077,-0.001603301195892,-0.0108320813201641,0.0080794138648347,0.0080595224632351,-0.0230451418770067,-0.0084626526699818,-0.0090652020453596,0.023414359308953,0.018823732519135,0.0607093029090255,0.0091421466867966,-0.0161728303628181,0.0048005561845192,0.0080208148258806,0.007211006334316,-0.0096346937523739,0.0092591524205982,0.024713550995739,0.0230377275567502
2020-09-18,-0.0010911876196679,-0.0633451158767044,-0.0333039325632171,-8.017091218803785e-05,-0.0249962157008196,-0.0084592371793492,-0.0059585159669151,-0.0125141642523538,-0.0133647267765057,0.0181077462137144,-0.0125428847257098,-0.0084182027027797,-0.0018704760503656,-0.0440808178332086,0.084390823842642,-0.0017468534748452,-0.0227198454906316,0.0017398009938496,0.0172450418372496,-0.0055710508686459,-0.0207233629512879,0.0,-0.0316401183961649,-0.0167018540130248
2020-09-21,-0.0102064761840496,-0.0137181099046684,-0.0573929857833857,-0.0008827945470235,-0.0185421159096415,-0.0204339381135274,-0.033420743036105,0.0081152605259386,-0.0031338021944451,0.0138605664270983,-0.016194725671764,0.0292212479898159,-0.0065017121434238,-0.0397570342882241,-0.0369970883343349,-0.0270242364413793,-0.0251468518290947,-0.0166523840347041,-0.0087768358466098,-0.0228284241888721,0.0044767791269046,-0.0139213371527879,-0.0335720746880483,-0.0042194166647114
2020-09-22,0.0055553344770116,-0.0027665734101244,-0.0127389073957664,-0.0041838042252209,0.0037361321081723,0.0061742826681592,0.0020575161871509,0.016758154676594,0.0087501570317023,0.0472648766631325,0.042243712034899,0.0091062301446545,0.0010142841190585,-0.0063571699334872,0.0032906797801262,0.0086232871136209,0.0124648529108206,0.0030883117415929,0.0054786766961689,0.0078188564576695,-0.0013657073811739,0.0023338093594438,-0.0030966110886316,0.0063225203782149
2020-09-23,-0.0196073736740878,-0.0482362554579549,-0.0085835603159016,-0.0089897396192677,-0.003943919791415,-0.0132180867402129,-0.0249751231499426,-0.0182286018389112,-0.0239306446826974,-0.0384401737472739,-0.0428269858438579,-0.0278476581176798,0.0049110109251651,-0.0496833490681287,-0.0209287781507434,-0.0331058984076149,-0.0197124675412965,-0.0349651819149969,-0.0175612813387124,0.0078329717516139,-0.0323261280014008,0.0138889638048256,0.0009392976244966,-0.0084389772572288
2020-09-24,0.0072450791094125,0.0342895744335157,0.0234301313596467,0.0068105011599124,-0.0091936840784314,-0.0299662911949614,-0.0202243005190978,-0.0405462306917221,0.0110919856632345,0.0133004969405039,-0.0502498165532427,-0.00163603343728,-0.0164164411644942,0.0225322615953323,-0.0117372541989109,0.008053684689468,0.0159515687126083,0.0,0.0058024328302725,-0.0108622303448733,0.0058864330330106,0.0136989157737263,0.0046841498986811,-0.0279287296801752
2020-09-25,0.0008879478804288,-0.0113000050996225,-0.0105821106119063,0.0002423654136451,0.0205680821115938,0.004275346988654,0.0317487546524244,0.0390732882592894,0.0291945528325801,0.0261100432197798,-0.0242172282476098,0.0040958892235973,0.0115054302393291,-0.0225322615953323,0.0267925855391641,-0.0083824795328801,-0.0306066788362917,0.0009117197944976,-0.0067079978809458,0.0084585626752211,0.0063585560113885,-0.0416726918104719,0.0037311392536927,0.0300451865591891
2020-09-28,0.0289273935972573,-0.0114280928579261,0.0598734654497181,0.018012735213329,-0.0018524498479264,0.0157616994225731,0.0226579625871279,0.0044118419259322,0.0018349925939311,0.0291656707555114,-0.0044094367396509,-0.0175200784469131,0.0015915503260357,-0.0354742366499352,-0.008513185471918,0.0324801306552364,0.0135055987569208,0.0122312557657418,0.0033570551774313,0.0226050114005609,0.0112197581803012,0.1592038057211513,-0.0235527777846165,-0.0127660262869359
2020-09-29,0.0078921207821798,-0.0321198135611487,-0.0060301116987864,-0.0278354311576425,0.0086154173768648,-0.0119048745051806,0.0030504885129327,-0.0051489624696019,-0.0294548905762059,-0.0097046742049959,-0.0294704245009636,-0.0288202015863374,0.0150658748930121,-0.0296006840020637,-0.0052302297469775,-0.0032519360308116,-0.0170082409198872,0.0098567809420422,0.0025846631383878,0.0019011492960139,0.0092340598084446,-0.0474805187678963,-0.0076555891809499,-0.006444869476351
2020-09-30,-0.0127278003099089,0.0176473777267296,0.0100302314588853,0.0321895957246214,0.0202189878219036,0.0135941282008591,-0.0020326247162008,0.0182687286532465,0.010641465386683,-0.0003602324400695,-0.0013012661506057,0.0086365467138982,-0.0113141633805797,0.0184272608366423,0.0131685359131057,-0.0048660387986574,-0.0188905751128087,-0.0004460201074691,-0.0094664510989863,-0.0135739585076013,0.0069314053506293,0.0126051403328422,0.0161986869853747,0.0128481466392115
2020-10-01,0.0339185003273554,0.002910959358452,-0.0019980597616211,-0.0011065397379699,0.035781207756306,0.0,0.0418387471503818,-0.0036271923350814,0.0126838980306738,0.0299045735896932,0.0401968071640177,0.0194289929200026,-0.0025958149473988,-0.0070472113157059,0.0030145619671002,0.0064614317276587,-0.0376489959394601,0.0004460201074691,-0.0039164440273773,-7.56445750109691e-05,0.0189388658117932,0.0308350765821554,-0.0161986869853747,-0.0042642924326287
2020-10-02,-0.0319436437940066,0.0011636168804188,0.0158733491562901,-0.0145778198261341,-0.0001930579875568,0.0175664223071798,-0.0009760395549562,-0.0065621224533303,-0.0067859291533793,-0.032818822978812,-0.0125866866801453,-0.0398033346076021,-0.0085563211188119,-0.0330727700931837,-0.0066150465279917,-0.0162649069723554,0.0147425250604222,0.0,-0.0325718091103648,-0.0052997280994366,-0.0222747460372305,-0.0266683824148914,-0.0019229307208568,-0.010741298604411
2020-10-05,0.0322054433585572,0.0370944756553782,0.0097944533555878,0.0006416990574606,0.0143833138857742,0.0123610991236331,0.0203002520719057,0.0274186944685812,0.0459713281335809,0.0103691869759874,-0.0217678348532004,0.016915732090986,0.0210413341668518,0.052680904843016,0.0164558933902756,0.0148610784028839,0.0323961782600812,0.0294332341560461,0.0143558573132707,0.0028048953485919,0.045247743739738,0.0467089809595091,0.0340619305731271,0.0566785063573345
2020-10-06,-0.031908121499721,-0.0084391007162061,0.0288203827721917,0.0010419981181524,0.0145546505423275,0.0024538049432769,-0.0057580890049622,-0.0114530993244383,-0.0139905753191826,0.0007425020892517,0.0467848096779692,-0.0136663108819368,-0.013785451748089,-0.0055632492648295,-0.0190563422202441,-0.0164174904346445,-0.0043382813519232,-0.0161470508479424,-0.0205915960781979,-0.0063793541148973,-0.0169393708555585,-0.0343119995045853,-0.0235306091928195,-0.0289876458180043
2020-10-07,0.0152567349178633,-0.0286553749391721,0.0206191279824607,0.012102995426253,0.01230891146262,0.01339048148033,0.0228362413319014,0.0457342480145954,0.0301175488840503,0.0479525103998899,0.0147151499470532,-0.0277905325077432,-0.0069646515913737,-0.0084031712928803,-0.0069676025222458,0.0017509163080511,0.0113969732778644,0.0074511229912448,-0.0023143129004816,0.008874186865742,0.0447026014739186,0.0713173223057468,0.0235306091928195,0.0431720286514319
2020-10-08,0.01345375298727,0.0674415376848341,0.0274491717857265,0.0031608207136937,0.0165444995273658,-0.0052535236247233,0.0167915622019116,0.0177236077767402,-0.0052495294275427,0.0133342785626462,0.1072455618354641,0.0168798356342039,0.0365964201032964,0.0372712614436763,0.025171925828511,0.0115964836349196,0.0326766686813631,0.001309557235118,0.0103052868027524,0.0039189815127773,0.0100734233436794,0.0338376305178558,0.0275246960268784,0.0509916484190607
2020-10-09,0.0210427857253634,0.0188431528008318,0.0018036849021023,-0.0020534057003747,0.0246704835518492,-0.0122302620885417,0.0210534015949672,0.0266682968281908,0.0119173844482705,0.0334492705152209,-0.0282802437542026,0.0243561558243872,0.0115834786781925,-0.0177720419328429,-0.0052694662165051,0.0065123106622255,0.0082862478707053,0.0060868897929466,0.0056495731275911,-0.0065653674546908,0.0111001189751878,0.0522171805034614,0.0125902474567665,0.0319876333630179
2020-10-12,0.0255081300770259,0.0026630116304333,0.0,0.0096771406333138,-0.0083953292300291,-0.0069973399436169,0.0009055226109357,0.0227652072220094,0.022568892545689,0.0131729842176877,-0.0193078196013369,0.0098845733935073,0.0212787573269777,0.0068730636645116,0.0105115234265955,0.010319571651685,-0.0135954210575963,0.0030294993086821,0.0005365563647625,-0.0021220576532199,0.0237085886208605,-0.0176996685027053,0.0026770624436924,0.0018501862296321
2020-10-13,0.0151956214287132,-0.0133871800054623,-0.0555699512962168,-0.0052596436179266,-0.0007176499032151,-0.005383980363756,-0.0164238449038256,0.0108731772175487,-0.0182445640215878,0.0430020078343718,0.0091324746151189,-0.0069085903627259,-0.0059946849906227,-0.0096356366629219,-0.0103686835510354,-0.0137617918222368,-0.0184196469400443,0.007320012760672,0.0013397390314255,0.0064284318213641,-0.0140684434453115,-0.0271509578933031,-0.0008916318958314,-0.0224308501591976
2020-10-14,-0.0177298449320142,0.0,-0.003816798318331,0.0685887792433055,0.0124867543822513,-0.0033280101347337,0.0236374168732402,0.0399055467843734,-0.0259376123305599,-0.0243007749769601,0.0196912337193557,-0.0144098182741316,-0.0200128916311319,-0.0111265827799578,-0.0032892679108829,0.0053494929129858,-0.0011625083869022,-0.0465406525434475,-0.0037559203050232,-0.008479229232063,-0.0116697945695225,0.0091327036232446,0.0115300987698128,-0.0346188466903661
2020-10-15,-0.0292143630142325,-0.01630451873954,-0.0076775804774769,-0.045327469223154,-0.0180668696756072,0.0024970688287848,-0.0236374168732402,-0.0696042709819,0.0152361532048526,0.0153733225596326,-0.0078300901226984,-0.013940708451841,-0.0163041350236934,-0.0197745377376021,-0.0215746815088131,-0.023391305835247,-0.0164193782936075,0.0098391475500099,-0.0154390269602409,-0.0027406252479673,-0.0050919346662174,-0.0164992577306977,-0.0142097004441301,-0.0157795226908007
2020-10-16,0.0008530790281531,-0.0165747684483322,0.013397165682935,0.0025344804147326,0.0107721245148662,0.0074534520483311,0.0082456399081336,0.0162499168634373,0.006377130601606,0.0106672028276237,0.0106116905809852,0.002148875788718,0.0063564240994038,-0.0216304993482688,0.0071465338088145,0.0085459375136389,-0.0039492573355657,0.0088612705401178,-0.0082226494640407,-0.0040488166838272,-0.016585839097746,-0.037669133018767,-0.0080826801113012,-0.0039839693820453
2020-10-19,-0.0041179261443593,0.0247603027620695,0.0056871656607278,-0.008628010832651,0.0246925553548842,0.0073983088546487,0.0296650155828062,-0.0241448935955541,0.0146279428006597,0.0099162547997915,0.0381518067632766,-0.0133056751046982,-0.0033847314088228,0.0144720797982104,-0.0127239502371798,-0.0169688358069919,-0.0091436770178625,-0.0133215824274324,0.0035714053192346,0.0018354151174548,0.0098701854826064,0.0133463097392985,0.0036003865816436,-0.0060060755892377
2020-10-20,-0.0009088989796328,0.042559359564086,0.0150098781517613,0.0064011464873354,0.0257968883929802,0.003678591352195,0.0079400213669362,0.0150775484573837,0.0144171108555224,0.03790788472645,0.0258657731901625,0.0116098987243109,0.0066181051765537,0.0380595400676184,0.0079165314913502,-0.012204574743504,0.0111202552635663,0.0093438741697053,0.0355592524433578,0.0032799574253639,0.0079627936511421,0.0243228232794685,-0.0036003865816436,0.0139584049753741
2020-10-21,-0.0051042839045614,0.005194960574095,-0.0018639867091485,0.0359392033310612,0.0148299426854303,0.0121656950714119,0.0070053813528305,-0.001953865320265,0.0211060588812741,-0.0262322546507531,0.0036410804041677,-0.0014725254503407,-0.005629824385223,-0.0055477060242352,-0.0127857347634385,-0.0153165716659957,-0.0195420722760748,0.0210347865666142,-0.0123828375076366,0.0138405413391842,-0.0070493969538976,-0.0074211050871138,0.0152127328298155,-0.0099502819335002
2020-10-22,-0.0197764246106739,0.0505158252935462,0.0257841171557147,-0.014792916375895,0.0040066936405227,-0.0080939657326144,-0.0096450274872053,0.0006516155025377,0.0155420709204925,-0.0037093942043888,0.039200765704809,-0.0076216754666216,0.0004233455980386,0.0355228197808676,0.0029537830928516,-0.0049321302245601,0.0246631519014024,0.0051902817796851,-0.0005359341328632,0.0021007222329005,0.0064823713108363,0.0839028130838714,0.0035461988547049,0.003991921238579
2020-10-23,0.0081161084274148,-0.0148885218860801,0.0582688590560949,0.0080212738810727,0.0056488879723763,0.007287665696352,0.0105172058501832,0.0022363998797563,0.0176996179126964,0.0136892411368521,0.079620165502499,-0.0196041810302691,-0.0019771885286679,-0.0176035759619855,-0.0076980590874402,0.0137227263318493,0.0062671265382152,-0.0004314780830561,0.0110646703337806,-0.0010499394181406,0.0011329712706604,-0.0455420360176799,0.000884606554351,0.0039760491425675
2020-10-26,-0.029678608107857,0.0099506027744433,-0.0155578406375231,-0.0073441259772613,-0.0151909399231415,-0.0134013552788583,-0.0345932673605222,-0.0199078465862547,-0.0128412697944835,-0.0236902604860702,-0.0776252018584027,0.0097348920378816,-0.0155285206533171,-0.0179192438188821,-0.0058127037171908,-0.2633935766780917,-0.0309302784396177,-0.0226984508337531,0.0101562737687288,-0.0032313979696212,-0.0180531708763327,-0.0108107431333543,-0.0151449654009439,-0.0220670495915975
2020-10-27,-0.0030525358170274,-0.0352684258334896,-0.0445308030288673,0.0144865322219276,0.0075408489451338,-0.0139977302321194,0.007194288395484,-0.0047025420420001,-0.015739613071152,0.0008034832639198,-0.0574221758135853,0.0195287783718232,-0.0247104820415575,-0.0296420186287202,0.0166028550666532,-0.0045312525847824,-0.0261133408446756,0.0022049632975043,0.0165292576678095,-0.0029400260665006,-0.0002307146713427,0.0390813228182886,-0.0090175492611117,-0.0040650472895763
2020-10-28,-0.0096265120339378,-0.0800427579227263,-0.029577123121248,-0.0315550296759363,-0.0224540055967517,-0.0363062640486542,-0.0552625923104437,-0.0321616696856001,-0.0118313012756305,-0.0069482256511426,-0.0447876248589502,-0.0249639218055595,-0.0208185859928344,-0.0758731689158127,-0.0471082770564463,-0.0574255769293898,-0.0461067413935714,-0.0308680654288289,0.0519383113002827,-0.018207782780844,-0.0335395670968496,-0.0390813228182886,-0.0472966769111116,-0.0164274783938204
2020-10-29,0.0218076798448567,0.0,0.0204278763609695,0.0095942999575848,-0.0167000902450036,0.0233705344456183,0.0103626657192594,-0.0069784267601429,-0.0022167966054302,0.0212781541282378,0.0223747304230093,0.0225860681413303,-0.0033113255971732,0.0334380139811446,0.0204400180077017,0.0047984372442595,0.0641326145671556,-0.0211209501280378,0.0221788609137947,0.0097926771860423,0.0123268150808835,-0.0145988737695486,0.022536232652182,0.0082475750995191
2020-10-30,-0.0263655131124993,-0.0281707996444745,0.0164088063961806,0.0082261231221947,-0.0027815549838754,-0.0080118673146847,-0.0113101324101596,-0.0007003423820268,-0.0089160242863846,-0.0691558934394898,0.012868797633315,-0.0162288984954797,-0.0374793381590721,-0.0090091686751403,-0.021673559927076,-0.0167087721248329,0.0366722781940445,-0.0230002230874366,0.002753004156859,-0.0004569958035727,-0.0120887313264086,-0.0260721963128678,-0.0187444212820886,-0.0061792694123903
2020-11-02,0.0148855891100243,0.0085347550715778,-0.0036232960167668,0.0074878670871632,0.0274743014715017,0.025497558831022,0.0914249411350605,-0.0014027017755617,0.0432707579874622,0.0014897151192458,0.0079596926697158,-0.0287535371673097,0.0176857410346946,0.0134831436035315,0.0169819581112222,-0.0094048546957692,0.0429018117738944,0.0023712374985951,0.0217554859815116,0.0147434051404706,0.0217019431302265,-0.0152094966105413,0.0140911716080764,-0.0145684717338592
2020-11-03,0.0185826790370953,0.0251762842401762,0.0649923852657943,0.0004474758261894,0.0186261547227264,0.0106734631886711,0.0348526764962442,0.0035027237289044,0.0246206739260328,0.0147849569734841,0.01781085059759,0.0185624967570134,0.0035306788839544,0.0235308735460865,0.0083087210932681,0.0360064111775138,0.0074711588903868,0.0224833216945126,0.0105870388857596,0.0195464953077921,0.0228382223467011,0.0301910669089999,0.0248745800466696,0.0166325083607753
2020-11-04,0.0289796813002327,0.0063387283982356,-0.0434475651724275,0.0451938797318423,0.0212197179591391,-0.0053222595845627,0.002503011366274,0.0262265096533185,-0.0324238695222285,0.0641246080467556,0.0351987633246793,0.0865844881390778,0.069687290648901,0.0129963713211844,0.0193689143990281,0.024668199503492,0.0011158970440248,0.0078431349979704,0.0,-0.0126653821087812,0.0198719993172691,0.0365002429173122,-0.0137425932912662,0.0284571081523133
2020-11-05,0.0388943556933494,0.0377403997079091,0.0245625404450129,0.0255423200351181,0.0143817049105603,0.0203174029027555,0.0082988999447604,0.02223063044794,0.036599339057497,0.0887530032186187,0.0296317222377844,-0.0226718134548598,0.0224696643380375,0.0310759537677262,-0.0029554550263402,0.0283190566215409,-0.0022330407054886,0.023167160008009,0.0450302012988901,0.0214586001865733,0.0108962906052667,-0.0327896447453714,0.0442110177924122,0.0276698545917457
2020-11-06,0.0200146646667702,0.0286850096587784,0.0034603103923946,0.0004167365350653,0.0178093676067025,0.0585877281600115,0.0024762341350652,-0.0053440427398943,-0.0023465190613323,0.0328795178193672,-0.0271286302622444,0.005010512974823,-0.0169114968979857,0.0247264810200028,-0.0129591966422726,-0.004852602490069,-0.0063540152289229,0.0116072554099768,-0.011124611388293,0.0009480347332742,0.0107787484630135,-0.0111733573462609,0.03809979845883,-0.0039062555440464
2020-11-09,0.0002215028667027,0.0932049826435963,0.172486492925854,0.0013185916744244,0.050851873280219,0.044154740213846,0.1025536069969139,-0.0067204103483775,0.0484045910163986,-0.1102735922248721,0.1484200380035942,-0.0467066720643156,-0.0349997023528136,0.1054961393526561,-0.0350912956223803,0.0008682179263947,0.1252956310758004,0.0066357270539492,-0.0315936479409542,0.0176278381233396,-0.0263817391787695,0.0617255504853855,0.0025455911363265,-0.0058881931224523
2020-11-10,-0.0174526662224208,0.0591077540751885,0.0244087599901752,-0.0065405356555761,0.00835343452861,0.0183425045515579,-0.0142377717525064,-0.0197486488735472,0.0052089949365443,-0.0819387961915154,0.0145488291669551,-0.0033066597385973,-0.0060532029483288,0.0707007619269959,-0.0226140081043917,0.0134485520378193,0.0493727616126542,-0.0004409924879773,-0.0081151191473276,0.0021462831814726,-0.0155074583450645,-0.0524059476687817,-0.0059498006623324,-0.0320027375412295
2020-11-11,0.045888034255844,-0.0066447215468654,0.0,-0.0013272499802221,-0.0124061533316837,0.0106347102949735,-0.0037806923898431,0.0371286642816803,0.0426214837787859,0.0620308213758571,0.0109844078966085,0.0230334578699809,0.0025143748841394,-0.0011382264386538,0.0240105321475812,0.0231081569059865,-0.0117183634767328,0.0192228804660041,0.0250586926497597,0.0179875560779603,0.036074227330161,0.0274492003761959,0.0093338500861637,0.028057958465656
2020-11-12,-0.0128313650520697,-0.052463032528323,-0.0346353329259323,-0.0041326458173456,0.0016532735148864,-0.0206633427856015,-0.0253177390162018,-0.0093209701457355,-0.0235078626036902,-0.0065295543766916,-0.0156682830764434,-0.0254350664538227,0.0076514632038051,-0.0586336313155658,-0.0034171834479947,-0.0175576879933139,-0.0138442292086207,-0.0139436531329604,-0.0111873895383292,-0.0197757536916318,-0.011732375854935,-0.0182154180040703,-0.0300066952956787,-0.0179467989641212
2020-11-13,0.0165085427188138,0.0345254759668756,0.0374681154307503,0.0181538672384204,0.0196258926637584,0.0153602047444909,0.0238014357771905,0.0224876306467249,0.0019398556645553,0.0043578012999532,0.0343993518387866,0.0105917523490397,-0.0020541717161739,0.0297467244698945,0.0012439778387549,0.0242294556729225,0.0187585381419705,0.0113442354101782,0.0295222187226325,0.0137217922100596,0.0371547882815459,0.0200189114264603,0.0164012394771557,0.0179467989641212
2020-11-16,0.0163576929426865,0.0571581606925928,0.0209947545484316,0.0188452560869105,0.0117096663410714,0.0440355648422685,0.0202785030348322,0.0110571589964956,0.0031442889060913,-0.0118626993697308,0.0607944250442145,-0.0133434169074231,-0.0116717628952112,0.0356975410278385,-0.00717405853849,-0.0113685612337537,0.0618113289709132,0.0086393644542615,0.0081032841020842,0.0174295610546879,0.0628809610005189,0.037139567186712,0.0320159964544564,0.0078740579938667
2020-11-17,-7.023539338657514e-05,0.0190484954040588,0.0110193160070271,-0.0268730062030604,-0.0005819243004507,-0.009885871592119,-0.0014880982972589,-0.0117112967269266,0.0139089779665875,0.0112094925424788,-0.0363532745341745,-0.0028744571366168,-0.008357095667991,0.0311828286386008,-0.0088036472314274,-0.0166148138535291,0.0164307002890637,0.0034347835059325,-0.0082150519999366,-0.0095520796133383,-0.0365204557968077,-0.022828205844718,0.040623026110613,-0.0039292789182933
2020-11-18,-0.0062802391064975,-0.0276317735007725,0.0068258483088672,-0.012937631481976,-0.0223802774316101,-0.0211191086629951,-0.0119850361270454,-0.0191615130964502,0.006409568368912,0.0131965006957015,0.0032141418832414,-0.0156657201050745,-0.0031521425782528,-0.005497513392374,-0.0114340890838708,0.0080027825843247,-0.0227759517585903,-0.0077454594883912,-0.0164082188049254,-0.0063958831571104,0.0126662109892512,-0.005342815843873,-0.0128207700275471,-0.0039447790755734
2020-11-19,-0.001062432627207,0.0085832780967136,0.0,-0.0401418929988741,-0.0080730499255805,-0.0045590264805404,-0.018251489377135,-0.0107310250822414,-0.0195943766641915,0.0388460365046965,0.0119618347325674,0.0425885581146214,0.0121034685221315,0.0142314618940668,0.0068443926169323,0.0063395296399253,0.0057428045264669,-0.0095483186240059,0.0067757305300779,-0.0064367467266839,-0.0033066807572854,0.005342815843873,0.0286189211832808,-0.0139306268496735
2020-11-20,0.0005431184459645,-0.0303705044856155,-0.0068258483088672,-0.0027146656104672,-0.001803013079825,0.0115326620576223,-0.0061586901372576,0.0053798325802523,-0.0009656032743876,0.0335051670256296,0.0165098122353235,0.0469631571409072,0.0038541047210776,-0.0142314618940668,-0.0003175091256792,-0.0140858740808686,0.0143628285381871,0.0,0.0126377844120741,0.00854974133322,-0.0133376883846461,0.0262944313480759,-0.006289433839969,0.0139306268496735
2020-11-23,0.0083692448773202,0.0065859996786967,0.0256942584096522,-0.0228136024085907,0.0016528398532464,0.0114010971562943,-0.0108696156387444,0.0310359147692786,0.0093760153830908,0.0242486184763865,0.0257855381176277,0.0135954771567226,-0.0028150826050037,0.0304040698185665,0.0163682078813627,0.0031567910517216,0.0450196815288466,0.0078190478749853,-0.0021137949734701,0.0079190159764639,0.0289484547871987,0.1843379596824192,0.0394331708779334,0.0117879580873255
2020-11-24,-0.0067650656120745,0.0532610175718617,0.0683699579905936,0.0098729848671066,0.0437661627063099,0.0210748315860951,0.0299907297816206,0.0097057156344759,0.0161409002983705,-0.0086405062037417,0.0438569098102337,0.028393658532531,-0.0222031816042487,0.0672089113321223,0.0226879067898377,-0.005038601519856,0.0525564037185048,0.0150317449868015,0.0111857682364302,0.0040403798045725,-0.0153006468202807,-0.0396238292746491,0.0603123455331537,0.0019512696547466
2020-11-25,-0.0018637862178465,-0.0041583067064649,-0.0485411111488112,0.012132116449302,-0.0200300795614061,-0.0128641188379226,-0.0152674997180248,-0.0280789295983612,0.0214312695276199,0.0281422826437829,-0.0638115423162513,-0.0388930869452464,0.0033318214979844,0.0029953832943898,-0.0184820137087111,0.0109839157681994,-0.0209673380481199,-0.0141667358151726,0.0264102429090065,-0.0177453077494211,0.0087573297339638,0.0133832156425972,0.0204881598196138,-0.0097944486664988
2020-11-27,0.0331872898981293,-0.0339014841551916,-0.0251833058200618,0.0248360611888287,-0.0057336832807792,-0.0206549406532299,0.0,-0.011992261482205,0.0050573017934678,0.0220933419414048,-0.0081728062217831,-0.004915904435256,0.0209463625577113,-0.0090136010398691,0.0160373154502417,0.0097751908143912,-0.0019278739397585,0.0298149342267852,0.0089696884857297,-0.0081715494774039,0.0127404122173242,0.0291141023628729,0.0296267930565745,0.0039292789182933
2020-11-30,-9.133700697905311e-05,-0.0217872263889018,-0.0453063418062926,-0.0030889193062062,0.0172494810006269,-0.0364834576922454,-0.0108276584736866,0.0199078465862547,-0.0474266632534243,0.0260223517667164,-0.0309548799566834,-0.0323363966362517,-0.006089098332501,-0.0379339094450947,0.003359854508524,0.0158898535064713,-0.0693476242115354,-0.0135193912127409,-0.0083261488294716,-0.0415179504207738,-0.0175732298139639,0.0226960360726864,-0.0116082317619046,0.0097560300186635
2020-12-01,0.0259548616107343,0.0783467632070467,0.0783125230802126,0.0090957763259362,0.0176690352179131,0.0228255063178828,0.04038662422986,0.0104576288598354,0.0107616605646896,-0.0205991185830383,0.0008058202696155,-0.0043245520235686,0.0056448127136516,0.0539024085578896,0.0038042252831429,0.0152349161266762,0.0354175672551186,0.0042445957347205,0.0147897084010018,0.0124170781838737,0.0388164194631031,0.0398678089660351,0.0715537007779349,0.0154147614424092
2020-12-02,0.0039101692132508,0.0109470065846382,0.0154642256975814,0.0242299679033619,-0.0071449368374407,0.02678878589156,-0.009002400666632,0.0019486794620875,0.0167476518920204,0.0007882695638796,0.0060228899248011,-0.0207748451074847,0.0092887329289683,0.0088712862543138,-0.0053301301528949,-0.0042358912152682,0.0372330333925279,0.0180484926992052,-0.0219976657539375,0.001468033022534,-0.0131739866644196,-0.019048119354033,-0.0200200875082998,0.0264165403269744
2020-12-03,0.0042040437152808,0.0160001857109792,0.0114433357175598,0.0037508451305878,-0.0246822105748125,0.0075241061360324,-0.0083239745170362,-0.0110930901636217,0.0104712778137967,0.0243135880925384,0.0268578668687387,-0.0011944136395687,-0.0137424153462761,0.0347188635448614,0.0057857728704298,-0.0007350063519391,0.0087550126353632,-0.0033330671509053,0.0129796864708096,0.0037337301404134,-0.0004019132673782,0.062561919327049,0.0006520801863425,-0.0187976460896787
2020-12-04,0.0250534037033123,0.0098716289811313,0.0187858082118554,-0.0011792735672635,-0.007820940009477,0.0278869754064223,0.0496581999465481,0.032916859154445,0.0144781336143045,-0.0018987990291901,0.0356018577525092,-0.0051367251350606,0.0088878080242005,0.0344699814828484,0.0021230342796187,0.0180534745802676,0.0405715160445958,0.0235109478530022,0.0060562822648528,0.0103951850024852,0.0416340394728518,0.1349818837567442,0.0452449461686415,0.0094430861010702
2020-12-07,0.0114332231707203,0.0019626987023499,-0.039220892033088,0.0015951435172301,-0.0025217374289279,-0.0123357116191424,0.0086393782333202,-0.0082882429563553,-0.0133213746567601,0.0116312113219736,-0.0745419995909784,0.0229659658753345,0.0058813478046846,-0.0138314160091903,0.0238018914211504,-0.0114580590532851,-0.0214153950592379,-0.0073647448565163,-0.0110780006477591,-0.0009406895240733,0.0253200020162243,0.0189845106537067,0.0142286270804623,0.0037524447426821
2020-12-08,-0.0024724492999252,-0.0138204814862845,0.0064308538918071,0.0047703254830766,0.0007423119763672,-0.0043704273765943,-0.0057511421264742,0.0246613786569001,-0.0290895192550215,0.0252435663181849,0.0232289145808897,0.0243080659273546,0.0054099811918852,-0.01308392481977,0.0022165006579775,0.0062295067277613,-0.0008018712593953,0.0016408715010762,0.0001068735324931,0.0042617877572581,-0.0070745338625117,-0.0314632861151216,-0.0055436023648405,0.007462534478975
2020-12-09,-0.0340363897183371,-0.0019905741507662,0.0,0.044514671402335,0.0010383727952691,0.0097233775868299,0.0071838097089451,-0.0304398685189797,0.008060645084829,-0.0503465420734672,-0.0187817430049683,-0.0287917668186983,0.0240592116492073,-0.0066070614327478,0.0036831620672836,-0.0081791628972842,0.0050688343035045,-0.002052023309826,0.0081068512498507,0.0153069448840232,-0.0116157945637906,-0.0254349534432358,-0.0061958973322195,-0.0130964951521441
2020-12-10,0.0107832084211469,0.0636670786585551,-0.0325760591949197,0.0434388637424891,0.0002965843512621,-0.0137747772201488,-0.0043042460004887,-0.0019335359664744,0.0228768679957522,0.0338989352859693,0.021549078023169,-0.0185969163281596,-0.0139040570136721,0.0641834673326802,0.0048411973725537,0.0001625480291851,0.0221059852876148,-0.0090796787858238,-0.0004249431702461,0.0154253103931631,-0.001821320122108,-0.0273012736316933,0.0550154580670643,0.001881515930487
2020-12-11,-0.011357216811259,-0.0093894369463825,-0.0502482977743543,0.0182756247607827,-0.0105790491873274,-0.0074701462797248,0.0135669216867864,0.0153651718690963,-0.0074126597887698,0.0107067244461722,0.0276443914972834,0.01013496933089,0.0037458275468846,-0.0116124424211403,-0.0013180640945384,-0.017634267715902,-0.0160044868354258,0.0257841691008722,0.0062509160539363,0.0539460179332387,-0.0019205195446208,-0.023129610727304,-0.0082693949464993,-0.001881515930487
2020-12-14,0.0007949760425924,-0.0152100391278082,0.0449362004912725,0.010610840800818,-0.0023994452881872,-0.0034141898400665,0.0133851142833134,-0.0050956311196457,-0.0128701049296013,0.007089116383006,-0.0034622134866064,-0.015759039450887,-0.0118618974317747,-0.0208814606072529,-0.0032290950340976,0.0037991870554341,-0.0374556974611062,0.0088498788066679,-0.013932824133541,0.0169413136112055,-0.0045283060927836,0.0122401176111759,-0.024010911163105,-0.0113638573958997
2020-12-15,0.035372017533219,0.009533167682169,0.0301661837342832,0.1295500689294604,0.0323538138538448,0.0139243284118264,0.0027953238271964,-0.0031980410902869,0.0100762749060083,0.0309907102193971,0.062006409035979,-0.0150762757899656,0.010998639159327,0.0217793259611309,0.0064478698857106,0.0144040649449692,0.0313541990089172,-0.0012022042523591,0.0083192551378905,-0.004764367770405,0.0146661874703148,-0.0346570335152016,0.0126775583831602,0.0300212125806708
2020-12-16,0.0047406419429512,0.0225152173119478,0.0012911188519111,0.0260722082534954,0.0052196263163737,-0.0064284996251666,-0.0112282079540548,0.0031980410902869,-0.0065498065413374,0.0003295155821723,-0.0197519556956096,0.0323071459479802,0.0334024065789395,0.0133750804575576,-0.0055661260914603,0.0155603696647039,0.0066303783125976,-0.0004013232104487,0.0101448566952493,0.0145483998185813,0.0010461325118438,-0.0050503815041886,0.0160670216430385,-0.0055608600326269
2020-12-17,0.0121623248134525,-0.0093198068767439,0.0140937271973013,-0.001524235086932,0.0172047692621624,-0.0047636374278878,-0.0063716792945718,0.0345185899698483,-0.0172804204020895,0.0062396724226339,-0.013762498371916,0.0278912304712912,-0.0015321735835867,0.0070611477644551,0.0100841259710038,0.0289372666984313,0.0071119596061719,-0.0088636391351202,0.0198830393563529,-0.0029054508366623,-0.0082240652970391,0.0661194218568423,0.0169744449955833,0.0110906897949327
2020-12-18,-0.0001255937469517,0.0,-0.0076628733054942,0.0134798373938815,0.0012784012685145,0.0145593472298024,0.002836886295944,0.0006166883907012,-0.0239231515342126,0.0256737361207717,0.0258794054910564,0.0420140183197226,0.0284494949422939,-0.0070611477644551,0.0254122240986736,-0.0103902610069432,-0.0212211533285255,0.0032320649017711,0.0172692099069569,-0.005642065962097,0.0036505902960364,-0.0374213877287463,0.0080925329752892,-0.007380015991938
2020-12-21,-0.010489831659342,-0.0342891472426474,-0.0207262069395739,0.0020219276677568,-0.0301196554794396,-0.0255334230475656,-0.0316573760344445,-0.0180406868295133,-0.0036748572479261,-0.015075259002808,-0.022141140422851,-0.0198173330366735,-0.0260822301741288,-0.0480814889938792,-0.0340286743794626,-0.0159902489947887,-0.0483345753050481,-0.001210636636999,0.0069655462166902,-0.0130916223645032,0.0052606631398415,0.0350489703862224,-0.0215312518874668,-0.0262680276408387
2020-12-22,0.0082662060938041,0.013475077024833,0.0117114462007603,-0.00947089007522,0.0010235839847707,-0.0065732958349937,-0.0014631328900227,0.0399928586589468,-0.0225901045770462,0.0201156541367897,0.0089154259841022,-0.0046379758951786,-0.0179628404814189,0.0064843565707843,0.016438026145459,0.0048557502615453,-0.0170265637953179,-0.0130087863470764,-0.0197098259486225,-0.0066108209782056,-0.0085263694833468,-0.0313656670325441,-0.0118345329682241,0.0409739937520867
2020-12-23,-0.003281452383792,0.0189398542202878,0.0590252546636669,0.0109200093513113,0.0094553626166704,-0.0041739203597574,0.0152565863713971,0.0006028637310402,0.0030084876636897,-0.0366723461760143,-0.0014804190286934,0.0008646358996049,-0.0142617728334042,0.0101057014295198,0.0153199207344605,0.0005557494545449,0.0282187606561516,0.009772395217606,0.0,0.0025834979164498,-0.0017333063029347,0.0048900103187743,0.0017841577861599,0.0180839530887261
2020-12-24,0.0176886974838126,0.0018742159975264,-0.0110364625089545,-0.012175582578628,0.006925334650226,-0.0045415070716541,0.00861442769106,0.0006027005891415,0.0230123018913315,0.0121828804405312,0.0070124122817425,0.0008637049297037,-0.0027328257012322,0.0027385797569161,0.0007101608440907,0.0004760153801619,-0.0030654971869856,-0.000810357356054,-0.0063819463680276,-0.0045752849281424,0.0210755002982105,0.010915755535886,0.0035586962465985,0.0035776416091053
2020-12-28,-0.0059171046098223,-0.0056334085729594,0.0073712521248241,0.0107264633025367,0.0149843961586744,-0.0056180470889328,0.0191156949265067,0.0101889382984659,0.002198941665811,-0.0159564593227292,-0.0096083601303775,-0.0166499085736671,0.0117414289917725,0.0018213696257018,-0.0001419775724857,0.0377521298015812,0.0019518519933203,0.0172864052342007,0.0113969788711649,0.0140563644300408,0.001697346050169,0.041352712758512,-0.0095181780492934,-0.0035776416091053
2020-12-29,0.0078195436294823,0.007236640432636,-0.0160399318558359,0.0102538857777672,0.0016982199394464,0.0003546073253914,0.0208195956716723,-0.0005965890657093,-0.0365393319021953,0.0058552189153244,0.0154756246600009,0.0250323261866505,0.0046864477029111,0.0054447195196949,-0.0039840791162815,-0.007360253489332,0.0066630845817017,-0.0096114315974009,0.0250037878812374,0.0048376581672746,-0.0055739870755928,-0.0389429079594283,0.0065536581549041,0.0017903756477379
2020-12-30,0.0121161784209444,0.0,-0.0012445909454512,0.1185858285051946,0.017937593323368,-0.0021284972078152,0.0068445984287959,0.0100922242717178,0.0035378495199465,0.0232998979368481,0.0397830176770948,0.0262994045432343,-0.0053987403187529,0.014375895134481,0.0085179606132568,0.0052956478045116,-0.0030485716030943,-0.020325704131086,0.0034790851521111,0.00487932764623,0.0311507042720871,0.0412550594158815,0.0065107919680817,0.0089048250380017
2020-12-31,-0.0044801354298558,-0.0018997969366043,-0.0049936255036362,-0.0155554071873718,0.0036044930087979,0.0031908508012068,0.0135502345400317,0.0011805905355868,-0.0010097008659815,-0.0222666758048433,0.0369071585155134,-0.001669199108135,-0.0049980852647122,0.0017825510763589,0.0077449183881324,-0.0019154776787102,-0.025011746127217,0.0053242414901975,0.0031702011000707,0.0031100929421263,0.0012848950622492,-0.0269179755821133,-0.0112729327416896,0.0017714353478125
2021-01-04,0.0248665559775327,-0.0407426804499884,-0.0382699748638959,0.0025863562705827,-0.0317754058271697,-0.017497290980645,-0.0286707569082782,0.0175443857599026,-0.0119394839439586,-0.0212482406113565,-0.0492813123768938,0.0100772131133997,0.0223679484465613,-0.0035684271113518,-0.0009824778171592,-0.0088588169974066,0.025011746127217,-0.0069685288101353,-0.0102402254118252,-0.0083155119737527,0.024101555992579,-0.0511059604927972,0.0374750619139989,0.0140599886829235
2021-01-05,0.0106629443746744,-0.0093559700640992,0.0154841797624716,-0.0129992686200131,0.021761730809668,-0.0057803973405294,0.02462515713824,0.0229236746290166,0.0202382782586938,0.0060790460763824,0.0266776161128277,0.0487216388540012,-0.0092828868633585,0.0290644497677539,0.0120029313242251,0.0057093833988739,0.0665659377594209,0.0195524029367475,0.029926471609321,0.0007172155811199,0.0095338510710227,0.0355646619458094,0.0165294781210545,0.0258411939235961
2021-01-06,-0.0304168066936139,0.023716353738074,0.0763916697312758,-0.048003084830654,-0.010680381603584,0.0229236164211878,0.024033108893728,0.0045220936886023,0.0271755212684516,-0.0484393290573361,-0.0031222974265894,0.0198853497092565,-0.0263436146581117,0.008642710692019,0.0015248706286103,-0.0018480348150795,0.0451858270720757,0.0203639410083784,-0.0198841441457284,0.0008470993111782,0.0248719417111082,0.0131659130232864,0.0262217772290269,0.0318020588617069
2021-01-07,0.0226096381450418,0.0116505019040347,-0.0083383115511765,0.0190361605318907,0.0165337571060435,-0.0024817013300824,-0.0179705322512737,-0.0102040776291749,0.0250317130390747,0.0163980965120646,0.0250484713932772,0.07688234198796,0.0166885807017043,0.0060062264294697,-0.0107234601515031,-0.0072716473907128,0.0012400233984419,0.0650328774418809,0.0090606105846045,-0.0056170702576983,0.049115453265804,0.0188463550744835,0.041526567402693,-0.0182882516495839
2021-01-08,0.0144732377474889,-0.0136057542464771,-0.0120338403922561,0.1446709571273139,0.0131157164984698,0.000354871946536,0.0060260431825853,0.0575700035768265,0.0066333855243589,0.0730086710334942,-0.0271354764391715,0.0236698340962639,0.0024227111307286,0.0,0.004609836501471,0.0181570754907376,-0.0024819354325549,-0.0339017493753051,0.019321678225201,0.0011781714880605,-0.0228228130890419,-0.0082015735539735,-0.0005284705770396,0.055479241478177
2021-01-11,-0.0015542130211843,-0.0297934355677531,-0.0072903639973649,-0.0901000369426174,0.0042427252251053,-0.0010652328877767,-0.0073701980916038,0.0091028972114539,-0.0090133563044623,0.0244514046136741,0.0003481367861457,-0.0480047262684601,0.0022744715865181,-0.0251205588500917,0.0183669751726673,-0.0142826920732321,0.0004967173137382,-0.0131124375276723,-0.0014432719430561,0.0035266603472043,0.0324121435300162,0.062698517123259,-0.0165203562570064,0.0126183069150076
2021-01-12,0.0117039039449737,0.0239061306322325,0.0252872176697909,0.0867646031359692,0.021482887328887,-0.0053426913224132,0.022607516254121,-0.0085651397423496,0.0101935322012352,0.0271824179012032,0.0565007388059304,-0.0161557960052736,-0.0155995765196301,0.0276833247172145,-0.0141945314952258,0.0007730395203111,0.0228373408231226,-0.0227727233466437,0.0018279562357461,-0.010749423807189,0.0032572347570125,-0.0359993587189022,0.0053590592716297,0.0217062836723562
2021-01-13,0.0002529988621695,-0.0019709877032669,-0.0155784035428301,-0.0105376592132397,0.011298077423004,0.0010708562588748,0.0045915882248426,-0.0091818005110502,0.0163746093654069,-0.0065959780640385,-0.0095852330994614,-0.0037294384292012,0.0223927232300207,-0.0444902767213726,-0.0040329577994961,-0.0104093949612327,-0.0129510037472764,0.0079114357016112,-0.0013465712040736,-0.0072750816449094,-0.0311299331838172,0.0181617005139851,-0.0303876841949288,-0.0107942867316168
2021-01-14,0.0578035685941529,0.0462515594077008,0.0120050143702667,0.0496459416341936,0.0001321030420844,0.0078179692348481,-0.0092045518439412,-0.0114600263706483,-0.0062843602692677,0.0297717173519318,0.0438595057644488,-0.0215285692729985,0.0018319939719981,0.0281459868356328,0.0034777018783191,-0.0154237631586857,0.0240565229218536,0.0086309499150294,-0.0045342511403494,0.0045696020531664,0.0587925137687959,0.06741682613123,0.0426055558327735,0.0123269702495383
2021-01-15,-0.0319943659435546,-0.0521860386195025,-0.0426635616826451,-0.0415334460141361,-0.0104951083189863,-0.0305503480007436,-0.0112920366103685,-0.002747899733166,-0.044886990126673,-0.0004049337114784,-0.0173136423421329,0.0029545923679714,0.0139802747480199,-0.0561895262975404,-0.0132803884710401,-0.0087614672445752,-0.0356830336090894,-0.0221178893844844,-0.0133354734772184,-0.0195501193863067,-0.0096947634574222,-0.0798674235614309,-0.0711069944858686,-0.0216728352366191
2021-01-19,0.0408595666336157,-0.0180189856669414,-0.0062460813187488,0.0472200504782955,0.0004007126465848,0.0029154302495921,0.007321144182907,-0.002755776996862,-0.0012215479813777,0.0326350847461602,0.007411006800559,0.0466670694344877,0.013650616495576,-0.0018364950924805,-0.0201854187086198,0.0165032510335958,0.0113807413109587,-0.010437854322614,0.00176219666898,-0.0018882237514077,0.04733260095961,0.1291080673627476,-0.001701974496111,-0.0094340348509001
2021-01-20,-0.0002181935275613,-0.0040483700873508,-0.0050249924501384,0.0409976678197354,0.0038638798408068,0.016958726085559,0.0157897006431833,0.0153344807540669,0.0085207620551139,0.0365039086852183,0.0121252623472556,0.0255560008142659,-0.0143450017714994,-0.0046062309119256,0.0,0.0043185247021719,0.002702099522688,0.0136273921577352,0.0064353303031627,0.0124112999158363,-0.0050390354852982,-0.0439968661284444,-0.0091275205956637,0.0372137600008
2021-01-21,0.038143216909205,-0.0308983341938418,-0.0050505878429267,-0.0350652733476488,-0.023682508438616,0.0106761916655924,0.0,-0.0109292404632204,-0.0109690091873475,-0.0225004716994501,0.0019011243097541,0.0269037623201997,0.0074741199387071,-0.0280918972370862,-0.0134445268691498,0.0021133115179665,-0.0250911504861686,0.0286465063184748,-0.0033100239654832,0.0090270432218781,0.0265875889516227,0.0449974033493894,0.0011455302665615,0.0015207980827907
2021-01-22,-0.0022625940502267,-0.0405609424235597,-0.0114577589932465,0.0033289624996273,0.0109689626417925,-0.0236400190921655,-0.0231108448260903,-0.0010992789391126,-0.0228071448827194,0.0127318389144726,-0.0101814335354344,0.0062717103530305,0.0042654102655954,-0.032821383828796,0.0017448789949683,-0.0032891885012373,-0.0118942647431294,-0.0058196107444632,-0.0141413965206189,-0.0226544295019666,-0.0381361502415265,0.0266419116160214,-0.0149944666453327,-0.0024397803113813
2021-01-25,-0.003236603666501,-0.022026787217694,-0.0378388625179808,0.0083527341840232,-0.0077064201008121,-0.0127669778539152,-0.0114209377580896,-0.0144047811817182,0.0007520555972657,-0.0442459382965472,-0.007382461298719,0.0624969884963597,0.0047942440649735,-0.0098618079301089,0.0073822816555537,0.016724700197173,-0.0273568859313817,0.0242180265107827,-0.0182648797962596,-0.0083482849058178,0.0106292030514749,-0.0068392457668182,-0.0152226300440974,-0.0169364588416811
2021-01-26,-0.0333364661871371,0.0176602755558354,0.0105820340500768,-0.0261158872798761,-0.0120153938703766,0.005126481839583,0.0047184217334357,-0.0039138050735667,-0.0220401414832087,-0.0391943359247006,-0.0360813279810217,-0.019170356885831,0.0012291633214607,0.0254415746605667,-0.0108750163900417,0.0397012708531638,0.0044383223761768,-0.0218862328054281,0.0043217897733751,-0.0050564856688826,-0.0300990873919841,-0.0278348150404879,0.0128957762647186,0.0061918810356333
2021-01-27,-0.0454047470624132,0.0043665116618585,-0.0402738238574797,-0.0458183891485024,-0.0559309563262502,-0.0206650222722242,-0.0376886345565052,-0.021518529216808,-0.0474718001811393,-0.0505092782265705,-0.0158226233792881,-0.0235675487755697,-0.0460846013014082,-0.0009665077802856,-0.0421352024664591,-0.0201452733000291,-0.0107375240648996,-0.031948972170023,-0.0275549526141869,-0.0231456491752526,-0.0395398201875973,-0.072093877215386,-0.039197417794575,0.0198633557434451
2021-01-28,0.0421576835265327,0.0194182519088068,0.0323478338655192,0.0319081218786809,0.0448811289145507,0.0048354532928494,0.0423850953417437,0.0096839194630611,0.008292074241059,0.0707647520419394,0.0320562004878701,-0.0156566269532039,0.0089636193572935,0.0201056045946892,0.0045517953222065,-0.0133269149666048,0.0068224708745816,0.0047979519817737,0.0066786534146094,0.0046165502064559,0.0330444333953572,0.005402491693017,0.0144318928716637,-0.0152442828743666
2021-01-29,-0.0241555222523421,-0.0303708174538008,-0.0350913984007617,-0.0410568024499742,0.0013881092796772,-0.0175934750188644,0.0106526483163742,-0.0440395407378795,-0.0346916619978832,-0.0359948637363336,-0.0644727846447605,-0.0193778825942123,-0.0142656578042212,-0.0485530724010156,-0.0751099702161215,-0.033045431621189,-0.0359414835733367,-0.0369733282551871,-0.020066918739154,-0.0195906635674827,-0.0348531376969942,-0.0250968142349208,-0.0364781388675847,-0.0568874260483882
2021-02-01,0.0371727638309504,0.0153009533674361,0.0163492939060823,0.0288124397568472,0.0786545896189738,0.001132121304106,0.1185185579732426,0.0291908230567154,0.050548276651944,0.0638249533158568,0.0598614659716454,0.0279558111704387,0.0115706957515691,0.0226276412638153,-0.0350388985897058,0.0262761012104988,-0.0073459017958015,0.012340351680756,0.0290384019627949,-0.0007827959380088,0.0414276710236185,0.0293978500808056,0.0358809665491262,0.0351472840007025
2021-02-02,-0.0016065447845834,0.0159378753325303,0.0266680944866399,0.0350556998698028,0.0263174108809658,0.0127438449247887,0.019802718299049,0.0034462244957484,-0.0097485073964902,0.0069349970177698,0.0183191074521591,0.0423870583602603,0.0079221570104586,0.0521198486582212,0.0299673614951254,0.0,-0.0123645890788801,0.0077379979419052,0.0071800319926302,0.0191164795196847,0.0139555851418418,0.0170217079567926,-0.0217401267644636,0.0124807174276302
2021-02-03,-0.0193179374901051,0.002134688871791,0.0169607275947152,0.0030290756608692,0.0021207133866183,0.0293599162276345,-0.0057837728909952,0.011969454349082,-0.003979384558395,-0.0208815238110489,0.023387243694898,-0.0035729618600175,0.0200871140971581,0.0110195156677257,0.026702663413562,0.0080717449276734,0.0197104908746816,-0.0061036835101742,0.1147778850405258,0.0340018940052377,-0.0073454998867186,-0.0074113672911355,0.0306607756674224,0.006182388731134
2021-02-04,0.0228168891104019,0.0210978759694815,0.0255440999663518,0.0280569855270176,-0.0062500270827023,0.0057698936678414,0.0063603373041498,-0.0034052769438797,-0.0021287226991755,0.0121312564296989,-0.1135566823406493,-0.0053016361892268,-0.010830750006737,-0.0082531587688274,0.0141127548225288,0.0129318827803688,-0.0078923256635063,-0.004500193332066,-0.0038705284114546,-0.000337933256544,0.005084985235964,0.0042418097340004,-0.0233614257970473,-0.006182388731134
2021-02-05,-0.0047461521114486,0.0103841275403813,0.0125314215118974,0.0442785067811586,0.0272124121532786,0.0135716277539437,0.0120307922851314,0.0022713469797301,0.0427595335969885,0.0130030216978918,0.0130397947009344,0.0141293778763351,-0.0032157713120328,0.0191522087033573,0.0322259535735613,-0.0153850226257965,0.0237592827018766,0.0374217421232176,0.0512436210788314,0.0190048561606381,-0.0028915368717195,0.0178295150090366,0.0450314937035818,-0.0031056260386765
2021-02-08,0.0200397509487668,-0.0166668846139557,0.0074443453460224,0.0236690986162466,0.0066889266805545,0.0200182534818083,0.0051122328485067,0.0185448885596453,0.0154492806025761,-0.0090285503901341,0.046520036884321,0.0008864773353982,-0.007168884855349,-0.0424418270570516,0.0050186338060274,0.0092443136004671,0.0276296494240013,-0.0131189954284955,-0.0093831135299247,0.0136278791355008,0.0366501593731882,0.0447228727301254,0.0223438849046586,0.0245788433903282
2021-02-09,0.002656148324422,0.002098572127368,0.0061614838700563,0.0645385280332639,-0.0125633928759549,0.030139330614904,0.0039581413637481,-0.0179779197591622,0.0100024230323212,-0.0121148244701556,0.029636664333887,0.0646492498169557,0.0053463932235686,-0.0315965872034251,0.000303314743673,0.0003039471495291,-0.007816570163436,-0.0072288895166097,-0.0261120276492405,0.0069724886650535,0.0009800225616025,0.0284194692565531,-0.000566619222857,0.0075586202627391
2021-02-10,0.0024550600984003,-0.0126583558924908,-0.0036925585396156,0.0300811520878747,-0.0088767121284405,0.0,-0.0062268944773502,-0.0079680411115927,0.0049641098780339,0.0144163602841578,0.0154542531809496,-0.0103996835183792,-0.0012636176573659,0.0135266961620679,-0.0033419911992345,-0.0143182218219424,0.0028730222344863,0.0032191592123202,0.0059303861080306,0.0479238068427045,0.0075832453776554,-0.0185282033199998,0.000566619222857,-0.0090772397991134
2021-02-11,0.0425132526579679,0.0042373737206728,-0.0111591272066615,0.0180567082054077,0.0032147424979922,-0.0020262697786508,-0.0034130348237431,0.0186814330385485,0.0027197035934212,0.0192233537781643,-0.0334609350147325,0.0107774792409589,0.0379068701776392,0.010501255259067,0.0069750652968982,0.0217410197807765,-0.0269640349315798,0.0064077939634912,0.0058079621786397,-0.0163498382529816,0.0401009818315198,0.0423956543751544,-0.0159910219882606,0.0060606897518855
2021-02-12,0.0108951679582158,-0.0084927088514572,0.0062148113831199,0.0109543609167319,0.0247496789895902,-0.0143005665235715,0.030858016613255,0.0133708180496077,0.0103166417518809,0.0003860755469098,-0.0196837095749295,-0.0026457009316498,0.0252433318786131,0.0018974797160653,-0.0042398717806331,-0.0044623064891657,0.0313881923723573,0.0007980451208422,-0.0038679940919852,0.0097049196640517,-0.0079359510245202,0.0168384139407424,0.0074563239210605,0.0164797993411431
2021-02-16,0.0085754600933363,0.0063760217103194,0.0717154478496333,0.0413075370686826,0.0003609477875312,-0.0061919000216805,0.0011044187561957,-0.0178675546137143,-0.0135315816340644,-0.0016122123917181,0.009055921453847,-0.0396808566716639,-0.0100740641968521,0.0141181127637777,-0.0289429034926707,-0.0089078983892409,0.0417046958659108,0.0091323296493457,0.0126038832252808,-0.0253034377625631,0.0143113626802078,-0.008383736200042,0.0298362264038005,-0.0225404890930287
2021-02-17,-0.0261368741567782,-0.0063760217103194,-0.0151078829811863,-0.055205609746979,-0.0152840568987615,0.0075627293389244,-0.0088692532571328,-0.008486839272614,0.006419465659504,-0.0259118625473426,-0.0050209821258659,-0.0006304589230321,0.0067713855381552,0.0203518687190706,-0.0216320491298396,-0.0346243313476044,0.0101601258737638,0.0059116450659399,-0.0004350677271744,0.0003195554223482,-0.0273616251117498,-0.0361944316119289,-0.0089137637164444,-0.0137722090841432
2021-02-18,-0.0087178565229626,-0.0141846581103675,-0.0406267865359508,-0.0351780421030438,-0.0044103134387385,-0.0172715800856004,-0.02138526470064,0.0129835758367207,-0.030487150530857,0.0004442688791383,0.0046870289197142,-0.0205402467633417,-0.0063719521751335,-0.0091994350338653,0.0011167977998116,0.0185894057006388,-0.0289276160934348,0.0027465793180168,-0.01225714190317,-0.0198728986001981,-0.012107995942908,-0.0009703769911939,0.0061365771961088,0.0137722090841432
2021-02-19,0.0202577450742493,-0.0086956929437598,0.0417970952204798,0.1315538117020169,0.0153512959531831,-0.0073441399586196,-0.0108664423347613,0.006150550985065,0.0083387508339911,0.0101540530289758,0.0967059064223363,-0.0034650226184442,-0.0135417262175989,-0.0738236188499987,0.0084148332147613,-0.0145597730472371,0.0119547794591747,0.0023486119799076,0.0176376480799582,0.000651284030062,0.0149656086901979,0.0077370829974476,0.0132599470422714,-0.003044098557235
2021-02-22,-0.0271138568980049,-0.0818636537705905,0.0023365164988999,-0.0121948974443242,-0.0320646064079324,-0.0212850549490863,-0.0256275394419152,-0.0185660031947807,-0.020850173322541,-0.0657512627943361,-0.0214534976657487,-0.0532962276521189,-0.0181169364593496,-0.235659198682152,-0.0342559692848052,-0.0086320010222369,0.0217590883497411,-0.035007800680356,-0.0197540283026418,-0.0072549231510805,-0.0228698821255992,-0.0463366710263821,-0.0386061345621824,-0.0184620285426986
2021-02-23,-0.004208995443089,0.0620174449396131,0.0456178144069532,-0.0400418720717432,-0.002875398783217,0.0053641079435839,0.0181238551325164,-0.013146657398404,0.0066585301357338,-0.0073107382373169,-0.0130964819464636,0.0234750571953652,-0.0148170104550571,0.0646169782437738,0.0,-0.0069436826897764,0.015953025046246,0.0040403104917605,-0.0075319428576978,0.0019005379794938,-0.0340385538973855,-0.0101419979753216,0.0208870276246111,-0.021978825125706
2021-02-24,0.0323488835948495,-0.0044643223699785,0.0318184682615476,-0.0593834902200089,0.0323978153047481,0.0267431475606718,0.0240423578508566,0.0171136969066725,0.0028034636605016,-0.0354155961571152,-0.0050346186884766,-0.0231346254838857,0.0070897945244903,0.0290889578345258,-0.0019652856932155,0.0135234071864109,0.0313985410439809,-0.0109466579439407,-0.0254933398583228,-0.0018347657582138,0.0244848716555363,0.0241703559098616,0.008344863355191,0.0110496369827322
2021-02-25,-0.0610525814862938,-0.0457742711424327,-0.0258610780344796,-0.0328007780651287,-0.0085209804815278,-0.0206987838104053,-0.0292702917217582,-0.0165387660411084,0.0050774182490829,-0.0606967876316089,-0.0441793857656969,-0.0782143058445665,0.0020754827614419,-0.0529847473672976,-0.0064140881436358,-0.0229380138254606,-0.0035455066771707,0.0052859856377698,-0.0232611328438063,-0.021147250674443,-0.0487902240538025,-0.033386960129401,-0.0366755968413472,-0.0174192335012648
2021-02-26,0.0129920171442314,-0.0309182357983448,-0.0157307197606035,-0.0371888600659362,-0.0330586786219662,-0.0193276744670942,-0.0331588084128782,-0.0156478484704809,-0.0300754108899008,0.0154100967569732,0.1008995214922912,0.0108917850941443,-0.0151822639884335,-0.0419816421441531,-0.010615236186938,-0.0027526905916515,-0.0288273694331109,-0.023801334000975,-0.0119311071840844,-0.0089506410164972,-0.0004764684621783,0.0081966787796727,-0.0291564329184121,-0.0209854173336163
2021-03-01,0.0286122749406896,-0.0419298032697146,0.0179577738288214,0.0418684927643102,0.0372065126152452,0.0288531690545057,0.0190824221359813,0.0310548602021829,0.0229596694195231,0.0448665497087183,0.0677004973205037,0.0067138164146474,0.0219329847227172,-0.015248039258615,0.0076411272354657,0.0086372238135332,-0.0004879200822585,0.0189231126609454,0.0212265887561327,0.0094865109683501,0.0250141552527507,0.0261847219948374,0.0366001387799572,0.0415395622385759
2021-03-02,-0.0356016293732279,0.0234249699856852,0.0055461581759281,0.021255695812389,0.0080028001947751,-0.0028129187495928,-0.0053302251753342,0.0201799362833927,0.0139298158184368,-0.0422449828441742,-0.0016727456336189,-0.0041682060178951,-0.0020615638036911,-0.0090032738876184,0.0001655297401876,0.007366982934398,0.012600464893782,-0.0016314443211142,-0.0216047076916887,-0.0008707604634246,-0.0245376867905724,-0.0657320906739686,0.0236762396739176,0.0124417392437949
2021-03-03,-0.0353146573239353,0.0049137901118174,0.0443557992471377,-0.0832937917919425,-0.0035083034412806,0.0167602679562191,0.0182409356579675,0.0241239890092432,0.011005336371423,-0.0722050054211678,-0.0323248834246632,-0.0266851717321001,-0.0169281688047684,-0.0408756500844703,0.0080744439162114,-0.0178705463122836,0.0126812915219836,0.0069147746148749,-0.011888445489447,-0.0025500497414414,-0.02499241797332,-0.0378627797717519,-0.0039073009517287,0.0
2021-03-04,-0.0628230455034879,0.0337382655087332,-0.0257249267211672,-0.0639531094625267,-0.0144045908806225,-0.0097425555765777,-0.0111405351104196,-0.0158341385545779,-0.0069893992373248,-0.0464551859529862,-0.075705424606689,-0.0090871335300972,-0.0318481543580837,0.0265616481865325,0.0138539570906872,-0.0088105878466313,0.0087583427274555,-0.0175838166448305,-0.0259755061462731,-0.0133930199458127,-0.0612400913688064,-0.076740552949825,-0.0214817910857427,-0.0046474625045158
2021-03-05,0.0318856052288172,0.0417694132310737,0.0362513192268871,0.0043269577497762,0.0116130964417315,0.0272476663338099,0.0,0.0060355036558625,0.0419435003781223,0.0079211413368973,0.0,0.0186466065911643,0.005618221164573,0.0168945747870166,-0.0077997833410226,0.0084857137650287,0.0329188848671222,0.0082166698295473,0.0223329625440809,0.0113079689170243,0.0440868611531675,0.0246926273234593,0.058438984033263,-0.0093605434107977
2021-03-08,-0.0482976629522289,-0.0633270148667599,0.0207262074782041,-0.1176111471007805,-0.0133358059926256,0.0030576667751511,-0.0106697729611471,-0.0165474888133845,0.0466949853090001,-0.0709507005713812,-0.0360797837441229,-0.0587787796056078,-0.0112683728970965,-0.0735135727635792,-0.009012722104809,-8.12864200110397e-05,-0.0114679040725769,-0.0156701649211647,-0.0380690580012625,-0.0019545807642291,-0.0585520667775858,-0.0697397653448175,-0.029750543556914,-0.0237917016499702
2021-03-09,0.0717012080543444,0.0239242806513126,-0.0061729992474424,0.1273450549777948,0.0251762023991903,0.0181518545791914,0.0328283253597665,0.0339017117723865,0.0246813371665552,0.0584738645999625,0.0615530608777512,0.0808863738975604,0.0270888205835246,0.0082875429108527,0.000822523087693,0.0253523452393427,-0.0034664642505752,0.0177141069001525,0.0125889665102851,0.0220846493634878,0.0212763304958194,0.0486122600772109,-0.0122699485284472,0.0393441260964013
2021-03-10,-0.0304673935877364,0.0325608380425599,0.0051467697276348,-0.0351967308247864,-0.0032482669121538,-0.0013335095179884,-0.0052038650675032,0.0042917993137119,0.0062430231579719,-0.0113868646840655,0.0206934551894093,-0.046038390347963,0.0141805705493838,0.0754825425385062,0.0070476800989323,-0.002379468616394,0.0269486336087569,0.0020398745425347,-0.0052345517448602,0.0022409269680458,-0.0221545315700719,-0.0107335724228874,0.0122699485284472,0.0107445778060477
2021-03-11,0.0394715974348134,0.0381641902142013,-0.0051467697276348,0.0653857563493609,0.009116058464174,-0.010393945411808,0.010954152001664,0.0211872081205348,0.003771303363254,0.0900103844533948,0.0735141423810517,0.0256988638638295,0.0019498662799355,0.0509746306778213,0.00602451833478,0.0072791014739159,-0.0101914760707741,0.0193710093951864,0.0216474053497925,-0.0100581905158962,0.0576074075800052,0.0559585713895656,0.0454108999281577,0.0271101573512813
2021-03-12,-0.012513741839033,-0.0133035024730061,0.0414410965019658,-0.0303025433169361,-0.0362307126832601,0.0033647696465886,-0.0356033879669808,-0.0089498928345426,-0.0169719888104586,-0.0132206137342834,0.020472942009412,-0.0040679004851895,-0.0120382932538447,-0.0158834155478738,-0.0109361731662609,-0.024176415575142,0.0095150917180117,-0.0007999400246969,0.0130922341451622,0.0011299994854292,-0.0190896231982513,-0.0045453414817286,-0.0224475686846625,-0.0286379810451262
2021-03-15,0.0176254754870868,-0.0022350506405168,-0.0019821685779493,0.0048321993013162,0.0006187798503676,0.0255361281424235,-0.00955232859476,0.0126119121404317,0.0140892722335168,0.0199081911308081,0.0308617177397416,-0.0080918017236983,0.0150945201282346,0.0085838397238302,-0.0113891727497432,-0.0085162020598383,-0.0159090178390033,0.0107423587554138,0.0079066675910026,0.0156215643364285,0.0065718567465715,0.0022752532547893,-0.021802512990277,0.0030533933948624
2021-03-16,0.0039946622742546,-0.0089886357791664,0.0069206366247773,0.0046965200855426,0.0185111723021909,0.0009816904595361,0.0023966501640853,0.0093555497784563,-0.0046742677047526,-0.0196889036159282,-0.005253412393237,0.0113289714314728,0.0077383096431367,-0.0098160418013031,0.0232989410746005,-0.004899222261149,-0.0196652312749723,0.002371424892269,0.0110404845237264,-0.0052459259561645,0.0022647943096085,-0.0102798742672478,-0.0029044380459399,0.0121213383563485
2021-03-17,0.0183784339240604,0.0441573686699654,0.000984460248607,0.038062383655359,-0.0324660156562433,0.002287309418107,-0.0181163502144032,-0.0119699418547081,0.0159362183226834,-0.008335240448936,0.0112610929372523,-0.0003694615484297,-0.0120477183233367,0.0386989507672322,-0.0316336920839166,0.0117989210622395,0.0097651908025935,0.0043333545069761,-0.0059295406274482,0.0100741151022045,-0.001194962339305,-0.0092273326841862,0.0212958563476841,-0.0228494488832566
2021-03-18,-0.0371008497452702,0.0171310298105329,-0.0158734100600179,-0.0453230767568504,-0.0241280179147915,0.0016304281875769,-0.0328305375030839,-0.0384252822712292,-0.0190648493930805,-0.0682558846385825,-0.0466440293636467,-0.0306706801036726,-0.0121943339654877,-0.0240107379997073,-0.0299035964907763,-0.0149141532637431,-0.03700172901156,-0.0130566086869761,-0.0055852897620956,0.0261455120743221,-0.0365301005679228,-0.0462442104974758,-0.0160738164881095,-0.0313014026961524
2021-03-19,0.0151481648924525,0.0105597627125493,0.0158734100600179,-0.0282604378323636,0.0,0.0371006055797771,0.0180972805673977,0.0199304993082152,-0.0187514509987507,0.0088178775240406,-0.0019117769475753,0.0381248821769384,-0.0079287655322817,0.0311030447893715,0.017608778356835,0.0112673185900522,0.0074152273203038,-0.0023924261374288,-0.0007599431767411,0.0055015001181493,-0.0076270839823457,-0.0012142969653723,-0.0017377434699885,0.0142069412695642
2021-03-22,0.0508741945413282,0.0083678673584322,-0.0168738573345947,0.033081716344725,0.0064062842578755,-0.0293108053614488,-0.015581489494858,0.0169229302598474,0.0353981543619013,0.0186124830796874,-0.0430114008226341,0.0090357262014562,0.0099012184699458,-0.0142347999858438,0.0181364799908068,-0.0017878343224113,-0.0136776844021295,0.0099303747701879,0.0153669969808003,-0.0261946606689758,0.0307634938056811,0.0404817732253255,-0.0140106251253113,0.0124612763448035
2021-03-23,-0.0301735162045533,-0.0146903206629864,-0.0171632467471725,-0.0173595064033404,0.0110496425339565,-0.029529739473185,0.0012554332499927,-0.019058220866825,-0.015304778324547,-0.0201596837061694,-0.0569570559122984,-0.0325988849623879,-0.0440233503365266,-0.0266361490268983,-0.0053395055056739,-0.0051370909990051,-0.0510519753988591,-0.0284642316885888,-0.0167930292540874,-0.020535813678796,-0.0197359780994377,-0.0152855396632263,-0.0256043184129359,-0.0124612763448035
2021-03-24,0.0346598862750946,-0.0235306167855553,0.0131510756049655,-0.089367197755247,-0.0141195964941918,0.003656365173406,-0.0189999096032735,-0.0026760750097518,-0.0022375769917513,-0.0414947860276155,-0.087725685574949,-0.0367119451426676,-0.0137730092066199,-0.0173272576821242,-0.0026806086280624,-0.0101064963388628,0.0256041629240697,-0.003666760103457,-0.026609060948938,-0.0044366140134464,-0.0529943867443707,-0.0361920080223077,0.0066126459448421,-0.0062892383603112
2021-03-25,0.009324439944617,0.0107645113116756,0.0159526567880421,-0.156347974385822,0.0017916190409912,0.0036429707132912,0.0189999096032735,-0.0107760741444273,0.046183993390755,0.0105005889255425,0.0343631698516668,-0.0111634702938276,0.0057989807423779,0.01240694913797,0.0100151324668238,0.0032155694686171,-0.011967562388035,0.0190021524798242,0.0029268717078534,0.0026512390534909,0.0135821683213945,0.0444516473864493,-0.0211936857792598,-0.0126986398731296
2021-03-26,0.0689218671979645,-0.0042917962640167,-0.0049577174912913,0.0195562319783304,0.0159843284116441,0.0065897927564346,0.0186456945173119,0.0139861037000392,0.0135969165152154,0.0207947397244803,0.0248635637721785,0.0232622650355098,0.0190501950884121,0.0,0.0169621836208833,0.0100740757929003,0.0230581521897175,0.0866437372174235,0.0266272518566919,0.0151098744945477,0.0538431740869596,0.0369131879209168,0.024185004898682,0.0236791023704727
2021-03-29,-0.0286482192550909,-0.0064727150476588,-0.0059823208799669,-0.018921005223194,-0.0083405928364235,0.0059700828081989,-0.0142638022247543,-0.0156123161508028,0.0102866206976042,-0.0201389519872128,-0.0542917138703678,-0.0082113732920108,0.00954422729954,0.0049203085441542,-0.0039267166130678,-0.0021210189829794,-0.0068861331610445,-0.0249126777284494,0.0137241639706036,0.0099263822252924,-0.0187924288421648,-0.0252307519050076,0.0130564921850631,-0.018898165406596
2021-03-30,-0.0110975246918121,0.0214141715371771,0.0353672782252423,0.0640040551543164,0.0263005096159814,0.0029718016750117,0.0111803211170204,0.0198770174401707,0.0062462285495903,0.017383746463687,0.0262363671662089,-0.0018445602919516,-0.0074807731206734,0.0,0.0019652856932155,-0.0074592649327085,-0.010419397939851,-0.0079382225745714,-0.0198008957872612,0.0092714961498163,0.0059271172887065,0.0320027496475439,0.0035317436051709,0.0157732079410828
2021-03-31,0.0263751825306934,-0.0042464461861113,-0.0126277599003659,-0.0031208097185846,-0.0404869790503066,-0.0042952063343943,-0.0099318177888605,-0.0042647012893679,0.0256136161728139,0.0304212418145608,0.0095450687829088,0.0034924854969169,-0.0073889965504099,0.0396922919355844,0.0044078422190239,0.0102320909405326,-0.0224447212038412,0.0328509003030208,0.0142506495300636,0.0141324169071035,0.0275139281762495,0.024445715313738,0.0209310086733909,-0.0078555050318298
2021-04-01,0.0314740326459164,-0.0450712014347722,-0.0039176361611503,0.0098342423054615,0.0006431975530403,-0.0043140292698198,0.0111662662304299,0.0153728963197368,-0.0225051656328463,0.0257235874143599,0.0157088336644748,0.0318332217427004,0.0035535528242665,-0.0250757438166852,0.0214332938510199,0.0238202848691271,0.0246863674331305,0.0102304014715857,0.0079862486167106,-0.0122495384391712,0.0536576556760826,0.016331247914763,-0.0150727782640114,0.0249234399495807
2021-04-05,0.0053069013849356,0.0088688651979509,0.0136455966898751,0.0117198399996318,-0.024743925857332,0.011900944695582,-0.0237215049396479,0.0187603807514729,0.0024797474230937,-0.0046782871651274,-0.022380791120752,-0.0099932404721103,0.0098537185078835,0.013213454339409,-0.009612241664783,0.0469898943687354,-0.0094999834482023,0.0094068926358903,0.0415179666484584,0.0078829845307462,-0.002406599504158,-0.0065005981058576,0.0655600792317483,0.0061349769693643
2021-04-06,-0.0196933489852808,-0.0066442273584037,-0.0067993015085527,0.0189828790840902,-0.0054207749355841,-0.0273167704133987,-0.0223580154308415,-0.0015499255081974,-0.0135067546271741,0.0290656976084386,-0.0154195617837067,0.0162588423524612,-0.004400185114791,0.0035733153269563,0.0131139658650787,-0.0257460147559287,0.0012550373332342,0.0028765224925315,-0.0134667532671168,-0.0111966298456822,-0.0166845773228097,-0.0320292329003848,0.0016396498046029,-0.0015302385556308
2021-04-07,-0.0022956596555747,-0.0156777785394333,0.0096991008801938,-0.0202883027114388,-0.0111987069025403,0.0104148802357832,0.0070808595751619,-0.0067447039044945,0.0033417698589013,-0.003747857146763,-0.0315711551106927,-0.0368407177424128,-0.0020599269278718,0.0011886501538914,-0.0060559305254277,0.0103780183689243,0.0132092180855871,-0.0046785599704008,0.0086973413200466,0.006810374642896,-0.0210464618441594,0.0055959789099633,0.0183988406876323,0.0015302385556308
2021-04-08,0.0210361689264724,0.011223616285068,-0.0019322649651214,0.0212589249404189,-0.0041647472219428,-0.0151542916720077,-0.0103159714728304,0.0057100840275285,-0.0191565430230955,0.029395087683806,-0.0033467360918928,0.0147852500984173,0.0198343716786113,-0.0059558189122577,0.0036697582788471,0.0257838290625116,-0.0329714226709265,0.003960114984054,-0.0094252787531337,-0.0085692697515771,0.0290994897794565,0.0543022280620888,0.0096051202117384,0.0076161114884718
2021-04-09,-0.0087269621018704,-0.011223616285068,-0.0126524502364686,-0.031809894922083,-0.0070250456447391,0.0071006458252758,-0.0038961798530108,0.0113225941242034,-0.0027666608690668,-0.0020613293342073,0.0149728552767514,-0.0094799078920102,0.0124849279553296,-0.0096042101116299,0.0178364230425112,0.0045697648997933,-0.0043599574290507,-0.0072122595112604,0.0177792691889995,0.0058507714781521,-0.0051171083074779,-0.0063626588380845,-0.032931258295116,0.0195347896614581
2021-04-12,-0.0061517224669156,0.0067490828475174,0.0136189395247918,-0.0254964080107367,-0.0680153644826573,0.003363677042715,-0.0672748474572304,-0.0217286759308015,0.0087003030969232,0.0056129646868559,-0.0693939936533336,0.0077630628136153,-0.0094570330876533,-0.0024153907963692,0.0297471836262768,-0.0104437185481778,-0.0051532252286925,0.0125878343712928,-0.0035845784887955,-0.0012324974508803,-0.015593277902778,-0.0085471720705034,-0.0071606070659493,-0.0519200797085639
2021-04-13,-0.0020799253870258,-0.0022447602431305,-0.0097087401453941,0.0112376301525882,0.0043439183169109,0.0043557999714876,0.0192976028128719,-0.0378409996907991,-0.00253850153425,0.0028509672286833,-0.0092461622423596,0.0138413999908548,0.0186839811341879,0.0,-0.0488585104777787,0.0152159188588036,-0.0015509919989651,0.0406219128627114,0.0043892644706375,0.010843980815415,0.0030554098646602,0.0254250955183794,0.0055125906567377,-0.0189878782334409
2021-04-14,0.0029680409723464,0.0178176832934502,0.0058367244057393,-0.0013862719158161,0.0188928993972155,0.0159207044720739,0.007480597734299,-0.0616095304484005,0.007386182878454,-0.0328448178451914,0.0099538925479683,0.0064757100937518,-0.0031134508158925,0.026254400893843,0.0058828325531155,0.0113907176797676,0.0330818567284354,-0.0006867147876854,-0.000894067493327,0.0028846695438664,-0.0035519056887904,-0.0449271630315957,0.038819004354631,-0.0258913665028466
2021-04-15,0.0174385056286254,0.0022055967289016,-0.0038873988100136,-0.0282792129624098,0.0137991749769716,0.006559539087442,0.0391945610100199,0.0390876449704267,0.0083752194510351,0.0336454166497057,-0.0817834489861861,-0.0099651352076399,0.0135156413408146,-0.012757541159391,0.016508533189528,0.0234776364735802,-0.0050190856671155,0.0197217794079773,0.0088176963813331,0.0069530212156667,-0.0208211400130906,0.0130435224559946,0.0204141724886572,0.0727018166897839
2021-04-16,0.0055909127329289,0.017467814821283,0.0221482603319178,0.0157156630457997,0.0041863098689183,0.0026118151490375,-0.0085050400413355,0.0099501773895793,-0.012378322819198,-0.0047628534466763,0.0114505505525279,0.0090292393740005,0.0091873440670671,0.0024656614669293,0.0136287880136585,0.0007180194748004,-0.0093516147551433,0.0083823656255068,-0.0149199141192832,0.0016515012211435,0.0041317447141526,0.0234802530140143,0.0118468105880746,0.059188837892681
2021-04-19,-0.0244250342777512,-0.0858317447035987,-0.0057309137824348,-0.0172866144516605,-0.0508461687035866,0.000326033856635,-0.0178991171793154,0.0043907326562693,-0.0095448810729643,-0.0132097230994858,-0.0249772678768667,0.0002808766833028,0.0073167797850395,0.0504310656653518,0.0151136953319683,0.0016496783027193,0.0012689684053022,-0.0056920141531979,-0.010131969009576,-0.0073890376142857,-0.029373509029309,-0.0010553140454727,-0.0051336291859578,0.0
2021-04-20,-0.0211226831205282,-0.0262857357639432,-0.0301431035074188,-0.0091411697151588,0.0042399484679109,-0.0260870617230688,-0.0236897132861506,-0.0126760044779286,0.0063734299287183,-0.0242119517976604,-0.0474098147092085,-0.0009364295160114,0.0079464217575919,-0.0248976549681978,0.0203966040622156,-0.0030146777787152,-0.0285550608489497,0.0130106293355685,-0.012535052402351,-0.0148789903492811,-0.0039071630235962,-0.0010565630027319,-0.0139935834989266,0.0
2021-04-21,0.060611168890869,-0.0024244206179904,0.0049237672049948,0.031472175240542,-0.0008757569997923,0.0053387487028748,0.0068259770181842,0.003875114413145,-0.0067998244913742,0.028023924747166,0.022191721278439,0.0204032065293437,0.0128806072540537,0.0,0.0071004914963657,0.0198575447894366,0.0083163436434312,0.0026482480400278,-0.0015663912710222,0.0067260697761861,0.0210895928336096,0.0209213049998333,0.0134788007100072,0.0071582317528604
2021-04-22,-0.0128976159473497,0.0216094051972095,-0.0178400982458346,-0.000372795119059,0.0114702354513962,0.0063027686987706,0.0215351240530847,-0.0139084288467707,0.0002132200078683,-0.0086166716367692,0.0475352915877085,0.0219727729980006,-0.001078189931571,0.0190255932494731,0.0125973506837704,0.0129531490229766,-0.0227731293971209,0.0105228405390938,0.0046000309492382,-0.0023231049632617,-0.0178760674680873,0.0041321927455535,0.0015436353925166,0.0225680534608196
2021-04-23,0.0361496062672364,0.007100751184724,0.0119286167236145,0.0293017743395118,0.0023073025041289,0.0062635107663795,0.0039867232976997,0.0022383618712416,0.0427726844873848,0.0236709499415512,-0.00114223070684,0.0113409636303485,-0.0012146702188005,-0.0059068374312818,-0.0095064020062225,0.001320851546529,0.0068604947669625,0.0235991633739911,0.0091377750309398,0.0013558919767096,0.028383078946268,0.0906131540705581,0.0107389176668415,0.0
2021-04-26,-0.0007007714456879,0.0023558855822825,0.0166587833102305,-0.0204853786105516,0.02404942084706,0.0029532007631085,0.0554622823078938,0.0066853030730884,0.028392104487775,0.0137102170409928,0.0292813966538125,-0.0021330862377668,0.0005398954976492,0.0117788991500065,-0.0027960690681854,-0.0050145737975979,0.00733559246836,-0.000319603777013,-0.0093211336031417,-0.0093996433595897,0.0239848933380466,0.0522815100325835,0.0146430049369614,0.0027854768167157
2021-04-27,0.0035288609115067,0.0023498848132974,0.0259010980535236,-0.0002772851161241,0.0136855925642027,-0.0112026592813396,0.0124689506083184,0.0055369532032902,-0.0013907437199134,-0.0111961197626424,0.0186921408526119,-0.006069626677613,-0.0056838966456145,-0.0273013586401015,-0.0011796702443791,-0.0039877867580679,0.0054665351351594,0.0079578679344436,-0.0208737701288499,-0.0047658973971431,-0.0020595246092032,-0.0336243930698958,0.017391930046315,0.0041637559740692
2021-04-28,-0.0111646674358958,0.065858468197369,0.0066067769751878,-0.0026374495128784,0.0289794781487668,0.0072632141008415,0.0382908936450423,0.0066044192100394,-0.0069824269279994,0.0105736194959558,0.0007259002234025,0.0227475291080132,0.0059540216009636,0.0572920482496118,0.0032406582261161,0.0099747016310907,0.0144332741773869,-0.0047670537954043,-0.0206485587247744,0.0029406880769045,-0.0133648585706067,-0.0281180340131017,0.0319946410357001,-0.0013860164912746
2021-04-29,-0.0043080876300098,-0.0289878156113225,0.0046924987048106,-0.0165378364366741,-0.0147948977077887,-0.0009873638640893,0.0,0.0125375030973313,-0.0202231327865485,-0.0210397793814918,0.0165531304784343,0.0072369981641342,0.0016173887317751,-0.0276516469422193,0.0140188833295518,-0.0020845457944416,-0.0110641746567083,-0.0261431620296161,0.0034391739651367,-0.0054304023368763,-0.0046909253357068,-0.0377768069153754,0.004759710267022,0.0137742629960195
2021-04-30,-0.0219453025079525,-0.0159638158930079,-0.1097396567799635,-0.0092754982253735,-0.039751707016558,-0.0182760454612123,-0.0284263701741056,-0.020799650731984,-0.0006131246595861,-0.0109205602965571,-0.0216458803293062,-0.0267665174866067,-0.0039137701110769,-0.009389720072472,0.0008697298914466,-0.0270705336158529,-0.0169605329422526,-0.0178163123971661,-0.0457617433207224,-0.0109497421817046,-0.0200143467526769,-0.0209484090822593,-0.045660897774761,-0.0207333083609206
2021-05-03,0.0126090112225636,0.024972803014476,0.0103951439472913,-0.0259604693082566,-0.006996368413223,0.0093458451510706,0.001838711801283,0.0066149754713906,-0.0139977870108367,0.0003500697417244,-0.0169184248312115,-0.0148337992753821,0.0186219742788988,0.0,0.0209326803232015,0.0076880485301584,0.0234082438878897,0.0076270834506257,-0.0079185929698888,0.0096368958032408,-0.006876188942976,-0.0380116661110458,-0.0014921148526645,0.0055711051653124
2021-05-04,-0.0396332414282705,-0.0263771721304246,-0.0020704020374653,-0.0244999251010948,-0.0086344716211641,-0.0070012195764044,-0.0229182649724539,-0.0049572470467773,-0.0135657631848236,-0.0288035779687723,-0.0168322231506499,-0.0118442937607463,-0.0161907296415124,-0.0274969334293909,-0.0204980988743854,-0.030966717509469,-0.0064477109456371,-0.0023150012675814,-0.0263065753223679,-0.0108317805633717,-0.0050151410704391,0.021751321329253,0.0143315898973024,-0.0097697561193375
2021-05-05,0.0202700913118949,0.016000614383284,0.0194980430771414,-0.0219921951506156,0.0093505687005031,0.0129635385799939,0.0216928933015227,0.0098902830936777,0.0041937376588729,0.0023745320456418,-0.0482999029513426,-0.0130998638743733,-0.000809681839518,0.0508080506254866,0.0172293279850719,0.0104050944330822,0.0288176327965516,0.0046249025574938,0.0086411474738721,0.0054965726203839,0.0001731963307882,-0.0386472680424347,0.0170278535619883,0.015309926457671
2021-05-06,0.0038251047135062,0.0224222768769057,0.0131247485016539,-0.0170124888449905,0.0101147406300898,0.0124714213116639,0.0212321083149928,0.0168072272739796,0.0782543768723043,-0.0565844359711391,-0.0107463902954596,0.0190396630112745,0.0017534446553324,0.0091744436252571,0.0062438280908128,0.0251601494536997,0.0087597430660082,0.0095130484801995,0.0012283338108551,0.0101192190909937,0.0139429217001811,-0.0074827368522565,0.0526190487836322,0.0379449980960218
2021-05-07,0.0218446449742533,0.0175827696766721,0.0286725268690233,-0.0040637691090861,0.0118362148732615,0.0087676610710798,0.0011998215196409,-0.011898647607345,0.0206825449197682,0.0238568796635236,0.0256778725598816,0.0009104353247364,0.0194855769319355,0.0347763870634687,0.0046574016231484,0.0004940786854721,0.0187612909231997,0.0213186270670053,-0.0072898700096462,0.0045007097064129,-0.0014538872755274,0.0347953649326502,0.0104712289628916,0.0053049757708127
2021-05-10,-0.0487097385038577,0.0194181258154657,0.0067993015085527,-0.0432612352199033,-0.026830960279002,0.0118915953779632,-0.0005997308133713,-0.0010884471580951,-0.0034176214974537,-0.067582939826102,-0.0256778725598816,-0.0401165725016925,0.008161071874345,0.0164026736095013,0.0164785257843416,-0.0157864251339718,-0.0212566025766136,-0.0025601141733204,0.0037028200279691,0.009134789745465,-0.0394570623863135,-0.0434161527564096,-0.0013594294011167,0.0052771138413818
2021-05-11,0.0054054171941881,0.0,0.0,0.0336616555849493,-0.0043259900217571,-0.0252359874095673,-0.006016816694347,-0.00930262654084,0.0019002635905791,-0.0021981562546944,0.003196164309331,0.0085853535705542,0.0044474637528564,0.0140013365900286,-0.0059734474147501,-0.0121868376891924,-0.0199322077603913,0.0117854257941787,-0.0139572003685173,-0.0183540176453069,0.0047966278073827,-0.0296560484215411,0.0294927286312551,-0.0066008216866586
2021-05-12,-0.0467084735297369,-0.0436746243052288,-0.0235074211559536,-0.0344797460896115,-0.0108971449497055,-0.0221972146080422,-0.0400176297865151,-0.019428703834047,-0.0331949696524129,-0.0588341778702865,-0.0287294321000763,-0.0172453799443275,0.0183633194375909,-0.0249065879417023,-0.0041888961996385,-0.0170494314993501,0.0091323802831921,-0.0466706876726386,-0.0317319630623549,0.008372639970732,-0.0419857867172099,-0.0776302255025604,-0.0468764951079543,-0.0350439215372544
2021-05-13,0.0346329359396797,0.0264330604604938,0.0098618244660784,-0.022009163722517,0.0153671821965133,0.0218696889388998,0.0149628374081602,0.0022393672853424,0.0339538934837189,-0.0044937753372984,-0.0312720909483572,-0.030272712284467,0.0108330009732413,0.0109052513516736,0.0148604090290178,0.0142921953830441,-0.0046729254725703,0.0197116322779709,-0.0008600232385274,0.0110771703198828,0.0049777644053552,0.0261609582433115,-0.018631133334539,0.0081967866402867
2021-05-14,0.0388290892854295,0.0236314214729527,0.0194371393355061,0.0378147075175352,0.0081666191093408,-0.0085583702922771,0.0232426771646165,0.0155386611198053,-0.0218609170001817,0.0201934153762914,0.0422948011099988,0.0370357544662729,0.0026583909020452,0.0486871945918621,-0.0074719994426355,0.0262012682606718,0.0334748164967724,0.0199683504056848,0.012612140025161,0.0039862306175777,0.0335460883085874,0.0058513098544583,-0.0113476217761023,0.0054274799030371
2021-05-17,-0.0193442439084519,-0.0042550379369417,-0.0048240082391113,0.015929535338957,0.0221558739980025,-0.0116377184006521,0.0303683055590999,0.0005506701203148,-0.0046637149226271,0.0102863093879337,0.0153105759823199,-0.0041856856367514,0.0185377289685044,0.0133400847281746,0.0,-0.0105729632081272,0.0144986672318658,-0.0357066642976779,-0.0024456946403073,0.0179953899121692,-0.0239371812960635,-0.0477988390469148,0.0262801652182771,-0.0108845781703525
2021-05-18,-0.0049860517323994,0.019007995878689,-0.0058198515382761,-0.0016927218593218,0.0321366766861217,0.0201960886929293,0.0075959858189103,0.0049409170111411,0.0069875726205226,0.0069180912798882,0.0111333428418931,0.0347560799735031,-0.0117342027183258,-0.009216693454717,-0.0034782558745236,0.004648408184563,-0.0177215393497909,-0.0026471240104499,0.0114335598018566,0.012400649914972,0.009427133246473,0.0524553747637392,0.0142562659710643,0.0189707590916834
2021-05-19,-0.0022325137030474,-0.0020946510944956,0.0019437531620285,0.001481318506868,-0.0059645356368727,-0.0049286457334138,0.0034862972666598,0.009809433843039,0.0017391377174642,-0.0178015988378286,0.001975084031581,0.0150777964935331,0.005134988051016,-0.0165978544488836,0.00625218990253,-0.0065430513468571,-0.0248912562535146,-0.0003314664998472,0.0032577515413825,-0.0085638295624752,0.0139763547106168,0.0115475312048844,-0.0367396899146297,0.0026809956818267
2021-05-20,0.0281207750280074,0.0145683928938642,-0.0019437531620285,0.0217018681685869,-0.0021778033841051,0.0088539154603917,-0.0011609400486878,0.0113237151668479,-0.0030939919599521,0.0390661998184365,0.0364240388298582,0.0768704140317968,0.0096966452112918,-0.0073490372931366,0.0049737726703442,0.0221452297427635,0.0113907963117263,0.0042998590244547,0.0165446780065439,0.0058216483776654,0.0077986102677041,-0.0244056404756825,-0.0018966438265874,0.0119761862360496
2021-05-21,-0.0148296328247976,-0.0062176952359465,0.0009722383120003,-0.0197477884065895,0.0407186218841646,0.0113618575850802,0.0240976524889058,0.003746176233589,-0.0298824352818565,-0.005740117477579,-0.0153377825396483,-0.0142100529382034,0.0057980378705067,-0.0074036085028874,-0.0030366217605384,-0.0022854039348176,0.0030158669835778,-0.0033057889530536,-0.0053806924093344,0.0058497149765228,-0.0127038448886001,-0.0082693959968085,-0.0298671536823316,-0.0026489700435403
2021-05-24,0.0303990147385331,0.0020772502071957,0.0067798781913972,-0.0030119289178447,-0.0121086451122414,0.003866048495301,0.0079052490638193,-0.0026744073767326,0.0140693904130935,0.0001535672194856,-0.0007730402589647,-0.0336989405887777,0.0049078438877669,0.0168426260623237,0.003449936447109,0.0113052054639268,0.0114774053754929,0.0235610305676425,0.0041417789450162,0.0100020274135355,0.0157889080271971,0.0349685544011653,0.0077933974654538,0.0131754300667508
2021-05-25,0.0200421271390496,-0.0104279478651134,-0.0175271799794076,0.0199624025933369,-0.0338010807100706,-0.0234233510290278,-0.0062060381806232,0.0032087862875016,0.0068633908388693,-0.0013977952028874,0.0229367271405207,0.0085101164378347,-0.0162886479978161,-0.0200323530486428,0.0022018094918703,-0.0032575715501304,-0.0335511727163391,-0.0038883412008119,0.0160920526047898,-0.0033229759380919,0.0057039311805908,0.0315697201536977,-0.0230686459423061,-0.003934407508586
2021-05-26,-0.0097454082645587,0.0329926983979274,0.0126893885629546,0.0108862190039991,0.0129278578704363,0.0032862276731138,0.01683528009886,0.0279037100673495,-0.003327885605834,0.0145773053062452,0.0272151541996912,0.0160320121109709,-0.0004978092269589,0.0168959029056749,-0.0107795331404814,0.0040349557741983,0.0038409588825976,0.0199299174607849,0.0007115823009251,0.0109116526657171,0.0149386266295925,0.0099393575287121,0.0274259543152948,0.02849931778099
2021-05-27,-0.0010219648421072,0.018091113482445,0.0305657882537673,-0.0003592975161446,0.0223287389806894,0.0162710748606129,0.0110685287303797,0.0056951880930911,-0.0124297939051669,-0.0222379567760908,0.0069635109229011,0.0003439386235299,-0.0191008217013046,0.0031364501429678,0.0034675722033785,-0.0228662446396317,-0.0082115757105372,0.0044456431893213,0.0116167959894712,0.0092848461889207,-0.0019846634992992,0.0098415381648833,0.0210333859662008,0.0114287542352577
2021-05-28,0.0154862301122147,0.0118809185646093,-0.004714729614716,0.0074665720054003,0.0118298466791784,0.0089974740007434,-0.0088449564889465,0.0088290400703936,0.021991929922621,0.0027048580877266,0.0043732154635529,0.0134024410520412,0.0010145561665049,0.0636900634717723,-0.0118393459945389,0.011355436475962,-0.0051665696433569,0.0150949776310937,0.0004016003794524,0.0025940471789258,0.0136405996853197,0.0236569336180718,0.0178155118833749,0.001261779835384
2021-06-01,-0.0054478396782906,0.0291003547848789,0.0075329130358219,0.0278849632609592,-0.0065551524520897,-0.0041672975830944,-0.0033368855537676,-0.003625997955547,0.0317306425628181,0.0074792659862223,0.0090498355199177,0.0054963476209026,0.003668678830087,0.0403127183999958,0.0195635423835196,0.0007145341597221,0.02506538984521,0.0267913403105852,-0.0043262463686302,0.0376020123721936,0.0097512523450244,-0.0021276038134006,0.0311096422101826,0.0100376440908125
2021-06-02,0.0034028790089113,0.0466939854803651,0.00654510926483,-0.0198670486465895,0.0051166582386987,0.037204866199016,-0.0005573966741514,0.0010373904158891,-0.006417635498046,-0.0047010646098897,0.0217438829930474,-0.0245634772988587,-0.0043028173740466,0.0611222639093669,-0.0053730551473334,-0.0063761342421067,0.0172783953139017,-0.0024338626386115,-0.0113567234064131,0.0245879658867123,0.0037057825069926,0.0084836570590633,0.020950090096715,0.0124071782201695
2021-06-03,-0.0122391000940336,-0.0121258651739375,-0.011246539372776,-0.0406430272979143,0.004569298781297,0.0229473032910556,-0.0050292746744102,-0.0078066159265848,-0.0087487174674789,-0.0285137512091857,-0.0024713055097906,-0.0152796960032848,0.010471423291896,-0.0017713736746478,-0.0058187134450258,-0.0093870337972727,-0.0019880926927386,-0.010102676459271,0.0070119762824658,0.0170645500113799,-0.018068908872137,0.0167543367643254,-0.0119814449316577,-0.0124071782201695
2021-06-04,0.0258093909932446,0.0255489103114352,0.0009421202236516,0.0157722311717574,0.00091142380204,0.0042257756220083,0.0044717871568367,0.0078066159265848,-0.0038278248265783,0.0009586609115812,-0.0279588344192669,0.0068393151545587,0.0158129891304863,0.0271110996148669,0.0041597155428885,0.0146914125688359,-0.0012442814506021,-0.0015398006606792,0.0194549462222624,0.0151350505330425,0.0227659446250365,0.0164781187184184,0.002229790147298,0.0099381390074515
2021-06-07,-0.0019338120634211,0.0089685325244948,0.011236008045909,-0.0213147672187892,0.0010405500255945,-0.010293811372156,-0.0005580186269478,0.0056859817300694,-0.0007673090119801,-0.0001736223291333,-0.0332624753299111,-0.0048176414106979,0.0030836096845612,-0.013901150610152,-0.0066638618538861,0.0073363478645998,-0.0117754508031366,0.0082861188128382,-0.0053772444949613,-0.0088654173619513,-0.0108527622096676,-0.0216838781526338,-0.0076010776595833,0.0122851123517686
2021-06-08,-0.0018343128445872,0.0017843992092545,-0.0102948815827206,-0.0018013055884651,0.0003900873870823,0.0003043081931801,-0.0061571833628493,0.0051414029760699,-0.0102227555958682,-0.0103613841967744,0.0668610794626696,-0.0058117945875268,0.0132128749760132,0.0276117709461125,0.0047248329149929,0.0053789952083826,0.0015108544659767,-0.0006114035886808,-0.0054067082347235,-0.0066036868116752,-0.0196472216072596,-0.026442477565223,-0.018116816340854,0.0012202694400571
2021-06-09,0.0027284941942964,-0.0234457657716877,-0.0315363601786833,-0.0098586293966604,0.0038912515545592,-0.0012177213470492,-0.0215672192157172,0.0081716769297779,-0.013271103096601,0.0039038359281393,0.0066561333920946,-0.0260359724165732,0.0145988562700636,-0.003409859391823,-0.0047248329149929,-0.0120721756780683,0.0020111980519961,0.0015279611142755,-0.0191562079025131,0.0051644362148453,0.0103842710996326,-0.011860003318046,0.0122646011432085,-0.0048902225882334
2021-06-10,0.0251002192804135,0.0036426604667778,-0.0058422976246821,0.0184650599113114,-0.0001296135969561,-0.0027450532175103,0.0102740246114856,0.011630886464395,0.0130771019262825,0.0421547398646504,-0.008767371795229,0.0249756097970061,0.0150968939904858,-0.0034216577097823,0.011357525596737,0.0140467260473604,0.0072563981495852,0.0091185321317124,0.0089649754444312,-0.0019958487956888,0.0094319571911016,0.0288635527993299,0.0036052501865189,0.009756403006585
2021-06-11,-0.0041660766159115,-0.0109688169695711,0.0077820594995081,-0.0133370815860693,0.0028441265275431,0.0121434172002814,-0.0034130348237431,0.0321570816499567,-0.0029129588559331,0.014027217153786,0.0212588810004166,-0.0001769742525112,-0.0036641000896988,-0.0181587415466248,0.0197728173075821,0.0109296805994443,0.0076992817873926,0.0057324964160061,0.0100908229432392,0.007134126257406,8.459802347804413e-05,-0.0031662122489029,0.0076182525234118,0.0036342647081817
2021-06-14,0.0174924882730378,0.0091487562675414,-0.0077820594995081,0.0113372657724006,-0.0095990457919712,-0.0161220257415668,0.0,-0.0043911432222589,-0.0244105488986865,0.0282317094149844,-0.0097021097147207,0.0094170029640539,-0.0002367773348566,0.0052220979795645,0.0018886809549347,0.0161056364853813,0.0203259887106113,-0.0078526405571275,-0.0017083094689818,-0.0048613412092759,0.0229067742930517,0.0063225644780551,0.0057868780063339,-0.0024215782770042
2021-06-15,-0.0107010149382604,0.0072599162498341,0.0019515600858572,-0.018770650459789,0.0080488131084779,0.0058094810215449,0.0028449853390903,-0.0108162810482248,0.0013938869594776,-0.0196311915833184,-0.0034879168201298,-0.0269002820049752,0.0016566669390218,0.0155041148701562,-0.0066258784293329,-0.0111703095547355,0.0265536270206827,-0.0024287664518225,-0.0038291072470983,0.0102469970804,-0.0128098191340537,0.0041927001317363,-0.01746193440799,-0.0085208966066063
2021-06-16,-0.0038975447350564,0.0036103180233562,-0.005865474217757,-0.0091127988997765,-0.0336610475998924,0.0,-0.0125788616511197,0.0073874350823364,-0.0013938869594776,0.0158547613668806,0.0346815298100766,-0.0203624940089879,-0.0111773798900474,0.0085104414577641,-0.0021728291573515,-0.0118575689098099,-0.0164232996692885,-0.0224383578973559,-0.0225645564482475,0.0075896453389994,-0.0120438186957043,-0.0168779234478759,-0.0297980604284249,-0.0098280704092537
2021-06-17,-0.0003147244781382,-0.0036103180233562,-0.0218045995736231,0.0051327716379336,-0.0040195993367131,-0.0082657938090102,-0.0144887484695805,0.0141292798327485,-0.0084051897222003,0.0244664803187699,0.0318858298892741,0.0178398955862828,-0.0103366305574805,-0.0336093088931976,-0.0200501928563689,-0.0049942264488604,-0.0101303273513941,-0.0034250244431031,-0.0076708932224121,0.0073706149951577,0.0131059900149397,0.0252114137469603,-0.0192631410092039,-0.006191911608931
2021-06-18,-0.0405341216603138,-0.0256428774732353,-0.0429954095175411,0.0041946756428643,-0.0008061051730203,-0.0255306052930635,-0.0158873595574289,-0.0234959133284333,-0.0127414288031642,0.0037398717679568,-0.0509664590781526,-0.0315246063928693,-0.0059375293274879,-0.0035117807092643,-0.0082179972968368,-0.0115609789147965,-0.0540400993486906,-0.012239227589478,-0.0139362627893362,-0.0451171294163064,-0.0283532169432492,-0.0510749184439187,0.0201931944126481,-0.026433413310209
2021-06-21,0.0141748608799385,0.0147335926546621,0.0196796904739322,-0.0041946756428643,0.0105595285895705,-0.0003153721606152,0.0211274697899082,0.0166998943449856,0.0046703968186814,0.0056241875990874,0.0311572810561573,0.0049221286200094,0.004486636061102,0.027755403584377,0.0033510312112636,0.0042712436399439,0.0351973247843351,-0.0012639972318218,0.0223298298089766,0.0103959630932255,-0.0143524098546281,0.0119371582408631,0.0225246799298641,0.0126745133111838
2021-06-22,0.0075523301555575,-0.0073396012073128,0.0,0.0109870765822401,-0.0058673896299654,0.0006306448929875,-0.0105077081726072,0.0111408436173827,-0.0034499439490107,0.0192268693976904,0.0331232193561672,-0.018797033032385,-0.0059461759831065,0.0110593249314241,-0.000697048532797,0.0032623095966277,0.0130073156442205,-0.0025324019693306,0.0081189873918701,0.00284693915816,0.0016631519472634,-0.0130295671406743,0.0229171223245243,0.0162401301553614
2021-06-23,-0.0060844948164975,0.0,0.0020493049921479,0.0082807286893391,-0.005095269741373,-0.0025253192563541,-0.0058860164033331,-0.0033775576629011,-0.0073453456360086,0.0182771400309782,0.0314361423214872,0.005648274753744,-0.0062265826880327,0.0084243403874937,-0.0040535315696801,-0.0180752573217324,0.0065625306491532,0.0053740145520873,-0.0160962525623529,-0.0094091443461659,0.01493220359266,0.0141077056803813,0.0128007899424358,-0.0353126225592568
2021-06-24,0.0193954609631985,0.0146262617175552,0.0132181653710157,0.0291733251795793,0.0045601696346717,0.0125630265641629,0.0169743058330849,0.0238788922689621,0.0264740667887348,0.0062631327160529,0.024395189269784,0.0099936852022688,0.006713057192571,0.0199345525478731,-0.0057587032270269,0.0180042743080317,0.0127575006050379,0.0140866366816463,0.0065315969958916,-0.0002251144153282,0.0102019639723023,0.02763187891226,0.0122657460359825,0.0102173121813695
2021-06-25,-0.0127280474903725,-0.0388580587324571,-0.0010105577175871,0.0396116055036825,0.0022723650988245,0.0133315424044111,0.0138328733483108,0.0028273388383293,0.0132741874467887,-0.0004345136580967,-0.0357125252916898,-0.0074625874814771,0.0072730663125257,-0.0174207324792985,0.012598007151078,-0.0061791622167142,0.0019113894812616,-0.0003106486612716,0.0151781720882686,0.0024172086589473,-0.0060743174708184,-0.0115972811569291,0.0017651752305325,-0.0050956069639185
2021-06-28,0.0257510119327823,-0.0037811247035726,-0.0122076076534285,0.012456604281593,-0.0038527458321819,0.0070584447442367,0.0039992927334733,0.001880770069885,-0.0067140981358213,0.0186354370204249,-0.0146499145578098,0.0412713300393674,0.0055403175232631,-0.0058747736602489,0.0158701214212961,0.0078770243744425,-0.0374555703653505,-0.0018675546441109,0.002236771840081,-0.0058001165035728,0.0260876298043193,0.0073956392325646,-0.0110839341320447,0.0050956069639185
2021-06-29,-0.0006110400750838,-0.0095146752856927,-0.0092546565346141,0.0120626655747377,-0.0064769048508521,-0.005519783104654,-0.0172518072902407,0.0074870883467648,-0.0155753660286368,0.007787686588677,-0.0009629494213085,0.0304395535808374,0.0064645898928294,0.0150378725488498,0.0057338528071375,0.0095674542315249,-0.0064643053818804,-0.0043409284546664,0.0142170987165997,-0.0019218739537016,0.0051702843262093,0.0083857700994192,0.0163609094783487,-0.0025446219232785
2021-06-30,-0.0184153533977795,-0.0193052576804697,-0.0031041740703634,-0.01832062489121,-0.0102048457419798,-0.0105101924965538,-0.0081537581026385,-0.0121951972549791,-0.0078796557665863,-0.0160536056494624,-0.0356305112133932,0.0044349726829322,-0.0003579425911892,0.013997646027094,0.0006802590547176,-0.016732250891386,0.0077026514419951,-0.0098213726614906,-0.0269927276194175,-0.0107518607703003,-0.0005826248574187,-0.0136628208417723,0.0004385389211298,-0.0051084298352319
2021-07-01,-0.0168306528434891,-0.0256685635216173,0.0164444207070491,-0.0120387638059504,-0.0110012888198962,0.0027928938163204,0.0005846541937084,-0.0109137377190133,-0.0081466458985244,-0.0082507437333934,-0.0080187458176208,-0.0134524854426318,0.0077293968125382,-0.0366404731239269,0.0225968511235792,0.0003559827859129,0.0254169621135176,0.0,0.0105388570627367,0.0036537621516856,-0.0145866036641644,-0.0192313247852493,-0.0311689487696971,-0.0128868488816289
2021-07-02,0.0120422476816504,0.0214281263992841,-0.0112762549050859,-0.0239111739603599,0.0114113227955678,0.0018577192678645,0.0098867201705403,0.005234548884422,-0.0119318324737665,0.0045011915472112,0.0016759227768896,-0.0035237839217252,0.0046089224669896,0.0109659081396573,0.0013290505737275,0.008574540777106,-0.0026581636850382,-0.0028693157053529,0.0340201752825888,0.0031293800738012,0.0041294299202094,0.0139263464560952,0.0165960268150975,0.0064641507402363
2021-07-06,-0.0024317516702332,-0.0661395622187188,-0.0082816510620933,-0.0508385247810334,0.0174814248813457,-0.0096349689935713,0.0017343521926869,0.0018966142875038,-0.0226046446910066,0.0012878633878132,-0.0006700321023895,-0.0331076790739128,0.0028259375255528,-0.0757869502274248,-0.0125636502833543,-7.062546819369686e-05,-0.0141329370514955,-0.0157685871641737,-0.005623211092729,-0.0062684864884507,0.0095414067668571,0.0021252753943474,-0.0234034399478462,-0.0116658443389316
2021-07-07,0.0062644564613547,0.0021345866905533,-0.0010402230538133,-0.0229409519295931,-0.002959860520197,0.0015602687059099,0.016614591385236,0.0033102628539718,-0.0134259874067543,-0.0084398093013451,-0.0368642396379099,-0.0203663759270273,0.0141269247692199,-0.002718704822467,0.0075038736235226,0.0413327700988519,-0.0098642074370984,-0.0097786224099367,-0.003369389151024,0.0041074471858699,-0.0151073839448319,-0.0010621067991938,-0.0013671744804337,0.0
2021-07-08,-0.0241826000802678,-0.0128759898854511,-0.0263587921897738,-0.038098261094813,-0.0120638804295363,-0.0217503320075951,-0.0264839794587588,-0.0109185034682113,-0.033376290610716,-0.0091074583075076,0.005547859117482,-0.0192703810882859,0.0096906720638707,-0.0220193301384254,-0.0129307491147256,-0.0107556864563589,0.0009909590485395,-0.0095441695746183,-0.0139946768265755,-0.0081169871488944,-0.0032185377259654,-0.0096103406656571,-0.0077819723653034,-0.0170943530642384
2021-07-09,0.0258906337318256,0.0128759898854511,0.0449160964775168,0.030682037489897,0.0027236201684344,0.0208144076636314,0.0127538754790244,0.0184446408264156,0.0002216265793943,0.018197015157602,0.0406560308660197,0.0277990161686254,-0.0064501006318495,0.0101524375506778,0.0047436305354313,0.0135954433180245,0.0137694953962506,0.031252402311368,0.0268167399725034,0.0202267180681152,0.0225651356227656,0.0222821031077615,0.029880021105705,0.0118657240539874
2021-07-12,0.0235150752022343,0.0273416521027354,-0.0010220345093912,-0.0053628392286118,-0.0038151040123581,0.0096288473084156,0.0171333473575634,-0.0136827243331203,0.0138754571302475,-0.0188063011375279,0.0013271072857881,0.0055234853141046,0.0006930510337044,0.0127739027028317,0.0021609870961363,0.0057226276676285,-0.0095693796813658,0.0108385533484178,0.0219065427170086,0.0062237875961743,0.0170239559653992,0.0114764827097022,-0.0044702564985059,-0.0039396401690652
2021-07-13,-0.0019659051376077,0.0,-0.019618493278052,0.0230159592452787,-0.0020498327645102,0.0018530612908902,0.0078963320240852,0.0,-0.0026281101639735,0.0144494667884096,0.031976608725134,0.0293099447371636,0.0006925710466054,0.0027161740774768,-0.0109884470875112,0.0042873074271509,-0.0054389965656174,-0.006361072011904,-0.0001918913939973,0.001563919506526,0.0103032302233252,0.0184999774296203,0.0035776499996971,-0.009253171546679
2021-07-14,0.0141822019696373,0.0184995461892909,0.0093411058840073,-0.017763427558159,0.0125069319469695,0.0040031114261145,0.0061608522641338,0.0160229515772223,-0.0085894500501582,-0.0269718378481336,-0.0273454594698061,0.0058667819899476,0.0032258340271713,0.009896749224542,-0.0021848217304651,0.0040024973920678,-0.0092142831801815,-0.0060812425738734,0.00277709807566,0.0045658882074777,0.0039470816050801,-0.0122952345931093,0.0115404844729325,0.0555339034864028
2021-07-15,-0.0176988876363228,-0.0184995461892909,-0.0219328946997965,0.0227890139537318,0.0130195102200514,-0.0145490956814566,0.0039006823789837,-0.0122298231042088,0.0074924368680324,0.0009749465753969,-0.0525099200924437,0.0139061335759365,0.0076770455501384,-0.0309115125873815,-0.0083739718504185,-0.0168521893485129,-0.0235425977567147,-0.0057953949080862,-0.0163906882381299,-0.0059618659325373,-0.0567280697051,-0.0239969347426549,-0.005309801317805,0.0149627831906407
2021-07-16,-0.0237475665313962,-0.0188491922822771,-0.032191674829654,-0.0325419146879477,-0.0053484139086781,-0.0131828408365,-0.0196580405986299,-0.0128600656545261,-0.0055037898066752,0.0026680205498816,-0.044088183986926,-0.0203971633206423,0.0119135564431136,-0.0139472831557474,-0.0009654730788963,-0.0002708847979491,-0.0170499117184586,0.0105994580366615,-0.0134071672984545,-0.004481207266461,-0.0153475000952871,-0.0042328320018738,-0.0210721903813548,0.0086259625831579
2021-07-19,-0.0049877808363021,-0.0409982367359877,-0.0423225359756971,-0.0175832684630128,-0.0747163676903812,-0.0184953193172034,-0.0229499880774786,-0.0106028742003831,-0.0382499643894451,-0.0101270659873504,-0.0321357604953398,0.0013373050882226,-0.0037291568068487,-0.0469662297465345,-0.0011045798480711,-0.0194220314304871,-0.0344587948407011,-0.0064105599007455,-0.030510013844426,-0.0103267546151624,-0.0033751962906922,-0.0171127362950378,-0.0331676778859013,-0.0098643039174841
2021-07-20,7.322806988341313e-05,0.0131295714577002,0.0169206827300638,0.0081278454801498,0.0055239397973978,0.0143794784846988,0.0098182021962998,0.0144304850834879,0.0215549845738682,0.0295340995654163,0.0167508389685382,0.0086044214339136,-0.0093264893206379,0.026151648155329,-0.0111126594769781,-0.0049149391049487,0.0018858637903038,0.0130973324243042,0.0063788297440168,0.0102705895280639,0.0090614664425388,0.0085930073364206,0.0130295626311047,0.0171995025372733
2021-07-21,0.0526081236053981,0.008658037424734,0.0394787728037666,0.0146207691628967,0.0133231652583223,0.0047475516221524,0.0068728917109233,0.0175153426675218,0.0004490848828626,0.0051870681792012,0.0636383610146054,-0.001591068835288,0.0147460006476758,0.0226854492760717,0.006682237194957,-0.0370412423407806,0.035174972983456,-0.0309404481266644,0.0138317602554498,0.0087199471021364,0.0125498962319703,0.0104253312577915,0.0192312765103883,0.008490014071377
2021-07-22,0.0122959089451901,-0.0130155757817809,-0.010810895497936,-0.0112535394518458,-0.009723965581434,-0.0114323746259454,0.0045558247238535,0.0009377169311548,0.0051471031005534,0.0261363685121827,-0.0006930165676077,-0.0043441711638196,-0.0066654036353499,-0.0037453139927614,0.0045684579858651,0.0033790005150331,-0.0101869500269287,-0.0208374329392442,-0.0093003635661705,-0.00945009317814,-0.0111763073666155,0.0290498542447243,-0.0050010222536878,0.0084186606244343
2021-07-23,0.0246550763535786,-0.0021854881627543,0.0086582178231173,-0.0332082439998453,0.0038722762460432,0.0041434599780441,0.0384555471231293,0.0185794784186641,0.01131974173986,0.0140968800782284,-0.0129079357060168,-0.0835363554952648,0.0282746723902937,-0.0113210672172894,0.0085272357114609,-0.0040274304179472,-0.0057927201495835,-0.014136961012571,0.011289386054154,0.0103959045918982,0.0019712122098454,0.0,0.0004555832899111,0.023669640495731
2021-07-26,0.0079217937616844,0.0152010639445352,0.0244821779943928,-0.0614467124904347,0.0072736777983792,0.0015889591778472,0.003820010252201,-0.0009209522416639,-0.0068654120420053,-0.0175656473529537,0.005602250310674,-0.1467405516400157,-0.0164429115877506,0.0299090611242436,-0.0056306766486931,-0.0007929638547841,0.035792454701939,0.0074300655425325,-0.0137036476194833,-0.0019479667007251,-0.0098088365645576,0.0063425383085196,0.0265244680895397,-0.0224729802227425
2021-07-27,-0.0113225900558289,0.0064447039581851,-0.0021054516649416,-0.0283591355146262,-0.0084195084470963,-0.0066909309127831,-0.0104023850622096,0.0,-0.0015567343009741,-0.0036073848836686,-0.0027972020093995,-0.0121542240427565,0.0042475644247703,-0.0027662644433115,-0.1321748689717869,0.0197091704946048,0.0007641056877374,-0.0135502657112303,0.0034185106864077,-0.0059227404138804,-0.0184133661063334,-0.027779574146094,-0.0165513411883462,-0.0011966602729884
2021-07-28,0.0189448723633036,0.0336870331934018,0.0229180521578582,0.0551570553273359,0.0074245376446619,0.0174302578135319,0.0258280574414184,0.006428223192556,0.0097455249048064,0.0354587952850327,0.0055866014998664,0.1256026939673082,0.0203165134530003,0.0219184946412156,-0.0069400266553154,0.010900647979759,0.00583843853757,0.0229273912830945,0.0345271143112744,0.0079817641923716,0.0133856025008016,0.0256698829543859,0.0341417848993974,0.0107207046392949
2021-07-29,0.0076694272215664,0.0,0.0254205934655011,0.0016774433742137,0.013282396482003,0.0165139233368694,0.0122963731769778,0.0031984320096927,0.0113959815831257,0.0027390114377174,0.0429367571337295,0.0075605167099119,-0.001312423433732,0.0098878533161157,0.0017395272565337,0.0095367768190177,0.0357977982185451,0.0059820545996833,0.0261270434121656,0.0085805188332974,0.0093416886398731,0.073277945644306,-0.0030559659045721,-0.0047507137447673
2021-07-30,0.0013442162855801,-0.0336870331934018,-0.0172156224032389,-0.0184256466316545,-0.0094490384186047,-0.0080671844872006,-0.0122963731769778,0.0090826205675984,-0.0354882443210433,-0.0453754340080587,-0.0520309169126931,0.0128999414907067,0.0133719253476742,-0.0466905228456655,-0.0064380332640956,-0.0043044870997386,-0.0080911677251362,-0.0374725590527824,-0.0148459705784667,-0.0087472986136827,0.004209822349849,0.0328213774748471,-0.0843516245069939,-0.0083682199757695
2021-08-02,0.0037881071497087,0.0085287433391985,-0.0010220345093912,0.0157283875221754,0.0024058268405227,0.0133067206754073,-0.0097297694247187,0.0067584566211906,-0.0143267836624652,0.0063228471370173,-0.0109522194584128,0.0273115699826176,0.0043103193492979,-0.0028155210315268,0.0011183640001535,-0.0027870622983616,-0.0012317482328079,0.0037767557863466,0.0009582495161111,0.0112796322393364,0.001884449965174,-0.0230558003059244,0.0089983121333476,0.0083682199757695
2021-08-03,0.0127553411531486,-0.0012757229726938,0.0202436831920302,-0.0152407201349609,0.0194589224374555,0.0100933877001301,0.0214946363690198,0.0270224783328538,0.0344436451056346,-0.0018704798929336,-0.05138677792011,-0.1210970187747824,0.0012895268428225,0.004688068983581,0.0106426794459859,0.0153709780013997,0.0255515945097717,0.0203537020188351,-0.0069203947219782,0.0221307114405329,0.0131764559105134,0.0343874067825229,0.0246813298373913,0.0200361243919622
2021-08-04,0.0202544897814078,-0.0412656037081238,0.0020018964463317,-0.0016467266729751,0.0178623870171352,0.0087866882932132,0.0272696150746241,-0.0105448045380951,0.0118789063609323,-0.0036239676374343,0.0100466131642238,-0.0004298052902074,0.0532190282974367,-0.0352249442060157,0.006771165627768,0.0058232726145828,-0.0230898397419601,-0.0047124162074041,-0.0137908063119263,-0.0204826539388571,0.0027831702341449,0.0277796052366294,-0.0023026875506104,-0.0046783035234148
2021-08-05,-0.0009182771780285,-0.0066739443625578,0.0109400383712583,0.012375753906582,0.0046195721683379,0.0,-0.0031086969639484,-0.0026538126685897,0.0058867072403607,0.1289644431417649,0.0306258037920992,-0.0587783839331743,0.0485913755929319,0.0880606074806327,0.006257799199786,0.0172691895397658,0.0129475020702165,0.0006744321612277,0.0056559497240078,0.0037256775166065,0.0040341164980519,0.053345950073842,-0.0332819583885823,0.0046783035234148
2021-08-06,-0.014537282731676,0.01550409272338,0.0186188765126149,-0.0096935578328176,0.0025722674060304,0.0042142604403982,-0.0130583913439177,0.0101344944235135,0.0017375134934121,-0.0168478094456787,0.0213152073186018,-0.0081280365626188,-0.0357426921420711,-0.0080176883810056,0.0038913121078296,-0.017405712150345,0.0036341471464713,0.0026936058391724,-0.0021416224993333,-0.0117719907368316,-0.0085077323625117,-0.0192313402182184,-0.0019080470163239,-0.0105574561509551
2021-08-09,0.0068705803144988,-0.0088301483608221,0.0067730975071751,0.0137249611697898,0.01609503796882,-0.0009016094571374,0.0068115462567113,0.0030641227831713,0.0062736775469662,-0.000301838149336,-0.0088261823905337,0.0607597218309461,0.0116925402505874,-0.0116960639645857,0.0012420810452562,0.0012972321549735,-0.0075251309878159,-0.0060708274198884,9.735944428612696e-05,-0.0008303464000691,8.464619244374916e-05,-0.0115403284311064,-0.0047870372796348,0.0011786226351806
2021-08-10,0.0007730118369231,-0.0022197027376724,0.0057693775978138,-0.0059021836126404,0.0026573015224218,-0.0139269331675939,-0.0062859069066911,-0.0043800192072138,-0.0136796194352779,0.0675991567820171,-0.0434851389943289,-0.0119694134483454,-0.0053796783300823,0.0072138582509289,-0.0131190098053881,-0.005542120754983,0.0111461189169075,-0.0102006425595844,-0.0171985075974316,-0.0037174983708041,-0.0158584572085569,-0.0335937155644741,0.0152383243624489,0.0070423587250156
2021-08-11,-8.888295981890337e-05,0.0022197027376724,0.0085919154902458,-0.0036309032538275,-0.0045218838260412,0.0097087965174713,-0.0095038340801321,0.0091764522248336,0.012600930245993,0.0048006874020307,0.0342225069389323,0.0179010944784963,0.0061741901922753,0.0133869970655811,-0.0031491694373797,-0.0035052438238967,0.0086375993726117,-0.0141114417669307,0.0086853696886319,0.00819325649553,-0.0031849837959585,0.0009229288177623,-0.0061626438510651,-0.0023418287326559
2021-08-12,-0.0103801120714628,-0.017897203174948,-0.0018269122788718,-0.0327837113087818,0.0010657306713417,-0.0112343132406902,0.0297904857907989,0.0142519444731887,-0.0121636253959547,-0.0240746284741728,-0.0075445298234608,-0.0108108127937462,0.0102715345659567,-0.0017745850916157,-0.0033172497217153,0.0171340396168568,-0.0067898836463959,0.0232966729597503,-0.015448869290056,-0.0024287345317297,-0.002503460890022,0.0082683635791824,-0.0071581891650875,0.0197335836187404
2021-08-13,0.0100510630388122,0.008988531939017,-0.0028917140334172,-0.0460220144485266,0.0196460489954319,-0.0064328823132533,-0.0030943691931692,0.0132055233228696,-0.0032833162570473,0.0048344863727498,-0.0266779771154714,-0.0257640577503668,0.0096808907546193,0.0070795233309197,-0.0077833661142778,0.0037155693368386,-0.0159412479524037,-0.0102111435317162,0.0172162104609623,0.0022081755279419,-0.0017299315620951,-0.0477842895120392,-0.0115609416715067,0.018223819627799
2021-08-16,-0.0020430273228653,-0.0249162523202339,-0.0087252169104927,-0.0393334734061756,-0.0179165334848101,-0.0040031114261145,-0.0145684283929261,-0.0097808981021985,-0.0028542338138861,-0.0310450950493494,-0.0202027419179486,-0.0493814916473542,0.0102889898009563,-0.0168969852562437,-0.0004784918560991,-0.0024981015572995,-0.0184635776251691,-0.0058329563665582,-0.0167173661618291,-0.0040889991774939,-0.0075609653755694,-0.008674694579529,-0.0004846561743674,-0.0011293745069691
2021-08-17,-0.01379890204357,-0.0022963776497348,-0.0166916326440293,-0.0290036060400415,0.0160869027571597,-0.0196298549915656,-0.0115973095702526,0.0068141728113739,-0.016851860060608,-0.0151617193729585,-0.0129327875482347,-0.0186873844999411,0.0160434889567082,0.0029399750219274,0.0003189407420793,0.0066701521184029,0.0020128737262181,-0.0378725799255978,-0.0178136181673687,-0.0135465676392092,-0.0311889461165444,-0.028475340337664,-0.0146484714996488,0.0089989194445743
2021-08-18,-0.0053066911308601,-0.0232565170874012,-0.0049627793631299,0.0040653438444717,-0.0178164182677815,-0.0069465823485828,-0.0138817830455622,-0.0034013289632337,-0.0031354351972781,0.0090876016276082,-0.0181577797934813,0.0,-0.0088063600869423,-0.0307716500975925,-0.009293393340882,-0.0090387506897391,-0.0141743266000764,0.0039235966856518,-0.0017276551563174,-0.0137895290574379,-0.0059577298343915,0.0187475231757545,-0.0514747480399426,-0.0078695449376051
2021-08-19,0.0116608244677367,-0.0047174811489751,-0.0100002892998118,-0.0401781159389917,0.0038541184205809,-0.0263257793656768,-0.0026918697539004,0.0029770974090599,-0.0176518896438886,-0.0136398448709336,-0.0184935160086943,-0.0595212564251825,0.0152659277781479,-0.0147566823904374,0.0075375223621221,-0.0038019174803975,-0.0229478654709369,-0.0143422228872336,-0.0174435374143278,-0.0417162500825494,0.0006336791887449,-0.0029368400491271,-0.0669236243280448,-0.0033919571988321
2021-08-20,0.008498539709155,0.0,0.0010047220062188,0.0023273853723457,0.0177484884388934,-0.0310563598262048,0.0,0.0139152994911238,-0.0117118683819832,0.0149897509199377,-0.0135947775278624,0.0214362515541024,0.0095179803131726,0.0009905443026814,-0.0203363160146401,0.0055619674404274,-0.0041820563416421,-0.0304332654277854,0.0106049482073942,-0.023349656251951,-0.0219547797274852,0.0165292515474062,0.0093692661664745,0.0067723347237149
2021-08-23,0.0293056709506389,0.0023616739999183,0.008995567293593,0.0364506728958629,0.0079174146879652,0.0103491136928246,0.0037665920015137,0.009170502775913,0.0153583702511284,0.0130460350338381,0.0414015069805389,0.0530158617011888,-0.0063981811457032,0.0311916020224618,-0.003266434005662,0.0074800830018064,0.0337356803599364,0.0322373328730236,0.036996728594048,0.0244763754856514,0.0259280024148846,0.0219370668175162,-0.0177093825999992,0.0222476487329845
2021-08-24,-0.0074325904786043,0.0550596810798,0.0079287122772533,0.0827762644662453,0.005672445052459,0.0029845392035525,0.0149255586802294,-0.009170502775913,0.023382353738047,0.0247141938492072,0.0011581042388666,0.0859423486502919,-0.0221423957242858,0.0358190359213195,0.0060345627726938,-0.0048456348324767,0.0060588346106071,0.0160918874508362,0.0271641849335511,0.0134214339072213,0.0103109494598214,0.0075187820066631,0.0548601164440558,-0.0066225010434222
2021-08-25,0.0028013803862041,0.0044542416248853,0.0156710685491581,0.0003223819419657,0.008830978083115,-0.0033168931658584,-0.0026488765167314,0.0041787721397277,0.019802881663792,0.0089342558316705,0.0057703418118832,-0.0075841881446008,9.627351794838646e-05,0.0082988255273002,-0.0075079543880192,-0.0084685350549351,-0.0007550346213798,-0.0099821295842126,0.0118400466251258,0.0158369337953372,0.0429495180439021,0.0528837728164748,0.008421353123166,0.0077221840937464
2021-08-26,0.0037931291996518,-0.0293144721636149,-0.0117300519915173,-0.0042635959231711,-0.0157969039173733,-0.0238706092312299,-0.0058527017751801,-0.013434244623069,-0.003055002298276,-0.0195602806304933,-0.018974423071262,-0.0075321523672657,-0.0005790036138502,-0.0110804761444005,-0.0140231258390484,0.0010201227356967,-0.0070777721084986,-0.0151629991889095,-0.0357526754927333,-0.0125095585525363,0.0091015787141781,-0.0134110398035591,-0.0163810260304142,-0.0110499541293009
2021-08-27,0.0267432705918313,0.0293144721636149,0.0214016141161752,-0.0078641209285521,0.0087638584923821,0.0155304039779169,0.0237290975201998,0.0029542968677378,0.030347731209019,0.0158460387676599,0.0101128916513708,0.0163029658639715,-0.0164521215154569,0.040041767981523,0.0326878462795932,0.0107488185840587,0.0220779760092688,0.0119329253377316,0.0156177019667129,0.0132574175872903,0.0032967330003668,0.0160718864824955,0.0350731891684978,0.014341214988395
2021-08-30,0.0079762280247308,-0.0134228359908308,-0.0194371358263429,-0.0005221370331449,0.0029471417727218,0.0010044073029162,0.0051975647653557,-0.0004214688320245,-0.0515499402723897,0.0074254591153675,-0.0156009253547533,-0.0344369674297571,0.0048956465455076,-0.0161875140643004,0.0157936350159011,0.0077695988799622,-0.0089730948286437,0.0032300738511779,-0.0076806980944694,-0.00588332608012,0.0042107456109272,0.0053003300627141,-0.0061919533886269,0.0065499827299853
2021-08-31,-0.0078319541498679,0.0089685943659454,0.0058709344241871,0.0247595603127814,0.0019172941279763,0.0126373980014862,0.0169625110833036,0.0042068999713658,0.01572384525701,-0.0061126744533996,0.014826614134388,0.083452965381447,-0.023821165290395,-0.0173757090168971,0.0161713545235193,0.0017331749813731,-0.0045172661471433,0.0310428968101428,0.0097126981004893,0.0078943859186697,0.0001682451915767,0.0017604438512499,-0.0130245022229313,0.0161904369669245
2021-09-01,0.0109003336354494,0.0,0.0,0.0506625310619677,0.0068719593413719,0.0062593102815426,0.0086273555698035,-0.0113995550148615,0.0083152566278026,0.0154415223955082,0.0327648588866558,-0.0053520354116676,0.0083673124348147,-0.0064785449003255,0.0180573249134283,-0.0001998965365181,-0.0040320524439789,0.0361567339458348,0.0126776991762085,0.0113002169164948,0.0121102239420389,0.0413497076918512,0.0005242924734747,0.0
2021-09-02,0.0224375752701959,-0.0354744591355944,0.0077747139219925,-0.0171580925148493,-0.0076384567665437,0.000328243645371,-0.002023227259559,0.0063490916328481,-0.0002178611536782,0.0181935018470236,-0.0060150499070603,-0.0207502951794253,0.0085932669082113,-0.015910374894301,0.0199885188935606,-0.0075561956197383,0.017770670835191,-0.0138305010314643,0.006089591110661,0.0001702151862552,0.0027357335193016,-0.0084746742462895,-0.0005242924734747,0.0159323716195227
2021-09-03,-0.0036873239773287,-0.0116415130451303,0.0048284754737548,0.0037498161505524,-0.0207897128067156,0.0117495330382206,0.002023227259559,0.0138279271512256,-0.0002182045972687,0.0075722655147592,-0.0094715614559475,-0.020437140558962,-0.0077999595292843,-0.0142517835127766,0.0058300863706652,0.0056893037227805,-0.0039772668523689,-0.0054495228983726,0.0264909311258412,0.0170461862630464,0.0259861545156185,0.0618753953446216,0.0005242924734747,0.011524451945313
2021-09-07,0.0042561998954431,0.0023389147606867,-0.0106539189375016,0.0224482949350139,0.0059841820653332,0.0100081003990699,-0.0096471726918423,-0.025285813342383,-0.0327970412238225,0.0040103988053221,0.014736687904298,0.0290396308193807,0.0047465901307659,0.0095235154377717,-0.0085324485030087,-0.0014026815762671,-0.0014953925480725,-0.011680037078372,0.0010156007185719,0.0131336828608592,0.0058711777057665,-0.020202671174907,-0.0195826039874997,0.0041580549439983
2021-09-08,-0.0043962584678549,-0.0777085084157178,-0.0176819747441534,-0.0242907265956766,-0.0049407542494601,0.0016049827831077,0.0005100887078106,-0.0102960890317111,0.0109781186007609,-0.0247112638449307,-0.0250677710056037,-0.0530926627454757,-0.0066315874489202,-0.078858480254299,-0.0030109730238239,-0.0195045017527935,-0.0140671666943603,0.0013811736162936,-0.0048103571353883,-0.0090699878483624,-0.0227919209841447,-0.0340422823510468,-0.0397979694733834,-0.0241481504773695
2021-09-09,-0.0052466826016353,0.0150376825140805,0.0108426188786365,0.0059449276342569,-0.0116685522387323,-0.008697198183917,-0.0040879129327704,-0.0112749851214126,-0.0024537501339376,-0.011996280701366,-0.0225602692588386,-0.0208143913646701,-0.0141008658517849,0.0223135273692722,-0.0086318660181112,-0.0071818369602763,-0.0045637632905983,-0.0135491653603856,0.019376965171225,0.0003890792786265,0.0064604466275062,0.025022090634728,0.0038855662629297,0.0010620929913953
2021-09-10,0.0062720589490021,-0.0049876110036781,-0.0128269208612707,0.0027460716388896,-0.0050237102365753,-0.0025915095062223,-0.0087427136490507,0.002613357760373,-0.01689460137242,-0.0192993050980492,-0.0287329942404754,-0.005187270945119,0.0026151005136951,-0.003013643512381,0.0030371115982403,-0.0041959286784285,0.0030447834726201,0.00523310465605,0.0033595947219482,-0.0211589070927873,0.0023609896175651,0.0065682249826362,-0.0011086589611117,0.0042373400921411
2021-09-13,0.014300001809528,0.0271288068457888,0.0264591733748997,-0.0051320469134381,-0.0033190866084549,0.0061440116981432,-0.0025860603713376,-0.0013058728976576,0.0112946542058147,0.0028107710595701,0.0096696871434196,-0.0003402209854597,0.001204816715238,0.0365472509412456,0.0187765177970051,0.0013776345548093,0.0213066631509892,-0.00523310465605,0.0071354170100712,0.0121777665085902,0.0052720991068984,-0.0041000190404183,0.0033222963087151,0.0063225334456726
2021-09-14,0.0191329262163426,-0.0122401461073602,-0.0264591733748997,-0.0169254163613929,-0.0148705194254872,-0.0022591900280684,-0.0062336604812722,0.002175286180432,0.0015710595195135,0.0020113410940147,-0.0032128510314715,-0.0423920216873945,0.003605258363561,-0.0126894143015601,-0.0049228771268103,-0.000826535929554,-0.0052219173926055,-0.0028020186535506,0.0015288673680902,0.0051975334833871,-0.0042965689840865,-0.0174061424228884,-0.0144768429446981,0.0031462865428568
2021-09-15,0.0014178467714884,-0.012392066010084,0.0079131376090995,0.007509679699349,-0.0058207412232298,0.0067622446235824,0.0139716624132772,0.0155242724999213,0.0237130870984687,0.0175784343498364,-0.0016103431532141,0.005192366870486,0.0123202227704077,0.0097751575931901,0.0074493641346262,-0.006219798598531,0.0338266944364282,0.0101205663937764,0.0036776647117053,0.012849895049789,-0.0130015248870369,0.0008356626329542,-0.0118478011412528,0.0093798974053034
2021-09-16,-0.0022738986256243,-0.0176104452493941,0.0098038686594423,-0.013508239978103,0.0169609277610942,0.0012828003885312,0.0248681874952731,-0.0120536839715201,-0.0273077720694265,-0.0041956319078293,-0.0178866778508042,-0.0073243213119278,0.0109010102836903,-0.0097751575931901,-0.0067020221175555,0.0042198460076789,-0.0153008785330444,-0.012227070670558,0.0053578005830683,0.0012649476035182,-0.0017618512820547,0.0050000793401352,-0.0524291915398573,-0.0177921287900908
2021-09-17,-0.0314366295588257,-0.0388142487702984,-0.0117764292716602,0.0164718217156538,-0.0096566269043347,-0.0070763181928059,-0.0212774154068897,-0.0104483986174419,-0.0193166263453132,-0.0016597576696879,-0.0090647228792075,-0.0174625980763512,-0.0095194559864877,-0.047268609956967,-0.0085539927168958,-0.010687591295234,-0.0123122942410112,-0.0195214472390121,-0.0142612307173508,-0.0054562680198788,-0.0254897854776929,-0.0252539044489914,-0.0248270241620431,-0.0138227497187433
2021-09-20,-0.0224753146340734,-0.0486583974221043,-0.0413157061891911,-0.0486977371141925,-0.0183616615766593,-0.0188990468234138,-0.0175624345016607,-0.0039462505833984,-0.0152601825399223,-0.031108817892461,-0.0087300110384567,-0.0346171362735239,-0.017407557987509,-0.0197614338915264,-0.0200951769638511,-0.0293837088963337,-0.0217917228133988,-0.0111733614711693,-0.0195207560483745,-0.0237107419965099,-0.0262436424207006,-0.0267833839797804,-0.0406688037857305,-0.0075228997407736
2021-09-21,0.0165029608009623,0.0273236993312647,-0.0061918177810125,0.0142029100399447,-0.0041264259628328,0.0049219588381634,0.0020822074265911,0.0156931748488786,-0.0037349192894029,0.0097779392121886,-0.0092283045552656,-0.0013750736703714,0.0209509833279009,0.0197614338915264,0.0119231777916422,0.0189329757829854,0.0367926908741829,0.0021723631911427,0.0348498672325834,0.0289470362680752,0.0022641624748596,-0.0035087516820473,0.0139509080458664,0.0149896277722383
2021-09-22,0.0116434525596638,0.0160432669494221,0.0275667249404998,0.0200265580058607,0.0024778086164261,-0.0009825136576653,-0.0005201711168223,0.0064671729741414,0.0090793669851287,0.0220015033264253,0.0525357028839725,0.0171134536908104,-0.008882719873946,0.0274267321958359,-0.0054853630401119,-0.0002821955629279,0.0065688646649939,0.0107914987265163,0.0193822463931025,-0.0017058760726795,0.0078845824018873,0.0311442816807261,0.0334395098820747,0.0084656435880581
2021-09-23,0.0172431874879652,0.0364627966619388,0.0336664987596098,0.0038703781864644,0.0170408452244625,0.0091325389619321,0.0180463932899237,0.0195749343932249,0.0235898478553555,0.0037174961618697,0.0403580984577276,0.0031919531181356,0.0121202113065512,0.0402607258882805,-0.0061301686194847,0.0215586947380623,0.0251416410815568,0.0341163299988527,0.007735446905519,0.0065868377265942,0.0027578477580449,0.011012424404488,-0.0027627613481042,0.019823343980466
2021-09-24,-0.0125361521230598,-0.0285361127613434,-0.0058594679707559,-0.0247907014674435,-0.0044705831148301,0.0048583358616758,-0.0015341792278156,-0.0021092153112398,0.0161656195236266,-0.0089827553609111,0.0099350576757459,-0.0030686684539507,-0.0138070035813169,-0.0086998625236442,-0.0027710025589833,-0.0159324196260843,-0.0073574437401204,-0.0090311289153688,0.0181035211687494,-0.0012043559222902,-0.0047450020539736,0.010058693015063,-0.0225186994882897,-0.0093408505666481
2021-09-27,-0.0393330128097355,0.0208335380817878,0.0251465374704071,0.0023603411530039,0.0106693742295416,0.016661680620861,0.0157405159749881,-0.033493973893433,0.0130545390832668,-0.0558013829957779,-0.004191231263332,0.0320596692395591,-0.0162182237202692,0.0144582587164454,-0.0032424685282927,-0.0006314624165115,0.0508525712641656,0.0336223721355395,-0.0114590496410906,0.0214047303803965,0.004400660123081,-0.0075345184972936,0.0034447226397009,-0.0469671867707262
2021-09-28,-0.0682910849188136,-0.0367493820019704,-0.026126425365168,-0.018781090404877,-0.0331883752874877,0.0038535557860122,-0.0448182920938027,-0.0360118844208168,0.0161363901224329,-0.0499443034110322,-0.0146156858726471,0.0082999804837804,-0.0380587684100546,-0.0193245080230952,-0.0007735501012566,-0.0352089510946891,0.00676914927315,-0.010173137984244,-0.0219098874521175,-0.0089936189878772,-0.0372766328694487,-0.0315861702611113,-0.0522350273676353,-0.0355990253256421
2021-09-29,-0.0388789227535113,0.0263867828977413,0.004890085407271,-0.0137284373994797,0.0169363905993824,0.0127390044856965,0.0120451202210669,0.0175011441301897,0.0036703334299148,-0.011372331550941,-0.0015509506109281,-0.0359437363430235,0.0075205244435676,0.0126032284232653,0.008783426095229,-0.0089813412858887,0.0022460004970099,0.0308460051339647,-0.0178694432398112,0.014655244635799,-0.0025055813745122,-0.0183812474660411,0.0122435266801832,0.0067723347237149
2021-09-30,-0.0071010640303459,-0.0026076834891879,0.0068058876388965,0.0119738522353536,-0.0020500426471015,-0.0298720725014627,-0.0178575141026327,-0.0102843261653875,0.0002156149400542,0.0098194202134198,0.0536382358583651,0.0442922215066996,-0.0009369453402623,-0.0038611119890334,-0.0006138540362785,-0.0095806196386574,0.0,0.0080054154470374,-0.0081059413847381,-0.0424072788033393,0.0002687661751208,0.0096705564492434,-0.0014325875925402,-0.0067723347237149
2021-10-01,-0.0044386945839089,0.040926667249614,0.0106026829480421,-0.0142143562229541,0.0084468939319859,0.0003259853359707,0.0037027312388371,0.0035892169053219,0.0124199474513675,-0.0070511489204321,0.0131532296199492,-0.0189129317538006,-0.0013549074008869,0.0379553424234122,0.0181035123196409,0.0067161568572995,0.0182308715704411,0.0197374902476017,-0.0097233836479491,-0.0007316124157634,-0.0008063675552518,-0.0114388917762524,0.0177623946499161,0.0123805396445686
2021-10-04,-0.0396961626241525,-0.0375670137743666,-0.0048053811911912,-0.0348392614497061,-0.0140721737172406,-0.0101556493079542,-0.0106159091305335,-0.0080936334268444,-0.0034108705128628,-0.0459233703698052,0.0093931411360546,-0.0200082845144136,0.0109948338475485,0.006496514511237,0.0137745949141545,-0.0161650299131901,0.0063686832178073,-0.0055528792836292,-0.0234675141247922,-0.0332572886657906,-0.0230313199535885,-0.055493966981722,-0.022072613710911,-0.0101179569527056
2021-10-05,0.027571334937579,0.005195067117983,0.0331626102921513,0.0230268024413664,0.0079485890402484,0.0062366510073523,0.0053219373043194,0.026727569540816,-0.000640889836061,-0.0046001476434147,0.0318498132021001,0.0125818960285473,0.0050419215760335,0.0146925704181659,-0.0085119131848587,-0.0026200237841145,0.0184366409088267,-0.0082223680468493,-0.0024334960596896,0.0019188107383172,0.0021992832044555,0.0185363152283888,-0.0108578916099846,0.0112359684644627
2021-10-06,-0.0005050620103235,0.0103092042614365,0.0018623616563075,-0.0029415881354202,-0.0035553998412503,-0.0245126889866131,-0.0079936701328735,-0.0132742480255378,-0.0218174007180183,-0.0235300446087265,-0.0182781381732231,0.0643657758872544,-0.0090731239307517,-0.0267914226507826,-0.012373762917313,0.0173129063227737,-0.0232644968659108,-0.0305138148701402,-0.0108354950125382,-0.0304938703159374,0.0007318198273154,-0.0336167295246174,0.0215989545292849,-0.0169015955353244
2021-10-07,0.0193606854525665,-0.0259750663809068,-0.0093461588065997,0.0470159639463227,0.0083213633044829,0.0133246250386602,0.0111733111204657,0.0141530218350141,0.025443305471017,0.0035261270137043,0.0467779840250819,0.0796004868896531,0.0187764800094303,-0.0037521781224245,-0.0056337900056999,-0.0006631679156772,0.0124606759652978,0.002720205059465,0.0049140052903506,0.0148617328424762,0.0135351039568636,0.0400241430347745,0.02947590032666,0.0135441425567959
2021-10-08,-0.0224096367535047,0.0026277004404722,0.0139864239747899,0.0347762466647854,-0.0124395171632958,0.0042925336726633,-0.0149255586802294,-0.0375882239067379,-0.021737473169932,-0.0279606356238151,0.0546728111725896,0.0027028017557917,0.0,0.0167756968174335,-0.0180267195689047,-0.0016231420677241,0.0116631403238707,-0.0408925106530189,0.0132042839238404,0.0146441902890153,-0.0071534490906355,-0.0193466220400511,0.0075783806087263,-0.0112743121541034
2021-10-11,-0.0115418416896728,-0.0239052641309833,-0.0018537318274138,0.0004318107960319,-0.001376495303961,0.0023038212419828,0.0080236004697535,-0.0050285548678248,-0.0032690049098738,-0.0349268441588934,0.0140040043403244,-0.0033278153194959,0.0002032211023821,-0.009285299270626,0.0018637197578326,-0.002365496198621,0.0117410525610579,-0.0078125882425048,0.0153254022070989,0.0183226317027376,0.0019971997659267,-0.013108944711309,0.0122784691799826,0.0011332139763062
2021-10-12,0.0043680273695105,-0.0053909344219853,0.0101525380870577,-0.0167277003124217,0.0146309170273557,-0.0085837616619772,0.0058432702733903,0.0027460187221768,-0.0072297293071574,0.0013216968108267,-0.0321157986566484,-0.0119460673325084,-0.0077533136173419,0.0,0.0018606376819172,-0.0036328312412994,-0.0023370533488407,-0.0089525993561614,-0.0018339076346354,0.0112413197758654,-0.0096601929390658,-0.0257769110191019,-0.0040762541443926,0.0101410981777971
2021-10-13,0.0263647800016881,0.0053909344219853,-0.0110804852159569,0.0270955879808205,0.0066291410970675,-0.0033210986618881,0.0026448809902026,0.0345867863358839,-0.0070611963806257,0.0383847078865047,-0.004579641338934,0.0091296802504157,0.0298647597152714,0.0303192888216747,0.0023206512295241,0.0508289424990477,0.0097374729737342,0.0185322132188265,0.0050354204134066,-0.0077077078313267,0.0071175207677844,-0.0175615489149927,-0.0185505304325031,0.0703371981693707
2021-10-14,0.0444936332565832,-0.010810914229143,0.0064784500867554,-0.0070434169274227,0.0202889395648759,0.0066313486517208,0.0229774575444792,0.0026456216437331,0.0212518841941036,0.0038255441151422,0.0274875956336568,-0.0028244303196842,-0.0015916555582884,-0.0109190895121968,0.0115234593909367,0.0236503897829614,0.0129763198959285,0.0028208313457365,0.0192651491462436,-0.0014802616136462,0.0231879335028848,0.0078432455508088,0.0027699347881866,0.0196593532101838
2021-10-15,0.0141742522432561,0.0606242012485933,0.0228007604129198,0.0056998158133438,0.0010565491626706,0.0173632036332209,0.0041216105502281,0.0290754177501337,0.0275804808294695,0.0251621236829491,-0.0176996140382557,0.0010469466914582,0.0187399790504785,0.0145326903466378,0.0083669380730162,0.0068024924546916,0.0128100897705172,-0.0056497288834669,0.0077634270372044,0.0043208628620332,0.0202276418465325,0.014542206769184,0.0218887628032544,0.0152517532759852
2021-10-18,-0.00149606869532,0.0025545259911718,0.001801758260814,0.0442895967421614,0.0071024432604818,-0.0026016657333256,0.0228726238125647,0.0169641311916048,-0.0025336779651743,0.0187158462888437,-0.0048820152725412,0.024192251686653,0.0105945957174506,-0.0117915054886008,-0.0208180118052161,-0.0045299256645492,-0.0022607741447293,-0.0106801502808577,-0.0031159192789282,0.012851686257691,0.0041700922806748,-0.0009629208733681,-0.0122533924037102,-0.0030318184951461
2021-10-19,0.0160337732378126,-0.0416727817363371,0.0089607168417336,0.0454883978172198,0.0271511045137171,-0.0045691586741387,0.0095025251630409,0.0183336568491045,0.0010565431275497,-0.0008542944031741,-0.0026135240163345,0.0251160252161648,0.0117263397382552,-0.0582326082939304,-0.0126082153688007,-0.0065563489009159,0.0140977100405854,0.0222978126662467,0.003027044960552,0.00067197497646,0.0139478009827156,0.0228581012593225,-0.0270756815931716,0.0070600647944583
2021-10-20,-0.0424120149495266,0.0339906979838737,0.0026728423884785,0.0108902436284425,-0.0106432677888235,-0.0036047876138174,-0.0059912049260488,-0.0037228882976609,0.0119661968000976,0.0079805885527033,-0.0218262583796025,0.0097148659440327,-0.0009559418339204,0.0323530047020326,-0.0118176910472476,-0.0053462009802647,0.0030384847114368,-0.0190818085620816,-0.0002666703568254,-0.0051624686021316,-0.0117826832194332,-0.0190119685970904,-0.0256606224760411,-0.02030517748145
2021-10-21,0.025540743068662,-0.0366538156309195,-0.0170485005024998,-0.0019913746905455,0.001674699930608,-0.0178872766097675,0.0059912049260488,-0.0302923768153982,0.0103798087525066,-0.0125913730325804,-0.0695661923857189,0.0037414383822325,-0.0013400336471893,-0.0608002206770637,-0.0247122774140384,-0.0296018855855662,-0.0120051561789145,-0.0042901619399837,-0.0016909131941398,-0.0212079272021608,0.0060377784976521,-0.0048101002431595,-0.0375183328666817,-0.0123840878127721
2021-10-22,0.0168838749699453,-0.040821908956924,0.0134832212034861,-0.0165256477906412,-0.0020614787851345,0.0,-0.0095025251630409,-0.0172344813169034,0.0092508337835668,-0.0519334191799361,-0.0405979574238335,0.0048040961040785,0.0152078869485983,-0.0100001343724096,-0.0037439221450146,0.0164987901259134,-0.0032810957106477,0.0577752156518518,0.0062156159211723,-0.0035692107172451,-0.0178731283750037,-0.01163935888919,0.0134030382268433,-0.0114883422147256
2021-10-25,-0.0157671768293408,0.038151680172266,-0.0017872667117448,-0.012290931908204,-0.0111529604197953,0.0026703408122688,0.0943961034552938,-0.0034827710431475,0.026253543142757,0.0215316595064276,0.0301493303175042,0.0023447881132243,0.0015082487135891,0.0736054809751001,0.0066640934282058,0.0205242674097316,0.0075704549460589,-0.0003381910384812,0.0204150638213826,-0.0067702876633015,-0.0051784161389623,0.022191063183222,0.0277189094392729,-0.025533361229777
2021-10-26,0.0035323263505215,-0.0271017558366523,0.0080177640338949,-0.0385757927451519,-0.012862847911867,-0.0147754296828157,-0.007803438469788,-0.0018053028449727,0.0,0.005290226313618,0.0324275635484743,-0.0355582874252702,0.0110527477206074,-0.0160004972467784,-0.002108259945408,0.0069547381826282,-0.0040848282017242,-0.0074704536783278,0.0106113003041738,0.0056161751225092,0.0047406009064498,0.0198400297871796,-0.007945225567306,-0.0097457702978214
2021-10-27,0.0122722599786433,0.010929156764928,-0.0170025319072264,-0.0064175264828634,-0.0078243694941968,-0.0125958552839184,0.0009209894234474,-0.0061892847261577,-0.0156692367500466,-0.0293387354264753,0.132171733618863,0.0145546654174788,-0.0156788124201519,-0.0047548346443777,-0.0047189205296547,-0.0058498373212936,0.0224639175485785,-0.004440627697654,-0.0287274742743357,0.0051255588024279,-0.0037731012410535,0.0157775982615651,-0.0234785635311842,-0.002178564132272
2021-10-28,0.0151040390965953,-0.0081855831531646,0.0107720345850763,0.0057065285614044,-0.0107082082669203,0.0173209115645112,-0.0199958642038873,0.0004433368960543,0.0010118567774242,0.0111838899156113,0.0613653300667964,-0.0036937754183679,0.018469746659925,0.0066505521181055,-0.0039222524233033,0.0177190167582299,-0.0519573932340007,0.0071638595577274,0.0437179938587406,0.0136351419162146,0.0196732352028172,-0.0251761006754973,-0.0202483286216494,-0.005467375944018
2021-10-29,-0.0003814379786373,-0.0419641915641024,-0.0008933346433717,-0.0391045501521185,-0.0328300771388354,-0.0040486481129256,-0.0065976718134819,-0.0124888250346955,-0.028101515877037,-0.0239179452526689,-0.0887728123227971,-0.0241951680540983,0.0227760676753776,-0.0726521168182159,0.006040393143889,-0.0184095083726978,-0.0325650016755525,-0.0143789889374401,-0.0213609966580743,0.000509910038942,-0.0201130433236844,-0.0306831652998709,-0.0362554073265504,-0.0176996559057029
2021-11-01,-0.006702069128905,0.0364693196476703,-0.0008939320683731,0.0486023093268395,0.012987163340266,0.0276729615615862,0.0061278437946912,0.0084916027511439,0.0152769960581378,0.005816876172596,0.040228231148724,0.0508422268407597,-0.0062849379369693,0.0379666749676572,0.0339232871917665,0.01003392099184,0.005212942660616,0.0136987927343561,0.0459938911238491,0.0191282636373921,0.0036872201535871,0.0077595627625934,0.0117145508869733,0.0011155171893793
2021-11-02,0.0082278121013574,-0.01947192662907,-0.0226153245068903,-0.0484174227071383,-0.0109036290314152,-0.0046142666514406,-0.0047102751684136,0.0084199104254714,-0.0134066501555034,0.0127070262298714,-0.0091409245422995,-0.0235512313776462,0.0055584441558318,-0.0128270714233873,-0.0028361322709788,0.0049794000123064,-0.0166014653025579,0.0023782089351298,0.0170104360340985,-0.0020578381600344,-8.768989852647735e-05,0.0276340107722194,-0.0452637760503575,0.0088790651559218
2021-11-03,0.0219248343577787,0.0203150064843479,0.0199283198360844,0.0189237172547347,0.0036018089301514,0.0003303645574739,-0.0229236444772991,0.002204365369578,-0.0201348166732517,0.0152734582558728,0.002445792515259,0.0206251878518646,0.048854914086879,-0.0170260444253802,0.00910963494771,0.0165995436145802,-0.0135270670314362,0.0013562047191335,-0.0014606958417804,0.0080958923033049,-0.0008765268823465,0.0037522089219579,-0.0213475071412485,-0.0022124140461339
2021-11-04,0.0243627756840441,-0.0625198698113174,-0.0572111170252878,-0.017015158554603,-0.016169893655265,0.0150772799411655,-0.0062999879233576,0.0,-0.0089382352232902,0.015904866504572,-0.0085863383717077,-0.0108021753212641,0.0025065057614073,-0.0380899447898488,-0.0037593612177562,-0.0034188839697488,0.0017842737271225,-0.00203532955903,-0.0039871117724445,0.002261612147473,0.0326171212581281,0.0074627858423621,-0.0218128248670455,-0.0055523769125582
2021-11-05,-0.0041119282289159,0.0569949549805505,0.001897593852846,-0.0271205558516047,-0.001969152200806,-0.0344176912958595,0.0033971443065623,0.003516584392504,-0.0098816389737956,0.0459994907721466,0.0741739622728832,0.002268293100899,-0.0211986925637086,0.0197409780973039,-0.0050346197602895,0.004087784772186,0.0196406965403244,0.0033899457262536,0.0046364326215111,-0.0121966259245569,8.509033926085152e-05,0.0027842057867766,-0.0153850462874909,-0.0011142741972296
2021-11-08,0.0034531724784097,-0.0224100614025841,0.005671059423149,0.0199600088235021,0.0134266343965609,-0.005063321016812,0.0191945305828116,0.0281218328024164,0.0145736028989507,0.0123425172063234,0.0141967172181804,0.0195107871988309,0.0112225438545823,0.0122699036729099,0.022304585676053,-0.0056333247934379,0.000655773937864,-0.0010158521819438,0.0010547224328845,0.0066711136957113,0.026057986114413,0.035506673877971,0.0520252836777928,0.0253176930061553
2021-11-09,0.0001413966088756,0.0028290124404823,-0.0123283980279809,0.001300150078725,0.0018045272885967,-0.0067911487918221,0.0033213834422851,-0.0059905619744884,-0.0019166481507002,0.0357063752053319,-0.0396832125747743,-0.0262322119017959,-0.0050695395829833,0.0240976181418379,-0.0026256801078559,-0.002424174520585,0.0054445653918633,-0.0013559109440826,-0.0071598360636184,-0.0233192964575446,0.0071697423971714,0.0044622711467825,-0.0098605508945412,-0.0131292129077844
2021-11-10,-0.0386164777159967,0.0469050842977679,0.0009538274630473,-0.0004332270477727,-0.0096149583514502,-0.0223955078759559,-0.0167188183713453,-0.014699752167322,-0.0042726745722596,-0.0713524126883635,-0.0364437354448545,0.0230389793311101,-0.0124324621022271,-0.0049723615124133,0.00432093370534,-0.0182330696754675,-0.0246648459241862,-0.0013576688763832,-0.0083633833350011,0.0058809784791105,-0.029837988290712,-0.0125449939521158,-0.0107929645872433,-0.018899873895892
2021-11-11,0.0188230352598246,0.0239696542415741,0.017013650346326,0.0346728795275526,-0.0009806785651069,-0.0017436862531932,-0.0077369212486013,0.0103988077094392,0.0078898994306539,-0.0095542423675061,0.0060661625845375,0.0664569764316835,0.0061914201677315,0.0148441605038407,0.0003078428911433,-0.0050935929999118,-0.0045098307661333,0.0118183265429254,-0.003712221493731,0.0093717578645478,-8.452341422149345e-05,0.0275695888638671,0.0544187577138606,0.0033611021386004
2021-11-12,0.0216504338706791,0.0130717934070179,-0.004697039766369,0.0195963574811335,0.0055906429088095,0.015584865172499,0.0029083767134436,0.0213228271523999,0.0088816268804294,0.0126457981576191,0.0153041884120002,0.0079487383823702,-0.0027372762708033,0.0048997706386537,0.0015383292891093,-0.0174027387212341,-0.0018094794501486,0.0146622165227614,0.0155804253234741,0.0295539876201589,0.0042214019322575,-0.0088106793268893,-0.0079364535997799,0.0232184856810735
2021-11-15,0.0059591151992925,-0.0078227383244011,0.0056336795922717,-0.0112016801783632,-0.0107897909122751,0.0044573764361057,-0.0067994491411456,-0.002958073352087,0.0,0.0223265732561577,0.0130178942459124,0.0002698449162981,0.0034425515759322,0.0097277505042985,0.0049064767455968,-0.0072587936152945,0.0248194786965263,0.0102023688723646,0.0004068260660456,-5.418779104715554e-05,-0.0048139637847217,0.007054872451178,-0.017685405133875,-0.0109891288662309
2021-11-16,0.0044603654146699,-0.0078843317785501,-0.0028129781856165,0.0152971511759583,-0.0083468483583186,-0.0137791948008811,-0.0102866534872991,0.0167859688791245,0.0148367583254964,-0.0577589440439796,0.0035210990649545,8.988130527853855e-05,0.0043958475030607,-0.0038799068842054,-0.0196161115477901,0.0062050755937477,0.0068230818704995,0.0130125774951204,0.0171758814373017,0.0163523536390153,-0.0003387146276523,-0.005286537124169,-0.0180039343929623,0.0044100869972882
2021-11-17,-0.0012673829648948,-0.0106102526480065,0.0084153067353747,-0.056756631948831,0.0005681145247464,-0.0160841554891972,0.0034405586502481,-0.0121416451443034,-0.0220205995924258,-0.0358058987859406,-0.004109174872231,0.0116238483230839,0.003677716857835,-0.0245955965372375,-0.0070438681570332,-0.0020405056240546,-0.0054987701455329,0.0096496403696435,-0.0068188334265886,-0.006530261942176,0.0082651398337709,-0.001768335327009,-0.0250848626341824,0.0
2021-11-18,0.0226170306502364,-0.0134230711647662,-0.0009315095850825,-0.0471971110177129,0.021491091348079,-0.0084958291620531,0.0058709324412733,-0.0037983453986059,-0.0033983623211941,-0.0281122758898915,-0.0017663052723984,-0.0004443670409157,0.0054046507705911,-0.0160644518738914,-0.0132828984387343,0.0035858352916324,-0.0059728632883335,-0.0064226838221683,0.0074580864017645,-0.0084130675191724,0.0357224794401309,0.0158037753369306,-0.0468022642188747,-0.0144046693425894
2021-11-19,-0.025285083213391,-0.008140821857991,-0.0293165461874558,-0.0169212955006505,0.0002779001169193,0.0297695052122328,-0.001464528930982,-0.0025400850786732,0.006785501779793,-0.0314912785447312,-0.0277837243258849,0.0272833504113165,-0.0101356011691429,-0.014271555543424,-0.0076701343359659,-0.010796665874067,-0.0421446121237347,-0.0022579415282271,0.0006391561237948,0.0070694986672465,0.0070261439146479,0.0172714709403014,0.0158454093503577,0.0033426015102184
2021-11-22,-0.0373443032100677,-0.0192581691780585,0.0105013543394898,-0.0264385964160576,-0.0507231573386315,0.0010346198853548,-0.0588553303941434,-0.0353791755208763,0.003375419528826,-0.0636716359278724,-0.0370298060458109,-0.0200172866500798,-0.0234572925215905,0.0030756533065203,-0.0260008747577287,-0.0360443384179589,-0.0018529664098942,-0.0061537286209154,-0.0229377092777216,-0.0046894467317049,0.0039355911233753,-0.0077351624229762,0.066719436737594,-0.0304936565131901
2021-11-23,-0.0223735555622894,0.0137935502553323,0.0028450954509193,0.0179690245936923,0.0176737633064312,0.0010336258515462,0.0103095666610455,0.0052563524201616,0.0167089381449456,-0.0229486279361292,-0.0579168475181282,-0.0151234758960967,-0.0164065265747686,0.0518559506480327,0.0098295497727769,-0.003610529353244,0.0217870400817736,-0.0009750788970555,-0.0050781325109681,-0.0001619660773375,-0.0275504574772034,-0.0235717485272468,0.0202192022360021,0.0034345571341953
2021-11-24,-0.006323732275077,0.029691775791428,-0.0047462970132476,0.0059626112916557,-0.0034519771239831,-0.0166672226972126,0.0147622198450041,-0.0123077589397291,0.0002070324012164,-0.0093823987719137,-0.0345680114674649,0.0185609565994848,-0.003478791605088,0.0182961992647301,-0.0027751161379265,-0.0134509194811069,0.0036230593698718,-0.0019531741259046,0.0036064494589402,-0.0013520148914238,-0.0053704346448704,0.0079191466112997,0.0174608174262007,-0.0022884704078214
2021-11-26,-0.0257143921757343,-0.029691775791428,-0.0517441455328637,0.0109707008389898,-0.0369869307074663,-0.0205170463011912,-0.0502566529674517,-0.0182998844089063,-0.0588527707596697,-0.0112889636204096,-0.0965868593758614,0.0059654891925839,-0.0080106732761078,-0.000954748619643,0.0293190580490767,-0.0225477996270102,-0.050294308886821,-0.0341375158040464,-0.0078032116988593,-0.0273162474400994,-0.0304480832976752,-0.0248459409644041,-0.0271149970701203,-0.0409173099101165
2021-11-29,0.041320012686187,-0.0193644555059279,-0.0010023689193277,-0.0182632691578721,0.0040289273776097,-0.0140366505479594,0.0089924426676177,0.0187419489825075,0.0139584252703315,-0.0197454162607479,-0.0308547124615876,-0.0375182348280898,0.0011085466262503,0.0319576447619025,-0.0182640219198209,0.017071185266265,0.0089921631332909,0.0057154580429763,0.0014008786374892,-0.013210318956383,0.0185309305716883,0.0265973508023478,0.0056428219509294,0.0212523253153802
2021-11-30,-0.0292578720651768,-0.016902019415435,-0.0070458801970816,-0.0029986825775534,-0.0253369445541364,-0.0080058643078939,-0.0283063795632911,-0.0017700092804333,-0.0395411106817191,-0.0377256316871514,-0.0473223929543187,-0.0198970569909091,-0.0135740394459631,-0.0130355776975146,0.0094940956322546,-0.0343608074482864,-0.0097055688028575,-0.0660998503416938,0.0033704858167173,0.0021388100161674,-0.0180185720942285,0.0173464778992249,-0.0056428219509294,-0.0023390895822135
2021-12-01,0.0156566885804609,-0.0171922457615884,-0.0010104728789652,-0.0067633064116394,0.0125978627358751,0.0130672921486909,0.0032450940224628,-0.0062195309729236,0.0143178505686978,-0.0734952613595174,0.0227374579538151,0.0371726202280786,0.0042036093042296,-0.0028154526575265,-0.0148437802312377,0.0106099366799909,-0.0107617466190981,-0.0487792787516037,-0.0205628687145398,0.0024710342293703,0.0292727914809827,0.0503038522585055,-0.0097482921456029,-0.0129641951151107
2021-12-02,-0.0183511509984217,0.0597906583656177,0.0249636876668475,0.0008731313163057,0.0128880552676315,0.0242263836737972,0.0091372340734454,0.0435989170947159,0.0470751710904475,0.0224060563028256,0.035105139207753,-0.0395892229061702,-0.0059836238277126,0.1007018122373919,0.0142029006700128,0.0027695532523575,0.0533707945931558,0.0461671212309013,0.006596203790937,0.0269486082465881,0.0088309495803668,-0.0065627362122322,0.058653838258321,0.0372567396998819
2021-12-03,-0.022885314895527,-0.0109592407633482,-0.0189156572649391,-0.0808542661069848,-0.0133405955311718,-0.0067102134666585,-0.0112994595962963,-0.0241808163440189,0.0126344428507554,-0.0699314006793105,-0.0472215731523526,-0.0715417288172162,0.0041175254416376,0.0151662200209372,-0.0305913050702564,-0.0091840357495476,-0.0066323744744032,-0.0195889983732824,-0.0011657120228028,-0.0038291713446776,-0.0196660002160626,-0.0057779385673284,-0.0202184172637776,-0.0184551646425981
2021-12-06,-0.019805414120368,0.0217994183814146,0.0050126453210768,0.0720209743588196,-0.0059026021499022,0.0038903668433802,-0.0097879686833288,-0.0279212038151328,0.0215285504996813,0.0546903980847552,0.0610786315522058,0.0394898799788272,0.0062376962300962,0.0112256006054094,-0.0169975327266165,0.0276043649581287,0.0206664541146133,0.0022201905417449,0.0081320745950153,0.0116060273961835,-0.0015937353424977,-0.003316730302425,0.0505467046956802,-0.0164319997768538
2021-12-07,0.0635388641801322,0.0026917610296346,0.0069757792591067,0.0150571208183061,0.0213254086882233,0.0195741840177574,0.0427872504486757,0.0357576993817754,0.0024543866966921,0.0577526818813147,0.0382498991948234,0.0308413539770606,0.0221199754017225,0.0365334609404979,0.0136873904872407,0.0143024738614325,-0.001124970403235,-0.0037772530734923,0.0306013229852943,0.0153219151641357,0.0263413406081447,0.0406890226643397,0.0170312600131765,0.0314526072852565
2021-12-08,-0.0025963813859615,0.005361454133173,-0.0079762551456545,-0.0064253399516678,0.0025228776664278,-0.0164023476793486,0.0319449265079461,0.0163443207773763,0.010162778923815,0.0269121214252239,0.0613601619677908,-0.0147344036417864,0.0290757049798213,0.0142480721239148,0.0057855986167805,0.0001487553128702,0.0035940662774422,-0.0082712879504396,0.0094138509993464,-0.0268182389630764,-0.004260238367669,-0.0701896956242791,0.0051261643370876,0.0045768314183323
2021-12-09,-0.0397253278153089,-0.0326109595722039,-0.0192020775408825,-0.0016127295902705,-0.0270408191322202,-0.0109676863197112,0.0140991340065896,-0.0081388620933395,-0.0120030039640322,-0.0671063068256128,0.0037990241043273,-0.0236293544732193,0.0011456711118325,-0.0097734446046306,-0.0013196010847664,-0.0124170554668738,-0.012862292651079,-0.0051758019898651,-0.0248415815056737,-0.0094152015791646,-0.0190639060358561,-0.0312797036011569,-0.0139759226194882,-0.0057241176445059
2021-12-10,0.0118757474549067,-0.0167137369824429,0.0030564734780447,0.0043619429570265,-0.00503785077907,0.0127253948101451,-0.0050126866027313,-0.0025838422441939,0.0034730194751793,0.0111232635738449,-0.0110919574150307,-0.0044631049485257,0.0071088083170427,0.0062304132978712,-0.0024785647418119,0.018863553072558,0.0027215047403217,0.0022536253014551,0.0033318657690779,0.0087025598063865,-0.0031011911132212,0.0,0.001480409180961,-0.0046029333168906
2021-12-13,-0.0224672745124561,-0.031386048065844,-0.0278512214672543,-0.0326000715111156,-0.0036798815129368,-0.0248943825806997,-0.01264246156195,-0.0253287370774266,-0.0185264471736399,0.0305465780670886,-0.0570149066460095,0.0016517547090932,0.0117365616752014,-0.0197139983600451,0.0031386649255251,0.0187318598626475,-0.0303541579493447,0.0069546583633881,-0.0218995806033945,-0.0347624920507545,-0.0230108776965769,-0.0286501521078998,0.0175960445724068,-0.0023096107249487
2021-12-14,-0.0132735413021336,0.0115271896588012,0.0072954376218792,-0.0115503903650804,-0.0060088168098948,0.0082481139163403,0.0005088911985198,0.0123077589397291,0.0016607772622996,0.0087749671282422,0.0066201161835217,-0.0015546187036807,-0.025206966619002,-0.0145855434753403,0.0027998799585975,-0.0171818040826989,-0.0035084205926523,0.0057958688072088,0.0001658029281523,0.0261152983527743,-0.0011171725944469,0.0063376882421608,-0.0072941977664759,-0.0034742153515352
2021-12-15,0.0489296748167067,0.0057144199767538,-0.0072954376218792,-0.0104116009926125,-0.0082241184427864,0.0085347949308935,-0.0127978872468834,0.0160350926081056,0.0035198564981464,0.0164301186041999,0.0065765088538749,-0.0235120727525535,0.0317542109529567,-0.0018383313616163,-0.0056078678713173,0.020510807768634,0.0035084205926523,-0.0073619891631691,0.0265090193275998,0.0324900082007957,0.0347324375678796,0.0345932378224067,-0.0021984893873452,0.0057838260764839
2021-12-16,-0.04812134655175,0.0141444384302888,0.022751666461644,-0.0088075396049216,0.0146936694999126,-0.0031920859036227,-0.0113989081217873,0.0358915406865154,-0.0053884484980235,-0.0268759475424777,-0.0258221231862649,-0.0162569664657299,0.0053096222775104,0.0218390987944145,0.0224067967906869,-0.0055061575921815,0.000700146416158,0.038436614190298,-0.0133303562769997,0.0031543094783836,-0.0281993671811822,-0.0409309260645676,0.0381476983844883,0.0160184752703922
2021-12-17,-0.0068178131584826,-0.0227282686590512,-0.0133814732942068,0.0136046752649496,-0.0270791586016025,-0.010355363872776,-0.0200007277816656,-0.0029076066259579,0.0051818948146138,0.0080488257525672,0.0063326743425333,-0.0528706547241233,-0.0858319283104518,-0.0292258094441915,-0.0225719571945748,0.0070944978538571,-0.0176536018222335,0.0162430752025111,-0.0088763611184976,-0.0177721601932745,-0.0021472160101145,0.0054347596596957,-0.011363742778951,0.0224477595732597
2021-12-20,0.0040058190108176,-0.041061783323761,-0.0051945720788126,-0.0324004660606878,-0.0226556735599152,-0.0181099461671934,-0.0198664730380637,-0.0146661224318034,-0.0187818128044159,-0.0001600595173991,-0.0055855522524326,-0.0377159701434548,-0.0371641364476307,-0.0196543463512504,0.0034678147636753,-0.0163635596361926,-0.0042837912108084,-0.0033975936277643,-0.0181611455122014,-0.0114210409833388,-0.0119347735132668,-0.0127273591504315,-0.0231223845643469,0.0
2021-12-21,0.0392781573126406,-0.0024285117461212,0.0307714774839955,0.0514314747191813,0.0187041363858964,0.0051040273543541,0.0256974577821353,0.0221256203788065,0.013599917989802,0.0308084290477737,0.0622487213713434,0.0744721096841232,0.0255569583400681,-0.000945797439265,0.0152150215890149,0.0075968152924232,0.026360654848696,0.0124723654698044,0.013361352301012,0.0047702743122552,0.0215173540148816,0.0438549354409603,0.0245499595984433,0.0316792824276723
2021-12-22,0.0115290474593781,0.0150834675832113,0.0229665591000083,-0.0094353450374455,0.005842899600946,0.00254219832857,0.0235058744069021,0.0127183279070264,0.0045615095765803,0.0027971489288196,0.00070152432211,0.0036944321197962,0.0341524094182075,0.0122240313410799,0.0085684473400506,0.0143057052598205,0.0108583629016125,0.0039837395781487,0.0209323897170921,-0.0080181773834411,0.032339330190128,0.0182217455422519,0.007107365217013,0.0117585182550938
2021-12-23,0.0116596827454396,0.0119048347058802,0.0108002574090009,0.0045899545018412,-0.0041022785917279,0.0183293303957756,-0.0020672440763496,0.0081199634913784,0.0037166446279139,0.0279381074459852,-0.0073905313375348,0.0022511758629466,-0.0134660070135304,0.0083761124494354,0.0107278045343561,0.004866141098951,0.0073261828291162,0.0130964499253383,0.0061548436394005,0.0132552461237187,-0.0051243671493654,-0.0043084651633966,-0.0149842169758556,0.004241726919411
2021-12-27,0.0124254738791007,0.0175957091179711,0.0116506592313978,-0.0024314218478718,0.0119442188809357,0.0046189171475208,0.0082432565266494,0.0239724854098675,-0.0066170320588652,0.0284033750257162,0.0237358547791846,-0.0040965556033079,0.0290850172695114,0.0265218630422974,0.0131319595849292,0.0086007494717366,0.0111150302366169,-0.0076415955738955,0.0266873252991852,0.0114696708316381,0.0165998867010097,0.0196672339635974,0.0100144503598333,0.0199064235579584
2021-12-28,-0.0082414219721371,-0.0116958807547168,0.003853583104354,-0.0203063313045097,0.0020287937529723,-0.0003543778591161,0.0025621065522689,-0.0011850904836023,-0.0039495621118565,0.0131301951354325,-0.0219712118528736,-0.0029808497012675,-0.0076435757507931,0.0018036364876301,-0.0009433583974693,0.0015558134368891,-0.007017798698679,-0.0283883244584886,0.0021202432269751,-0.0062054361845129,-0.0052295634321266,-0.0102129945836204,-0.0325526691961135,-0.0010378417334346
2021-12-29,-0.0034728721305796,-0.0118346713838615,-0.0028888213699009,-0.0330501377548309,-0.0040618395163032,-0.0007095982690286,-0.0056453448937729,0.0031569829885111,-0.0225393835310159,0.0055155217815885,-0.0221043165497727,-0.0197510115344545,0.0034243966659857,-0.0181825575848668,0.0140604758851305,-0.0104421659008426,-0.0077538200211284,-0.0175726365522157,-0.0062162646007499,-0.0058084407684857,-0.0053395393237076,0.0008549554492751,-0.0051603820091195,0.0051786788245893
2021-12-30,-0.0021971715126571,0.0147715373316089,-0.000964761734453,0.0998353571837951,0.0129093505916721,0.0021268988455163,0.011258998692047,0.0011815282642713,-0.0148085847607477,0.0245532159646284,0.0245695297614769,0.0854791592275612,0.0026054387703053,0.008223052414954,0.0147831353986251,0.0025672587463247,-0.0064305504774262,-0.0007436735081416,-0.006096337879212,0.0021755074541198,-0.0081875494231598,-0.0051413653649308,0.0398458907040124,0.0082305868943353
2021-12-31,-0.0051116469817413,0.0029285434608433,-0.0009658021391243,-0.0121578475597905,0.0055479328403293,0.0074087610385022,0.0070995272483118,-0.0039434394633928,-0.0019479550997045,-0.0059596137489315,-0.0256516105619097,-0.0191704510595798,0.0049228096021751,-0.0009104968453779,-0.0001528652822218,-0.0020674477943263,0.0,-0.0078433406985474,0.003804754306997,0.0066055751430731,-0.0009139402290774,0.0051413653649308,-0.0042704380997702,0.0
