Date,ASML,BBD,BCS,BIDU,HDB,HMC,IBN,INFY,KB,MELI,MMYT,NTES,NVO,PBR,RDY,SAP,SHEL,SKM,SONY,TM,TSM,UMC,VALE,WIT
2014-01-03,-0.22260255582305893,-0.2494911587459325,0.194733591815693,-1.0561049215974114,-0.03796625542859337,0.006511665790839225,0.19307776852567146,1.600272349734958,-1.0921635688168956,0.133809410338328,0.8148581953251427,-0.0897157120814365,0.7967267640995881,-0.4097872309678235,-0.3601929105857302,-0.4392784058486095,0.09270527023627617,-0.5531549037706078,0.00793330621355665,-0.10416668797248542,-0.7138448493354752,-0.04574275252074292,-0.4434364650587527,1.4444721841263437
2014-01-06,-1.0625354099874498,-0.10699257559923168,0.47261365743896405,0.31045119057447373,1.0866028441828317,0.18947170952364853,-0.6722142762675979,-0.8884379882471657,-1.143010609407522,-0.8977121365655494,-0.7225570721822663,-0.13022675572324766,-0.21648040817666941,0.081213972436951,-0.7398224464095478,0.0464091623920638,-0.3332322745117786,-0.3731549638422028,0.31361329029707374,-0.2485332754912444,-0.2251677338002383,0.17418987075126183,-0.09415589982997495,-1.2422029425095773
2014-01-07,-0.4654558180260833,-0.19251816543601424,0.5361676401523495,0.49631753243311927,-0.08569872939086089,-0.14313211358548272,0.3051578302009855,-0.2661826453197296,0.3277134174908729,-0.8967292727361891,0.8684787821512611,0.7915691176624694,0.8080960716255403,-0.5401562923655399,0.5507040350017294,-0.1935571054701091,0.43345941842391045,0.047638946632909844,0.0074286320636291385,0.16432819917029323,-0.02774248396622426,0.6075400044790135,-0.5630510923668117,-0.19826822579868372
2014-01-08,0.07645955301120645,-0.5098720927949734,0.7996913941346447,0.6621873213539358,-0.5014587847806584,-0.09344763717519218,0.18142895966663639,-0.37961881594004665,0.1197370995465065,0.08398372960885173,2.647802148509224,1.280631147801961,0.3862028021857702,-0.46577656563527575,0.874877728574612,0.899167235265258,-0.3610424660213449,-0.5342185652420643,2.704990388165351,-0.4259986525692925,0.5289005769436986,2.270118180083527,-0.2089157894526091,0.3996185222834885
2014-01-09,0.22194574332861441,-0.5471983702238356,0.23081905457796176,-1.3991509038472343,-0.9605729604431963,0.13974084637509446,-0.0012088020341600924,0.3556631642688984,-0.08672008843940411,-0.3900409979134694,-0.8136974236447829,-1.3195965179555358,0.6533679202052753,-0.34412799344936906,2.11448011331146,-0.6174928785101831,0.1710920149540856,-0.48518780337201595,-0.54708616243174,0.2894155434315996,-1.1463852261092728,-1.0833574613543413,-0.9242691306899775,0.03172795631701979
2014-01-10,0.4451080213559365,0.5591199526166878,-0.08230418689728407,0.935617131778885,0.19008390026263694,0.18930082295768355,-0.1591923853463397,3.2680678122156075,-0.8931395430328648,0.17528651627850175,0.11402297311536706,0.9380858175120828,1.1958599259691969,0.6808421874799114,0.5142261034365849,-0.8066203876217527,0.9490487461160131,-0.05862800607119864,-0.8766745148080254,0.28817480702724746,0.4025193559013367,0.1637461921512594,0.3876445360559259,1.6543522573933598
2014-01-13,-0.43438243166630913,-0.4007361409008756,0.1410305303307922,-1.9708697396611243,0.5441139525389804,-1.0301836330751988,0.47078252048764974,-0.12901076002852205,-0.31328964669467807,-1.734255783564577,-0.5904716910164166,-1.7054725048786055,-0.785853431719312,-0.8126976990826968,0.5338692370375445,-0.4018633558121807,-0.6649744073347004,0.8730358168298737,-0.7994814071122376,-0.9513982875406127,-0.02774248396622426,-0.4657206154790877,-0.28322336203018744,0.20771227830918765
2014-01-14,0.39062292830170564,0.47034095388451364,0.7582904896402417,0.4385083996078149,-0.02188848463737863,-0.21290953336489438,-0.4852609350119082,1.0244426037010228,-0.03233612375683868,1.0478617033773834,-0.1125803603939906,0.5206645433617715,0.33335139260893304,-0.08791110024408871,0.1835764684055456,-0.19649817027056618,0.30996721538985794,0.17962019828063994,-0.11363470994007636,0.013868496474994975,1.4658408695756389,0.16474616576559958,-0.05237926905759187,-0.014049028677204995
2014-01-15,-0.9958783975287904,0.17851416946215987,0.7020903050481592,-0.5479962744604951,1.6404242568771656,-0.26448444480449096,0.3016800048390665,-0.5544566371455084,0.43112298299754104,0.04946441925494179,-0.9792995183696744,-0.1287502283871414,-0.6101621031217093,0.6225593436752648,-0.2867611523469731,0.15113576586384872,-0.08359232605327298,-0.18977154211054603,-0.415777320321202,-0.019084747776914955,0.5130513407967972,0.372240203781867,0.5013549787028406,-0.4138407148841598
2014-01-16,-2.4034501676003295,-0.5142765570945129,-0.885530142662774,0.5856004316890205,-0.586497910319782,0.006511665790839225,-0.34050900622700164,0.6296396973052069,-0.651361576777855,3.348874992034097,0.21768008783435186,0.25317458578543345,-0.15502786463573306,-0.36484385054845686,0.3813735477590066,-0.16691464826666505,0.2597127797194709,-0.6157957913445943,-0.6628870774248068,0.21149566267213268,1.7794699131881602,-0.4637257088233528,-0.028802383712480804,3.2347237410518517
2014-01-17,-0.5239302197093126,-0.4632769319980699,-0.3908714054214026,-0.6625288630775147,-1.0874829185137427,-0.28260912467411076,-0.588440089736281,-0.43918712171808727,-0.25960789134011486,-0.886396913668799,0.10579482810608105,-0.2720862875252531,-0.5338287538063138,-0.1306162812647654,-0.2985211715694499,-0.3828884156895177,-0.8233307668529254,-0.5948692019855149,-0.5461128858262251,-0.4479920636914718,-1.2388610863256977,-0.2562316708070854,-0.0059231574273440335,-0.43666016799767904
2014-01-21,1.5048262320173356,0.2413707445747408,-0.6871504775982741,0.6007111060450449,1.2316374413007027,0.12572655876327918,1.2371056781817178,0.19390935813433813,-0.21799838057083332,-0.018704178481448917,0.7174488072636767,0.5915302829398279,0.8122933275641757,-0.525664758043226,0.18343903815632087,-0.700591165734769,0.5021902769831891,-1.1193406453112285,-0.6758221368017133,0.8099838865383062,-0.3119220359444257,-0.04574275252074292,-1.2192402972985377,0.011494741040559803
2014-01-22,2.20228565253848,0.26890395787052,-0.0833609057901987,0.4021841510607758,-0.4315739901453604,-0.18092344185831166,0.1655656215127243,0.856432254495308,-0.5642502892630541,0.3915110687322692,0.6472580707721933,0.20927492975627823,-0.8107073319100182,0.5668579179130979,-0.05141280160592353,-1.0443189198224554,0.5667870832381348,-0.5282311351687985,0.7540801528290682,0.7753079710070956,0.7827803842599919,-0.04574275252074292,0.5832250191562102,0.5359480595634153
2014-01-23,-1.6232364316606815,-0.8784740539416465,0.12005482846390503,-2.563178658964867,-1.7715689670030843,-1.337501032932294,-1.0623615592992381,-0.31259943119531564,-2.0206437531387755,-2.0636359700858824,0.374292820774069,-1.711503335163527,0.18997376080374737,-0.7460930526365342,-0.2619521376086024,-0.33382242629408126,0.19484134796369676,-1.3183432430283355,-1.049212054426993,-1.5500930403654425,-0.8726701845172895,0.5827291220682139,-0.9058335456820361,-0.43665361764221244
2014-01-24,-0.4958856166593832,-1.3344469464674615,-1.7204128047379454,-0.5399143146135416,-2.2170714766581816,-1.649464154493066,-2.6007631966346394,-1.6230899168607005,-1.3109108004901728,-2.055513686604474,-1.4972386889056788,-1.8066976523244267,-0.08978170389064942,-0.9047195780515523,-1.6266326442075045,-1.7206398360499902,-0.921804469458308,-1.5487842800840792,-0.2738440824112875,-1.0094861875270442,-0.47115753343125377,-1.0982173254925371,-0.5877977140312259,-2.3519574612423675
2014-01-27,-0.03723517017466624,-0.025120587454128145,-0.20505656861137903,-0.6681373093506213,-1.6917385833963061,0.1490312694194939,-0.6903862348799008,-1.3333453667911601,-0.3902419106508476,0.036867587563324165,0.577323083849942,-0.08171176694985938,-1.2019805824270957,0.09070386167165344,-0.6576113779835248,0.21011480634122331,-0.2964633772656734,-1.3803873001376488,-1.6222285459793044,-0.596363992959235,-1.4078999321913472,-0.9061877612633674,0.45560590674210855,-0.5915095385769925
2014-01-28,-0.7130284851777541,0.2538952913638602,1.1032625779743346,1.380332072816729,0.2933232313084121,-0.02908785118051639,0.45787691623112187,-0.18996891872412094,-1.1322593864321941,0.9192781294927636,0.6314595160233165,0.9459192781498511,0.29360889171698173,-0.3235007895603254,1.3275957194943002,-0.17691451858622317,-0.06328831660829756,1.8028961175823073,0.5603236610695871,0.5114421764196118,-0.028213910104241346,-0.4823351078793622,0.2582328709411693,1.266195621174585
2014-01-29,-0.5002163648069989,-1.284179954253699,-0.36293006774447917,-1.5191385786049216,-0.949453197828008,0.32625434871384834,-2.332879378868516,0.25198201953043325,0.8130152277449223,-1.294631457736591,-0.14938838240440522,-0.5550259622355451,-0.6935444082494018,-0.7528702905601731,-0.6364323547997653,-0.5270568797995189,-0.02782862836538069,0.13847703202889267,-1.255522003485728,-0.44843035244850477,-0.5495521946111537,-0.04574275252074292,0.8666967343265451,-0.7168331686292078
2014-01-30,-0.2928545931668628,0.19784310339859662,0.28486393890936196,0.6831063709996898,0.7517054984631388,-0.0644033678094735,0.7078646319392546,0.8415394690127652,0.3377790514199619,0.8455311848618448,3.908155667035599,0.3312794156262685,1.718987139297256,-0.0010353892033076585,-0.167836260480637,0.5365021582953394,0.6011178588229632,0.19533901996934794,0.20871947130511645,-0.05263179286538966,0.3632533004689596,0.3908496028378764,-0.16917191223061895,0.7759722125016758
2014-01-31,-0.3973347373176353,-0.3144761165012738,-0.8789950085635235,-1.0821210237215082,-0.3524692352000012,-1.2287736586671734,-0.5266467598852907,-0.7018590834718361,-0.3149024809713704,-0.1980210661503592,2.8737373562652033,-0.567484696800339,1.9571810740785949,-0.31255726661592925,-0.014376507921402732,-0.9743571088732893,-1.6049941711372475,0.16619052007990748,-1.3108518718389812,-1.6577043540527732,-0.7799955728418658,-0.2634939674024284,0.2270317230154893,-0.5395112644066079
2014-02-03,-0.09410409239392747,-0.9739024199769493,-1.577518061460357,-1.5534729324764023,-1.2426437180001138,-1.954725630958604,-1.6773155776068853,-2.067460286451547,-1.9246113086817067,-1.719240794729977,-0.947186681486822,-1.4706124365694724,-0.26283889582813963,-0.8331644917360556,-0.24537886121318292,-1.0955549202521044,-0.9436844254881087,-1.4177735779058867,-1.7549608131666952,-1.4189860378725414,-0.5565087720233914,-0.48451651626968584,-0.9961141064322611,-1.710753941444121
2014-02-04,-0.3248298211913766,1.5902806729488526,0.4693615386175453,1.386978811008471,1.4986191301064344,-0.9674924661068736,2.2619515189519155,0.5005256510515576,1.540949096386498,-0.27642496313573056,1.453818759443891,-0.2912098831399781,0.039055175344996806,0.3937433016578635,0.789814479549167,0.16854363164998235,0.03752612209984281,-0.5027448500865884,2.8071371043102693,-0.20775709254023877,-0.1603867008555713,-0.26677309668222304,1.007466538489681,0.5721162973459502
2014-02-05,0.5607910466883305,-0.18447128780166058,-0.04137319187127662,-0.9620410257695731,-0.29983146261785754,0.10077677105903744,-1.4723138766386974,-0.5956496570732459,-0.14561062665601784,0.6639218181497261,0.06673478200971349,-0.1768914458446811,2.253453011602317,-0.6204364721462702,-0.5747566100995799,-0.25552986070586753,0.19958271179436354,-1.1919217584771213,-0.7127689660461197,2.165524358392054,-0.9999220015781142,-0.4911646758922004,0.9309571990784444,-0.6909270492211145
2014-02-06,0.8957894801778288,1.3172029383417312,1.1070186855205442,0.7715882476974589,1.4467738422808454,-0.12549428071245894,0.5535091579849081,0.9492972708841062,1.316765468579768,0.20663036001343169,-0.5613701387312612,-0.07789007777066274,1.3087985430345854,1.0798083615216745,0.6725539476584286,0.9941282129180369,0.47638530619136316,1.3578881879203342,1.96395278536697,0.1785146745790649,1.7039843325355966,0.39967917085071464,1.0131230256375483,0.6179530218108956
2014-02-07,0.34752028879237157,0.06714321131455121,0.4297788846768881,1.543676549531434,0.1490652019243067,1.2225136901989273,0.11124231943532,0.1062624653439509,0.43898201587148145,0.43891461227837536,-0.20321414947102462,0.6771218189314819,1.3098048164489837,0.28639423209887116,0.8755710888853749,0.30971151476475434,0.3128710434942433,0.053515321669322075,0.8956606993340687,0.9339581855071363,0.49371205444463306,0.1752875916407372,-0.22466908492511603,0.7440631981007907
2014-02-10,-0.06500719276301963,-0.3319815264866566,0.37928335701824556,0.7654260673571541,0.4857494381767729,-0.12338796218492014,0.24669928605747735,-0.1913098170559763,-1.2981917207338487,-0.17416195834873024,-0.5335256832333721,-0.2784625782309789,0.07688004679129165,-0.0965085955454879,0.19652491984145545,-0.32358332530026795,-0.06460511023412334,-0.5343736737122814,-0.49431915184742725,-0.25444048690829774,0.26287009616971496,-0.48893110981345356,-1.0548733420180574,-0.014049028677204995
2014-02-11,1.0822650761407786,0.6566007353626075,-1.4300368021312408,0.49958824239936034,1.307264337652075,0.41397551382309244,1.1260741125611764,0.9811583079244581,0.7545815020940649,0.10473018772151173,-0.4673700981630049,-0.4228263845505651,0.09127575583488737,0.846272718495738,-0.27502610823809687,1.3870050399941733,1.1331120399048464,0.553482567916087,1.288878310431426,0.5582372145446092,0.357144322056054,-0.04574275252074292,1.2399731695879626,-0.014049028677204995
2014-02-12,-0.9739297970525309,-0.703878650297672,-0.45075693558615665,0.18604251019247486,-0.35055573597674866,0.9599832527529751,0.6694065121257287,-0.15970495139355456,0.5919684991952024,-0.8984482060046003,-0.004810118872211031,-0.11644219508680873,-0.2454972077159214,-0.4684802869884732,-0.2888159868280548,-0.0739682666373961,0.3083433740006366,-0.26904467680605276,0.5898778142975943,-0.2601524914190479,-0.09271470564783216,0.3974456047719678,-0.6004749385201077,-0.28046531864632457
2014-02-13,0.2437393484741671,0.34728988087149676,-0.30907044868828853,0.712873638049158,-0.8692119951481548,-0.3586234141529216,-0.5225997859942908,-0.10120457203163147,-0.7850760416902802,1.046311621569972,0.09261917938771587,0.42684140254832853,1.3953185439671931,0.23369798344434303,-0.8970627697745488,0.8860589788432137,0.6527397805029721,-0.8632936908242932,-0.42018516303019005,-0.9771583006089063,0.16314258681858193,-0.04574275252074292,0.4355628834497208,0.4292955955791542
2014-02-14,0.3346980855263806,0.3744711430154505,-0.5333786090897769,-0.6025642453960112,0.3626044975640921,-0.4895713356698405,0.23684890427983865,0.8507375513208658,0.8830340260712832,-0.29339787220182517,-2.298088300625856,0.4537233717016291,-0.06912816884162647,-0.11814715119944302,0.2772570493444781,0.7353595535531283,0.3095048065122183,-0.6942149006493683,-0.48454026419373336,-0.6938015347700698,1.3259349754573684,-0.04574275252074292,0.5589207011521463,0.33814809979783106
2014-02-18,0.21792154891565138,0.036488347308533176,1.297451258161567,1.4820355031997503,1.0324438850632125,0.776595011615335,1.1232394687807457,0.5039737626417639,2.0627329793988958,-0.7142125315815715,-0.275157284444621,0.1111827286520724,0.6443896507548963,-0.7386765312627877,0.9629774564013592,0.05747021885735071,0.6542501750549203,0.4751293205494038,0.8050825652005804,0.7305563842125614,-0.372781827749136,-0.26677309668222304,-0.4177012757911355,0.20496930819297343
2014-02-19,-0.8628539801165717,0.33996908183248264,-0.7999920481948845,-0.04224634267365713,-0.4471963680039455,-1.0407384435497409,-0.7965990944603719,0.00517059642490101,-1.0496872329949702,-0.3848273855870965,-0.028439073129505735,-0.3516077556122775,-0.38193191022914263,-0.17043288434099782,-0.45071897896362817,-0.5716180241218338,-0.15856101843189713,0.11442323448510651,-0.8811747937695645,-0.7477807999881225,-0.15466496930131637,0.1752875916407372,0.34119185384922096,-0.014049028677204995
2014-02-20,0.3194692731919757,0.06633630941617855,0.2539922954864354,0.07509382390831276,-0.153094128697692,-0.8131181016084039,0.4259677291241736,0.8279590050825946,-0.48230901580576946,0.06215232268260899,0.7418830851764431,-1.0412145677107547,0.42858879317463033,0.3606580415501124,1.4670604964067413,-0.0884264556398687,0.7162434861078129,1.5567958608847465,0.25456275913478965,0.04949978840248805,-0.2805695778182722,-0.04574275252074292,-0.0059231574273440335,0.37808916456096786
2014-02-21,-0.037476792313175515,0.8695474482362779,0.08086294535201385,-0.2822516729230608,-0.4843366408956477,-0.030993113308632816,0.29415591270880054,-0.07069667969063186,1.329652444955191,-0.8061080504448698,0.22462915075403359,-0.16702993208457462,0.5935973281362052,0.35586586718496976,-0.07529263977708496,-0.22001041121238504,0.08932883569078273,-0.5899015185500229,-0.20731811441045458,0.6617880175315666,0.0964824915915841,-0.04574275252074292,0.20910662249391537,0.7193570871591309
2014-02-24,0.1806677469008,0.3569625780432974,0.3497823947858419,-0.026329187130520782,1.193081145382955,-0.03098486968457131,0.29184858983900946,0.1824872713544539,0.4329880999398796,-0.018438242878103868,0.029450233064438933,-0.9289875327923866,1.2774701069901495,0.5603986077480252,1.4524427795506594,0.22831188312094738,0.3404729672122097,1.331915366405714,0.8021093970147398,-0.14101548676441183,-0.21783638020681226,-0.26677309668222304,-0.7650140910497643,1.758390252001914
2014-02-25,-1.55133861735978,-0.5219452778298045,-0.18845291975139755,-0.5514425413320365,-0.3309083220032321,0.23128150481560683,0.0503218737455125,-0.3145456087715562,-0.047715383998721723,-0.6814551586714999,-0.004810118872211031,-0.8723689979979465,3.1840269405573536,-0.7998863214434899,0.1395665383936597,0.21964676588955287,-0.46219128878148247,0.42478031024449125,-0.41850114422875445,0.17760485354649355,-0.2814579875357725,-0.04574275252074292,-1.0775619315812717,0.23472256043816153
2014-02-26,-0.45394482887127874,-0.17182283023794284,-0.609771075733332,0.6446246383195838,0.02727433216644115,-0.33091116983927615,-0.06337497476156106,0.36969694305581874,1.230126171076696,1.717066129505781,-0.4765751660452699,0.6658646660418969,-1.5050895591945594,-0.6282482176716245,2.5483947823311768,-0.23448787267870716,-0.21865621853709602,0.27987195632281875,0.25083748014217566,-0.6305278897111206,0.5990367143163412,-0.04574275252074292,0.01676543213587006,1.6974807882641636
2014-02-27,0.002656735329521596,1.2886911471247005,0.2301524858298059,1.3717845540510245,-0.0868841949497971,0.6982940097374464,0.6889266731691934,0.3945325977769536,-0.0467180963134441,0.0492258673807703,0.23778629077841607,0.49866518736131565,0.18608841264729648,1.0755048865396422,0.23302902485160104,0.14269331893012854,-0.04749721477690193,0.1936180553413274,0.36962678054386144,0.2738497560934082,0.49863158932896323,0.1752875916407372,0.9330794619279301,-0.014049028677204995
2014-02-28,0.013871698744427811,-0.2813205641312952,-0.1415470875503819,-1.822261671503746,-0.07060944564530144,-0.7040700496572602,0.5058636567243741,-0.0425236758560127,0.0951290001022887,3.5527040205453857,0.8118301248406401,0.22982844442764083,0.27795871786489734,-0.7621430931930984,-1.9798370934109673,0.4024937127795415,-0.020037621141146017,0.8673515998069173,0.036731072717330636,-0.5165454686646183,0.12453389178566786,0.17418987075126183,-0.3603412537344092,-1.5603430929045243
2014-03-03,-0.1329441339448979,-1.0787285485808962,-0.7944528053490377,-0.27310979935994784,-0.9763532766736627,0.6612623958935617,-0.37075205615785845,-1.6775570439565182,-0.7318079573096394,-0.7374290872828025,-0.6151174477836143,-0.8172386906486997,-0.8261746001073448,-0.6109464440033833,-1.0842372726753828,-1.9980202774260944,-0.7475992108659556,-1.361144299130882,-1.0852940423453599,-1.1969470740528283,-0.18409047005030782,0.17309838795619084,-0.5678064849188078,-0.4280563705066264
2014-03-04,1.8201360973921694,0.5379699132796959,0.8333822815726966,0.6275808773761617,1.5817245512728377,0.9861426263022812,1.4354256160393812,1.7774861085349,0.8791061920279789,1.17487212317038,2.5306147450211856,0.5384416510961353,1.114756467029365,0.34220646859121384,1.1717434969093583,0.935809521336415,0.9888887010044852,1.0708944999538585,0.4041898549812771,1.0839007249161652,-0.029818173984785156,-0.2645838929976767,0.22002557603950723,1.745174238657756
2014-03-05,0.2118910697236154,0.3560926843222002,-0.06739947656528564,0.4991123362064886,0.9050398982312162,-0.011858960763078833,1.3651041151907743,0.5545440398610375,-0.31586104374877366,-0.008729076638330467,-1.0271251459017268,0.8566270782159437,-0.34378709009384045,-0.17211020302182464,0.3444629956357855,-0.5415073801969449,-0.1776480061083512,-0.9099000910096113,0.3098198491587705,-1.3716965213949301,1.0093137242018317,0.17309838795619084,-0.6197498753220954,-0.054345830053964345
2014-03-06,0.8358621730887232,1.145539487252386,0.2300316297916306,2.2454083880573075,1.385420629863944,0.7004532411645735,1.4122284791877364,0.40346319403600706,1.4947278694506168,-0.9446185018177053,-0.20058565618855742,1.1480633188108327,-0.18607680099916984,0.3884123728442414,0.14690902166215725,0.7437824706225057,-0.2265566384549539,-0.26195229809904547,1.08073835326907,0.9360812904164151,1.3740383664937614,1.4564561694864089,-0.028880726087098303,0.14697986955537123
2014-03-07,-0.2667955151901696,-0.7609995040100516,-0.6905473415467938,-0.5630664201056751,2.702515786644158,-0.32132252884776924,1.3665556882801284,-2.4877045893396272,-1.5599163235258218,-0.7616331917721345,-0.8238894448959894,-0.5650422617320591,-0.1332628834492064,-0.6862967626505638,-3.030979405645546,-0.8601478446031328,0.12461816873698804,-0.23429391226151502,0.2115898325276617,-0.5017224183763296,-0.3565336576757569,-0.4697454509035801,-1.6565086610117008,-1.6452328037526165
2014-03-10,-0.29453436466108907,-0.8965449103144544,-1.2680798608828758,-0.5444974168892092,1.2682293578545645,-1.0050853322438815,1.0062080471548596,-0.7279482213141721,-1.3734536929967622,-0.4414718535043861,-1.0100561350532906,-0.9257903979784875,-0.8955867438530899,-0.5519229813092393,-0.35622280829629543,-0.6733652174016741,0.2683012845802307,-0.2639317109350439,0.21028271143370061,-0.4558611571104061,0.5001388541105615,-1.5627127398940002,-0.5676458506319696,-0.47094372216091246
2014-03-11,-0.25802547734892617,-0.26064483701600655,-1.4684216455828139,-1.368480906162123,-1.285442872062703,0.5969352538190827,-0.3559938134930842,-0.06167886209654888,-0.2823695407645819,0.11128132961988581,0.6616513075638216,-1.0038884307215856,-0.3911998905044936,-0.35753707053656575,0.908465796854287,0.09187480704337835,-0.3566508737349186,-0.8173567309941885,-0.6119176870489044,-0.640307321633138,-0.6214927427257896,0.8274726277510227,-0.6783495947513324,-0.5167071158213761
2014-03-12,0.2894466088808316,0.4197570578201575,-0.31594761269113564,0.1601268618313649,0.4876815051575204,-0.6024681954317027,0.6013998484284888,-3.6204266395937057,-1.2973487361819858,-0.3540754793814083,-0.6364214086712879,-0.4516655640194533,-0.6931476197544437,0.380751442941928,0.4650114007830883,-0.5753488922646258,-0.1720530249485209,-0.503459252034488,-0.08306040469716894,-0.8432656510778801,1.8636244338201151,0.38447405843817595,0.6418630362304668,-0.5211675945362028
2014-03-13,-0.6509128159027406,-0.6765310320623998,0.16886916070136812,-1.897195229075816,-0.3147637115487908,-1.341376715447771,-1.266677291790217,-1.6038180710889893,-1.0376934681629046,-1.2272809225708468,-1.6777187465111072,-0.9130278550827406,-0.4656226288194003,-0.3828222213485433,-0.19364721682088368,-1.5795990349108329,-0.963337650276875,0.6391365564434628,-0.6780105343872274,-0.8017166618750553,-0.5211076073194186,-0.26032421177979487,-0.957231690901435,-1.6504328650897193
2014-03-14,-0.2436569726842897,-0.4770671942721464,-0.5620073395956283,-1.3422393536173034,0.6297953127834791,-0.6967377244937136,0.08290740788589822,0.4272516154876008,0.3324684456310971,0.1689988934935683,0.10569530051862265,-0.652915252194731,-0.2610496466396702,-0.4403685073197066,1.0405701810660122,0.3565942425729946,0.22579548749086367,1.1208527136124669,-1.4478639273965839,-1.0699959560276862,-1.1402117480326235,-0.2613781042206053,0.17148401994231655,-0.7616103126053688
2014-03-17,0.5669128957280404,0.8467806494041112,0.2247527788802816,0.26921715983628136,0.45042609336818523,0.8231147273224227,0.8002757914109446,0.04057620409668497,0.7829708030707198,0.5041396919574034,0.3605185194093171,-0.2642663644193486,0.3175968875409882,-0.26283189853291045,0.37154532664615114,1.47661727269575,0.33647166924980043,1.82756394110437,0.09985793415059775,1.3469442049072669,0.5546034879021817,0.38447405843817595,0.09500764447168154,1.038512703508048
2014-03-18,0.5272978012850557,0.5940195230437718,0.8401741112342505,0.600123739236894,0.38937264398400945,-1.0205822748745597,0.21818437237196361,-0.1672299709947432,-0.3206104381682429,0.07027365628079474,0.2841652291983984,0.6857227162023021,0.6966895061049426,0.7513030148382875,0.8295664552154116,0.6446710307071554,0.25796804221257513,-0.45123645349819813,-0.2683385525501787,-0.62645981356417,0.14290983732932344,0.8022866602910053,0.5187295925590285,0.63405335220518
2014-03-19,-0.4423569999859309,0.1513902467328449,0.45702868237009125,-0.860494424918325,-0.4224320481605359,-0.3008269354647043,0.9048427405454723,-1.1667316302452893,-0.6887961942628309,-0.9348692440987397,1.6821941730952659,-1.2304573870783293,-1.2185550277686625,0.8551451076402915,-0.7302856602584734,-0.5794716639765117,-0.4034394177039416,-0.7369300771015995,-0.05350253267036531,-0.8556921338534156,-0.9385107934069199,-0.8937721653324913,-0.2546707963486267,-0.8362300876677543
2014-03-20,0.7357301523675837,1.2596020855469314,-0.49617483649420746,-0.7754000424265637,-0.03796625542859337,-0.3796021551178264,-0.5876012337038029,0.779164408620736,-0.8221702061767865,-0.517677784785037,0.4548789866838734,-0.42370272641095263,-0.4010060863869586,1.6106402438217213,-0.3993836098856807,-0.2971726831421899,-0.30812058338801124,-0.11844193918948955,1.3424676008309182,-0.8058640340901211,-0.14923832842470622,-0.47595956347966173,0.41578252937914206,-0.05764405000271894
2014-03-21,-0.10120863089279776,-0.13419338171207035,-0.583240491798563,0.21389020640055406,0.1189996134576391,0.02583502406567207,-0.2776534072390582,-0.8430026543059391,-0.17554676743499817,0.10816119446200427,-0.4419044417691425,0.6585650829838795,-0.7528612252111277,0.04562248647506683,-0.8760325988033337,0.3067539631685507,0.04281332929770208,-1.2947058792616934,0.3938338039289538,-0.2017673468375484,-1.0140512349832638,-0.6990255095204992,0.5557995357772815,0.2904670477426189
2014-03-24,-0.732091968387588,1.2468807995268267,0.08805016157598648,-0.2317211487945166,0.7401504934766101,-1.184647585735739,1.0260315007603305,-0.618185920267971,0.4155315489845705,-0.8695777150327825,0.19774788270652136,0.21088321541227356,0.9264252194337904,0.8705835097292259,-0.37252695182246653,0.39955331575275693,0.08489891060584068,0.542676440789924,-0.38117311971666495,0.3917520058390297,0.26889406255453985,-0.2656753757927477,0.18714986778362994,-0.44959184989002643
2014-03-25,0.4081020819704369,0.005960791196426173,0.30266549525757497,-0.3354437481802581,0.7292796636943637,0.4972398323962293,0.5366874449457735,0.0217228275909926,0.04226640787576054,-0.18833141840822137,-2.1575777919302426,-0.12453612436315055,-0.3516266497150379,0.44664979186362397,-0.13431447475677638,0.5996151860849702,0.44092296374199597,0.13827246300477813,1.709572291476195,0.3532159691829362,1.3550653221760982,0.39303101122820006,0.4716337649849708,0.3346514155494708
2014-03-26,0.10441356679544489,0.7028070014792865,-0.80409217810158,-1.0157427721036356,0.6639951521471573,-0.3857841464293457,0.5195286107254838,0.192432508085129,1.279302619434087,1.1331216783260583,0.28368458593794915,0.9003709486171493,-0.46732730038554954,-0.38109875331510346,-1.1182556434124142,0.46991485557413515,0.16036430060940984,1.1300898118596596,-0.28091582605295246,2.899877071788081,-0.14812195672254574,0.38869886400207976,-0.26768696697597744,-0.23172272811088324
2014-03-27,-0.21747118198042967,1.8639697192874871,-0.10229138534448118,-0.29159645016017716,0.3979367271943087,0.2029383829051806,0.24450032983723205,-0.0425236758560127,0.3867861373924073,-0.5138289113646533,0.2808340385743168,-0.8268579724642926,1.273499040225936,1.9947564757232457,-0.5935748556113615,0.11997246763177864,0.15296305758648668,1.192670928861558,0.5854304255989491,0.7197889769533242,0.8936531620717787,0.8105205693431635,1.0283421984800054,-0.583967562694415
2014-03-28,-0.1279424510990475,0.18131569041184992,0.19821819633807317,-0.08632223342010203,-0.06510346505453438,0.5729514850811294,-0.2053025981972502,0.3081368919737807,0.040770725680300775,0.5434027513339106,0.5232839072324494,1.8169857060165946,0.2524619204947349,0.5372627638795282,1.0042528936753539,0.7016807913307812,0.571307574993573,-0.25387039906486736,1.0321959256376816,0.8526810041879588,0.5665646854929718,-0.25825146728315773,0.06337977981629828,0.9904057542843739
2014-03-31,0.7494105413459565,0.2548572955058175,0.6022815744057334,0.42864927895200516,0.824013381810028,0.9721524911992095,-0.005473161431548727,0.22168953102374353,0.32410024642595403,-0.4843196754451096,2.4679617839303316,-0.523070624115185,0.5827004605327194,-0.06259961160101708,-0.07519236131506732,0.6329943735930855,-0.15690317547559923,-0.032788446640608884,1.2591379880824214,0.023182762043171545,1.0064030327163598,0.1667659622416719,0.338305591611702,1.058001762749331
2014-04-01,0.05532847412310718,0.44944516057509926,0.5144316365082757,1.7776805597781795,-0.051342406952083045,-0.2624783362469566,0.44226035157327165,1.0229762491231225,0.7782844024403235,0.2767032510820129,-1.0040311038434966,1.4116367261353628,-0.6496844906367119,0.1424043237843769,-0.0022103602093341774,0.32691272883425415,0.11706333638712663,1.3382666045603289,0.821884671118413,0.1974336694968815,0.7675293475720248,0.3762401493860177,-0.09735285275627399,1.3708381479238794
2014-04-02,-0.241269176890955,0.969404009780478,1.159118414788839,0.3263968971389198,0.4278609429645402,0.600730864382421,0.023971401475633102,0.4418433843761479,-0.2244181167302616,-0.2295180227995659,1.0050846794277917,-2.122786750895615,0.403200390974498,0.98226254898144,1.473473283217629,-0.6066953598567533,-0.06787736796330544,-3.4334529452250817,-0.4620315974350683,0.12734556478985484,-0.833290912360154,-0.04574275252074292,1.2285902177495085,0.19286795318260203
2014-04-03,-0.5993583819603616,-0.4493949756475383,-0.25202259536519167,-0.7556248591440551,-1.1762071519564277,0.15900381736412586,-1.6368340808610085,-0.5579430749035874,-0.9694875711891657,-1.0049039793427346,-1.180946248574191,-0.4586604827867143,-0.9589754597690444,-0.2588780424487444,-1.320027448839483,-0.1781881695308837,0.03483529379806441,-1.5423127680470479,-0.6031647142646359,-0.42990710623932915,-0.339235589101568,-0.04574275252074292,0.10394319448067683,-1.3092613452812933
2014-04-04,-0.7711927686601905,0.2224207738924041,0.24029634533309008,-2.1072771543395805,-0.1598834724900185,-0.6632293074846386,0.33208864029495394,-0.44779765856465237,0.26495447364790986,-1.5463064255050207,-0.07157482188945076,-0.6952121458316644,-0.9441327013120664,0.3462708004634072,-0.7838277316305206,-0.17099608307310565,0.007455877591982077,0.5794622166201269,-0.21953329325834364,-1.1515594170363226,-0.5374199687606366,-0.46772565442750347,0.19087960375576768,-1.1235478493791413
2014-04-07,-0.5109975907030092,1.7124966714180172,-0.7491651398403103,-1.5905611020854826,-0.21455469587224393,-1.5496541499382437,-0.3933290635013113,-0.17826200530652056,-0.6191623225742328,-2.0897062475320505,0.10637817322283293,0.11350380658092454,-0.6693701772103275,1.7857337974144893,-1.3093372994681867,-0.869509233337972,-0.06106625589876217,-2.195741676831039,0.001894467482823786,0.06635069824030357,-0.14524845695992816,0.3762401493860177,1.065668173561851,0.28678847407852864
2014-04-08,-0.2759194355470022,-0.3838596306501397,0.164637430025816,2.026695210455344,0.35517683362569963,-1.3449142512425318,0.7373742252400466,0.27023209600215153,1.056315372169707,0.47804334084968503,0.5883368971716452,1.4570996571381687,-0.31397683838378504,-0.5771240704917644,0.5747381326616451,0.7401255758691422,0.38300421208789204,1.6303877217819893,-0.47041418926572737,-1.6636159013109284,0.6122305252915008,0.372240203781867,0.18315595419568523,-0.18577808518401304
2014-04-09,1.4637380387207608,-0.22543366146250648,0.2423200830809827,1.7445997180900654,1.2172921544527475,0.8642214941413907,1.2857486160619305,-0.9436898663807353,1.3099127568326656,2.5120579074489675,0.20102901285488017,0.37554545248873455,1.343660553099517,-0.1762832796939306,1.3638299519241186,0.7233736727437087,0.5485813533982533,0.9271653343962191,-0.27722694771379575,-1.022108557580349,0.41109830015297993,1.386744607993903,-0.17394218353533558,0.5847186665735198
2014-04-10,-1.3927146031366067,0.029170355263213196,-0.623270026386155,-1.7343973984399639,-0.7154483987244508,-1.7402371750674777,-1.7215899807443604,-1.4756351065889053,-0.6716667748854305,-1.6396076273912272,-1.636911605742638,0.17517726227906913,-1.641358980392879,-0.25620117292374817,-2.1584429035966237,-1.0056871417336164,-0.717741867215142,0.5705851405900211,-1.965315276120777,-3.267978451938464,-0.980149952959237,-0.6539743259212606,-0.38725738765195467,-1.261402452903676
2014-04-11,-1.458444149042957,0.672277951354781,-0.5791348188411448,-0.32320679492302484,0.08221071469139242,0.8553995996032484,-0.4342997233474319,0.3890431702871724,-0.15039092262047954,-0.8179869421434424,-1.5653207666308762,-0.07399112351428441,-1.179953537034014,0.6420392412255062,0.42639522579082917,-1.216567798636239,-0.05403978802906663,-0.23470026107833453,0.6106303449148326,1.1100095348461279,0.13562608106437848,-1.0784925512654744,-0.11266850855500628,0.46231047417631943
2014-04-14,-0.478808979817123,-0.33705490151104117,0.48727379287043215,1.0626929451529183,0.334195460945758,0.924184303810346,0.5862987952684257,2.5114429005627206,0.3752235926859225,0.3647524293731628,-0.21048555224751164,0.49515747825825485,0.5318698260392543,-0.29144681959145824,-0.05200958902295226,1.1249949178023704,0.5172337123700597,1.078222531384313,0.5456744959234242,1.7801534791383706,0.9656358824414953,-0.4657206154790877,0.16470243712573476,0.0721449223901257
2014-04-15,-0.8636104057484268,-0.5268373635078412,-0.4463354914210003,0.4458471069894442,-1.0001237873862916,-0.23167885118391604,-0.6475458691299578,-2.7795007682427713,-0.8690773295032782,-1.2244131236804396,-1.09352302193925,0.17700769331523525,-0.31863871350801104,-1.0934057270551878,0.32339698594427074,-0.07261214685561447,0.5052775297723857,-1.1459210163074371,-0.16711511762748807,-0.36444270192107503,0.6222201051057639,-0.04574275252074292,-1.193699697667037,1.2632815402797741
2014-04-16,-1.7444960212029132,0.23863311451314745,0.9090250005839235,0.45372106114673905,-0.607123262104007,0.954326773296064,0.5357710543064325,-0.47548631095647476,0.6859941738282835,0.18771909949232746,-0.5392414416042355,0.09671817001935014,1.5675591412062582,0.32133076622938866,-0.8818789828683313,1.2102682458277947,-0.07309214935926453,0.6534732041118628,0.59641159477428,1.153386996106716,-1.0467168371904765,0.16474616576559958,-0.07412206231920333,0.7803570760436229
2014-04-17,-0.3979892234454567,0.6945789862344788,1.5278701878614926,-0.361413193114239,0.6658392879356029,-0.7625859465209304,1.2732209130624286,0.28249832883188375,-0.31139731805882936,0.5879401823048789,0.4285836753196264,0.7559431505776688,0.20221468477016552,1.0208377465602316,-0.014376507921402732,-1.4248083935329785,0.646784418318269,0.5337211606796084,-0.25045246142038546,-0.35352492455250756,1.4925936723495417,0.372240203781867,0.5132296126364894,-0.43077110297255333
2014-04-21,-0.05388558907081579,-0.08505009064879995,-0.09434689873282981,1.0944900225030632,-0.051410497395868185,-0.7112243855441728,-0.19315075910790278,-0.4545322001148354,0.08381439534281858,-0.5235707671817351,-0.3612497305570252,1.5100383935622008,0.5127683919329649,-0.07828252781685854,0.28895911579581646,0.21117942214442953,-0.07885862270266752,0.3890041914406876,0.7576812474202785,0.4255468819853472,-0.4923375125529904,-0.04574275252074292,-0.6847883678554152,-1.9712836118351185
2014-04-22,-0.03601895506259895,-0.10814124917102759,0.2096020746665428,0.7212656489485189,-1.2759303110572928,-0.31495526711302235,-0.5923804398390604,-0.09695613403775133,-0.8756855802154982,0.1810058965783605,0.3895584535055811,0.013991804697466022,0.9543634163479068,-0.7262443779044351,0.43743518778080454,-0.2876084980478069,-0.26531013481873034,0.19103703658789728,-0.9493313703543965,-0.185545195524613,-0.06067694430761406,-0.4637257088233528,-0.28160161074160167,-2.899725566874908
2014-04-23,0.13619414824757525,0.05164130509323382,0.28396730750108856,-0.9064001604020083,0.1543136482635849,0.4080908575312943,0.27379189795190895,-0.2061387527846871,-0.46794796713867953,0.3747583240099803,-0.5404202552738162,-0.27422672324499214,-0.4448987369139258,0.07830374790534665,0.4336627202650871,-0.14218345117468986,0.19350358291502845,-1.7638301535266205,-0.1099973824456604,-0.2223355845478056,-0.4683959965590616,0.5797618522679645,-0.2142789901851473,-2.3852905305533496
2014-04-24,1.2158607762606304,0.6168218644855826,0.30708623823935105,0.10399474485560997,-0.2853149136222138,-0.3346810660707069,-0.18484811494069797,0.22990450333460885,-0.19989793767754696,1.0952988527502057,-1.0933836641398587,-0.2056552801292394,-0.05441876747451302,0.17665207371812428,0.36843597166221975,-0.40555839839829083,0.19277311339133124,0.8804726333548585,-1.5150241452181723,-0.8391658186579193,0.3470421079438335,-0.2532644010068361,0.6150656598078504,-0.44295564325497455
2014-04-25,-1.0290415881916952,-0.5136986887534981,-0.3431854625569742,0.7892140291643053,-0.21729169335564308,-1.314157725718469,-1.0144185361344389,-0.09690431993622123,-0.3826260700242632,-0.8903429938082615,-1.5841985911938765,-1.2794070506071042,-0.5181115235684473,-0.45746132017715224,0.6338229593228188,-0.9410845736798717,-0.1982138043934751,-0.28936856636501895,-0.8734722475010087,-0.43189497637916474,-1.8494794376008004,-1.5263365808941618,-0.8132828511714839,-0.4944230483700495
2014-04-28,0.33734689109187005,0.1876100509387943,-0.2701799037539632,-3.0492407960880237,-0.217903799374221,-0.7154046120479022,0.42126899507226473,0.41268788109238963,-0.6001078690676267,0.03195338920013495,-0.35987921119852206,-1.82155166504095,0.6188670031774213,0.9235729304415783,0.9255035567659423,0.31080047584232984,0.22587224199455203,0.1940770722834766,0.18207027057295289,0.40253574774362283,1.0194904262363393,0.5948852176432968,-0.40564356741271823,1.0848342024556747
2014-04-29,-0.18395025336548682,0.09643579096279636,0.584683139313285,1.10601419908721,0.23860446679456238,0.2342353467995879,-0.005285701282502241,0.33406130755890096,0.363385802583703,0.12979496428054427,0.9232936441199043,0.810808164154505,0.1545708094682223,0.32575435085368426,-0.1459416833374909,0.8827570989908686,0.4677508449033959,1.3436609068960579,-0.02412465741649718,0.29029840875069424,-0.6119912092222602,1.001744754174725,0.041365622544246014,-0.29867540607541204
2014-04-30,-0.4879628568776163,-0.3117211739983547,0.5029911224675245,-0.33254206059124447,0.3742710211515531,1.0524159376567674,-0.7688874845130916,0.4274304982149768,0.10255205154059206,2.0798754562122617,0.40740416209638886,-0.8255620033050526,0.19558657632014173,-0.5024469439911016,0.5217669264675626,1.1504333348026805,1.440193687396929,1.6138748499678117,-1.0016709075975505,0.6462053194678965,-0.06067694430761406,0.9774126959547949,-0.3384445253440589,-0.06163038769949996
2014-05-01,-0.07779475502172752,-0.15401604709216982,0.643168753010052,1.2418435467409716,0.18063901964323048,0.7553361663612337,0.07709075072052837,-0.45887145249690875,0.5110925610741764,-1.5572413452165121,-0.6951332888486446,1.0582746316600502,-1.8683693353393003,-0.23563196738729505,0.23396785055205396,-0.2921442718553088,0.19747813023154612,0.3730026458107823,-1.5085075190019606,0.9212500098880029,-0.9824488064629033,0.15606751103226763,-0.07763152444203021,-0.1570123145448617
2014-05-02,-0.3355591268182776,1.1323488551195677,0.031326932341330306,0.3098940988170713,0.09822655855167003,0.10708172892301532,-0.08701135440890441,0.11796016495110855,0.01092611454208976,-0.16647792085234928,1.1993494510596678,-0.12958659746325882,0.24424182137740197,1.6184039583022745,0.688931534723321,-0.4923233303397154,0.24089694308278678,1.221353497920726,1.3715990846329933,0.11785704949872068,-0.48478016247612793,-0.6539743259212606,0.8906236282933647,0.46112199361096506
2014-05-05,-0.4340291072897851,-0.018445355690506548,-0.23631518231983337,-0.041241382915751135,0.6647983754209298,0.16708916837853183,1.5367435250799264,-0.3102534781466187,-0.06448038813372631,-0.3084481421073456,-0.22005045549658034,0.1298605652127745,-0.18264689319502833,-0.09365293412687054,-0.014376507921402732,-1.1872619061000194,0.025808335904337055,0.021294073411384597,-0.023599163642128336,-0.37798511886954994,0.05273048501833091,-0.6624768911487691,-0.4746211386139406,-0.5847370689516765
2014-05-06,-0.26636051223736185,0.4468375820341833,-1.7371339477976186,-0.4745227197214,0.02913552159110332,-0.27476991039803395,-0.2936569021864354,0.03256905951586381,0.20670600619250704,-1.5480022454882536,0.04915167505273827,-0.47491381230358676,-0.22578679133096832,1.3383543839390633,-0.2711752114675733,-0.4107986426596729,0.0005963926162297494,0.41577595007720064,-0.44360948127624333,-0.34336029521278444,0.89408030821282,-0.04574275252074292,0.017680689433396825,-0.6871535086557514
2014-05-07,0.28564128918524234,0.5490707734715713,-0.17139735101630277,-1.6930559775515113,0.5091811339723273,-0.2153060982852352,-0.2051739557923941,-2.2167315605492566,-0.852807550491575,-0.35153730910258457,-1.3991343349195764,-1.3758098313418754,-0.8306265075973936,0.6273163375251695,0.19581988994354121,0.18504522455847058,0.5274596195342877,-0.42592729390710676,0.06682744286933145,-0.004045318352751034,0.8505807423635754,0.16079810303429978,0.392609743934732,-1.1374377436900358
2014-05-08,0.2112263693972151,-0.14524526162981458,3.014041341072758,-0.23208347597652942,0.6482225867655772,-1.011042985636468,0.7577179020970076,0.07985011311317645,0.8294578374077273,-0.41441018647222244,-1.738872561117914,0.2888973925655206,-0.7821362640163474,-0.8421218571829443,-0.7182961297602852,-1.5260118811235668,0.11902543271974644,1.249025964887221,-0.2341197290644644,-0.6646826645183417,0.43015499963358855,0.9726821039527626,-0.42805990565016094,0.7211118668867064
2014-05-09,-0.40365334154352045,-0.36408245799889266,-0.44738055738841853,0.654962587703709,2.5114592548547328,-0.2399819407784282,3.6482414291173786,1.1342962713552744,-0.03423181892225421,0.5136693733080436,0.7803768154405525,-0.32040923988148795,0.498492461839912,-0.14379487389118595,0.3387364163499278,-0.5917981310281861,-0.5502038791268272,-0.4984857109372027,-0.38624468696215075,0.49746007428665207,-0.33282584103015034,-0.45029544147506767,-0.33819942512153306,0.9037140460704491
2014-05-12,1.04718658251146,0.4840819336387012,-0.6472623418882449,1.8011102091594242,1.370825855933113,-0.09646761823302016,0.9926748182643405,1.546267417739909,0.25097352713441035,0.8209247040854207,1.5736174668834657,2.421600730121064,0.723609312915156,0.4602056501321321,0.6154301220660182,0.8981303056518499,0.1827612386304494,0.643342842287323,0.15848487902308736,0.22011661243502825,0.42822533816193636,-0.04574275252074292,1.2797909020120655,0.8891568346304208
2014-05-13,-0.6072839540616548,-0.03723575146997532,-0.3116457748577412,-0.9500247365258355,-1.3092382576231514,1.816466564743365,-1.4430509387352397,0.3163193497107158,0.5024459326785768,-0.13299869127769404,-0.8472967725343785,-0.06140357236107379,-0.6017882121818464,0.1043048689821157,-2.7011554345775304,-0.3151538583347001,-0.0872587515256604,-0.940948445773024,0.5176463793882427,1.5256360066083186,0.07437777136205198,-0.04574275252074292,0.22232717196151255,-0.5352053634510554
2014-05-14,-0.19772893574611428,0.5205892770542064,-0.770910884721088,-0.01927130305848993,-0.2757166233285896,-0.5779480987191216,-0.1350426269413021,0.08359320166279709,0.7320140860231503,-0.24983157122804228,-0.667767119591668,-0.25536952022929577,-1.2520081862326968,0.29519286504109,-2.689404938381587,0.261187558528545,-0.10122395607376525,0.3865914115287969,-3.5770224232051957,-0.7011191356832853,-0.2227677453153149,-0.04574275252074292,0.6245161131904542,-0.6361932125006129
2014-05-15,-0.2403261226744222,-0.5518789570303321,-0.6268233056293174,-0.15794853747023785,-0.28935453341005285,-0.8490050149701412,-1.4847212551764453,-0.7396204384065709,-0.15056138657909388,-0.34341492273844604,-0.07779405024626045,0.07721299847292977,-0.3655370102826068,-0.561371066946901,-1.2068757619202932,-0.814844744489743,0.038831602631725096,-0.4753476636545635,-0.40628426231605685,-0.6925657000533245,0.1553618514963946,-0.04574275252074292,-0.40976704911560163,-0.44876874616266127
2014-05-16,0.18053809960960343,0.4145069581145538,-0.3779087255442328,-0.15602038763358703,3.2148004697096844,0.5983694635739635,4.153925633246825,-0.6407436205492315,0.6659669895127927,-0.1471031643886809,1.5043413239182246,-0.3618999115954655,-0.1145864042716031,0.016646736671486386,-0.1456242830203413,0.00525770615180014,0.13404629791894246,1.2411967888675832,-0.08568720822216011,0.05343570573859601,0.2350060239733115,0.3588099364335819,-0.5755088288223723,-0.6969488583344754
2014-05-19,0.024013613394104075,-0.42425546393327823,-0.5117533576749553,0.74072103198398,0.9270552443050416,0.5730879661217425,-0.051270996417524965,-1.236129877654336,0.29892122312754454,-0.4447225455037247,0.009058925645532005,-0.022529057244925925,-0.08494071160883906,-0.12508299709673806,-2.4335189577673666,-0.3352576256022358,0.19697957376811454,0.3026537756114925,-0.24704462722672324,-0.7483768074051738,-0.3563599125885396,-0.45029544147506767,-0.8446209860959333,-1.304458629517092
2014-05-20,-0.13777434187661583,-0.7381750568202954,-0.2022727469167254,0.19852928602858722,-0.5301335791949022,-0.03378428022148447,-0.4053658053523794,0.7523973844141515,-0.6703790639219654,-1.579750010222615,0.07826207607962475,0.13339566136221395,-0.05532049703702213,-0.8674151553345062,0.06805891399152539,-0.5169439372509919,-0.29744292041405407,0.3774691371991449,-1.06495715187129,-0.7111380901477171,-0.46643304052060763,-0.24942163696693595,-0.6740031606191397,0.13634778588523386
2014-05-21,1.0900111035991356,-0.619399602949728,0.8381984591345751,1.380112737177382,0.31402849886037254,0.6686356908754837,0.16485179657906807,0.47417500766825743,-1.6325606095972196,0.12276628926754854,5.263685688762746,0.3258700000370736,0.5359036788980752,0.4536693954547047,-0.3586591255925058,0.5683283030586361,0.27334256668040446,0.27396488226105914,0.07810397827803665,0.2593653513346936,-0.08783276918017546,0.15793613192545009,0.06633240128281687,-0.21466654549476083
2014-05-22,0.13903136596158283,-0.1295264345461999,0.13545566237166964,-0.10362423279613313,-0.13161078753539693,0.6424475119651103,1.1668392083097072,-0.7976332743968807,0.5641440252184415,1.3658653596919819,0.6671337607140917,-0.16614816314839365,0.2384268353738444,-0.12758194699067252,0.3024429711771782,0.019038102743653293,0.2215192406294951,0.12136900750124945,0.3719604928299549,1.0108628861500288,0.3182869819816331,0.5597050613079001,0.2337608495348679,-0.7727199929507952
2014-05-23,0.06267280349206854,-0.47266356922027625,0.36450619292404246,0.9935572042761174,-1.402076032997729,0.890858766252563,-0.6175999583458907,0.0008952012358106611,-0.10838051291373557,-0.06731780851397372,1.4656604673596842,-0.07262238642486217,-0.08441759664013326,-0.0010353892033076585,0.34152991209354594,0.27774303036747805,-0.2962914136936384,0.020173746710028678,-0.28216535862513503,0.08222356643617454,-0.006728949511306282,-0.04574275252074292,-0.10157798130814118,1.5428688990760322
2014-05-27,0.9313757815094513,-0.9248113109693992,-0.40170863281124464,0.40473245291867377,-0.3390384454019521,0.337619416118318,-0.6170744062056969,0.24969520793860672,-0.8606474520692079,-0.04173774827811038,-1.1172658052774755,0.02734969965204098,0.17904008475106228,-0.5317014918235053,-0.10996931897184141,1.0892261312874412,-0.40014464549028345,-0.8183551332462538,1.6536557306837338,0.3115480395182058,0.5557853798456706,0.9452251927931595,-0.27047531209454395,0.3316962924855288
2014-05-28,-0.26539132759292317,0.5210649304598398,-0.14724197501688271,-0.7468321728588788,0.4190231759665094,-0.5397182599786792,-0.008241235751584952,-1.9748154460268779,0.28290987856184013,-0.9173964647126299,-0.07160053089593178,-0.10037432508031802,-1.08607759725475,0.29303488334638994,0.637690409762312,0.27104453145734986,-0.19777699210350158,-0.5704209359215968,-1.0453017296163858,-0.16905207003450864,-0.14068643503976874,0.9234521075298634,-0.03008956277884955,-0.6080458630360683
2014-05-29,0.15190836526646834,-0.3678910590996277,0.2639186043607892,0.3224228757148897,0.09361828573270829,0.5333061423443909,-0.0427423993333469,-0.5022037098463608,-0.20040655600712798,2.282724173025711,0.2945400433366896,0.193357043140984,0.048576481732395566,-0.36912835730186555,0.6431494011361245,0.13352991668738254,0.4220041756235211,-1.1775750602702761,-0.4425036848304342,1.0996696452297117,-0.4894574470984011,-1.0149376125713492,0.1868572759216888,-0.9674236902452182
2014-05-30,0.32116270296088983,-1.1408957985553012,0.13490729535121743,-0.401555165758204,-1.0752296164218833,0.6063046299963769,-0.9854308799036741,0.7178576678840738,-0.84264689390757,-1.1007444166480895,-0.6742947980515667,-0.21084639435035982,-0.24840604583099316,-0.9054786000160239,1.3679471593379877,-0.002965836217789768,-0.13309617927372414,0.12628251854235445,-0.15119762096360015,1.1117375085548171,-0.4385352156220282,0.9234521075298634,-0.9569973687261573,-0.5733685319147799
2014-06-02,-0.04822252634608575,-0.4097140376633595,-0.06960316193612792,0.3494092588030256,2.4727944654127723,0.17965811319826364,1.5515686218581062,0.883033036277713,-0.34335610431255703,-0.5595787215304998,-0.0839361278904974,-0.5754099377416031,0.04876696186242166,-0.48437104781239376,-0.4449818989720691,-0.5988173614062811,0.0770256621848343,0.4655830923921549,0.3038424552587891,0.557659087951241,0.20950899637646264,0.3360426180021366,0.21610641037855866,-0.2701177249622533
2014-06-03,0.059179552136006425,0.15090009160972492,-0.3267745228901411,-0.8610836446418597,0.020153308456020463,-0.16663478161658518,-0.427345984302804,-0.3713730781418647,-0.3455676245038683,0.3620688513272474,-0.3693162060097924,-0.3554156419574681,0.6098713456995573,0.2707023775397544,-1.583131990007535,0.44048816659340595,0.4063236214445777,-0.6860613146589888,-0.737824892170749,0.6426213287533364,1.4809897256112565,0.33276948095310754,-0.4017411848396207,-0.8413085131858687
2014-06-04,0.2557135606729525,-0.5376688439095936,-0.3294342495447802,-0.06710515732648056,-0.25915808259104095,-0.5350216902833895,-0.30123200379887305,-0.7726588657490283,-0.2538669613683104,-0.07984296968541232,0.7978093868688944,0.7463243116607718,0.3845348016266738,-0.5275591276601573,-0.5567843727287439,-0.8030095560671331,-0.6156192633648476,-0.16326641503696682,0.4686926207191133,-0.32817753565205726,-0.4289312347248473,-0.04574275252074292,-0.1556349168238966,-0.3273993565216545
2014-06-05,0.5150738202232855,0.2046368932208169,-0.0970227852128372,0.7406699066935295,-0.3069363289459289,0.2584675860252588,0.25024836871394124,0.323713301916754,0.7722563603360638,1.2624661715433554,-0.10532584373564398,-0.0448365579241525,0.5844402219801805,-0.020735183790307674,-0.12353497132344698,0.28125383282725996,0.3699833239565263,-0.3492310227756779,-0.05350253267036531,0.050000892379604756,0.20259681194569687,0.14229791601598987,0.29280388897827775,1.2291233277829658
2014-06-06,0.7218187126758283,1.6258006268690852,0.49915552198838503,1.4009284444402714,0.6030415631719509,0.12250908670764767,0.6647844434557482,0.36534549452233744,0.042061206729393515,0.0476897384744,0.1513960882363177,-0.13944190605936072,0.01733880007035408,1.9927308958841927,0.7046087927226612,-0.4169321438603969,0.24112942861778397,0.021439541761161297,-0.5101398366237938,0.3586594082458754,-0.35033661606477523,0.3279657541874404,0.8495776113468771,0.9512220954024867
2014-06-09,-0.032048244392689766,1.2346503827493884,0.3404974278117456,-0.17054763346526686,0.08933596115431225,-0.16750910785716658,0.3198097780053863,-0.10848107651761985,0.7450435906620868,0.05555997352899414,0.07297760921221606,0.2769877072617345,-0.5335686565249449,0.6857389406728697,0.10675304963890307,-0.19849082366093113,-0.07525208173585266,0.3389342105960014,0.597616206281953,-0.08054208662077071,0.2552559018137874,0.1399265720477227,0.47271004058685145,0.28740365385483335
2014-06-10,-0.07023474975428691,0.23288198023751688,-0.3779087255442328,1.049855420425822,-0.22324312218726428,-0.2845731496641898,-0.2694405939467054,0.34108682506192517,0.4944187583442578,0.4575499976749943,0.7509622348046159,0.4931595591681224,1.8669436615246267,0.28298480292121786,0.8127252201669348,-0.027164184922374504,-0.1197079823367523,0.41577595007720064,-0.44320174948750996,-0.8522979258517974,0.17510872671227318,-0.6051205837973919,-0.19650641997729004,0.0860884359664844
2014-06-11,0.3861398348809902,0.8987546102703093,-0.45957916845425445,0.08765097276225257,0.19352107475806285,0.045404305611330555,-0.05079952948764788,2.583329581138648,-0.09445768288235346,-0.5657838559905525,2.785908048082656,0.03697489007154291,-0.19604450086816336,0.6273163375251695,0.7218342384653321,-0.10077036976709997,-0.1263516783720197,1.2663710959430472,-0.6764986819405153,0.1057104180089292,-0.5069059757753446,0.698525912403707,-0.053741894233906844,0.7807151019832346
2014-06-12,-0.35769182751974116,-0.25944284941817086,-0.04511675132104062,-0.1164201263653922,1.1050574152809647,-0.32469632367232265,0.14298482900798945,-1.1698640600836077,0.025966515946065135,-0.4541869764372117,-0.22158328081238327,1.7220759462847819,1.4568337757781216,-0.3133803115196062,-0.14511391344395885,0.3237500611544256,0.5944982994901148,0.30240805279118205,0.2753095136693243,0.11243259645981207,-0.11338631577288562,0.867258776764794,-1.1760684211068677,-0.11278146536287009
2014-06-13,-0.026674506669807547,0.13892749108667055,0.13735607089509505,0.47119693664816653,-1.342917006355091,-0.0325514338914814,-1.7140238843383515,0.26521653825406344,-0.7928760604411287,0.04009386243711887,-0.23318636913127544,-0.2584717657419112,-1.0580959609479066,0.6712073036804428,-0.5404828807223748,0.48346576704286387,0.45080637557568065,0.12258867051848768,0.3708987647053716,-0.03953687371185125,-0.11345705851590622,0.13461086482509735,0.24145471573145044,0.03534373986087325
2014-06-16,0.605165934136334,-0.10480049466466534,-0.2016218989570358,-0.25974190943640757,-0.6436923848823869,-0.0130157375193217,-1.0689667658093194,0.29514045470894273,-0.187882361948545,-0.18963009261774713,2.4865326071997425,-0.19660477765127554,1.294430196980111,-0.12046942085385114,-0.46569193967171785,0.727067753304697,0.16836334142723647,0.452386828635605,0.07641451581118187,0.13976436625996594,0.2552559018137874,-0.40719451445598037,-0.20367011873538624,0.4775204109970312
2014-06-17,0.29898136783092466,-0.756923171061114,-0.01908992484749578,0.3054427437186828,0.16079515535036384,0.14319104590766238,0.31326221922853603,0.21169005967358823,-0.21931029788131284,0.5007849177108669,0.2863785784783048,0.26428775763222145,0.9695175326524984,-0.4841194463193677,-0.30844970910509106,0.1879940212783755,-0.19833261907755192,0.8999322953530282,-0.5095881371457448,0.1325118187729296,0.07042076145967213,-0.22757610758036592,-0.2548695097876017,0.4733269708166977
2014-06-18,1.010401378780781,0.9458806022997718,0.2679041748731355,-0.34311000456771085,0.45001437616175705,0.5118229537641972,0.37230527037690253,0.34880601845123377,-0.0812141544677673,0.08334070303057764,0.4889179742304564,0.26197371388496454,0.02720970470431259,0.7203910841607217,0.8762121446821554,0.8019264881832188,0.9629344772231078,1.5235040602062442,0.532148045695335,0.8900219316762364,0.17455199444022157,-0.4116861373443628,0.6862370471770821,-0.6975396130958698
2014-06-19,0.050245010780203665,-0.2154900775602908,-0.07102234744774097,-0.5176761155342258,-0.36280032330152984,1.2535007821582058,-0.21951282456723126,0.41936568542925046,0.1344634028958284,0.6809349165541895,-0.625572091143194,0.3468857424372863,-0.43390086370597164,-0.42813192041646025,-0.11994242817591858,0.06721795699893444,-0.017746566769919793,1.320341903152418,1.6654081140209256,1.1209214162081669,0.8190747164411053,0.320200632302877,-0.12841799855479838,0.23099645783153142
2014-06-20,0.6277526390800949,0.27153082866098466,-0.4381794609997708,0.02898243718183255,-0.8231643562449613,-0.031515081619423804,-0.5590710072580762,-0.07387574434052947,-0.6230646601985931,0.11180519915716626,1.7419236867966699,0.042608077646103394,0.36651117367585373,0.11923690946754434,0.1702167977692183,-0.48272576362095804,0.22626057223532356,-1.1845284453299805,0.3520895718430438,0.28838540787281547,-1.4645079744804268,-0.5958127821572596,-0.0059231574273440335,-0.0629799302611794
2014-06-23,-1.0171555968630557,-0.06024809661466301,0.24334946634202356,0.6941146568153781,0.7588715815039955,-0.8741196074505312,0.7988053111015521,-1.2477401444491265,0.10466422435206821,0.6208997496643291,-0.2887029622866153,-0.28548128638218107,-0.6382569555058678,-0.2248289174128116,0.37906116676615953,-0.058442056122193935,0.24338966068168552,0.23743240463014595,-0.6473325831060388,-0.6955287797797385,-0.8561588230491368,-0.23063358616853952,0.721988155789144,-1.1511073270390324
2014-06-24,-0.42668898537309885,0.2480437304523818,-0.7058383065983681,0.8171903522315501,-0.06125316656955363,-0.5740116055594247,-0.3162097564708693,-0.6224061717898237,0.9501143935920097,-0.4853130359847807,-0.030756136259527337,0.42617029524622024,-0.602643020427934,-1.1486363257540402,-0.5396088752733443,-0.20083363939517584,-0.6208865717511283,0.5971425016081559,-0.4953790128572068,-0.47769025727153297,-0.2479263431249079,-0.04574275252074292,-0.6358031264356736,-0.21412209714616148
2014-06-25,0.26657118289075826,-0.9720734134255328,-0.3405337305156794,0.7187085043273631,-1.178672991291291,0.37666854388381354,-0.5680219352080667,0.3875875717702351,-0.12632194641942834,-0.8290062032469958,-0.3005162880939623,-0.30971133968230913,0.09713267222721396,-0.437398062795721,0.6152697557025326,-0.24905973194791325,-0.054628480066331704,0.8047394058925244,0.7954067139030273,0.594228022479354,0.6052295523776469,0.32327472593994605,0.359000895631453,0.5841141945995136
2014-06-26,-0.3848904448482714,-0.039479011952605905,-3.2283019774909194,-0.15907013603175543,0.4863737999558323,-0.12963389801525016,-0.312792312691699,-0.775644936071715,0.3766383330308942,0.47727865777499007,0.9411474001208496,0.5703716766553988,0.15166246213030188,0.10871181499725115,0.9932328858640114,-0.44168364493380924,0.28214001300588615,0.16035256503035694,-0.36632239636467306,0.09499404224647232,-0.08715766257681397,0.8634857492977464,0.9235988002804105,-0.11329793550319966
2014-06-27,0.019862570938358467,-0.3827956654918576,0.8394574155132882,0.2748242694248262,0.18690593139309497,0.08433620941362434,0.0914498024793271,1.0962319622700003,0.7492058773285933,1.1419926096754456,0.06279593096613988,-0.3429435642081105,-0.04045567536078145,-0.3131615681731291,1.0247953541032064,0.2126433659707679,0.0798968087636515,-2.117310155021385,-0.2106070217957044,0.7677982052031417,0.6238475710151202,-0.7716296660534357,-0.3602031723334783,1.842871585561103
2014-06-30,0.4280134118371289,-0.5038483174225248,-0.6517662667265617,0.4015812817992728,0.4324769130737832,0.27819838142140035,0.969330991104715,0.021241075083777913,-0.2891577122880971,0.5297877009222356,0.7285895046700932,0.2996409003091517,0.34200895453290026,-0.0010353892033076585,0.7086266232785262,0.05273642886839805,0.08581588103251109,0.7712929526625603,-0.022047364892173,0.5164715963603798,0.22639286860855717,-0.04574275252074292,-0.14875261994393285,0.22584823597892886
2014-07-01,0.6703857453001563,0.09922280063615718,0.6658811425258738,0.9489311813673141,1.7930826803558935,0.46975663016532043,0.719069810139534,-0.06377628263390459,-0.18494640481499341,0.16756296089695122,-0.544723207859408,0.23178106637269155,0.09557867008224957,-0.11206650273223957,0.527658820324381,0.29871318836933036,0.25545629792677965,2.3143042639543316,1.0666925295405125,1.6691618618410407,1.4290802961406128,1.5710070263288358,0.5381210899993768,0.6049527276216149
2014-07-02,-0.4301913559250271,-0.6313646050660418,0.2903277190017006,-0.27300791712155215,1.1052640970387413,-0.35995790115644444,0.11457939672592792,-0.1489054653783062,-0.019267360373342805,-0.21450304136315995,-1.4576736023095649,-0.08933707219240483,0.1495143265691526,-0.2431832306853671,0.47366958373876633,0.060161343562722146,0.1999371271640854,-0.3779168923528595,-0.7040640452914061,-0.27118582873944536,0.9688787553126937,-0.22248207018231286,0.5519576989226276,0.5514324828151146
2014-07-03,0.8433906936088162,0.8268537664724653,0.4842872506439839,0.2638430849607735,0.22759908289313513,-0.07088071474327653,0.5476120410245534,0.04260319656511779,0.1767054169028759,0.14863772310482753,-0.07543005777746047,0.25015360792281777,0.06783582681428058,0.09235048917363123,0.022035793874490922,0.5715431692997545,-0.41711137866816855,0.7153079932064282,-0.30346171768302904,-0.12281469922842475,0.7543982192092905,0.30702660430780887,0.7454056051132962,0.359840152614514
2014-07-07,0.16408101448084977,-0.29662390564168484,-0.44194892791093604,-0.6708447753690494,-1.3449240282095956,0.3348564357168967,-0.9143703330921774,1.891395429181714,0.370632852118988,-0.7623554107221966,-1.0303269487754745,-0.7618622870217713,-0.9532086916146271,-0.07571702945493433,0.4809284327153121,0.5426373068591462,-0.1882006073803447,-0.21336349539856875,0.2276144668322596,-0.39581087326713427,-0.15887875321910186,2.1342670648512,-0.2997716878023083,0.4498912932891116
2014-07-08,-0.8082202874997252,-0.20512577175900532,-0.7042256550652444,-1.226844009302471,-0.2758797656234689,-0.34121612102829324,-0.6104123173831105,-0.0733670113324278,0.010763646869910715,-1.5548962180751151,-3.7437123634480876,-1.169434031200637,-0.5779165047740995,0.03634038504197728,-0.936164941604913,-0.8318876414221976,-0.06046535523575975,-1.6968605410090944,-0.5542938967501582,-0.5873824417993742,-0.3068122774679787,-0.04574275252074292,-0.30252813769965103,-0.9457370277658091
2014-07-09,-0.643018451603981,0.45003199999095067,-0.2519769017974416,0.5784643060268471,-0.6889996408082463,0.8150970288919883,-0.4378198432384793,-0.5798372261949608,1.2062940446532189,0.4039539765405278,0.8677208096499531,0.12193605301923512,-0.10969315142794334,0.9348052017987626,0.01008112223701867,0.4356928083934844,0.159187970213095,0.2563743456320893,0.009359546478494423,-0.19633904556474077,-0.431961402539462,-0.39295729098694576,0.4040280385051306,0.22030280569543706
2014-07-10,-0.3773180156806266,0.39842709484518707,-0.7797214992687224,-0.34788879644361986,-0.8715220252884659,-0.8020736973103098,-0.724513973999328,0.5975417063306405,-0.9019288552505417,-0.3532565481118142,-0.6179694738378119,-0.00298547048095055,0.0010987043156162526,0.3928615505131813,0.13217314274260633,-0.5839222646398831,-0.7232055703099831,-1.2749710071839817,-0.4951146920748517,-1.3438099669366415,1.2402976009506514,-0.5717506266144438,-0.2786244617726315,-0.24840086304984704
2014-07-11,-0.8241232396724258,0.257492939249484,-0.22890275733654447,0.60536979992807,-0.6597557498260008,-0.05162097195020531,-0.8289411555446811,-1.5297162733415606,-0.7667715082094876,-0.14108349505140064,-0.14977077161295524,0.07980350545024517,0.09784499717473086,-0.01881351529290031,1.0601088570280504,-0.01899321810409214,0.47410004953888896,1.28852184287633,-0.021839612207108897,0.2875610471801438,-0.4013957998565431,-0.3999222355440465,0.06247511716480914,0.22030280569543706
2014-07-14,-0.4061190482905578,1.389882892513446,0.4776811492070689,0.5201939383328525,0.3148526880444001,0.5086574739587459,0.10479395389015551,-0.6249933405487981,-0.10968256608411299,0.3170875580981713,0.09880816810794461,0.8046071254744438,0.482380114719919,1.199167155868552,-0.6274509503536083,0.9817404146510372,0.22653747682311748,-0.052494970755489485,-0.02185058375163809,0.29297185280516896,0.811084631075601,1.697406212775517,0.06232488128072123,-0.3894794139166025
2014-07-15,-0.12356442184895286,0.07152681079700052,0.5302884259255267,0.2889865781828667,0.4754332623244505,0.29453005754042716,1.5533377605656493,-0.36274875378222576,0.326836236915822,-0.3338084826565345,-0.8763040062915597,0.16763607664604402,-0.2600769739531654,-0.06916343476612441,-1.2868049399161423,-0.7601556960042292,-0.14584730077496452,-1.2028503358854914,-0.49830712127324106,-0.21811950679099953,-0.5295492200354308,-0.38889713381350144,0.24307017299035702,-0.10829601619285453
2014-07-16,-1.2705091065324,-1.0809250010316043,0.6947655755971691,-0.09106551155663482,0.9632242381313187,0.6168409540965297,1.255346810644737,1.4888788628497125,0.26510507791908927,0.07254954316240463,-0.38033172052270375,1.5733508531329048,0.30233676924432146,0.2704934365173478,0.49088074148087835,1.1626114446050446,0.6381377282314534,0.5007863455094791,0.6752820990279506,0.2659954484253977,-4.01396917836658,-1.8027956582573639,0.8833182890198322,0.3620014016974015
2014-07-17,-1.2678926293405932,-0.608173685546199,-1.2624363103227283,-0.529409316166643,-0.9463212193932408,-1.1231333590729082,-1.0382350154498394,-1.745458001995424,-0.24343511730066875,-1.6145084900735462,-0.6822344751376926,-0.4912553041699141,-0.49333330645257917,0.04958194508444189,-0.06345551641573645,0.7765386317664473,-0.3566679627097675,-0.34186806536428765,-0.24265256159916096,-0.5369373234291387,-2.0374586551603184,-1.1345958753034768,-0.9402947270918881,-1.6297100512180376
2014-07-18,-0.26297220996497084,1.815946503927952,0.2989533355295686,0.9045465688105745,1.0979930896583,0.3723614062637532,1.540897401111319,1.0422269370114774,0.23512153495754579,0.8936725177743143,0.8019134653442627,0.5622151813977367,-0.41344003257431317,1.713126351199605,0.26723818328451926,0.4730425224263466,-0.1393248592237265,0.523366965006117,0.22996474318549293,0.31987985108189526,0.7058533288453034,1.0431103702619908,0.21906876897694497,0.9418856681833698
2014-07-21,0.8550077985931575,0.5670323714994125,-0.051165943145359986,1.350336736312289,-0.850243314625471,-0.03189688191876346,-0.40536536777847143,-0.8274336195196335,0.15971579466375083,-0.029943982519855045,0.33718969576867297,0.4153879473059161,-0.42960990262121973,0.5315005582508912,0.14413727376278632,-0.09443879088058417,-0.0848066342751676,0.4001924368613473,-0.3053896501249084,-0.18504468067546107,-0.1967778425513795,0.8415254963272443,0.3729147607781498,0.5988109008414142
2014-07-22,-0.20976968388650022,0.17673895098935083,-0.1388436110686834,0.1470507451676555,1.7535142250428137,0.3514760467812212,0.9859286287526622,0.8266033735630234,0.5727376230460497,0.010127957371551732,0.8225755458538214,0.8872601984114327,1.2019278363246748,0.3073956943436039,1.6045573001308817,0.36479019891665543,0.16514479813861016,0.49198035434670145,-0.11667375412714244,0.31905919118102194,0.6973028853273724,0.12959137178136748,0.39030544526894634,0.17320496667860388
2014-07-23,-0.14319260240296902,-0.20765163473981302,0.03629404566867991,0.34276004022544854,-0.1831701669367429,-0.5694314720637961,-0.8206808154157643,1.185433807763344,0.914510776655497,0.13785217220735033,0.5575463204003336,-0.40824272045846394,0.09607383632975998,-0.7314980965825919,0.08004284734640608,0.399662746162692,0.07960847562606191,-0.5496770365633799,0.5747353155475352,0.1395040691214878,-0.14140976811866665,-0.39710732091441237,-0.2034112088976568,0.7749552299102201
2014-07-24,-0.22736468731659268,0.36830245195378614,0.5584211050250809,0.8241926531455854,-0.08273097543793913,-0.032030125787556735,0.531807814716079,0.24502791618963327,-0.6294361897709732,0.6761930855438066,0.015434996558607863,0.199296035213215,-0.9333129447020633,-0.12736559063583894,-0.9781219213027698,-0.39265448987110035,0.04313023164676579,-1.2541013678800461,1.3028606356711014,-0.058762348975911115,0.501900511803007,-0.2224787188014046,0.47466661957164213,-1.6980425120490206
2014-07-25,-1.039320948557832,-0.2921728732267687,0.77836670200063,4.132820801306935,-0.8726473602870158,-0.2641248041482224,-0.7210524791991748,-0.6294351551129889,0.33122546580173434,-0.5416947563675754,0.12643675696375234,-0.5084628479151908,0.5653336401575577,0.18823780486903588,0.5469666576786313,-0.8643614953785562,-0.34656922225432,-0.590076570460466,1.0010300342374754,0.13924126850836085,-1.518959267321033,-1.1213197245567772,-0.0059231574273440335,0.27875682091479537
2014-07-28,-0.3350386255890738,-0.25165068818034353,-0.13471625155763828,-0.11994179688711144,0.1549209655883576,0.37350846448440145,-0.758677748081776,0.6569479610791463,2.617954722667429,0.3949456191147612,0.34560914603396115,1.013197256014497,-0.04045567536078145,-0.253686819194889,1.0908711055651736,-0.1711601449958297,-0.10339293373231298,2.7496161212463357,0.035910968363107754,0.5979381677411594,-0.005998749690598552,-0.7776474214077473,0.5740682030131854,-0.014049028677204995
2014-07-29,-0.7493727080716267,-0.14525556998907307,0.12051681377741877,-1.0363388296441156,-0.7447128755001672,1.605620303474964,-0.1753685194798517,-0.5456892414269198,1.103766440133492,-0.3091424080876344,0.11436379342705714,-0.44114657951738595,0.31476945331880596,-0.7082577133008571,-0.5406309832255239,-0.14867383782854834,-0.0974951236703864,-1.1162844774641854,-0.7731066201808662,-0.025726150603778017,0.40209445462434,-0.7900084983688622,-0.155274541849,-0.8751042181810689
2014-07-30,6.418555082334593,-0.3421881420965829,1.7277403752468785,-0.15459954543548154,0.31654339135274406,-0.33300913283883643,0.9613209573536442,0.21475773521783476,0.4808145287582882,1.1708191588756076,0.9408840843371191,0.31659173263523255,0.2856827787453285,-0.017331498009366838,1.3547265802146276,-0.01899321810409214,-0.7349883322868309,3.96886575844254,0.1273248768236298,-0.37964317768936845,0.4251765477704434,-0.42263411804904205,-0.8292341679482987,-0.2555624213363539
2014-07-31,-0.5572445105262823,-0.47866813125203317,-0.9000314361356396,-0.5620165167985652,-0.8417514969464683,-1.833438667404429,-0.6604431168647561,-0.8907421471856323,0.16987960184524237,-0.6569977886585517,0.11961476692427433,-0.8527605996849456,-0.5302860917753647,-1.0645953588144732,-2.2244994590834266,-1.4245592872220836,0.840386828348577,0.8177620632237106,2.587001434820761,-1.3838839255815945,-2.030013677714421,-2.778248660279657,-0.07184322297398323,-1.0397384958289886
2014-08-01,-1.0237686240974757,0.3590861959063976,-0.048567464880043675,-0.6810256077298792,-0.08424685131584782,-0.5397144003706315,0.8076124705727492,0.321057036817163,0.009201542322121916,-0.39653098294978273,-0.3024033764266577,-0.9082503816295756,-1.3935988430366193,-0.2052046702743735,0.14526610478625196,-0.8685578144148804,-0.3434821416230526,-0.8727066342766396,-1.2400432799199563,-0.29350053129076636,0.49338518964187233,-0.24755347195813443,-0.7628200548813223,0.37886365100538494
2014-08-04,-0.706066661756665,0.3099691855503562,0.14593303873746766,1.212399010714403,0.36574109646010056,-0.18961905252842085,-0.12015439671289006,2.08169241562935,-0.20495782317073086,0.6017141436196283,0.03376229986483774,0.5326762405732164,0.40460133451292746,0.456183784677472,0.6525634417305761,-0.24118857237916852,0.46087798200231267,1.1710924466783175,0.7597051847342787,0.3288760001086336,0.7873705122692096,-0.6567890581095609,0.307933865606637,1.0046479069804743
2014-08-05,-0.18217087139610869,-0.34418255731890013,-0.9464808025448413,-0.6089399992188598,-0.23368856456681325,-0.5655397349298882,-0.685153269739707,0.394797244058349,-0.5434376681583315,-0.4052632442136374,0.26375986043389316,-0.35284451378336684,0.5252113863945104,-0.01782708772786325,-0.4899182651579361,0.11600984512788542,-0.2996367382476945,0.49851830149286175,-0.8959754276582101,0.5793850301309936,-2.0224100469184734,-1.5053380643353955,-0.5913155629937125,-0.3515864608463101
2014-08-06,0.6316736637650003,0.13770054777782453,-0.39953089245607015,-0.07603264912813767,0.24960489244471915,-0.2912791887001477,-0.48263212487281626,-1.4762098048238297,0.8426992625519353,0.1746154871437404,-0.7200896777494905,-0.12044857898193068,-0.6477275227648347,0.8425624949287589,-0.5665396546139495,-0.21762150371873126,-0.06706891240690539,0.34289114656256525,-0.820447491878217,-1.6453207156170944,0.6101994967697983,1.2082826951244363,0.26561222510504023,-2.1326368173292534
2014-08-07,-0.2707354631949443,-0.8147312510225779,-0.7477093289199148,-0.3002108013229458,-1.2091326519747494,-0.1329047917261462,-0.47852785610518356,0.8439914799099251,0.10241178154119683,-0.2278221281772779,0.2679205368689717,0.1371609214456934,-1.4994786299291716,-0.37822593902541646,0.4780436379282086,-0.39418225555819936,-0.5874986623758537,-0.41849035478087027,-1.286007991796755,0.021604846893315616,-0.4230601840166723,-0.45980562924307394,-0.505539229294466,0.1363453058488827
2014-08-08,-0.213152400478252,-0.5600217564763874,0.4731312156520236,0.29847584832167934,-0.5206167945904914,0.4238984466009352,0.17051134175364283,0.6727116206483907,0.4990671854302284,4.810378074306967,-0.572638315226603,-0.06308415820114392,-0.012065317471791468,-0.7037009177984209,0.4853769932274832,0.22074689049085977,-0.05547627893134638,-0.7738726898605934,0.18926555475140144,0.6136355180780168,-0.3973094430067084,-0.46372192565693393,0.08551121860716894,1.6145835128328303
2014-08-11,0.5748762619374876,1.0180099394299755,-0.021920047674278756,0.5372549199774539,0.9115076307516509,-0.3510893511897819,0.39032273167868914,0.5467441164796946,-0.281658468641253,1.0513217252533433,0.44644895225637243,0.23590521479682616,0.016258481927375872,0.8662731103190492,-1.2241665177846794,0.5841943899373131,0.09402325640925425,0.5011933686040837,-0.20511313650583096,-0.6110490626707308,0.6661271366682386,0.5797581109854125,0.4697720106431123,0.27712916791932835
2014-08-12,-0.703930662068667,0.02811677427737094,0.410953461263872,-0.33135072379532743,0.00850067469559292,-0.21298334484797116,-0.1666059906410516,-0.6910518481279861,0.28652996613916154,-0.052572771386968614,-0.9647516644597658,-0.43369488821931435,-0.7245092427811062,-0.46458467253114355,0.2273676292743495,-0.45490003845511945,-0.36785390253613703,-1.716322083488053,-0.08386315046689606,0.29774492160800736,-0.22755101226103136,-0.46175879022049915,-0.11852985112684387,-0.11094805671217008
2014-08-13,-0.09648000725184314,-0.19390782483908622,-0.05039230513940251,0.4506050271550498,0.9972086879415383,0.8604627312474488,0.29138096338920616,0.44945495633027405,-0.32134611770694516,0.7853421872929645,-0.7179019396973599,0.628390177729444,0.5301042988853747,-1.2308755783256262,0.6805809977401616,-0.04289031157824517,0.006911256589692699,0.9341422298205915,1.6797679712627074,0.43696651344047166,0.8784364572865644,0.37027328517901337,-0.5521388907867544,0.1795743436712476
2014-08-14,-0.16049423157087236,0.9504606870316766,0.035790133005463264,0.18439778485818298,1.3014429497135167,-0.4687815572658631,1.8878199031396865,-0.2191445713028276,0.8635118648518872,-0.1038317021608731,-0.2430058079683217,0.589571560201162,0.35586524518763435,-0.0010353892033076585,0.5893292443065551,-0.0030717842484707636,0.20315079581510523,-0.20515712409559292,0.32729142692186697,-0.15285989562580943,0.48442828423133794,-0.04574275252074292,-0.5150559146218645,0.17891798409762452
2014-08-15,0.3235473320147292,0.5218957343027936,-0.07922689714806169,-0.12932558635069635,0.1950504527578954,-0.27227548409155194,-0.21900341426589745,-0.032702239635352945,-0.3048917373374975,-0.5707087961532938,-1.4986145718746444,0.6705712904169954,0.0018488072568210703,1.7742995094209952,-0.3331413232261982,-0.6265627799190083,0.2965844285631103,0.06168742761628314,0.9296308756478291,-0.5970422255598726,-0.27807909562433775,-0.25326444289070293,0.41124958936027833,-1.18177151206722
2014-08-18,0.5042380432388595,0.5141678597853728,0.6073735829702034,0.07494366393308186,0.4031167869394123,0.32501463333722813,1.3033494423015952,0.2123870358628821,0.28354299244367315,0.4722654002920828,2.228195672472429,0.920250765007755,0.5769621693783096,0.5657297658669528,0.8897035153295422,0.7474723182070436,0.4817544837362961,2.0730409862182566,0.260671519551871,0.1898546418391049,-0.006255511637361284,-0.2542370998505391,0.2234788498289833,0.475417628227206
2014-08-19,0.07158553345441254,0.9592421466331083,-0.04975011515499084,-0.18444749164439256,-0.44586063835859185,-0.07295855356960196,-0.04185305505019321,-0.3269089399746612,0.03495074519170624,0.7616528453504513,-0.9841840512810706,-0.27030701679620295,0.22430108154132955,0.9437274804362632,0.8517459546980423,0.5103360830941454,0.18683992151624404,1.3780276901559714,0.9059658721702457,-0.20081391433748386,0.6689707428692226,1.190687898455181,0.1536762462826979,-0.014049028677204995
2014-08-20,-0.3892095492369955,0.1283503609105742,-0.07829178538987769,0.1518741902420413,0.3040045002909266,0.026396878480755556,0.26813537778878077,0.3200642057507728,0.16496806315366663,-0.2826050618481755,-0.09933688705070443,-0.2537490567469799,0.5821452988953958,0.3372765920160936,1.0067737009212225,-0.4531676024207641,-0.47878100455880873,-0.7460292277998816,0.197573397517256,-0.8730424850562828,0.20714257465547253,0.5597061456578318,0.4456641479064888,0.08333724412353723
2014-08-21,0.800819258818597,0.43085768225784393,-0.04994202957406387,-0.3960600375729758,-0.5239672082276159,1.2669844699940545,-0.40103559239897113,-0.15007474209440835,-2.1790233137140027,0.2565627981912041,-0.7831651113431634,0.00548628620565336,-0.42712546926634204,0.07525344457648661,-0.898254753360823,0.42303882011764454,-0.19372350420100132,-0.2825468848940242,-0.38853557527444577,0.028784333887482385,-0.6516041345060936,-0.6511916506993176,-0.3440106168249844,-0.1601859305851303
2014-08-22,-0.37004633965682937,-0.6436508432249053,0.2912760212004335,-0.4877092839003226,-0.5618934452821457,-0.739053933821832,-0.3051469361336314,0.5610835337956507,0.6418033645055655,-0.2600549591600712,0.4774711129169289,-0.25018255693698327,-0.15137959189190403,-0.8209754595339996,0.06556506252892727,-0.5958610081321687,-0.33332147319931765,0.29369844377076787,0.030454579746088572,-1.185135069964825,0.5035464397229181,-0.04574275252074292,-0.4394328623045142,-0.014049028677204995
2014-08-25,0.6840685825258761,0.5750422359941143,0.5977726496757337,0.487892680376739,-0.13887661679528354,0.30178376734497764,-0.6906353289173146,0.2569152147718063,0.2892676844695933,-0.06179531042780769,0.44863631453925457,0.7667489794390672,0.20883662821045668,1.347056851892305,0.41739538873613646,0.9576960359102883,0.1331690266204387,0.9456326189249263,0.2532041401661783,0.5115043152458689,-0.4631069446908179,-0.04574275252074292,-0.2596471548884613,-0.6517331953223315
2014-08-26,0.2575229424956656,0.6448874569681241,-0.16087747983583536,-0.12918641165697042,0.11891789833774997,-0.4270087816625699,0.4908724965497455,0.09219730378768616,1.296239013696694,0.3247827365727577,0.016108857258726537,0.21555323747478708,0.45516406060204934,0.22219101871344257,0.9501237072650516,0.24611337055283927,0.5024914943054992,0.07873792594990982,-0.3322519935451245,0.11830793518105331,0.26148564574147326,0.35881070975114754,0.2937257956184337,0.28115582033710235
2014-08-27,0.03255494630122958,1.1723917071563938,0.17499235563514748,-0.11107352950775222,0.4854335733541632,-0.6490264976977758,0.2962224485165721,0.07268541584576543,1.3026497055852728,-0.07414776113171298,0.860372664832438,-0.1317476126403762,0.20592799249471233,1.4136681483488998,0.3842406081501032,0.2759703274612924,0.2931369681819374,0.015854937460560055,-0.1654168570486088,-0.14229265764871518,0.23301365557363668,-0.04574275252074292,-0.18998710552727568,1.3436613113690763
2014-08-28,0.06787966114611556,0.12041217064240217,-0.32949521909778107,-0.3034970931168607,-0.6173398766110032,0.2456198082567642,-0.2479591558175291,-0.3310060563456654,-1.6102014804979394,-0.017861611525289856,0.28797189172977183,-0.594161043280686,-0.5616953268109743,-0.1279035391884225,0.7849233785871217,-1.041846817252743,0.2790995448859305,0.8885903271216601,0.14219815786826717,-0.3557913292579439,-0.06067694430761406,0.3551370232055318,-1.3493561723095069,0.5580586269747164
2014-08-29,0.037228907106272385,0.8337948302300435,0.06333828260200136,0.13628963737447938,0.7846796855528282,-0.03327774820223501,0.3446776563794664,0.18838067299873623,0.7986103611624341,0.03830909584277676,0.1953928688799213,-0.15121896510018434,0.3577059772460684,0.6274711550236497,-0.1776205488123564,0.02036379533000216,-0.13538505911589127,-0.8150682237416849,0.5292623555875511,-0.10154480896989693,0.019175350716824018,0.15333871787798198,-0.12654323364193765,-0.20410684546846267
2014-09-02,2.0057961399879205,0.5574549064539857,-0.5306050774083872,1.874722322588949,0.9678973559457734,-0.553074046587538,0.8021466543126156,-0.09054973779317901,0.6724459038581273,0.07231123911956205,0.045026168248166604,-0.10209694496879432,-0.8254638343195613,1.4502799808305638,-0.10166987792238026,0.45910185431846723,-0.45319725932168514,1.949948651187272,0.740846626152966,1.260380855441306,0.31036995797106004,-0.6457039986457469,-0.566786832590607,1.116933130797955
2014-09-03,-1.1570485817759266,-0.012354786217985974,0.8808142105626445,0.47220379650498706,0.6617157020121565,0.38673999361785705,0.32676643364849306,1.633530832840671,0.9759365501728922,0.5642482606054322,0.18378244594756274,0.12204134605219867,0.3463908309911424,-0.47620812220130265,0.36642743828449936,-0.6546390623890144,0.29944852462936705,1.099476831126409,0.7825941223752965,-0.18875749176700007,0.6479936396813033,-0.24755347195813443,0.33666155045360746,0.7736882471641824
2014-09-04,-0.05388558907081579,-1.0916211212417628,0.1741093626754021,-0.5714742060360722,0.0368682103009334,-0.13333111986540983,-0.17725393852570828,-0.14527155298012814,-0.7943356216169962,-0.04294386493125495,-0.16354399448630114,0.6346570534662144,-1.545863074468925,-1.310562807414697,0.07228606860119131,-0.27986949695752916,-0.5674923405285772,-1.0084149817738213,-0.294885207707556,0.03546070138543091,-0.47955128682224246,0.3569634028233329,-0.37311379858326527,-0.8484678717374722
2014-09-05,-0.21283159522044648,0.4940299581812511,-0.5805266797216813,0.4470127148174166,-0.31638270638381527,-0.07351358709642065,-0.05750306698560654,0.4230102836022813,-0.4356346496145231,-0.0063061824631739085,0.47858557631513504,-0.08766391204602021,0.015947642360498875,0.06875214853392977,0.15853370419897825,0.40730800493523583,0.22607907460600868,0.11618664864167226,-1.0028303724272256,0.2049426556987186,-0.08696657399871911,-0.24663818842742283,-0.35253578654526885,0.6360060598272574
2014-09-08,-0.223342149375625,-1.0541094309725745,-1.2222185583881808,-0.21545028585512743,-0.849133396281468,0.006511665790839225,-0.33889264736096647,0.08714694476499499,-0.8260827727343099,-0.08570319019382892,1.6122540393981482,-0.36638809749409557,0.17059527418942164,-1.4765232211243358,0.017968910980150223,0.22439650792724075,-1.1756135851822576,-0.3898500572171384,-0.2179695614202305,-0.2631793849556041,-0.35061379182176633,-0.24755347195813443,-0.5583920244558531,-0.2917335207653972
2014-09-09,-0.13382592497674287,-0.9496213031691476,0.2673388541146816,-0.7532600342536757,-0.12520727711516264,-0.3145686477797108,-0.6590984643532759,-1.4094770665623075,-0.6030341856624093,0.0455478897537978,-0.07891290555269499,-0.3825082704769253,1.4037638805061077,-0.7777066721372597,-0.7089314556860682,-0.5225548730507655,-0.4299710264347592,-0.6379817477095228,-0.08097525040090507,-0.7218979657571878,-0.11355470053876751,0.1560679669166486,0.1457142606433205,-0.5735102279646492
2014-09-10,0.09090934912209774,-1.099716222209207,0.9196660046733804,-0.09571688514812189,-0.09256247009220356,1.0841092604322013,0.20301523007747896,0.1088764193984541,-0.3984469886829727,-0.22015637996327253,0.24452989488585972,-0.15135791936868978,0.1377531188330026,-0.69167484514354,0.38826023229872414,0.09940493798228958,0.5525848054134688,0.3632034287332719,0.7642081641464618,0.9756185758934979,-0.11359816249302195,-1.2707108280688013,-0.3608827534159043,-0.2958575904066067
2014-09-11,0.4520545444680142,0.005960791196426173,-0.5610072407972629,-0.11594094225393227,-0.6200252656752214,0.342244538398457,-0.3440968269848666,-0.36474549916360777,-0.3615621598268333,-0.9328547301465786,-0.4963049182617678,0.2826406468718671,1.0856512896197432,0.38482118943982246,-0.2643023696898355,-0.11368907972268728,-0.21048600714032487,-0.12759458587233258,0.7517098419687335,-0.10698970515439497,-0.4059681629779949,-0.04574275252074292,0.07047391625419545,-0.3919722564258763
2014-09-12,0.14308944783583627,-1.6266399011239971,0.9962178776814042,-0.3722195723363042,-0.43689056813733135,0.2032268176764649,-0.14042540691197788,-0.5005495226156566,-0.04401973711421706,0.15436753991977564,-0.8879701166491801,-0.17757490324441147,0.9732899040383053,-1.9879217101081097,-0.09069164510055512,-0.185080113820992,-0.45660921600867027,1.3095840989277638,-0.00026215247827778915,0.4740852041876494,-1.5729993805095972,-0.46175879022049915,-0.28696319849206187,-0.6335770674448851
2014-09-15,0.40101340726248624,0.9156938118159775,-0.020891036436483705,-1.3445832148860415,-0.5631702010014861,0.006511665790839225,-0.3224349889431504,-0.6009181187104553,-2.495246763620766,-0.8255627693404587,-2.11460391996486,-0.8064178153743728,0.2631427225658027,0.26158796936591244,-0.047109872020919215,0.139189078026637,0.14918424221465254,0.09491777924706415,0.0793906907476042,0.007936278939495205,-0.3351138849557292,-0.6772109761137904,0.3513295036049268,-0.8345023408569743
2014-09-16,0.6133754382186918,1.1754265429333035,0.03500591223579582,0.9114297286858659,-0.45499568219116676,-0.7241850877672673,-0.29114267608058303,0.6020229277482929,0.6332733875090079,0.29694394106917843,0.20190649829075508,0.6473041226976743,-0.06680711337643624,1.5387118746194735,0.7442454342116813,-0.24056140779641588,0.4564367274126237,0.4726751163367711,0.9455943026582371,0.26311771566664555,0.5957043665467815,-0.9020075505448253,0.29711603717733553,0.8543034564118471
2014-09-17,-0.4347424511822132,-0.19631840525831967,0.34091947032500175,0.6493515166451713,-0.6981528384443555,-0.39177516498435594,-0.07548556963013595,-0.5228274732743563,0.32535413804727453,-0.017569104423792507,-0.11832257852435263,-0.02584035718812832,0.9009746660186114,0.152822588434968,0.6699037238365961,-0.6805036845712189,-0.26214961503735434,-1.3277720599230096,-3.748056906855644,-0.18681440883987427,0.3186757796252259,1.0220163523067576,-0.43608405000082384,-0.014049028677204995
2014-09-18,0.7572727828181608,-0.5875319025451999,0.8575125028114894,1.677757685255033,0.7803927724678771,1.1944026441095605,1.4418575829082116,0.18851603888759436,-0.07263540223893188,-0.6478484917708711,0.6292382412803078,0.5295798617942471,0.6821268514201742,-0.8108529088949993,1.7103988582988487,0.6425172483630346,0.384619761329446,-0.6565961068590356,-2.453812229193166,1.3596157512977858,0.7436089013242757,-0.4697462499365486,-0.18476754155554426,0.8412608869997795
2014-09-19,-0.6766461157952767,-0.936098104813096,-0.4023184679133369,-0.6168895160482298,-0.6505803061187505,-0.13100521250369707,-0.8638045420775262,0.015103187684020145,-0.5552324917824981,0.21634695300083562,-0.14677087144086065,-0.30938079022499937,-0.8409634199537573,-0.4956029204397354,-0.43778953143427674,-2.758694306806773,0.10250398892336313,1.231089234929368,-1.0867912447075516,-0.4693307877765992,-1.1356501110294446,-0.04574275252074292,-0.8366517250900485,-1.9813068600085315
2014-09-22,-0.9197391829619883,-0.6153157982615608,-0.3233065100894821,-1.826972547081534,-0.2551641782926837,0.26169998398883754,-0.09129640262961553,-0.6407430520687003,-0.28188510850443205,-0.5532534972980797,-0.5382844837629183,-0.8608017857379612,-0.1705265486222953,-1.1019354676382163,0.34730004763234484,0.42700394894833577,-0.12043867224690978,0.23524456674034644,-1.0466476082006697,0.14008094808350469,-0.49655354165098464,-0.6894983599324377,-1.5144697780121055,0.4720837901568506
2014-09-23,-0.27525501758102344,-0.38545465858909755,-0.4375198056353918,-0.009247558603455717,-0.23301865288083545,-0.5245605387425403,-0.6721547874161015,-0.07162292535726483,0.5773938624257466,-0.03306817901193989,0.20153958833257657,0.09656333115734791,-0.8529777965342605,-0.321572283415338,0.2731864674804541,-0.7225116699220657,-0.5767607286942363,0.9077096356121122,-0.023141914873834556,-0.5308547726901104,-0.11541012001341769,0.16989278486560508,-0.06115260056104995,0.7074387141575985
2014-09-24,0.7286445499519288,0.48374453877713786,0.09076532440414459,1.3180664838574412,0.26007662937935433,0.8698159752800546,-0.0672787753770302,0.7190084716303041,1.0994322802569358,0.7435533753416935,0.16943587915067304,0.4146902961036757,0.36712378646217264,0.18500109079717816,1.1006299904208932,0.17216801655413538,0.06506878001945599,-0.6983715026409482,-0.11425282287470526,0.3733194854767023,0.6195485591461488,0.168839040892247,0.46050351478596835,0.03372458788730918
2014-09-25,-0.5512951742978057,-1.2908925816556875,-0.69570071704076,-0.8001692243140965,-1.7329980461914152,-0.4652181897217227,-2.3517431219719396,-0.697407158577261,-1.2318249136143216,-0.9326579506431977,-0.3957622716950079,-1.5655258943969261,-0.32943078384851343,-0.805043182752986,0.07582307545262791,-1.3019869419067966,-0.9228954829133331,-1.455942436536058,-0.297256243045044,0.16383467041103691,-1.3741230880676238,-0.6926508249681526,-0.7499875903049588,-1.5140601156508053
2014-09-26,0.3755575602283567,1.6461267198141214,0.28955504933814213,0.2729531805283907,1.782680641132519,0.12475861418260668,0.491583758113299,1.0131338391498257,-1.4029181960408237,0.23397725668155142,0.32476191985427716,0.2983593139695754,0.4055891898925364,1.5181601280269286,-0.5983792929305923,0.646818551922333,0.1709763675229398,0.40133690534953775,0.40261207174412417,0.49433683524452304,0.022324719537893795,0.17094798912732426,-0.37052653385856277,0.2793856003926076
2014-09-29,-0.2291112421026029,-2.9593534578740806,-0.6741622307167155,0.2675260363716933,-1.5646175448600734,-0.7458094594274655,-1.1372508477157974,0.37433525417555724,0.08082554595923455,-0.7353333594422122,0.5530104434381202,-0.36765056819822217,0.3245073047040558,-3.056344518580862,-0.33936564837049943,-0.6085950881238086,0.033277762644203714,0.3181444276456503,1.0253148534698648,-0.7802646717609115,-0.588484585255022,-0.6990268477071526,-0.9217607816746408,1.525834651990278
2014-09-30,-0.48487375655512693,-0.7003396231037204,0.20689543591032963,-0.4044047562990601,-0.23771004653568195,0.4826453298261258,0.028103461044072856,-0.07083385476995974,-1.0332455110144012,-0.2270196423247621,-0.9751861539356667,0.2706385104785381,-1.0624683729966997,-0.9550261602060097,0.08739146313120101,-0.2649061686074461,-0.34049884815002024,-1.431714822287023,0.7121426471248887,-0.019036277224097394,0.5776074712298678,-0.4867065826416331,0.39803717908546177,0.7873884704814639
2014-10-01,-1.032787460699367,-1.726659178715667,-0.33610054784572874,-1.1482420444304626,-0.5702174906451379,-0.9691649389740483,-1.2197755960696488,-0.3360665829111705,-1.6165828737017813,0.6305846506334938,-1.486025703195492,-1.3081598831095258,0.22318834982462468,-1.751058727282001,-0.2793646920344829,-0.7885709163327622,-0.6352714176948799,0.3853930287589416,-0.8488193167086423,-0.6183140167599568,-0.2818536785862448,-0.7155800077098988,-0.4389402361204783,0.0795010545347924
2014-10-02,-0.013752556665706444,0.9668034241168747,-0.7461501077959214,0.5225793865189566,-0.09742940984582711,-3.6820284763073796,0.17583196906430784,-0.5766130632529444,0.07021555057129907,0.07037400017606434,0.45080658152821296,-0.2970763074590352,-0.48929572819432343,0.18117257404833534,-0.3012226307718249,0.1099482866119113,-0.5894620809367604,0.17902824056953523,-0.9816935375566396,-1.5063225516693213,0.4632137402863771,1.065058332789303,0.655618688380417,-0.9090366110478713
2014-10-03,0.20621291927589006,0.6094343371851672,0.03628378118833318,0.3096395680774275,-0.15707628204418259,1.0154828782687166,0.6089816439980604,0.37752970687134507,0.040419245761443394,0.0957170637251613,0.04895392872781647,0.41784626541124387,0.10509761369149206,1.144620321778689,-0.024669505758456375,-0.303023295728254,-0.5010472463128294,-0.08682988590098514,0.3976545908158864,1.1229789369052752,1.401871785417338,1.0377586734650135,-0.20579575624427424,-0.2519291316118694
2014-10-06,0.18993715129209648,3.2653424430810496,1.7522259344761593,0.14203655279285074,1.1066676641555226,0.5054087171606224,0.4221511500968305,0.8353212463179925,0.6600093422666907,0.1431703776206359,-0.14480639494646513,0.3423420739177572,-0.7181998420360192,3.3247732592516703,-0.14810232629340372,0.1790954250453321,0.12307576455003963,-3.5824847266313933,0.3938430419531435,0.3399554749453711,-0.08741760384241588,-0.4759600833200852,0.8140243664295732,0.1288071619990684
2014-10-07,-1.607212623393134,0.2657195130840146,-0.6425145706050542,-0.28619089266583825,-0.3894231844363451,-0.26327176963127263,-0.32042146148970835,-0.7399173923105975,-0.03350913717609399,-0.4641475812389476,-1.4660860816974803,-0.27914590301384273,-1.8293032033755119,1.1046155265670186,-1.4127519474130528,-0.7978027488586138,-0.39513546383494536,0.01657231211730461,-1.2245706116265347,-0.6225585852484408,-1.250068718697706,-0.2624334941688101,0.21655834901589088,-0.014049028677204995
2014-10-08,0.6936643863526968,0.005960791196426173,0.9081131662267722,0.356266317220225,1.6516783846148377,0.5656487693738463,1.151235430881785,0.07113311938207248,0.9986545067152474,0.8927696381533392,1.4456684498050347,0.5831719094802725,0.6295383309141915,0.08091003697083796,-0.6632691536804559,-1.073036329538664,0.9774202909721812,0.683905024767932,1.2065803777979065,0.2732477992782384,0.5371928677563187,0.8147035965390191,0.21499838316354497,0.7418056582510171
2014-10-09,-1.0738065572317927,0.43457101211739624,-1.7565656550809978,-0.8392214011754873,0.03036831892247889,-1.4737860181682012,-0.2530586116607679,-0.9582743250326716,-0.787330267112214,-0.7365261168755186,-3.1504797953602797,-0.039287892096564594,-2.3115395224144004,0.4211256837238149,-0.7688493245657402,-0.2764507316002575,-1.7076265004604618,-0.8240785828418942,-1.8936496887367495,-1.2147171305710593,-0.41317772241862366,-0.906189101580505,-0.6172413162227484,-0.9604435767706209
2014-10-10,-2.3058310730759635,-1.944295040446215,-0.5779633136069383,-1.849393966135123,-1.3278318043523065,-0.9487315286808896,-0.7421110555657,3.1458717342534874,-1.066956961536099,-0.7631936093735241,-0.01685345292485746,-0.7798518965740089,-1.452134775802085,-1.92035984528554,-0.48317275265023274,-0.14367951840268786,-1.2379039233736444,-1.1655964103795171,-0.23802030682388803,-0.4053191665329123,-2.9354198572682186,-0.9232999361799756,-1.003566961201756,-0.2052387405963522
2014-10-13,0.1346841080517193,2.9218712107022036,-0.1404573422491561,-0.7241890752929568,0.46083529818877655,-0.6594602562082923,0.6647937014389855,0.8865853738144602,0.588951453035466,-0.15104955692005495,-0.5642840178444068,-0.23376808420745954,-0.38751202172249466,2.712051671611507,-1.064942730242842,-0.49332126471545285,-0.4934306433798496,0.785543085696406,-0.4865672656087615,-0.9302733477498119,0.5942434659310758,-0.9411332653024173,1.6030388051424724,1.076584169012458
2014-10-14,1.1673590676511942,0.3355294641779646,-0.20036137687927963,-0.11851126702489646,1.1952156787183852,0.3510497107916262,0.8094312574875715,0.9603006278977181,-0.3740572775939054,-0.38291180322655083,0.710832570002007,1.2931111057188718,0.4218547643306324,-0.268309085019644,0.063744184604271,0.3035877905657234,-0.8264652250465738,-2.0908492414775495,0.16347237053336672,-0.7639843638693308,1.2541695037558849,0.8496477602609314,0.8894394248399428,0.360450599059673
2014-10-15,-0.5228388846265726,-2.481166933896726,-1.2286930172964765,1.3191290000165978,-0.3096266504330623,-0.640960873139261,-0.1030940617442301,-0.32673871662120835,0.4394201070082038,-0.6719995969432344,-1.7581781842253388,1.3739586232763843,-0.21342685035010694,-2.5681958248334253,0.07476214159372924,-0.5305387149663067,-0.06527416328106424,0.3773203240994558,-0.08443313294724367,-1.1354814552901091,-0.2545474305743935,0.17528810253021498,-0.6545638830985753,0.07920424640992048
2014-10-16,-0.6290502596264298,-1.574271904462145,-0.8894175920900933,1.0564265861085353,-0.49373012737875493,-0.7348378886934687,-0.2331005444062787,-1.175592209906666,-0.048350178088128574,-0.12037605152775159,1.7125950323929005,-0.43601819788202,-1.2647355958679318,-1.8898834312854615,0.030128383472701754,-1.4688999318532923,-0.8861651856802527,1.0842419007803095,-0.5198377490838513,0.06020090743955598,1.7141012149305823,-0.04574275252074292,-1.1741214674046923,-0.764309769238174
2014-10-17,0.8852449498809598,1.718241366850038,0.7810021330944161,0.10017120293397826,1.0720226032643643,0.4871367668951979,1.357181506910373,-0.8382331579787559,0.39220557927557226,-0.6156433013337819,1.066683496214184,-0.0572139274013993,2.2429841020782884,0.7885184964599814,0.8681837583331096,2.2811282443200787,1.113894695246406,-2.523410664537411,1.0282375978589178,-0.3053210766425332,-0.06067694430761406,-0.7121916592190797,-0.17857665732843683,-0.535647368870178
2014-10-20,-0.05388558907081579,-1.0200738451573075,1.572757042669718,0.9164157337745877,0.8958652556532839,1.0434717858047293,0.6663534056618041,0.15056195438949715,0.5775773114822383,0.8671480347182793,-0.15547183130342404,0.9084373509325566,0.8474364980158939,-1.738680507738176,-0.003432525717716647,-3.0337893249011483,-0.2919127754389937,0.10954024615305426,0.8262898950666261,2.462569640659443,0.34099952048252474,0.17752181055765107,-0.6177349543887755,-0.2049034024224067
2014-10-21,0.494780514932311,-1.999772293225522,0.8266490251794918,1.047331666928362,0.49951494560177034,-0.12225146191300124,0.8019468910453068,0.06751730484743529,-0.6883636925635434,1.0693544454479533,1.3347721278310665,0.8348657075226456,0.6276964202944784,-1.5907617614822351,0.8213782054113588,0.34402533744185165,1.3608101970551783,2.22208464588105,-0.35522690827218445,0.0020882376897748078,1.3096827143375247,-0.04574275252074292,0.052856356517367316,1.6346850434850329
2014-10-22,-0.7868146737127601,-0.23514422056923268,-0.7534630951702649,-0.5555901581577326,-0.22384340823802043,0.1567079022753839,0.015073048055910051,-0.6318574123327331,0.5352107991785848,-1.1982507986540956,-0.32832058165561134,-0.14644502252295113,-0.16520125763437538,-0.7691671525744085,0.5107376002141869,-1.8368421503726802,-0.4727378535049185,-0.38190937513447326,0.548222301291122,-0.7806061272486388,-0.45253067008966025,0.17641073604823757,0.1989608306353108,-2.6268082319430235
2014-10-23,0.891597169407966,-1.9104388285813854,0.6514606139940673,-0.40482541183967435,-0.577277017431857,0.006511665790839225,0.2976183676997113,-0.2558191733095276,1.4404866900706121,0.13805957455535559,0.5617317631926192,0.01647444637608686,0.48454826089237263,-1.561430141741569,0.4845048629315872,1.8823373777530827,0.9216014088918134,-0.16092292460362828,0.6596185327878704,0.7709034757487109,0.09641038279378547,0.3952210776001473,0.02322838290865076,-0.9452485828831022
2014-10-24,0.5067690823438679,1.2626205872929939,0.5844697691255012,1.0076857927402536,0.19380280673588296,-1.1826209159727896,0.022772178074050575,0.5949644996977609,0.26319848730007156,1.5086856895037333,-0.09294839769697603,0.23404090721001355,0.02830429578478782,1.7691312993150246,0.5948939587381695,-0.4654934372386289,0.05011218815548639,-0.4973781333518211,-0.4980714988347046,0.7353345127146745,-0.3752858887698399,-0.04574275252074292,0.9415587630672809,0.18325025358725075
2014-10-27,0.3180164146467744,-1.0973887842181937,-0.628533668717065,-0.4713900964751988,0.3133655169166394,-0.5409651019499256,0.310875978257913,-0.25422871005265524,1.6127422867642074,-0.8312553529766556,0.08332815995255397,-0.3683790298757982,0.0007765324545911551,-3.978419208622517,-0.12938638091692306,-0.27157338682559423,-0.3184608979886714,1.8323406318783835,-0.7726976835548072,-0.142853912103698,0.41056067154932147,-0.4867065826416331,-1.6906010444146444,0.6225431725545908
2014-10-28,1.0598873518669063,1.9620674742581405,0.29715213408251395,1.6139297354854234,1.0349170916111414,-1.8435569162738203,0.8277863673950984,0.6722737465943277,1.379026626614892,1.8067525399986146,1.8382593194324157,0.29405309527744933,-3.281474897859398,1.2294079466197787,-0.3504048752598431,1.4353958184117193,0.7419082248790263,1.5888001643085619,0.6656926182140767,0.4966144346544715,0.5356650250975862,0.3952210776001473,0.1725763907935238,0.5190910486629704
2014-10-29,-0.7986101378207164,-0.8714486801712048,-0.8102732181042572,-0.7736053191189581,-0.7835133941984657,1.570124369012991,-0.8229558372149443,1.1025228836369747,0.4445160640629867,-0.6057100854376133,0.07764079951579798,-0.35544716220863376,-0.026012843898850682,-1.1107093314126943,-0.014376507921402732,-0.7650440503220103,-0.09761316519454244,-1.6425873766411005,1.8177515616914242,0.45917651546909033,-0.06067694430761406,2.923401452504406,-1.339035589956378,-0.3042426750739341
2014-10-30,0.42724557329269136,3.00509751010517,0.2128777178845341,2.1623404060082994,0.3954594970550114,-0.08187927499229314,-0.017521577578428957,1.0537604528351225,1.088063861529346,0.40494118890117164,0.5456658461593564,0.8094606687810972,3.7467125022588674,0.2627897306473737,0.20638290475728815,0.11985566624196976,0.014635352072621092,-0.3992682409179718,0.9706141369761007,0.008316194846046407,-1.3125814954481203,-0.2513126166902119,-0.8845492254200488,1.0428157621294274
2014-10-31,1.0310613720966113,-0.03929970116266573,2.89751682568951,0.29949782614529713,1.6936615450553325,3.1811844338966706,1.0370005666653104,1.3587433198847,-2.54858320315585,5.944122824908985,1.4810756437624168,0.2576923595454275,-1.4584169558565308,0.8910285900450707,1.3935814868646268,1.6320390955428292,0.2875942386812463,-1.5171011608321088,2.9579264353106707,3.6246649511851095,2.2893479868320665,0.9726841366749444,0.5304469237571316,1.116933130797955
2014-11-03,-0.1173333774088435,-0.6336979123905736,-0.5442989842495346,-0.37128365242271166,-0.006605839214304339,0.5947025381731627,-0.025491817542465926,0.07696014062779694,-0.5337031129258933,-0.022307589770660118,-0.713622145383852,-0.41191692109477007,-1.5481355604224492,-1.0366788171801145,-0.1781022484342791,-0.8891428648992861,-1.2431538990929822,0.9995984502217048,0.8435593896276087,0.39547780344438316,-0.3649545518119657,-0.24755347195813443,-0.8621123830934301,0.8656657432328665
2014-11-04,-0.3428620960533849,0.09353192722743144,0.034792382036876734,0.9093156382386692,0.0977367068091286,-2.943155983916751,0.7223300517997976,-0.01693339503287209,-0.2641085616677036,0.7708746437204163,-0.6710227304197073,0.06154085559662201,0.05928456573418765,0.14254405952512103,0.05730354050316001,-0.24762862060187255,-0.8946009916705816,0.9837314614327588,-0.44738329459420234,-1.724253653514611,0.06629231937039634,-0.45216470017382204,-0.9190420953525968,-0.19814809849139256
2014-11-05,0.4980856749402965,-0.27133359599138823,0.10163934007241185,-0.7062213637386284,0.3153764523331512,1.4546250163597907,1.0467458012496267,0.3481842794794525,-0.10024968255088405,-0.7997952583543815,-0.6147352786146071,-0.34255264640171834,-0.31157841069295,-0.3856299026676915,0.6973317056083181,0.25527638740697217,0.3200769926841242,0.4727022842695668,0.39267499189710825,1.264594414871271,0.14192811900543242,0.1579364522978373,0.06018745419656348,0.39929824599350144
2014-11-06,0.7791923593899719,-1.3915058197678492,-0.46796830461967204,-0.13097351005373656,-0.07942728841315863,-0.05766586884072285,0.03415229123424103,0.0336074383708429,-0.05914730461257298,-0.5272894552779592,0.4336054226785886,-0.27251008423079204,-0.32708497476321785,-1.0626219077753616,-0.3182288378070961,0.22680361992515646,0.16678410557527643,-1.515961294040959,-1.323143232301054,-1.0326085206668587,-0.6451141557724064,-0.6596161794445353,-1.4240911346289011,0.031690031896055036
2014-11-07,-1.04264124598153,0.19887696042241793,-0.2748848454236691,-0.05700854843661197,-1.1374054064421266,-0.07916397179707339,-0.6406310168789386,0.3114297761492945,-1.0320487280528392,-0.022053684875273132,0.00530712473273365,-0.4669180347742245,-0.18427231170416486,0.4236649438689423,3.0642396166053874,-0.6032428146364214,1.0993994356256136,-1.213513360307408,-0.26811638339202465,-0.792727531993037,-0.009578189633891062,-0.25228393887311396,0.9800555390781427,0.44134094653736744
2014-11-10,1.001658414216304,0.19773747516061863,-0.10624083229605148,1.827090826630272,-0.06970184901175734,-0.14368457069370547,-0.04060916394344121,-0.24450977689344752,-0.4691651550318005,0.42708799094767647,0.9991918172550941,0.5072305005262259,-0.6044840564505767,-0.7041424785685431,0.06227697385905046,0.37416067348869647,-0.20447280578054658,0.3778882118436011,2.2605041128514687,-0.4921943344028598,1.050983210388581,0.7746718607554204,-1.3391682560147846,-0.42373666531125714
2014-11-11,0.10796321783932214,0.22045547439090388,0.14863374578675476,0.44689930839343256,-0.20755317219111039,-1.1634223228606089,0.6345330974843891,-0.5251395988173996,-0.03245821075155145,-0.4712392105431955,-0.06348896925939902,0.2858949141550089,1.4383524933301386,0.07518188913135376,0.12905489156453784,0.017442915335417055,0.29029604126365033,0.8646986653127218,0.4840222840050351,0.7524307583199692,-0.21097403979463017,-0.24942195733932315,-0.427742297466182,-1.0746379546742217
2014-11-12,-0.2777584091368762,0.14820941080984065,-0.9652328728736945,-0.07933224602621679,0.1210365523663554,0.3987473649745947,0.5219514875876836,-0.07652976123090449,0.03831040562466891,0.09982601635961988,-0.13235988780458244,0.4123200829902304,-0.05465245597687642,-0.23032276680230634,0.46096115892231093,-0.8165796300478885,-0.9290275172616347,-0.20472024136595898,-0.2576199455666265,-0.25772584395673215,-0.43816850141030583,-0.25036711045648175,-0.36179197171477717,0.2181922609360228
2014-11-13,-0.010929949857847805,-1.1245836737076813,-0.42912635018450573,-0.9236849664211971,0.23655426022309978,0.7412472854996757,-0.5059804915460574,0.642461585278033,-0.17423293904150453,-0.9191986395929954,-0.281455628721591,1.2169561691037665,-0.46769978100659876,-0.9381622162356441,-0.20400637700711496,0.14687830429428417,-0.3497515610732062,-0.832610245096005,-0.6189602718221853,0.6550112059910352,0.6668617816390926,-0.45785380304258727,-0.36586086278083285,-0.06041673901641337
2014-11-14,0.03188762090471,-0.21489207268165242,0.32735932809302865,0.91203514163338,0.06724645310993105,0.9880432010682191,-0.7978332178001026,-0.14349351460530896,-1.0508513545842892,0.5988975550951201,0.8558831337943086,1.009896649822787,0.1165522609592544,-0.6714831261539465,-0.2237357399150226,0.2106481458857558,0.7060888723900407,0.03993756585950712,0.5375013778931004,-0.025726150603778017,0.08866038113649327,0.5709926559368403,0.532445010460266,1.406270134269352
2014-11-17,0.11248120390798977,-0.8921453685658003,0.46866357415873144,-0.8946554551797999,-0.28026964588206976,-1.0180262594611906,0.1104745580497589,0.08366625169033451,0.09713478740263617,-0.2891602472548477,-1.1448237264018153,0.14853068191026006,-0.80050703969965,-1.7392740459984346,0.04280468549666671,0.5649787580841422,-0.09336569849758242,-0.36608624803090384,-1.0335348807961016,-0.839323339057258,-1.2922381213859588,-0.8699998513482863,-0.0771750830857916,-0.4683675551222272
2014-11-18,0.6105931420790538,1.7549680677645327,0.5203974295019208,-0.22607858667019573,0.6961653105399231,0.30694657483878157,0.26014534382369764,-0.599812028067174,-0.7319410144653379,0.43073918541645884,-1.045782515645178,0.263976137309898,0.8477511101336733,0.25833022812673007,0.13780153065414236,0.9540332204693011,0.5618219562089982,2.3922646053974423,2.4874582718201195,0.9522098661748575,0.294008181379911,-0.04574275252074292,-1.1684276019084527,-0.19677571760952284
2014-11-19,0.7261802971781649,1.6691544907226639,-0.04967749117462095,-0.3817261820220056,-0.2362524847527602,-1.1161511758336395,0.04936789513665674,-0.13592553847275315,0.34644775803698097,-0.09366138325865496,0.7439924667697083,-0.7190408436182818,0.6949388576775746,0.19899037569961453,0.48667763194888447,0.08817885523382578,-0.07099716056690976,-0.57386101045815,-1.1817939857158646,0.15793245792840072,1.1384445024337784,0.5738899883710614,0.14175521391145612,-0.6120591421368723
2014-11-20,0.11624524387678842,0.1200572242174428,-0.3635565661568701,-0.335147765021714,0.25399926791331073,0.07178132884973647,0.034302319995360556,-0.872905552125154,-0.32544521134318405,0.1284263281628894,-0.14692041277743037,0.9491519172257216,-0.5912168932738638,0.6181512007808819,0.1828455376781951,-0.10828889347311062,0.7614836772414115,-1.2032244215397607,-0.8965600768187733,-0.43954431234644376,0.5048626811318189,1.16799404823175,0.4329964234383449,-0.2457279992339084
2014-11-21,-0.15956491672192274,3.323976435998261,0.2639837106086953,1.1458940117004814,0.8696804669911532,1.2563433292789314,0.9495573701716015,1.3207886259710888,0.5785498554232128,0.6666132610679745,-0.014987912811123764,0.9212433899880872,-0.12559666533903743,2.9732397557579993,0.5173354330473785,0.6387147189797912,0.5620315052124668,0.9067150323897065,1.8682264963516384,1.0015510117452389,0.668494702541018,-0.04574275252074292,2.5067114573274556,1.1805323269947856
2014-11-24,-1.0484010606977427,-1.1925470868855628,0.4881348288351471,-0.2233600161725251,0.6633454114011419,-0.12172355974757977,0.047501798946378196,1.4614948395512826,-0.004156791171561464,0.28585738819243983,0.5796443517421688,-0.11813040290702066,0.20052645564318977,-0.8620259636526162,-0.44306472837483074,0.8587393828233847,-0.5185079852871519,-0.9392665901140709,0.9061208989887527,0.08470815913831252,-0.351189551323306,-0.6484332476844135,-0.17409726221784003,0.7088158777582783
2014-11-25,-0.21850203591151898,0.494678740348646,0.23155894712755978,0.0741806062693404,-3.0585259241541545,0.24141183414162792,-1.7661772309151813,-0.7107028916259263,-0.17829248513558982,0.11241554909567122,-0.13478414825624052,-0.3486718727855861,0.2559525970306371,-0.28556645068855524,0.36789041622154556,0.3632756039508166,-0.3035340573181684,0.3524524724334349,0.6729542711149,0.20115429738031892,-0.13355658797327113,-0.04574275252074292,0.12869457949645136,0.43312695953418157
2014-11-26,0.22796512195068064,0.4252785877365173,0.0909507052080974,0.27928632930649083,0.4824446998249754,-1.764464253569668,-0.14707519748440484,0.7976196238826518,0.6745630088790082,0.06598813158974746,0.3438000427032632,0.7062452729946318,0.3246225742111764,0.5395928507652482,0.6595175737580028,0.25751747496109617,0.522839876421663,0.28391752706437556,-0.6338800665679711,-0.09696453857853028,0.5917200797925727,0.3569634028233329,-0.4455168913225848,0.29688559517298696
2014-11-28,0.8233956183753179,-1.6814280602767613,0.5344539251618313,-0.14596671174810114,1.4428351022715264,-1.4309326607074924,0.9527634226236082,-0.06706074690406867,-2.2167984692382112,-0.07651100392048649,0.1826880279325013,-0.09529357883407773,0.6972284410615693,-2.342606259071273,0.1230630325338673,-0.71263414245693,-3.608674647182501,0.28259390295644204,0.670970839264749,0.8953505719498512,0.6316269370634494,-0.8548708555178979,-0.9039210561184167,0.2070177554794952
2014-12-01,-0.1874771167174889,-1.7698426253786201,-0.2696934883999317,-1.4069354080419636,-2.4676969577365617,0.4298431692466239,-0.5420038780692574,-0.0425236758560127,-0.24420056996404374,-0.3371603354478783,-1.3745087774464688,-0.35052418554815395,0.3870425724297622,-1.7224912858925225,-0.023539956730054278,0.44142832587043124,0.8089453059325709,-0.31491744027076146,0.3288433669591667,1.1249285502381996,-1.3324982061132071,-0.4559369746259551,-1.0024515598294679,-0.10236908205578081
2014-12-02,0.11649088038042975,-0.6750711831174577,0.4490101151093049,-0.31337486964643424,-0.24269584232461458,0.5595567598315017,0.5950680085318419,-0.6427948711441834,-0.3057534525235493,0.06920448848209391,0.5670639411412197,-0.11466104298724483,0.6837608469021523,-0.3588887889204979,-0.7701253849369468,-0.4532678512375642,1.3628416737065954,-1.9886677159927555,-0.5078501858814416,0.9962866915327344,-0.9661142609434088,-0.04574275252074292,-1.4864140696924169,0.4262009111657364
2014-12-03,0.8613581681194462,0.2641176935375331,-0.07546068839140993,-0.5880345051561966,0.1882653368525034,0.4894609367977373,1.355648621252917,0.4758939263430723,0.34253869510459317,0.04335548850565224,-0.2077556483043187,-0.578579055631807,-0.6822620478256302,0.7975801758707594,-0.7809742880376388,-0.5881777454305928,-0.5880905166026438,0.8365995070569388,-0.07752497764407264,0.6812635007451805,0.820486070568334,0.9726841366749444,0.7430115907335716,0.7266622706246904
2014-12-04,-0.24371176371992997,-0.7027995526022066,-0.13082754416713044,-0.07925883181666037,-0.2318205357202358,0.5077637885711106,-0.11190071329848758,-1.1508914077153374,0.5784906930021704,-0.40219413205798044,0.6496189735395014,-0.5356817334230171,0.000702138254897279,-1.0711887391119415,-0.8494842754962756,-0.48702020605176866,-0.8547097961378448,1.3804094669091584,0.3533923073930521,0.521869800303507,-0.3284576998347035,0.5542184936042611,-0.6791576128229254,-0.7986265041652991
2014-12-05,0.8078912112024639,0.3858023869228522,0.7463275468665828,0.33318162049990446,0.27402355221366886,-0.14564325518226465,0.30481972574440475,-0.9432764421768007,-0.21256471036723684,-0.30705489991881746,0.08464471600072201,-0.26840591928365626,0.6009465175395509,-0.2753249632033863,-1.0964836879022934,0.4930080717351081,-0.1856726497057774,-0.9178344878517748,0.041772277040835644,0.23748761985824907,-0.25624949579678735,-0.04574275252074292,0.10728701330233205,-0.676231936960547
2014-12-08,-0.6582220354191418,-1.638630225548166,-0.4843455673113201,-0.8731271819579914,0.11201178832988856,-1.3119732007760383,-0.36301043276015044,-2.3894647511783824,0.1745385122229268,0.4153534350218799,-0.6571924051889285,-1.1171396722669245,-0.6544206654967883,-1.8716217659282952,-0.36689736575881493,0.024949569791281722,-1.1546549584493258,0.19643266339702023,-2.513788336581636,-0.399386057370884,-0.6514675055035546,-0.8475147180831385,-1.3919531757777446,-1.498535733572125
2014-12-09,-0.05388558907081579,0.6198973700273571,-0.9651639762860126,0.3933784767095963,0.20754488916600494,1.0414904422052653,-0.1626806369586684,-0.2906084879475829,0.2923225950825756,0.05373506976963483,-0.025119233729503834,0.47368703523963,0.19219046232332046,-0.2649495229839657,0.2600207775762717,0.060030188513461875,-0.02996762362548174,0.17349385280168747,-1.1877449967165257,-0.06257593535587226,0.13698431719522317,0.3569634028233329,-0.32238494458082834,-1.3046973599857976
2014-12-10,-0.4655489199065633,-1.0821379060459357,-0.6157238644018946,-0.8360352913654295,-1.5277899623123559,-1.9219179161061277,-1.0868302421678788,-1.4265551821828235,-1.1549171685312816,-1.3117917157073633,-1.1021100600815397,-1.3814544593378792,-0.4103871932508647,-1.3607017326018263,-0.4659103246108841,-1.0363343664895666,-1.2452858455880467,-0.7901113859421376,0.1753038770583425,-1.808704612661956,-1.030832224545419,-1.2650650776231145,-1.6375873877919418,-1.958345649429553
2014-12-11,-0.04933294274490624,-0.11990351754410358,-0.02148085688042871,0.7269352201264268,-0.0489070178930358,-0.1735949995193454,-0.09964221055383708,0.4105207479299822,0.22201547888660692,-0.040717425637891574,0.121524664428165,1.6490352077183834,-0.2606607330335098,-1.1766707403528793,0.35888862098152696,1.287182585534533,-0.10923254746418998,-1.3281233337206169,-0.18049822073353705,0.3503761275770706,-0.18627780641449995,0.159827111648726,-1.2004492698188176,-0.595908116436256
2014-12-12,-0.5102687612162141,-1.5687202420624113,-0.9161669046838974,0.019470160816801557,-0.4114065415179215,-1.6364346647767334,-0.8873737534106406,-0.7325797098091373,-0.9913647038264921,-0.2928574474629533,-0.1839465977799476,-0.5636520685503784,-1.6323453324843549,-1.154061784371811,-0.6841753860393629,-1.5396300299895185,-1.1832967954038132,0.017974223961562605,-1.106549066204342,-1.0010041240061207,-0.48988542113849115,0.1588816054149959,-0.3117550096602087,-2.5045819494487938
2014-12-15,-1.2938432056780655,-1.5346412033293446,-1.0264189617338206,-0.6127473161084945,-0.7701979661771183,-0.9471572153845602,-0.9819672701876316,-0.7595063610196843,-0.8387189462638326,-0.13133399521711406,-0.48442424177290433,0.07962969648174925,-1.2397545783344694,-3.440969521488589,-1.7573283461972582,-1.1938730022359145,-1.1296911364006652,1.2497512743727186,-1.66020094388864,-1.9418512196201183,-0.13676348085294093,0.9633696902960113,-1.4890003428417087,0.49285732180673836
2014-12-16,0.6280380509134504,-0.7207442113358727,0.36424904921870416,-1.0453747932597173,-0.34036510687255156,-0.13418015319394336,-1.3208634881030727,0.179052249775496,1.606564674919256,-2.0442974212731673,-0.9108600398013322,-0.3650929047474307,-0.5469903510996952,0.08514208113396925,-3.9666745981312412,0.2904703543762854,1.9127009432932163,0.24289899496642303,-0.05350253267036531,0.22687450698988987,-1.3443336592667008,-1.259479553273236,0.8116528313349618,-0.21628071914319918
2014-12-17,0.352593611799769,2.2732677882544956,0.21404379348210598,0.7044795492304917,1.2166391501838052,2.17785267358609,0.9593533440882941,0.5988578387170321,0.22192978525560422,0.5086036593923633,1.7066849169959062,-0.5169592728703879,0.37953038108702436,1.7480268708905509,1.2604969811454163,0.7568444504080648,1.8424094454245148,-0.7747359840189858,1.7086287312296056,0.7976199767708149,0.456327679407659,-0.04574275252074292,0.9219025274340724,0.137697290482294
2014-12-18,1.046666752606698,0.3738974554135282,1.428118507995273,1.412490288184841,2.230536426259295,0.7525843540335343,1.5807963381107706,2.10340369392769,0.5642864141875636,-0.2830414465945347,0.18271103879671677,1.7682111403692773,1.1321677128240877,0.7936572205064453,0.6915780121423695,1.7481996513259708,0.6600458388928672,0.7420764229100261,1.8516097089662324,0.9409760573062378,0.32397509225329807,0.5653035530680751,1.5238047294802106,2.9865433062252262
2014-12-19,-0.6283460398673582,0.3698972058590691,0.4044297527553814,0.4068206192253649,-1.5001534186661787,0.43238052811704003,-0.44053060713731573,-0.7844676948003928,-0.5876379713014678,0.0573689041468067,-0.0880025033673528,-0.18614508365615312,-0.8819659416966092,0.8089664029410802,-0.11009399466179977,0.01583661113341497,1.5940510116435391,1.2206981236141647,-1.4694350378335064,1.3962522784849778,0.9773026196543263,0.954211870685677,2.1193060019701755,-0.5919649525882028
2014-12-22,1.1505088329060382,0.5955825400471462,0.2886309516494074,0.06686915155189935,0.4359108161113535,-0.2845763137749668,0.20137426440654413,-0.0958815908950376,-0.4878384689312367,-0.35139541348392916,-0.11959270644023577,0.23850863302246722,0.40309376356829757,1.2610090557527822,-0.07828914021023232,0.19824512096846977,-0.3875368591494538,0.5223644206352535,0.45656207200679144,-0.25579101271635696,0.36410813024331046,0.7382112041045277,-0.20040674377254622,0.7074387141575985
2014-12-23,-0.22730426760698433,-0.2747534563309558,0.17510747042811348,-0.24232159579142554,-0.2636305547231918,0.07377883330768481,-0.21446308078669282,-0.13158305828255326,-0.32401471424047684,-0.2916471991871375,-0.3624998151474423,-0.91396459464033,-2.068858878414706,0.9257830795039704,-0.4961261507410125,0.1628939225720795,0.41790134865139017,0.016804995857485475,0.1491378665325712,0.04898206781766428,-0.46038324066744085,0.3410709141501638,0.18856042891785812,-0.2535203749870851
2014-12-24,0.17277253455396369,0.7805837700761726,0.11870987968013003,-0.3716975769914875,-0.10261273310178433,0.31965536754024176,0.2764800009690594,-0.5977710539899888,1.204036096557443,0.3204220128137532,-0.4528609419479184,0.3129049018875804,1.5300327800256506,-0.3892863364778316,-0.12203511455971548,0.47199565153115086,-0.2259185656387946,-1.376351838570551,1.0968855658273116,-0.025726150603778017,0.28921949503313304,0.5281890872703189,-0.20040674377254622,-0.2545520325429795
2014-12-26,-0.20487858146470078,-0.5343994222703777,0.20175589457757143,0.6730302961799253,-0.5796303562682368,0.27516011337636626,-0.7843611953729711,0.06535102946176334,0.5748740251135582,0.4801264776859675,-0.1341093468232002,0.07353378306271997,-0.2274394763904362,-0.7580747167776616,-0.360332147792127,0.1780122683211981,0.3654492040968206,-0.04980960634016609,-0.1773311965690202,0.803417462898899,-0.16042411801356898,-0.6196745923118047,0.26601564181575343,-0.35246144937131896
2014-12-29,-0.018318509537052486,0.2386041838704012,-0.5516164451637011,-0.7989413831479135,-0.10334124492057828,-0.6445749447897611,0.08917558926805692,-0.06047926369167492,-2.4834751428827215,-0.07756286925864611,-0.6380464298072789,-0.8874457648459853,-0.8377282210787023,-0.4433574523525476,0.39619469697469956,-0.3448318671105794,-0.44488220619586855,-1.6603595238270419,-0.30204497523230517,-0.47632831156491307,0.11372997609627021,-0.43255641919164955,0.14843904978040504,-0.7951811269439322
2014-12-30,-0.5811639998931206,0.28815157217395265,0.11937892414995543,-0.030964402736033833,0.37469313360685624,-0.9934453348458667,0.4679736125288597,-0.6205010676361218,-1.7195191680974775,-0.533956281547875,-0.9472244790910004,-0.2183217144715255,-0.7003597567015962,-0.0010353892033076585,0.39304686606481753,-0.8151042341443849,-0.7011533645994733,-0.16612826625228005,-1.5442245285875407,-0.9347816362138943,0.08842575175767323,-0.6323886392607577,0.3005374746159683,-0.211017167525098
2014-12-31,-0.22042099587995242,0.2604638402172338,-0.07715562257806292,-0.3523076900016309,0.03771487684794563,-0.17688510820685477,-0.2525538422525131,-0.060677064546107995,-0.10023803800256295,-0.05442444403667333,0.7159897291665144,0.020484982197537374,-0.5585380001049669,0.11023040447773032,0.44296345911418045,-0.6757355190996611,-0.30534970559760116,-0.32842453203205696,-0.3361604609390961,-0.29546701884480825,-0.20977964037290137,0.5409031342192719,-0.3894646317144692,-1.109745876178552
2015-01-02,-0.24813434958969804,-1.4181204967021608,-0.2466068077322821,-0.8629255767074194,1.2750257908651943,0.16702840906097843,2.049393110048185,0.7509305115676441,-0.6005746032369126,-0.560748839341112,1.2894498534413426,-0.17089949881589336,0.21170699696354342,-2.0773832387769104,-0.37566837682970006,0.32339114663740237,0.02306950089520248,0.7544432889297789,0.1778723402346313,0.09358822810337629,-0.3100164951563021,-1.027879366790038,-0.9459190748146706,0.03621866641174305
2015-01-05,-1.715998309315974,-0.42543627362349373,-1.7536408113349697,-0.5901013214557493,-0.5998737276612929,-1.4051230750218537,-0.8658204794756763,-0.7633846790317494,-1.7012055212889272,-0.49028571213698513,-0.47663566801672674,0.19570246030520724,-0.15900971480005013,-2.909864051229357,-1.3202951942677321,-2.5571293922726213,-2.4366916355685655,-0.11955997623822488,-0.8287303476557373,-1.4821683744516692,-1.4268808317471855,1.3232075284194633,-0.8520201116320713,-0.7218316662115319
2015-01-06,-1.5134993992519576,1.6280798912406538,-0.9167098886798747,0.07463957593424864,-1.6821835132387921,-0.36868293998824314,-2.608570141782275,-0.4429254074568792,0.6283756812946882,-0.6920789457568456,-1.366152584294777,0.6300252266713643,-0.8014978023654971,-0.2245110132815704,-1.3082384420640547,-1.4218556295292528,-0.6157976680200198,0.3149869682091158,-0.07954448109991742,-0.8416396202992922,-1.0425521415583183,-1.4146930334609493,1.6254331363028753,-0.8338469796419438
2015-01-07,0.2204450825990146,0.8885423485321915,0.12739861360123986,0.753704387124508,1.8401991661801917,0.6850105122107081,0.9419594288680968,1.1503316009809725,0.07849726669832599,-0.1165495887262078,0.18720440212631217,0.5497218428588233,0.42325341099273467,0.7949650680403205,0.4315051659622278,-0.5722858759646442,0.577697447701772,-0.7390464894293884,3.1791044234265766,1.932280095177969,0.7416487577926967,0.7417071168946808,0.760266858535768,0.6529373842726841
2015-01-08,0.9530783270492345,0.35264907977817606,0.7219620305515794,0.8603969935954133,1.0754444531858882,0.8624289086763353,0.5070929179780369,0.2607441760184659,2.6213895397866365,0.4855534747557327,1.3369826722551046,0.15638402441023513,0.891464112545748,2.3352684396573786,1.7005772362399996,0.9529879127373301,1.0044223287262894,-0.7710896801360397,0.01991761925580098,1.4779830298108059,0.29787772841634386,1.8634937005640857,0.8528219485926423,0.8465451468719717
2015-01-09,-0.6784119927006244,-0.6658660200580586,-0.7078471547522673,-0.4010941795012389,-0.21501647262993173,-0.15459307891197926,-0.17700574089116744,2.4806963375247237,0.43388469425215176,-0.44540397558367556,-0.1448585656293871,0.13255664520410423,0.5005039310388613,1.1721291849468685,0.9866843021440045,-1.0475211344302389,-0.635165822179535,0.22804969705576444,-0.5944310375982454,-0.9582616466143583,-1.640248319046927,0.69539937765388,-0.07967974600509882,-0.5694292464181538
2015-01-12,0.5894385048293149,-0.9627063441526263,-0.02299772203041775,-1.0692109105502898,-0.5304523547916196,0.006511665790839225,0.16381887831440312,-0.11064934966568316,-1.4734339536800551,-0.6401422801456785,-0.06967930845502411,0.12421955792772305,0.6688554528104571,-1.9444438594106783,0.6566099653506247,2.4482563369050654,-1.0161563615587241,0.5047433489687092,-0.004096177134786737,-0.05075102739987577,-1.1480854556997602,0.3202013407213954,-0.0059231574273440335,0.2895685669408013
2015-01-13,-0.05388558907081579,0.39163624714729023,-0.02301098889670194,-0.23033310651889222,-0.30175476075427815,0.922006928551,-0.7108502790706301,0.5340132706050741,0.7435384802478786,-0.13553431110192388,-0.7947917524045298,0.2857309024663955,-0.05485000040321767,0.8490229486330677,0.03770354584656807,-0.7570491918240567,0.040390349818258765,0.15626791016166008,-0.49981270915499515,0.2054065836811119,0.6313703473973183,-0.22834458068138058,-0.19106268706098464,1.0359664160204445
2015-01-14,-0.21391621943431338,1.0878577426575617,-0.6294983110929682,-0.5054534998882352,-0.2923803339030085,0.999464196110567,-0.8388537863243082,0.008070805173369888,0.3422028538727458,-0.4819082860225151,0.7851715146601078,-0.043033569780135984,0.4757469636550507,0.1578944569243034,-0.19161470891969545,0.05429878597394733,-0.5513964051839623,-0.5367999758495776,-1.2625212733245912,-0.39461208962707034,-0.03422160361559217,-0.5981028261905563,-1.801432911782751,-1.3169612898561511
2015-01-15,-0.5991199708469794,-1.281064164211708,-0.02350260611874931,-0.15322744437539101,4.114736836901283,0.11843324542633876,2.9589170398877487,0.42754904442840913,0.26190220427371225,-0.5454998880379891,-1.2770933139106384,0.6472842144190125,0.1306653694471483,0.3531657924381239,0.9583636035610068,-0.10145182936493263,0.17723527987849091,0.8251976268883016,0.5292703325744764,0.5735977898838526,4.579023453284926,-0.04574275252074292,-0.16355945049900641,-0.8823653916461237
2015-01-16,0.4583385356281558,1.1192189972143487,-0.5157497680822921,0.7790735133717434,1.2663821839146243,1.20361539834823,0.4467171789819296,0.6223366293053424,0.13615464436449648,0.6916365153751882,1.289112316589759,0.693693288099375,0.13021522477729006,0.5791837153986424,1.001382611297677,0.19152229250253006,1.485388380283718,0.17795243766395466,-0.7127610057854121,1.269651025240488,-0.7706350891832698,-0.7931584581199023,1.6112238611515954,5.195803484967886
2015-01-20,0.30803617998947713,-0.8255464978765636,1.8536928119903775,0.03281121791414207,1.8156699228066828,-0.125444209328098,0.4416669689037575,0.007040771994001703,0.07363082176941373,0.8910816655997836,-0.32016724749110903,0.8120237504013291,1.0437675383197111,-0.975100981361287,-0.1655223581438117,-3.351505168519126,0.1559994922690715,0.9470558496711372,0.32784037371272795,0.14537890329324527,1.1336836168221587,0.7016729530784164,-0.15642165275395079,-0.8658088439587945
2015-01-21,1.230858222990885,1.036007455174865,0.5076293990365128,1.4151506989570797,0.0363729646253631,0.6856139536237341,0.15287376310674627,0.9234202937083993,1.0576908180315743,0.13500610306320043,-0.43441179471696395,0.4270193449867776,0.1407475943921572,2.0606302031515136,0.995133849768094,0.4806050063276163,0.793340175129657,1.1540235875087814,2.637787225994781,-0.3315462580809383,0.22796569221066101,0.5066173211490705,0.8497738745836972,1.6889782539236025
2015-01-22,0.4045655629808849,0.6675783287356851,0.9334460745704571,0.2829525344104475,0.800676784928172,0.41939428090519,1.0991542226850182,0.9392909441015809,0.7970526694143363,0.6919031910042968,1.0948691516414546,-0.22233296155873256,-1.3627186703482568,1.079807358758532,0.5274304453631885,0.23881831626628147,0.1835343163059268,0.8503731583336215,0.568673529688396,0.7062703487232327,1.1261111919123445,1.2168264269136104,0.32269303381344516,3.1077437512926656
2015-01-23,-1.0996682984425072,-0.7547773448338834,-0.511542371265948,0.5991910284432527,1.0038187093842104,-0.2322235854656523,0.21672556690521924,-0.5232804448282834,-0.06418936721463984,0.4160332211967005,-0.06898129815081022,0.32245379929351947,-0.5686405343929012,-1.4519820774823495,-1.5757829657960984,0.14278631090211008,-0.5117627377845833,0.9676692706589479,0.9596512629016036,-0.1472515005082583,0.5930433630325493,0.13170076422189467,-3.214873559858537,-1.0805753309433215
2015-01-26,0.865236360414603,0.4987019334941836,0.18063610246224743,-0.6647290882961293,0.622095866939964,-0.2330565084239788,0.5912709186473647,0.26241386050648,0.9188483695688587,0.015900036934437103,0.4203348087808792,-0.687844956585039,1.7682101103836607,-0.07567458340150582,0.48785547233493287,1.4644862352299843,0.9598475512462208,0.23041632111512586,1.7134662998948438,1.3008978121048402,0.33251285229198574,-0.2231862692633805,-1.5721704120353557,0.8761123645084109
2015-01-27,-0.5044087424759103,0.2981974449910477,-0.1375319698675656,-0.33383906512614847,0.10370467523786008,-0.49718502688514893,0.3134415078803269,-0.9297526680548183,-1.2284007774446903,0.11110227049369921,0.016284390107552334,-0.3604478861008324,0.4175453687618522,0.8088190961484825,-1.463492783195783,-0.578122734628198,0.18122780353560175,-0.8873822418995517,-0.7577787423529635,-0.4815072372858081,0.008422542422009422,-0.4028010742538629,-0.21791556095970746,0.38201882186981084
2015-01-28,-0.8327452060854688,-1.1032064197653424,-1.0786495655945472,-1.2851287289645972,-1.3173641887864407,-0.7672415947807456,-0.7060002324066011,-0.0425236758560127,-2.0215024643151787,-0.5591274177283121,-0.5798228822857397,-0.602216667215152,-0.7496711272661907,-3.4383119180481843,0.43568982798949585,-1.2577603645227637,-1.9763944069891985,-0.11351417555048664,0.8534836443888835,-0.11598866038314781,-0.6623934051737441,0.31131556921237713,-0.955996915912428,1.0288836662157441
2015-01-29,0.6380181614239853,-0.47346995252551294,0.3917110459941605,0.018290023923888045,-0.5563748161228127,0.3392001560070296,-0.36974231856210993,-0.894235068107213,0.9294792167334543,0.3521645361920667,-2.910048245515644,0.16732988585532604,1.2605818266001525,-0.668168333669649,1.5416237540068969,1.5186129747730952,-1.426384517777998,-0.37524609916260215,0.19322590101502826,0.6935278380939007,-1.570182258631313,-0.9438762078141397,-1.3036305125533822,-0.5766030615381167
2015-01-30,-1.072087051118698,-2.253211507412057,-0.8258280005093676,-0.4467168407054654,-2.8695426059396296,-0.9067218431089274,-2.4045281271436223,-0.9406233021301051,-0.2359951412351633,-1.1062066049092119,0.6303285961033246,-0.0103751938963476,-1.9316123772848282,-1.6997224594997709,-3.626303098759703,-0.44902724358713414,-0.6957967967271004,0.23468932258750988,-0.6837941995080706,-2.0196830103021806,-1.4648875722472618,-0.9625385503315175,0.5375472241800856,-1.0231390103106306
2015-02-02,-0.4719451064146964,0.5449411721086981,0.6924282176908961,-0.05495744532924051,0.6695035630041157,3.011121484596339,-0.4655619767430872,0.40828661136172195,1.0235622718550166,0.41384764034557425,0.01844814658448906,1.2543563876476274,0.19906207819889435,1.7398313356899437,-0.48220484115336076,1.4548049077779226,1.2010628185594312,-0.332256324340603,0.03700162104380835,1.3332418436376094,0.5004213866980723,1.7691865005834284,1.8680900627427266,0.8644309284274343
2015-02-03,0.3407795066066314,1.2354333350186202,2.780874981678855,-0.07712690271385247,-1.1413785658715911,-0.7702120314028073,-1.2589864772992236,0.23952365143593554,0.4796784613817112,0.953684356522211,0.8428306429698316,0.626327881393679,-0.02638202844150863,3.474629655270965,-0.33571208648959744,1.2768989376737792,3.1328926410498723,-0.24610061137572276,0.0819631606246262,-0.01972876406506223,0.4467220246483688,-0.04574275252074292,1.723015136241345,0.8081372008109329
2015-02-04,-1.022742787273008,0.2885660159558717,-0.5501291794485537,0.01850048716852455,1.1034307988847787,0.2015246685415715,-0.7903168234885335,0.38615918923443787,0.10107573408349972,-0.4144702878239484,-0.9455942003983112,0.5476472184942197,-2.214715064357437,-0.1124480507531296,-0.12192116487941045,-0.9132224908393197,-1.1952228671687275,-0.22499264941212024,5.40395180442664,0.9188645614540939,0.9641090507633383,-0.04574275252074292,-1.231136985280605,-0.6187150891312333
2015-02-05,0.5438875667497315,-0.43181496987930024,0.6195727689231348,-0.07726111086594463,-0.03796625542859337,1.4409140635747437,-0.025491817542465926,1.528942429535254,-0.5021600938020246,0.455527784893965,-0.34499424816929714,-0.26007076168316356,0.625509302132344,-0.5651023983694154,0.3610976691352201,1.170445970900144,1.054092540055872,-0.7140640779599605,1.7060059448125644,-0.5863100948993173,0.1279282626011453,0.3084367305025607,-0.13110108086955324,1.3163223395659613
2015-02-06,-1.155463660079478,-0.6218391236666463,0.5289620413723902,-0.9326222199525164,-0.8508180662677568,0.09118617679732761,-1.516507268333575,-0.010560872190278526,-0.26256116958539294,-1.0163586099381605,0.2886884571561398,-1.5105663680594064,-1.866845188382758,-2.2587627045634124,-0.48681729153892533,-1.8670826325527339,-0.428737356760657,-0.3850064299538623,-0.5474158511269702,-1.3353249325615841,-1.3944796475872663,-0.7569805572771712,-0.8533910236244143,-0.18397353438036404
2015-02-09,-1.0971771627260551,0.6596913766622277,-0.18447974238127374,0.6125107884994163,-0.6483154087723315,-0.20539217383417233,-0.5070803101660938,0.6401266196663976,-0.8800275202080116,-0.19413461725080672,-0.12185267523832047,-1.7369414932295482,-0.5764513761632845,0.7325190640492014,0.6181560004921843,-0.35098207571160145,0.3623906078857875,-0.522829573232166,-1.82984289070195,-0.2756280543802472,-1.1069462415035745,-0.586817886081015,1.788794937941466,0.5363578513316382
2015-02-10,1.61716773966017,-1.3799081148152144,0.28041910616004295,0.8152314006915349,1.223617490078779,1.1847729680877401,1.3254831447935747,0.4133276940309529,-0.03517475680163131,0.7333234787392625,-0.34693556059820746,2.7772508225855055,1.041696890954079,-2.046590204379942,0.8419960797635319,0.9170298652155269,-0.48234603762307465,-0.05028911341644014,0.7006695360011923,0.9992686652856511,2.788104983734849,0.31570944626062547,-2.0593710876651374,0.4057534729985392
2015-02-11,0.5705800077720815,-1.2922502182004538,-0.26630423036073086,-0.8746494832165377,0.6526647352848136,0.027349776834313312,0.44154141608589703,-0.29356732199733465,-0.4088441328996033,-0.18874516373703926,-0.26708386845195625,0.37776219104705716,-0.3941799612115993,-0.0010353892033076585,0.7768447354606046,-0.4668661715450394,-0.37001437537473475,1.8447703274589693,0.027383882851550693,0.07666353968784266,0.9338673811647515,0.6683820207339228,0.5520255130991125,0.027753687410742255
2015-02-12,0.23669071906964273,1.5471971720640691,0.7411007139962605,-1.8346407457944114,0.9588560399027471,0.48440665366190994,1.196156807108879,0.5830188705653749,0.08951806742811216,1.0857168545344182,0.3758944415191947,-0.9299874773541801,0.8255715767622509,1.3109649727208146,2.4691632942803245,2.01111670927009,0.5324621077334676,1.5136296248803545,1.9489089255345216,0.45426118095445844,0.3504473375132946,-0.2231862692633805,1.2860559065652113,1.1852896022939807
2015-02-13,0.15126701496995063,0.8036619586939686,0.3292379597735903,1.366442504464551,-0.9502380696554898,0.2957689584587775,0.19982759260681776,-0.24508077719221324,1.4721487650371634,-0.5798093699297645,0.1013661697928189,-0.21008723342595545,0.8425556618854962,1.7581242901995613,-0.02423507134501006,-0.01899321810409214,0.7388924800085448,1.2259103777850113,0.31483971672168504,0.3739989577350564,0.7749583513248122,-0.04574275252074292,1.2744813047197012,1.0802989213501255
2015-02-17,-0.7615894701315267,0.708205703527877,0.4328338727870792,-0.6267397195884209,0.10265814748913929,0.5404470102220389,-0.32617301699767937,-0.717681444594144,0.2982282456720916,0.46333651243857243,0.19468707197063104,0.6601084209581021,0.5461839721044532,0.45951133129578475,-0.3012713536922988,-0.027867915830228258,0.06100308757934663,-0.7024922768665263,-1.423453121938218,-0.2701057202822392,-0.21779877688666185,-0.4028010742538629,-0.24207836949953937,-0.7819422205899177
2015-02-18,0.2942100829030426,-0.22652386587782272,0.32358555224407426,-0.3152502949543162,-0.09417433098973693,0.25152485824613324,-0.2523578994914759,0.4763395639549426,-0.01923969688521269,0.16003173411928712,0.5396834442160788,-0.04614712652975102,0.9626446262018499,-0.500314828702018,-0.4826396559616861,-0.12560219190376176,0.10613698692250818,-0.026326374559992056,2.689381278341359,1.2062986103760107,-0.19573138515787744,0.1331404759810371,-0.04545100256870972,-0.8337211941320508
2015-02-19,0.3615327694595155,-0.4637994640607759,0.007057437899656059,0.021142410427454718,0.24248386566602298,0.25065251888603257,-1.3337649129820344,1.042719748029983,-0.7024676696594588,-0.6210150591438163,-0.0277728069442485,-1.5756643533023151,0.3647128241219814,-1.3114739431780629,0.6815505524363206,-0.09017308367685191,-1.1110960893854076,-0.3889409007445906,-1.291369889273485,0.6297880471038831,-0.49048244458540885,-0.4042489158014267,-1.174416672507203,0.15083064121118428
2015-02-20,0.06216600284565731,-0.046653385168364175,0.3994335530159255,0.462100767583271,0.7489487257765549,0.29020720954936746,-0.14281551987414154,-0.474167295421186,0.9499022805324139,0.06919055277964334,-0.17760972242813,-0.22528149532496172,3.189578722116031,0.08021599268390572,0.48700052100706837,0.6450592798213977,0.5519155280080792,0.29369844377076787,-0.2659016730093839,0.9128873329886577,-0.2426504800534325,0.31276341075994085,0.5635793821463551,-0.22022866991720658
2015-02-23,0.07113626495134898,0.2681796474271746,0.03308086701632883,-0.6110783798074101,0.08139734351304126,-0.4194937568241371,-0.8557354765083985,-1.1834114561116196,-0.29006337117041037,0.12883582703724758,-0.7065285385088318,0.6597323450301346,-0.11987638184266157,-0.7412881730524884,-0.41706832673318833,0.025017155819137542,-0.481481009648712,-1.2087449659677485,-0.5003779978342948,0.020335275652564336,-0.5641718162025436,-0.04574275252074292,-1.323064186237185,-0.7206729970444921
2015-02-24,2.4823964989659144,0.9841809694358956,0.24058721581271647,0.3181520261046174,0.25475126133365056,-0.21772813311852457,-0.025491817542465926,0.8347139776095256,0.8340564980157934,0.20651868238142415,-0.2664342637136498,-0.7887315715041177,-0.2261923235559275,1.538619751270605,-0.22182950563326587,0.1479708397130936,0.5511634819719257,1.0707261178222913,1.3139713376103024,0.7532524467050101,1.7933066907841866,-0.04574275252074292,1.1090076376739515,0.5685248258078417
2015-02-25,-0.8415519237565517,-0.3768073375681134,0.03293179549887193,-0.8760955645548018,0.19871223533157698,0.29177358552553273,0.054254111505563946,-0.011438488487729763,0.2624386948909985,0.41908558092348397,0.26865026887249016,-2.8655021397319542,-0.13351355133959475,-1.499024406783677,-1.550583860902336,0.25247012052792167,0.05379017231557162,-0.7130284690332902,-0.14866154864157943,-0.8680446681104158,-0.06067694430761406,1.1865704938209436,-0.2912315484447461,1.0522836963476185
2015-02-26,-0.5290729608312,-0.09685102581300407,-0.5133454252411428,0.4626429080962446,0.7018761059290429,0.6741890532832115,0.45000050880039777,-0.33847730407535476,0.8021131715288067,-0.9138131866610147,-0.43398863031749674,1.014725271251485,0.29126646433690284,-0.8467328656764275,0.23968617655382454,-0.308009049300224,-0.8729914529575108,0.27476679169827367,0.7779739723221317,-0.06604156713353071,-0.8670369284955575,-0.3943368542141118,-1.5583027469962525,-0.503726602756631
2015-02-27,-0.15761569431053915,0.03166207480770622,-0.6526209482455672,-0.41190492117592964,0.7008573689271994,-1.0485911899897544,2.014977021020121,0.16013986453389914,-0.4570676493007969,-0.056951997176344346,-0.6607637377389147,-1.8513842317222304,0.2500425093200701,1.4212781954599756,-0.0346577583097577,0.2787622437365784,0.42397504436255506,-0.112550542986925,0.30153305505606076,-0.8543007126178843,-0.40011996625149804,-0.22107687682285335,0.3362655634476296,-0.46665406574035656
2015-03-02,0.9514370817149335,-1.1717124228097717,0.5881141778565588,0.25604370524950476,0.5949804075702148,0.14950790850071977,0.4235978345627925,-0.21397392399844292,-1.4472467161742268,0.5861762072348135,-0.26397917688089273,-1.2166086129411195,-0.35741210112179045,-1.0818899740923,1.5546240979350063,0.7794801573711867,-0.8263830417701697,-0.7844792411034053,-0.4460544567351964,0.2649630600313643,0.16585590775364603,0.12959137178136748,-0.9121786916176269,0.1921306125627966
2015-03-03,-0.6949099222054685,-0.0020504777593259504,-1.109269104752624,0.2564006186363749,-0.47673077881680476,0.08808779630509155,-0.3618715403175549,0.39287541090009204,-0.4282259434725242,0.1149931351934488,-1.1942477216220786,-0.3740185616539561,-0.42559413057138196,0.1680919017372135,0.2606663653454678,-0.6255894569401287,-0.7847986484575821,-0.4422919660865617,-0.5814758548615255,-0.29896937584320904,-0.35535676021306245,0.12890055317928403,-0.3581320779225188,0.1503586855771691
2015-03-04,-0.044908738126938526,-1.4090443770645154,0.9920332539936555,0.2644383877587441,-0.43588390536427196,-0.3408554154567792,-0.516000312531339,-1.2320992592429891,0.1780079875426549,-0.7489668507969685,-0.043587033339627795,0.271043887067351,-0.2673336453882449,-0.9882854682927225,-0.2106852380808853,-0.48229896157296864,-0.30111113939361517,1.704439809086452,0.06008245853504332,0.04415079747664181,-0.4483911443915902,-0.5717506266144438,-1.1325838842391014,-0.716072174902691
2015-03-05,0.32099330034057083,-0.497968873840865,0.37382064889098215,1.2430067541215064,1.415804106475151,0.33349003694447604,0.1260221058062356,-1.0477582762522009,-0.39965994774611263,0.1446153664723876,-0.23858020788721407,1.5784382019862078,-0.3218566709592112,-0.44178918392175087,1.6508007657779864,0.06869756765323753,-0.4634499484079074,-0.7783123842235364,0.26698518845936065,-0.38730328793886826,0.2360447067927317,-0.3999222355440465,-1.6540290541676232,-0.014049028677204995
2015-03-06,-0.9648407858804795,-1.0539652536023179,-0.8626424304559102,-0.16824251205029409,-1.420784724222423,0.5749714976865308,-0.5963730513623747,-0.4463625489556804,-1.7429324826671484,-0.8146491230206453,-0.851642902133135,-0.17223569606424335,-0.48518958675703816,-0.5396050151816838,-0.6182916016683524,-1.3476046009566536,-1.0553779673227053,-2.047992858416348,-1.0975184837625331,-0.03155459119207305,-0.9093997275770972,-0.22391784575207854,-0.542193361587586,-0.43107927688740155
2015-03-09,0.2216515179717174,-1.817279813604607,0.2627341481329512,-0.3141594212998823,-1.130100338117676,-0.11490000487041847,-1.5058983043888923,-0.7110894116798214,-0.0989497158134617,-1.2307758653800145,0.8680912168452414,-0.33416837078796924,0.0676430164125646,-1.732634082313791,-0.2753045944099103,-0.01899321810409214,0.09082100161610882,-1.5651300339192282,-0.5156415774709213,0.2660075354396672,-1.5600204975293717,-0.04574275252074292,-0.9542077874248012,-0.8573884913856563
2015-03-10,-0.8623117546498925,-0.7705612973270263,-1.107620213975405,-0.22921961776619568,-0.2735495676723306,-0.2776241293640386,-0.6239084777910568,-0.2726187350925414,-0.7848651022996782,-0.3599906492882079,-0.2665545190262735,-0.24505031112059758,0.10790159856644896,-1.440326794401523,-0.6870273956477473,-1.4411360081076365,-2.022727536135586,-1.793189006800006,-1.4249850432818019,-1.0220442454578569,-1.01864709866232,-0.22462598102252293,-0.46525370360294355,-0.6548576791653002
2015-03-11,0.1882279171419084,0.6594449798699347,-0.18623587823820084,-1.154643465153026,-0.4389770081322244,0.1284175378373847,0.9280940966505581,-0.1414208663900713,-0.13273287700225964,0.6984586005628023,-0.750555151541457,-0.8489287907942795,-0.9768090505898601,0.5539668301377798,0.6679693957546887,0.23706580202687974,-0.5398052267287012,-0.7873539428237887,0.4797409025328971,0.15690590003876573,0.99222588513568,0.1331404759810371,-0.4199066954276892,-0.31557474456228296
2015-03-12,-0.9182282920120485,-0.6789477749695154,0.1452133671583465,-0.19030725668192391,1.1474178914865585,1.849019212793842,0.9077855562729187,0.938823258999226,2.631699695101063,0.3429433003011787,-0.8813326434001288,-1.1230816793474043,0.7340457866221625,-1.018768052157819,0.2079279635072167,0.7968758977234432,0.48125759225669384,1.4333545456046584,0.5132833020413796,2.0245127270475187,0.03406376728873248,0.48661182373390083,-0.2674507236302799,0.5446602599822238
2015-03-13,0.260534038984279,-1.3085611816796583,-1.0261629707717772,0.2115493333145473,-0.22627737239530651,-0.40967693714262654,-1.7519784688793782,-0.07496806213830257,-0.6507579715566325,-0.6623764671414211,-0.1162705870182401,0.33354742967235096,1.3221383179078743,-1.0586154043948792,-1.7993587914686298,-0.02798581477788926,-1.2097992610379111,1.1726565926415695,-1.1733854751593433,-0.8093272129025136,0.7614621183794318,-0.7569805572771712,-1.019954708145222,-0.5727583173366337
2015-03-16,1.008262882200239,0.525012937827311,0.5128760697975848,0.1696119065620662,0.3825852219682104,0.6790653106817996,-0.1858684542139622,1.415205234661302,0.15051045569770788,0.345400708280792,0.7665211181440308,1.4058636980164716,1.6158630762442001,0.42698573115592264,-0.09422849631607147,1.2291567326679103,0.4449217821476738,-0.16540898436889367,-1.5437944702206832,0.7521225711014597,0.8643074162624175,0.31131556921237713,0.2640948410930682,1.3093336864438911
2015-03-17,-0.525119070024688,1.1767403135181644,-0.4140338312263085,-0.3934156477692447,0.06000189074446731,-0.8252450206981359,0.25479011172898164,-0.7267200215114292,0.929631449979235,0.11442756692480273,0.6137381187818356,0.048075812574522175,-0.8305604278218549,1.5461883842148383,1.7442452820621037,-0.4351866490994555,0.5698095738360812,0.3380069267706805,1.812717071625744,-0.3474517433270935,0.008069465518381246,-0.7627779073402402,1.2589912517682813,-0.4375910412394813
2015-03-18,-0.031114290627239798,1.585861310367897,0.567572218497247,1.4861220466960015,0.5637700078582603,0.6608885922859251,0.7263388775988101,0.768055997599445,1.0323601819076509,-0.43565946028709224,1.0403792730613526,0.1900547308598328,1.2113432085173201,1.3195415629837206,0.6579163269114787,1.698237578057606,1.9434137743861555,1.7936305221470734,2.5619615895179897,1.7503242196345317,0.8480789642019965,1.0254718853220623,0.045692519313951914,0.6621198267965382
2015-03-19,0.09152902091899273,-1.4497890731712608,-0.49706684142984997,0.6838733897288631,-1.4012764921588308,-0.8274435052711288,-1.54229542284792,-0.3907683929989396,-0.12328466355520958,-1.015725862171505,0.8049571919859934,-0.8037047027090348,-0.3918413640546788,-1.9812274323551606,-0.6769971235528958,-0.5918897618151105,-0.44686067281051617,0.3044486182964608,-0.5435918083263126,-0.0144899749768761,-0.1734556796128297,-0.3999222355440465,-1.430182328247144,-0.2666758715886719
2015-03-20,1.297441379437754,1.4617106555641133,0.9818537983582946,-0.3479759253114532,-0.3728190703723822,0.8799124651142797,-0.10680510947070847,0.1635175372141203,1.3206359216306456,0.44069867140581065,-0.19257406692206386,0.949254306311777,1.6717387634161172,1.6429366719873495,0.1881604722713352,2.0812666554664596,1.0955656297900453,-0.8935209370873642,0.06001057370761319,1.6393577738036509,0.18715623184786495,-0.04574275252074292,2.132300470326448,1.1553909581550563
2015-03-23,0.19260093698704997,0.5653202823806672,0.22671649195643984,0.7651076286892701,-0.704664796099526,0.3017090346747077,-1.9809203725768358,-0.23267097187824798,-0.10599564658983654,0.19488699577979765,-0.06767168583883668,1.1958012414350165,-0.19304237463888563,1.1347296066271242,-0.07216591213024035,0.3506888752854749,0.8324613091295451,0.1289879623223366,-0.2997362522183828,1.1936014074742216,0.006710337390501087,-0.22391784575207854,1.326992336435798,0.7660248362924806
2015-03-24,-0.19898609699618744,-0.08173327656827722,-0.04774650262268207,-0.5869007982186003,-0.38825451142610756,-0.9426749483171266,-0.28153165312912615,-0.47273866499587336,-1.0039697672347143,-0.940244259247067,0.6915367559639103,-0.5056041567601856,0.8193693090612274,0.22969038514501225,0.8744199013673143,0.2568139632474774,-0.7173840276623761,0.5283735940115996,-0.4537092699556272,-0.4609666034139674,-0.7383589096587619,0.1324323407105927,-1.1879294111866763,-0.7528057275773052
2015-03-25,-2.6590358540437418,-0.5846702990298964,-0.8517931083887378,-1.108113543197745,-1.9002337209218596,-0.23289088826575677,-0.8026714405024118,-1.1731887004459869,-1.3880086830555236,-0.4082656015978587,-0.6131890228613905,-1.0913779248763236,-0.38043384532971714,0.6795410839950831,-1.0769120712895832,-1.214713598517843,0.6143256364402208,-0.4270094258992639,-1.7643610809290209,-0.4140558168717525,-3.1445470490692657,-1.6757808767011437,-0.35918567478996144,-1.0562652232141927
2015-03-26,-2.703434313959237,-0.9916457347284292,-0.4148613538450831,-0.4412250944673659,0.33387966766803717,-0.39625632803041233,0.6231242438562062,-0.15682904891872063,0.9923038454248891,0.04269291231257093,-0.7547544374917374,0.5525442946638429,4.159575415568579,-1.0983524521796697,-1.187359399829132,-0.32588569458561717,-0.8656502396214346,-0.5196698100469064,-0.35075396885023225,-0.41047243017453433,-0.012662171621546288,-0.7900084983688622,-1.459860202903086,-1.3334691583765104
2015-03-27,1.2913127249820124,-1.3013207700376965,-0.53351512806247,0.3698159533963849,-0.0950125321045954,-0.17553679116671406,-0.19752973130213627,0.8494953012136088,-0.40950046497839604,0.40712892455435273,-0.13387047148947093,0.8720733752917699,0.640877416965928,-0.4242933330124714,0.4187022433384015,0.6524365066601493,-0.723220066904861,0.531791021800521,0.4212959122506839,0.6985181065585734,-0.6882090974282115,1.0659919380734284,-1.474372165069894,1.0523743429696772
2015-03-30,0.5437829690036531,0.6502632209922613,0.23551393656916084,0.6178803431694884,0.6802391764719863,0.4304958550338282,0.48857025258224623,0.406301250940281,0.8182485815725606,-0.39202209059834764,0.23991372845817185,0.41051081352483537,0.93335619329287,1.067735232912627,1.1204558697644353,0.13297780183728003,0.3720477307024301,-0.6318717709808378,0.5535084584448181,0.05730449281502385,0.6867482194033167,0.13685907563989475,0.6551704682776394,0.9912648994102148
2015-03-31,-1.0492906816355634,0.9317515973230225,-0.6820542798549035,-0.4045743315125502,0.42015299731133887,-1.8502368333749657,0.27163522161207704,-1.1712526802955299,-0.15273490776925794,0.20357648734272854,-0.7584475184184329,0.06580552369290714,-1.5422648598024056,0.36100722009260666,1.3406760200319419,-0.48450435137793246,-1.0632582563342006,-1.3467596569998677,-0.6605135237855486,-1.5109506942206006,0.4874411671855951,0.3171894439334711,-0.7785497111889594,-1.6568227839756844
2015-04-01,-0.3870439913173893,1.1199160345917785,1.064796596206942,0.5126258394283069,0.5086066037192957,-0.09700763819463211,1.0607359613872565,-0.7636209802220314,0.18892563028078924,0.34396439812647156,0.2964018967851505,0.6149704851554099,1.4038194276070763,1.4857443222437428,-0.3522860675842108,0.18456443391309396,0.4521717117623194,1.291595075395495,0.8834260751587404,-0.8245136797153613,-0.6567249803423152,-1.1436368508054124,-0.39944590023272114,-0.7885440031256282
2015-04-02,0.13953199806928332,1.002841413949379,0.7347746515860764,-0.483977511545413,0.9938899929279531,0.5430612693961117,0.2624280836589835,-0.0425236758560127,0.09949598242162508,0.32257826763732017,-0.20089466190626348,1.5681095863291463,-0.21340254953394522,1.689405517773916,-0.22192917616351832,0.27668310060107565,0.11699097495423454,0.5329455973996294,1.0758077494732978,0.8463040139769635,1.0311707552080045,1.5910114073520882,0.9962539003061951,-0.014049028677204995
2015-04-06,-0.30061072389685184,0.34773459773379883,0.7224245099444948,-0.9487051992792866,-0.1647563963262456,1.9115709094767144,-0.35467920563229377,-0.19113959364969654,0.20255429969662417,0.2762678785845321,0.07378286997658048,-0.195318177708056,0.9788536619191162,0.15836976159482424,1.6972151392362482,0.45948156031458515,0.9630513869125747,0.12871239561080938,2.7132408742233873,0.32263532291016894,-0.41437459081125433,0.6626422678254644,0.32118224468690104,-0.05738830278253129
2015-04-07,-0.08300966850320858,-0.13036841477796715,-0.1569649425362327,0.056746837696302344,-0.4657788779825396,-0.2939097523009471,-0.7753547092764193,0.8108917807555738,-1.1362411872763618,0.15218755934005648,-0.17536872071905285,0.2897996661857618,-0.23388255827710824,0.39338914808148434,-0.06932762918380823,-0.33756248441320075,0.36590407028925714,-0.20584281410429658,-0.7408037551162714,-0.5432131826051014,-0.41662955564057286,-0.3985091628929681,1.3216851107914365,-0.3183423819489762
2015-04-08,-0.15102984681785347,0.8821822778392551,0.034449214963438606,1.724834701872614,-0.11111912200309668,0.10681369368600092,0.6002831413074257,1.1025030941316265,-0.2607808369551706,0.40851090520069594,1.269389541437454,1.698057106228888,-0.13168302562983572,0.07715237946012055,1.9999334855150857,-0.03580065577069145,-1.744164062487055,-1.635028049275337,0.9383989669335119,0.09832672260135004,-0.5148374720354637,-0.40136136249472054,0.14968493150030762,0.11656099585157557
2015-04-09,0.31910788293465564,-0.7339314894720095,-0.07513827968646461,1.049156901350213,-0.3131727813378569,0.5455298446707113,-0.7353654421932964,0.33940260206696315,-1.3220153559264185,0.2621234451030263,-0.6027359593455321,0.9958164420846236,-0.6367197664232525,2.317244886094996,-0.3241386390836224,0.02302254823638623,-0.3608402985847055,-0.4885797190428617,0.6210792816275064,-0.04265432997641406,0.5124037300750388,-0.4042489158014267,0.35425718167165154,1.5726512601086788
2015-04-10,-0.40257582785791135,0.4786600715687182,-0.656313138753812,-0.677066599093975,-0.8626078547114521,1.1501310706497612,0.351754144450716,0.41559240184749235,1.404434147771681,0.4753670866838636,1.0924281665584268,-0.48528542472842645,1.4847109677787196,0.7411601052974206,0.18053934199636645,0.14883272916993476,0.27821772479161727,0.2716706884781314,1.0980012083192863,-0.1723605771924689,0.08165506234747097,-0.4071949513021113,-0.6781145570239278,-1.2106988283888152
2015-04-13,-0.15607747448358403,-0.7741985412775673,0.3952833390471758,0.1171328104146494,0.12051834543607638,-2.0580313557605616,-0.0672548857159348,-0.184308162028625,-0.1251694568161974,-0.2892778182437076,-0.45380049074208156,-0.3662232897924198,-1.2094852044189832,0.8567400300075644,-0.4941064017958833,-0.3382287051536477,0.059272862945106,-1.613381397916818,-0.38242891539011453,-1.214695216103574,-0.4649374610357868,-0.5935207417432002,-0.9071104555557756,-0.6656289448845313
2015-04-14,0.02400306312357656,0.8865532081548348,0.8542183999772378,-0.2736712557757514,0.4347338418526222,1.145811282645096,-0.360974711362179,-0.20047259008825438,3.7068301583405914,0.18910307148125596,-0.08032371106291873,-0.4839893330523583,0.4615983170007237,0.7319153364539668,0.27043753603530324,0.45087809481085717,0.5422978239536314,1.7411367441125865,1.250075066334246,0.6022776672650998,-0.419843881303247,-1.3510265435617128,1.3621435945750662,0.29095205708304805
2015-04-15,-1.9529605776146786,0.7336451705968782,-0.15559092880230513,-0.5873004239092465,-0.6878303101313564,0.8339393359900242,0.10060528199461015,0.004906455484601415,0.009952933272974761,0.12524588752555393,-0.1817826048876302,-0.29760828960163155,-0.2111553404720479,2.146354324964173,-0.5496439027541232,-0.01899321810409214,1.4064106881469212,-0.1890227654388332,0.9865817031859171,0.21274669978397134,0.7264483311265958,0.3311486130075562,1.3166638299274527,-0.14455474166467505
2015-04-16,-0.5724088766344723,0.23423002063352868,0.35866208299630736,-0.7369533600453592,-0.1220764505735133,0.8819484922532101,-0.06749025127860764,-1.3856700921251823,0.973634888621931,-0.3264200535878907,-0.3877201988428628,0.13084892544986718,-0.3031071100508646,-0.6772682263069837,-0.4193570522232974,-0.40470799604774754,0.8715088942088162,0.5908050170037102,-1.1783662052971824,-0.08245343272400862,-0.7038696254833798,-0.9940827585081596,-0.884952698868966,-0.2759660076368098
2015-04-17,-0.37178723836077543,-1.0504259021255435,-0.8088050714805718,0.19073225676651956,-1.0289477656424701,0.23806469293778332,-0.7029650942257876,-0.38329777929830566,-0.17049054816316245,-0.36721643500511353,-0.12067965491570348,-1.2669965867561006,-0.2697408870228663,0.33919542572146766,-0.37697145013244193,-1.0110662115202045,-0.4129931321363896,1.0130512241618286,-1.9012160212228528,-0.3383741210346278,-0.10861520171983037,-1.4086561160515063,-0.8024096179118363,-0.7627889798204996
2015-04-20,0.7521974520808817,-0.2633463892541406,-0.07539507400267367,0.7637298650396627,-1.1248534695076184,-0.32175497199521275,-0.45430505044578123,-0.9944120293549963,0.07906682627016548,0.9144908401152329,-0.26397341795858076,0.3926957236287713,0.10867446350120348,-0.06257290275510305,-1.6771791172044674,0.48329059976502625,0.08838912141376191,0.4421617972888259,0.5580525039204698,0.1449680067261919,0.05910676848943766,-0.4430068805634923,-0.0059231574273440335,-0.9978392662212774
2015-04-21,0.7838125850257932,0.24171005665750434,-0.10314903514580548,0.19012204062537919,0.1946727194788481,0.6039192343214093,0.017584688275037983,0.007103884192966931,-0.04574419355813706,0.8606371892018823,1.6765162510310667,0.4119905518371925,1.8111202711909,-0.5928085378525744,-0.6372756170587328,1.5050220017407612,-0.3434239624180277,0.19514811239596075,0.8421687492897826,1.4383440904791986,0.08271194304473936,1.3293102759198447,0.10144587296163282,-2.5034569411559473
2015-04-22,4.708139204368529,0.6378153700332382,0.17226119163754713,0.10130621667564797,0.46276044259039945,0.29369709186622844,0.48807298754762996,-0.025997929352826188,-0.38003756423403784,0.23819438522812403,0.3976467800113705,-0.24189924448532968,-0.22987390233637184,1.0791969760482134,0.2696506229914041,0.2203841106437862,-0.04757934920524752,-1.0803953158368682,2.3992165887618406,0.15816919460836526,1.1434527871087614,-0.04574275252074292,3.104755998636333,-1.8821633019692932
2015-04-23,0.341301615716993,1.1398723906717092,0.8503751784897841,-0.20093372943052337,-0.22039214593820353,1.1996018795189658,-0.0680710583253579,0.6149026167811171,1.0744357132224158,0.1947232537134314,-0.296951353027726,1.4107606673617996,-0.21925324089476206,1.3847894207449172,-0.20355510356984619,0.3014449537407346,0.48038893324794485,2.2800447338859873,-2.7801942563654003,-0.37719474552237603,1.003480670827825,1.6614267111877297,2.8698998999098655,0.470834271101501
2015-04-24,-0.37896041485665805,1.1648231206419084,0.860251224878499,0.8643522301628178,-0.211343875807264,0.4928376687608157,-0.5826580670450652,-5.4368382827058905,0.4998127040565854,-0.43245996371602513,-0.22586636791817105,1.0280654714015978,0.4500267185582764,1.6436604312214582,-0.8067520297046642,0.27533711779088915,-0.1588102512762505,2.1574312593444236,1.0003210321859144,0.07486392513501083,1.319852336976317,-0.04574275252074292,3.3553072219769238,-1.5308340109852274
2015-04-27,1.089386025561569,-0.45908549896717726,0.29639969700677865,0.6544941913982812,-0.1441997837304311,-0.25491624641307237,0.10371818399265606,-0.947626449231324,-0.8651841958949227,-0.21066317085591343,-0.7161942698120206,0.3048369007966383,0.10373106131280097,-1.8476769016827608,-1.9434917844879431,0.9600382006283111,0.2633668654685496,0.7271870762419553,-0.30653970811877657,-0.33343272794844303,1.0459342947825936,1.418174866407627,0.7034499422915701,1.2608005799802435
2015-04-28,-0.0184682879755064,0.47100708136002967,0.007057437899656059,-0.2271457955301387,0.4240707837615306,-4.759916726268591,3.0467381814576053,-0.09728922458674474,-0.3220621347179636,0.8312387183995898,-0.32242881030936615,0.11091568015424273,-0.38483697005454853,-0.03001414104265324,0.5312535110180799,0.1012939694892699,0.23041706548158283,-0.8215858845938198,-0.35875409597428953,0.7551739119247096,-0.9441984048235537,-0.9549729405245687,-1.6455513863389857,-0.6478974707019526
2015-04-29,-1.0153018149588797,-0.8673425085218749,-0.12420808442189143,-0.0308849525423209,-0.07631488260648793,-0.5578957889972536,0.014581690175464214,-0.28045119969976523,0.957436264883671,0.6476761555540459,-0.8604858021710925,0.3637838920354875,-1.0284500488355284,0.05688161519844525,-0.6698106793254213,-0.2758897794868934,0.09536375667231009,0.5404471109982752,-0.5833896683983747,-0.7337900106737526,-0.5526573534306244,0.3202013407213954,-1.822252403975444,0.2305643341697952
2015-04-30,-0.32562756120447434,-0.12065658870317414,-0.7892965846721023,-3.5677991492450287,-0.34578191610072323,0.10765703328651084,-0.06556532526039607,-0.3551538535271736,-0.38667185514270813,-0.2093462707095871,-1.0634854053443763,0.9553497826178686,0.7243602025074045,0.4578869430920643,-1.5243078740934333,-0.446855381600424,-0.05467515777347995,-0.6138453741636439,-0.867169296049276,-1.0232909197943019,-0.8524385670494534,-0.04574275252074292,1.7693184764732466,-0.9492570426363586
2015-05-01,0.5464235018040265,0.19569024357796655,-0.28873772566960704,0.4384712230240339,-0.21186734275855185,1.3869242287631738,-0.46876824452132665,0.34342645753915935,0.2557145866787077,0.7067231510897027,0.15851858912967984,-0.5974366232672075,0.9466870639274162,0.08413246487567178,0.8117462446627498,0.5534927298366503,0.08741904145708941,-0.08951687669484183,1.1196982329070173,0.5056186196180528,0.6186702580090514,-0.4116868457628812,1.557664727869318,0.5784021576470685
2015-05-04,-0.2696762192252924,-0.6628507967290852,0.22238898611492622,0.2458623260232212,0.37656968453681144,0.04610388445469028,0.05543226460973735,0.5949677524362188,0.7946792600626245,1.6214056888634953,0.15760358963037394,0.4541329691894147,-0.2940880990461373,0.6985895338285273,0.6394482120497496,-0.1716688764790068,0.1737863972130829,-0.7487769642581031,0.3544157510626278,0.030604065567347898,-1.0140926369174135,-1.5406890844643544,-0.1627755034599683,0.5236655509340433
2015-05-05,-1.1705500311856227,0.05743618314049902,-1.0807795553878592,-1.7942123502981742,-0.5299703364346584,-0.9702930264765952,-0.718203822843687,-0.6251011667537685,-0.3141104177324772,-0.7785913677511999,0.5697886028061961,-0.8745880308375776,-1.516136160590075,1.1084983100668302,-0.004381749194768408,-1.435206390120421,-0.14895522246924997,-0.5633330650175172,-1.46044724928726,-1.4515827703166497,-0.1294127220148794,-0.23622065642152815,2.884474052948108,-0.06271962760396343
2015-05-06,0.1118199434150967,-0.6756816032440243,-0.12591962311620225,-0.9706286759684419,-1.4116979425645868,0.146902093823592,-1.4446656738717805,-1.1511292971299425,-0.1666142814597414,-0.20977755277602933,-0.15071762708482705,-0.6743652120400468,0.1289871593245547,-1.3046444782248872,-1.0030457086301847,0.18652016638723626,-0.07038404472984,-1.2466736991485439,-0.7008397857975682,-0.24960764986400313,0.3049080272235263,0.5232479691361772,-2.2735472356471105,-1.0955441956859684
2015-05-07,0.13871148879217363,0.33228398736403586,0.17322165191496097,0.7497047794497477,0.12077905771420341,0.7835214168386797,-0.1104247067335014,0.32939891553202943,-0.7552576358744719,-0.8787752227038866,0.24675062125924097,1.2827918624207295,0.13978277873930053,-0.14052310827403633,-0.639147167059654,0.4632587984779745,-1.0845895223551996,-3.721278039165292,0.5416414660941008,0.40997745334087676,-0.24315472702259777,-0.9981874100679397,-1.3845616368862084,0.3322930126127072
2015-05-08,0.6368402216561616,0.5854601287110202,2.162243682934776,-0.014807104193900137,1.620969429713072,2.266312888122796,1.683493119452638,0.6941593540298695,0.18805439118614992,0.33003542641813,0.19225463711025054,0.4926731912503715,0.3632065853981519,0.22179923201295745,1.1675122998184513,0.5483247349346612,1.682136971687267,-1.5173677778767005,0.5350136007593684,2.339551880881435,0.3490734353418746,-1.2165103758169247,-0.8629639348033729,0.8184137444602766
2015-05-11,0.34155876308158695,-0.998369239456482,0.5809265072992846,-0.5577599199582381,-0.42379702631447536,-0.8418032219584314,0.2191062018016918,0.10367979540491071,-1.0282395409724085,-0.15620030451529898,-0.0703483920295374,-0.14329031295682512,-0.10754762089476104,-0.30790367162965804,-0.02445233282016457,-0.43991568000224995,0.008380757832698071,-1.6530343911331888,0.28962992185794867,-2.6601673499013203,-0.47042732395710285,-0.8438866562897714,0.1179561816439124,-1.0441619790632948
2015-05-12,-0.04941115467431604,0.20267199098904334,-0.14869060038690665,-0.17885471946899673,-0.5143674765128207,-0.5584954430558888,-1.4719529898041646,-1.1854966678820817,0.5933623619803668,-0.1713001097558518,0.8485690894089475,-0.3899425430077808,0.015462890255292053,0.3612482106379354,1.0927993242778955,-0.19794687308701148,-0.4774070075071733,0.11758741346112768,1.080025917274222,0.09463847234789384,-0.03785428853295114,-0.4502962147926333,-1.2241872585353248,-0.014049028677204995
2015-05-13,-0.0762618805191788,-0.6542389431100714,0.498259481681939,-0.16278966907492215,0.564130478784539,0.24088220269954858,0.5173590775481365,0.08766757952018885,0.29893250291152884,-0.2954283531591202,0.6875864273988659,0.6498244961818382,-0.5455268588907571,0.24696452727252077,0.44760289770304923,0.34648719012363194,0.47783030949011457,0.6289170363516309,0.7603284639650976,-0.6236858841322562,0.07619747910196016,0.9587719558761514,-1.0952554475394876,0.5768595839903755
2015-05-14,0.8333996374129058,1.1530554050565884,0.39086209967574853,0.2334178987427677,0.6244080369524913,0.6275332088289535,-0.10857781612633309,-0.1354913120854133,0.2698534745314139,0.4780117102298548,-4.2443325451461265,3.119047085234216,0.9323814133190413,0.2175070784472844,0.2394889010270174,1.2235242349262143,0.20597922785095754,-0.2968921682778971,0.25871863794813005,0.7381755595896098,-0.12905159406401762,-0.04574275252074292,0.03836972678027044,-0.5060467690224372
2015-05-15,0.1523090573096263,0.7391401715363437,-0.04392311247528294,0.5690565721399564,0.522143918826231,-0.14820611032451464,-0.15040033148188442,0.6418751232654019,-0.4708522730135948,-0.12668974748130207,-3.2643649897295566,0.0419218151451689,0.026096587187992768,0.5377227810224265,0.4318185589208558,-0.3691511591537293,-0.2602412753849647,0.8903296259112826,0.8400052469242383,0.7817571071447952,0.28042965805084225,0.5461570108493655,-0.05021604163495851,-0.11295990099954757
2015-05-18,-0.06702495249165207,-1.0835645951197823,-0.45446899913244,-0.34153011484155477,-0.36954241641780133,0.3926458101001124,-0.9099933987888156,0.5792387705193456,-1.1894342550323846,0.28535689742648374,0.915543521726532,0.01660567190198485,0.14769607755274092,-1.2008127830339725,0.7433283126756979,-0.028720843554608806,-0.8626567074626577,-1.0957783209251133,-0.5227320844582223,0.008211848293256323,-0.40178354666607036,-0.2421517883615711,-2.0195107477357337,0.9674248732170069
2015-05-19,0.033612324789201675,-0.818130736030472,-0.1479207191716191,0.3822128439838159,0.5668347279823571,-0.6512535700689611,0.900688662478164,0.48250735288223634,0.8352901385554804,-0.5934235086643348,0.24400762902145298,-0.3195768262213265,0.3231857312206458,-1.7279833313917907,0.9389379952078686,-0.04332823423503469,-0.7303231813553857,-0.5946658742817009,0.20589147506143116,0.030806648798515378,0.34840443115443803,0.7347380779918351,-0.338440876124456,0.2771238760573231
2015-05-20,0.12933610678630852,-0.2620475316018125,1.4318041764557874,0.4912657452625646,0.30865716485428873,-0.40295526711555874,0.4303553757640951,0.5313000103527927,-0.14312514381093544,0.32636237902178583,-0.2848819488512043,1.0181203256618165,-0.18346810822231827,0.1471702933068258,-0.0986279589342947,0.06205657512944923,0.13132712653782874,0.6822424958673419,-0.7699578461206946,-0.3201265270534737,-0.08332792252189694,-0.23957769629330622,-0.0059231574273440335,0.8029615934634111
2015-05-21,-0.10179137279588922,-1.2618249298419488,0.3061932085155763,0.9373160198049187,-0.6200416177027855,-0.9983572134543762,-0.6482834623271865,-0.3645876542958528,-1.787643187202706,0.41649806106266946,1.0543725785045,1.3966203353731068,0.5186957743010296,1.0142349004089282,-0.258558493352569,0.06196426330140492,0.7215628598349255,1.466642019785492,-0.6470211432389975,0.21778105667561856,-0.8362736807581626,-0.8296967091460136,0.18452838850064757,-1.170903154479119
2015-05-22,-0.29422532853210237,-1.0940313689358538,-0.5681590272031058,0.7301200673831149,1.341427058018841,-0.03321161681009273,-0.1092079013610658,-0.06046608025392406,1.1774850785504802,-0.4160149975528103,0.9878200090959913,-0.8092448648942234,-0.138760503728504,-0.9867734272905352,0.5567458450558291,-0.9071408097331137,-0.8920211634316623,0.32787496648414743,-0.20293066020432082,-0.7186058352955008,-0.15262857604985672,0.34797435320534115,-0.38795858625875523,-0.20916374824810938
2015-05-26,-0.9424112103124279,-1.2803969204329204,-1.0898813294170493,-0.7105828848131666,-0.7792652175647611,-0.272089298829267,-0.6160013274405302,-0.9652878269434921,-1.808652693049534,-0.4714806349706603,-0.16545955425235398,-0.5310028366079239,-0.380275997317774,-1.960117586187793,-2.219823699928223,-1.0202198427952796,-1.2596309285235752,-0.005075671914953065,-0.20335523391947755,-0.32292779976179603,0.07720246616761056,0.14980735352457233,-0.1503994843182611,0.03477853784408401
2015-05-27,1.5089000907972043,0.7469778104218305,0.5718347552504428,0.25456365864793434,0.5281840688452609,0.7206886132849407,0.2707599427123777,-0.1520675328274736,-0.7822139471286363,0.12331709735136771,0.21403489685231925,-0.18167746186994357,0.2774946866965007,0.28319347856638233,0.7468865407102229,0.553958735816526,0.3686692847306598,-0.29034217666297385,-0.7078398660507399,0.5845917165159913,0.7142905727567286,0.14894399233312844,0.4730845041505429,0.1809087232991631
2015-05-28,0.4916850286563622,-0.399595397752006,-0.018444057311513332,-0.23103735385015595,-0.1858965030735932,0.49808425508785287,0.6026560825626566,0.4668981471129583,0.32021229574783916,-0.028863899320158686,-0.3852022904817475,-0.6224388621625855,-0.4794323367551533,0.12433961411265376,-0.3406876581756525,0.03883684273172647,0.0005963926162297494,-1.4512877220948242,-0.15488701853222864,0.5235021521736045,-0.4012505476149982,0.3410709141501638,-0.678588357542599,0.8550442531586029
2015-05-29,-0.6989169295747863,-1.279180630718175,0.007057437899656059,-0.5731712651152471,0.33111563474521444,-0.7222879551215142,0.057594181041401245,0.5521077070201666,0.40578721010577085,-0.3828386374875752,-0.3455335147866902,-0.1368460390504717,-0.7492313748589765,-0.9234489837218574,-0.08179683933789628,-0.3169785498709444,-0.33389732641789616,-3.027426864167549,-0.4951346371284949,-1.0765540564166425,-0.4491809301503421,-0.8227932700908407,-0.9924337225289651,0.8891624293794832
2015-06-01,-0.3447858196594233,0.19804527040066316,-0.8174789216128312,0.8373624809278766,-0.05636282577497417,0.10545636990383053,-0.025491817542465926,0.5637091122277781,-1.0499953743930386,-0.4059910169479248,0.1882678058579882,0.7236368719612619,0.46978070290982166,0.0635990061890026,-0.32371963081901334,-0.052179294882740146,-0.6837028114117832,0.6314644577589077,-0.2585974434674045,-0.39828503480440186,-0.3826738789263421,-0.6376425158908513,-0.056065996777606056,-0.06123189927103186
2015-06-02,-0.7468563418952818,1.343847703202742,0.7038169991536433,0.3591444526857837,-1.0031434247463218,-0.7291302899001821,-1.84733041162626,-0.7384543936462761,1.2745102214797852,-0.2135711539526528,-0.19788804360241022,0.03184201477860546,0.4437733927153398,1.7184170966472223,-0.6482601461477414,0.6579992270458739,0.6009165490720535,0.12145864237805569,-0.500597863069674,-0.4116097309891517,-1.155507864228511,-0.4448085627390625,2.5013798091944626,-0.2979704889406584
2015-06-03,0.6782589332236975,-0.7015169925902529,0.28765311522550874,0.10585465459344322,-1.3359093302331564,1.1954308668322051,-1.51375701964971,0.4579859817033503,-0.3245469507562294,0.0691312589261592,0.1289955702839588,-0.11862465992942844,0.2548235861875027,-0.3056314980710584,-0.46757563478134895,0.7804016378656548,-0.06668053887468711,-0.36000609184593,-0.24381517956562798,0.47496735642501303,-0.08418432849561171,0.35332305769757677,-0.7089753952664986,-0.49041135993629587
2015-06-04,-0.548100145956792,-0.41046370089377165,-0.6850372633073184,0.09190233426413841,-0.23004439796385429,-0.9230473691508827,-0.1165052880577628,-0.849067832744062,-1.4407091435535606,-0.09102055711696531,-0.34799556298364825,-0.30305280721515526,-0.4564391680827654,-0.9043061935160652,-0.06386994649299176,-0.6871727492679204,-0.8395671580120873,-1.653820571613934,-0.7689275733851959,-0.3649123031709629,-1.684469368837776,-1.0502574609176374,-0.870800226488266,0.6044608070367847
2015-06-05,-0.7133092707669756,-0.5315584563717723,-0.12236607040829077,0.30778161151886585,0.24990326272653487,-0.3929376244766162,-0.3455409104207296,0.24556183223652045,-0.6234231304273907,0.364458999374918,0.010196381645331796,0.6195441880014286,-0.4592137901850883,0.21978323393694832,-0.1234216569104248,-1.0101254845283762,-0.1794601177845322,0.30739401280720874,-0.0008227103521493883,-0.8016185225006927,-0.35222861209387796,-0.24942195733932315,0.13989025260554316,-0.014049028677204995
2015-06-08,-0.6366139051488326,0.5815292330118114,-0.4359720598308864,-0.5317246178641353,-0.8284036964995054,-0.2946318892679498,-0.9061599765097703,-0.5657400744631226,0.5099038672696717,-0.6094047627608442,-0.06488291578816509,-0.4535280197164032,-0.8416688548639114,0.620076288982012,-0.814198585330117,-0.2024574787384349,-0.016581851309884394,0.6152126918715867,-1.4405569274167203,-1.4110195066008284,-0.5745363446373158,-0.6624781609783261,-0.2004830718366322,-0.5847319997344721
2015-06-09,0.14862067842186155,-0.4536965466477599,-0.045370120119180256,-0.11247474124179803,-0.3105073267949597,-0.5389339709396652,0.0212999786038549,-0.7905029070496872,-0.03425934801403411,0.09943255345970727,-0.20090754343426268,-0.0009512758024943748,-0.23111801271689703,0.7558209995933853,-0.7752363179408429,-0.5979672931135022,-0.33562478393210254,1.3684772721935439,-0.28826979762604144,-0.5306859838972414,0.3800851425054299,-1.3057362044259386,-0.20167758713616393,-1.319378862195352
2015-06-10,0.2773072491697041,1.031617284707457,1.5522345940266058,0.4101727228384669,0.8812664253976645,0.9931899817479509,1.8064765506144032,1.0668014720317993,1.873564919588437,0.4978797208074509,-0.20224970399188213,0.7438809206424978,2.1886022040765964,0.20712948353901162,0.7364112761748396,1.1169879168111563,1.0279805686970716,2.0003090110643176,1.4453131266784487,1.1220765266175887,1.1456586080199265,1.420791885736824,1.6205548647646753,2.1922301647975955
2015-06-11,0.394538621306536,0.04334073527889516,0.032336409044519766,0.41961469568658105,-0.4908264203177642,-0.07351102272212943,-0.43105941662146086,-0.05896190073884831,-0.25161502793227514,-1.0507978129570807,0.47878933987909433,0.34254424520062754,-0.4101682821898469,0.05815274876214224,-0.7038902578239218,0.0719854995540379,-0.03332355022796409,0.793863024405598,0.8707183783557833,0.5244787615704817,0.36728139413096283,-0.8777848023792695,0.41094563795722616,-0.8194798041915448
2015-06-12,-0.9864272989540869,-0.5214193455113612,0.25902069988599014,0.16390366513085028,-0.05731244390362173,-1.4091591227545428,0.5144385088298186,-0.46455395816998596,-1.2146076269963417,0.5148651699425575,-0.3971146919207877,0.3520709215932562,-0.31367983964419816,-0.1195367649457111,-0.2496295048771706,-0.5585160565999376,-0.9150638000145114,-1.440725441562814,-0.17463867394070914,0.15489493932044285,0.3169779549473443,0.1637420732856519,-0.23683973401863612,-1.170903154479119
2015-06-15,0.15739978704779872,-0.3374274162948766,-0.6257040699503748,-0.3578978159079961,-0.31936294586145997,-0.48574533987853674,-0.6560540651306405,0.3795066064579605,-1.5192472142008258,-0.4702490197467851,0.1618129389620792,-0.5210937447046948,-1.368757343460714,-0.0010353892033076585,-0.26095446375877324,-0.9260350790715378,-0.01667660917698501,-0.49932298897488864,0.36070246952149,-0.014101640633119202,-1.0336275030113526,0.16275159480905324,-1.6225989687038214,0.3741804838510304
2015-06-16,0.3169781665012085,1.1744422111395878,0.007057437899656059,-0.13830223772762704,0.24343043500427328,-0.40645780315780833,0.9613617063445575,1.0259953451012127,-0.5450013758053167,0.34078254764172855,0.32558801266380705,0.4030135199470367,-0.557172149121785,1.161205478776151,-0.09683708427403838,0.39421740222238966,0.2504967481935566,0.857293924254103,-0.46770753486222055,0.2936745881740528,0.7001610232993621,-0.8857053234435868,-0.4976056369812216,0.3234914375383982
2015-06-17,-0.6765959923497155,-0.21707389324501966,0.05803798827459506,0.8735945301328253,0.3285875384380668,-0.22169699707008161,1.0696115491431946,0.10082910600411159,-0.2532544535223219,-0.09350043287990782,-0.289930209020876,0.3303449706429326,-0.8692763624218185,-0.0010353892033076585,1.1991163967037832,-0.0778541859135003,0.017806209043856786,-0.8178512543281716,-0.909385727029836,-0.718396434681854,-0.013452083583472562,0.3762406452659055,0.04358554525763244,0.6075731718246231
2015-06-18,0.4440215635772261,1.0706274779066527,0.15959996273324695,0.23016538743767392,0.6119141599294526,-0.15993942443870005,0.6612777163406164,0.40318183663459095,0.4774258236601133,0.4853463354102804,-0.05008816025956128,-0.1778284846657328,0.867259454040809,0.5339673782379896,0.41741264671347583,0.2914687707457771,0.29191224820118056,0.8076999104982655,0.36743440933419963,-0.254050966648162,0.31554852943110906,0.1637420732856519,1.444512335576931,1.0226749545223894
2015-06-19,-0.10747309642056305,-1.2082111695092232,0.43629587054114866,0.03601427041924241,0.18957577893176708,-0.0977348507846608,-0.06810044624752498,-0.5240302165709417,-1.8454491923605734,0.3705431063888985,0.34051701998296624,-0.3970103700741642,-1.016769501143654,-0.8219530494476969,0.45363532667655704,-0.5232395570276879,-0.08490474291115876,-0.5704259692638779,-0.9698235460314267,-0.29589502827046776,-0.9108225395886074,-2.186759869324287,-0.8196249591534297,-0.9082941831604974
2015-06-22,1.311755624609105,0.7103116676842591,0.9018603293272114,-0.23005074782763296,1.3908410323892053,1.3493145816938665,0.4409541486783722,1.074724809883696,1.1835851560691433,-0.15335294177448247,1.2510445676354374,-1.243841201982662,2.4715472680972166,0.22792968948269068,-0.09373841682533958,1.7690435678796779,0.4775367053951584,-0.3269036179478186,1.4016202564228601,0.828584934111402,0.9766474013301117,1.4638061406897536,-0.593215916901362,0.411294167892261
2015-06-23,-0.4464252948808478,0.4863841488062951,-0.16545310329522395,0.44745608333920284,0.3203540259368981,0.779373494927753,-0.025491817542465926,-0.5895484968636904,0.9269955637992333,0.982450571771803,0.7010199140506881,1.4312391550037853,-0.870414484557158,-0.1439139376675595,0.607492646913092,-0.29007540188386294,-0.09270725471418693,1.2480830808061463,0.8210913376214515,0.911532149156637,0.14912661810350258,0.7942198184021008,0.2401120285008616,0.3613829556245749
2015-06-24,-0.5114723048620944,-0.21324323537259546,0.17956797909453606,-0.3104577677616776,-0.04711760048372629,-1.8800378131003097,0.31063528286602393,-1.2973626740468363,-0.2199480884332838,-0.48797382249654164,-0.3696907295521873,-0.6235950881409178,-0.19659635020173225,0.11333016310580865,-0.6064782653297742,-0.8228077431057405,0.44869130393258744,-0.42001578630269687,-0.910815785069091,-1.009579802405216,-0.1305396236080794,-0.8857053234435868,-0.20259716475985948,-0.5309027492849918
2015-06-25,0.07415090487275014,-0.4738422135740899,-0.0421583955107601,-0.5261477673290929,1.5063393923975659,0.3591012716686293,0.18329815694842705,1.2831844878736929,-0.7821734120142694,0.07399332750343264,-0.07550939778636194,-0.3494904176459318,0.11568499948016933,-1.2864400318613889,1.0370007856702628,-0.027341524958637533,-0.2525549554018682,-0.5708769001167434,1.0413758699318214,-0.3349481895668535,0.3571250079559323,0.5857254710723047,-1.2124070070805122,0.5028046919305819
2015-06-26,-0.7108429868098505,0.595555445100551,-0.01757859969447335,-0.811399287657719,-0.3236654858283951,0.2543022185711264,-0.48613393451587605,0.09898784062761853,0.30844689300206296,-0.4818630866283253,-0.794143161467874,-0.7271584480947432,-0.6111508841259063,1.1126447327253328,-0.03384133892694426,-0.46274101734761613,-0.016318090118852387,-1.5816183252742189,-0.019642029087752425,0.3184582574933697,-1.1111040891512691,-1.1032584433385306,0.3507588484899344,0.4053744555117146
2015-06-29,-1.977336042934974,-0.7700289709981284,-1.5487775674716258,-0.5623465495104082,-0.8677595231599246,-1.8319575552539997,-0.9615710005979052,-1.148401908020628,-1.361820752764258,-1.6845335607369314,-0.07764972083303731,-1.110936212082018,-1.4844995702204264,-1.114715511131948,-0.9966944590297129,-1.9741504510747223,-1.2591384448384837,-1.0013287475128676,-1.4421616922576974,-1.7975344911782896,-1.344537610827696,-0.9104026897147998,-0.568248103988553,-0.8089044971679101
2015-06-30,-0.2542178286571327,0.3407238248279259,-0.14660336033767246,-0.2803115577676744,0.48444171215866705,0.8483673332907019,0.9526500271710072,-0.07854586665543473,0.28293726091769195,0.09849207655173693,-0.20973720256024647,1.138774018807407,0.040012614063006366,0.05873956078217574,1.3848577122474812,-0.4106233450253222,-0.6369470627095224,1.2693345018859394,-3.591820294555569,0.7443742267018738,0.7543964082617932,0.6043353912603197,-1.2150776076183225,-0.5818710539629728
2015-07-01,0.6505999711364389,-0.45641955032297116,0.5170889461457957,-0.07057721216815187,1.118247502862482,-1.089940199307147,-0.2362762313625318,0.17332964207542342,-0.09967854770888156,-0.10677178950451026,-0.869620717736626,-0.24142077212844823,0.7358534692837488,-1.2223805001638717,0.2457516656782501,0.10311657785158798,-0.6362504994126217,-1.4599871191613807,0.16897071976412517,-0.11419293297835556,0.4761354218035808,-0.04574275252074292,-0.7104347542092367,0.36512924893384696
2015-07-02,-0.5394410451089827,1.0047633616044491,0.03239715873976644,-0.33559196408877395,-0.18894208798371087,1.6238569926562827,0.10110328174022615,0.1367201106463585,-0.8394125075557618,-0.7497956993125398,-0.14135442405284424,0.1791838143349676,-0.3361327114419161,0.5554144403537132,0.33049589675297947,-0.3772945315779743,0.5670841428084574,-0.758499783397796,-0.2759757851048558,-0.5289736666108629,0.4710215690950205,0.8063808149204051,0.48348125779124723,0.503231685245393
2015-07-06,-1.3156710573822818,-1.52256503047294,-1.3050938523370192,-1.6530095761594195,0.07752367426590522,-0.4307712166206348,-0.025491817542465926,-0.3295944902710789,-1.299187713407497,-0.755992941687605,-0.004810118872211031,-3.137108191776273,-0.49811573821388616,-2.000912011442049,1.6496164589724247,-1.527388151549274,-0.8336705348049891,-0.5827298834635819,-0.7077343255542505,-0.03761042355057419,-0.5680815015230473,-0.6832845265488967,-1.3282423963182717,-0.29561529814026805
2015-07-07,-0.9006874480727098,-0.45476479450630286,-0.36040847798199793,-0.31253266692616277,0.5534419080531889,-0.4125766358595782,-0.10983845383710894,-0.11452777507532605,0.6555645644826914,-0.2310179841912993,-0.43378678166826645,-1.2993471571803805,-0.6172490426237638,0.29388572199327645,1.2841164500579747,0.49981766064141236,-0.14278984483993226,1.9938500667371288,0.1904390267688385,-0.23393104108301155,-0.01218117377106186,-0.4759600833200852,0.05030051629177097,-0.1082196567013703
2015-07-08,-1.5422201488132983,-1.094030049741822,-0.5502004850150393,-0.6321179499618715,-2.5990347411828623,-2.564019777526399,-1.5286702493194237,-1.5387817759789064,-1.7709578312322394,-1.503519644196091,-0.1440582882440711,0.7346827531216322,-0.7748036271749131,-0.8283371645293123,-0.5510834280918124,-0.3404893867546056,-0.6316406488425478,-1.2175997402735588,-2.6632412032955477,-2.6109409671677617,-1.8597948530549788,-2.9493303862032674,-1.737570543213401,-0.8208277606096873
2015-07-09,1.1716507687087798,0.44234738385422445,0.43229930870506983,0.646070452930005,0.4747965908511138,0.5717974418358276,0.4957187745497244,-0.19061937014668318,0.46837020129811324,0.8829525089103111,-0.03584315021932996,2.448345874445684,1.2592062834040614,0.7936553112231531,0.3421984840108851,1.1604673344900158,0.2634872301722311,1.2585271106046299,1.0175220541564531,0.538490879825952,-0.08574699702437585,1.318178904207098,0.5819120777332698,-0.4458449878469357
2015-07-10,1.4263406890362744,1.434016792236743,1.8186906961272713,0.042115452189306936,1.4544171234247991,0.8242992394329971,1.3348014537988016,0.21638763978403702,0.8457216597318572,0.5725369828931368,-0.301319813507505,-0.3231026217585954,3.215940008767256,0.3233148375321476,0.9429276368658501,2.10454575285745,1.2683125253337246,1.8065039186432101,1.9140806411804803,1.4813985080279142,0.8095933946521134,1.0594806180392213,0.05226101519887622,0.9410803164961588
2015-07-13,0.2293105472020962,1.0480004905016027,0.809996975302155,1.1619992497813911,0.08605757524702629,0.07065804444712022,-0.025491817542465926,0.17847424403635193,0.40744970115567913,-0.04335649211043568,0.1360208435977131,0.2669264424277613,0.35093315886221965,0.41487931665477323,-0.050182160196555234,0.26036356920847636,-0.043476886714514586,-0.7535269306834566,0.4455378714587961,1.117000771542967,0.6502231527755942,-0.04574275252074292,2.6144527966797906,0.36356694527581523
2015-07-14,-0.16225113463240004,0.18872074650347825,0.5994047525236582,-0.40991175083890063,-0.12652340452816782,0.7504071096922817,-0.6154300611291379,0.10434418410600382,0.2902111622616365,-0.24212914500424904,1.7073775993485427,1.1107662177703617,0.06782942656921889,0.34594602558326615,0.3871572639024045,0.4940468978051969,0.745017148790904,-0.5850381738745782,-0.7385699437618278,-0.019821394957660367,-0.20700791593439577,1.0592570929811376,-1.0945138271316346,0.3143122588397615
2015-07-15,1.6196370929425299,-0.360549716285604,0.3487756709143055,-0.9906160464457162,0.06828517225246056,0.38592793686320115,-0.1955180118800628,0.6861629359337683,-2.21935584911016,0.13954209731862477,0.8647104667108207,-0.9549605764328113,0.013632905438301713,-0.6352780989803308,0.056693642393008184,0.7632941323405655,-0.5852730197225573,-0.5393202159059589,-0.7664677652260115,0.2927024212378002,-0.6499260874271711,-0.7189800992861768,-1.2483826780631926,0.959835118960887
2015-07-16,-3.0226913886047813,-0.14176012995995202,0.2736305062376077,0.7508333468806064,1.4197955215255231,-0.2673041591713871,0.4826204778992858,0.4979800964339432,0.5206185118012621,0.06223230274566032,0.18018646624180185,2.3568258746888513,0.5405806216043113,-0.03314266573154697,1.196937157541843,0.3520067950269462,0.11479610338203902,-0.8539532811733637,0.059692775769482266,1.0148404109007592,0.3573297069740895,-0.04574275252074292,0.5649061369107942,0.3631894141776696
2015-07-17,0.03805518171227774,-0.7424349890269538,0.15176006040666093,1.7199717907722356,0.15121758266731872,0.04872073371368625,0.18448925952445436,-0.3662183990632426,-1.213948340029278,0.24538310886218503,0.023546944684911048,0.007807398579698018,-0.13691263050769545,-1.5207657844825169,0.09832276662867397,-0.37345158754512164,-0.06966340319002741,0.5364569834089622,0.209734379563724,-0.26421812062980926,0.6694437831490865,-0.5003511346678812,-0.6921664373223378,-0.7079633058650834
2015-07-20,0.1632017744463041,-0.5663882740369478,-0.11348875203661368,0.2387512296664738,-0.14967318108808844,0.15396758632127056,-0.5311517625875305,-0.29553759303148985,-0.48905676343400445,-0.1323917134245421,-0.8678407936864976,-0.24115251196933227,0.21645928508176102,-1.6113689470131045,0.30511371430622414,0.2202857788246719,-0.2990547193448519,-1.0928706800435581,-0.0722568997849365,0.07907467848508969,-0.3758814139176488,-0.04574275252074292,-0.29631937261618035,-0.3408078183508676
2015-07-21,-0.10203989176063367,-0.07106510608298613,0.1035129441273198,0.5585861192555995,-1.7415371954130328,-1.4829378984505084,-0.9246947788891644,4.449323871658476,0.29078470816785085,-0.6166169822703494,-0.3721513072251336,0.19133477448770098,-0.6092279281534322,-0.03712604960325655,-1.1542252486057083,-1.401456388097105,0.30906224039679914,-1.112091710598518,0.5805798750324712,-0.5978962429927076,-0.10931798320821857,-0.04574275252074292,0.8005462907508228,1.3733004336985657
2015-07-22,-0.08279618573524819,-1.0119553253765512,0.2712086453031246,0.6579892850805172,0.5006513263561324,0.15693515794811802,0.4478190876244267,0.6233315609823032,0.13407246347283996,0.007220783252657875,-0.004810118872211031,-0.2699105586808302,0.1640353735093705,-1.5623266615528444,0.6237932564884494,-0.2214816348838247,-0.7697152139042494,-0.45878553088942553,-0.18342538600099056,-0.36043147878221427,-1.6905491358319702,-3.3663932780342334,-0.9293055953948953,1.3402820773617379
2015-07-23,0.4687460455356485,-1.9574809081032152,-0.5956834044018389,0.36928464238847114,-0.3463535233016656,-0.2731218711260012,-0.7156460745906414,0.15572677077003763,-0.9091939069389674,-0.503598152276389,0.20147761266242945,0.06833597811785451,-0.45012585684177486,-0.5812544938052577,0.21109974654444089,0.7034826999396799,-0.3036691809282106,-0.40816549380965755,1.44875888068255,-0.46240590207332,0.16441154201888147,-0.04574275252074292,-0.6567867062832993,-0.7775485067856396
2015-07-24,-1.703100697647688,-0.5032188896669441,-0.09018611493566528,-0.2627710777266556,-0.5172214309165658,-0.7521250116081192,-1.5741926470056857,-0.34015153307214224,-0.9072819709670115,-0.5149605835078983,-0.3147949403749371,-0.5484536101539085,-0.40925449670748837,-1.0372303934859137,-0.5623389527437238,-0.851417078322329,-1.3090111508727003,-1.2576553782289326,0.0727807388237291,-0.44102556668332626,-1.7585135861629828,-0.7910433336448005,-1.4117897653054363,-1.5260101143563203
2015-07-27,-0.004577751500501198,0.38855417142871196,-0.38416782282856793,-1.6925496469968409,-0.43157606502150464,0.13716390303306863,-0.7979279630269795,-1.6907541815853184,1.769488298071569,-0.734708024557661,-0.21332689030908775,-2.8079704398288245,-0.23658760076435248,-1.6770902500067748,-0.4356946435916226,-0.6486789678753634,-0.45295767041649454,-0.5298620863748628,-0.7609536204150283,-0.47912621031410196,-0.08642426687588253,-0.2970086930558533,-0.38320990201129984,-0.6208737551623543
2015-07-28,0.16742647626602875,0.3842612017085374,0.6651592108127278,-6.491706502197656,0.319978745621623,0.028253412014712972,-0.44001050002558767,0.6022466458649524,0.936963812887898,-0.11560896349276154,0.5136914740673947,0.4897657923140642,0.7835218694224941,1.4301509161071024,-0.8491946377242723,0.4666148575336653,0.8762302039500078,2.3625900973746186,0.5998595987350667,0.004174839402253622,0.5792331788151569,-0.04574275252074292,2.4866130270364626,0.26681875862125626
2015-07-29,-0.0833398729619326,0.6682799558797715,0.8214376172160359,0.47202032835032626,0.0511710476312837,0.5911844847348795,-0.5843600217355037,0.19320741342298384,-0.004156791171561464,1.417475183320093,-0.5083672696521561,0.24631847164932424,0.9745793317922984,1.8984865805803859,-1.0446214751769876,-0.16342952318063933,0.5096929366503038,0.7382496522868955,0.48486159903291476,0.40967332869194206,0.5216034210092636,-0.8082318701929678,0.8589399973944104,0.45103778100417774
2015-07-30,-0.019526069053138202,-1.1192972480274914,0.12550167194962755,1.0388374182329818,0.12208671147341728,0.4792213280597949,1.130867122461398,-0.21080309183049462,0.6028026860536032,-0.9454292269214674,-6.2510461442373995,-0.16224337767684857,-1.1848569920653182,-0.8551101440317702,3.0444958518397116,-0.4029510680580818,1.7514281656353192,-2.289457116803393,-0.8087559486577848,-0.2043667846907177,1.4056860694961664,2.2032804233988363,-2.1228546610787213,-0.15317889917189967
2015-07-31,-0.014665658107799294,-0.2492351943308446,0.360423093801387,-0.4130522218056228,0.5976324014189818,4.780441364176719,2.0691763546386994,-0.17749805847005126,0.4963226069634247,-0.0432519634390385,-1.9014994935159386,-0.7167611389947658,0.6892365361956307,-0.19895936313296722,1.9732321948139386,0.006682788255852679,0.09659460734090121,3.0399973707534107,-1.4668550678591648,0.6804869468541344,-1.5270399581113945,-0.2900435989896122,0.4169801704360189,0.44836941000398184
2015-08-03,-0.5614277125292473,-1.2997901869433728,-0.13394318379254386,-0.8195178745308233,0.39912535535409743,1.3500388808005435,1.30325682392854,0.12614019755291758,0.5080113413171461,-0.6797613408744044,-1.053243077914058,0.020470615589351763,1.3001033835257803,-1.8508814469786636,0.6867273306732737,-0.061791242421758395,-0.2440806377218165,1.208423726477589,-1.1626750597661593,-0.1913522556347852,-1.0516583453982413,-0.2914094426400557,-0.9810145885162309,-0.4300562192749328
2015-08-04,-0.7272494608396445,-0.5492271282103541,-0.824891600617374,0.2816646165530383,-0.06410156613691224,-0.013040603884211261,-0.1946973963466229,-0.10992687762867688,0.8438653678395373,0.1683415510377147,-0.5855049260267029,1.2417074644588835,-0.42806881327017426,0.4211250693227369,0.45066786385360463,0.23731318134426094,-0.08710307358398853,-1.0883459423238455,-0.8189722568738916,-2.0222846868206585,-0.7571915086412784,-0.5412156924242639,0.7886160440484977,-0.1999214917141481
2015-08-05,0.8615831737300127,-0.49423092522841433,-0.13048632394479334,0.5677034158585164,0.06647104262365722,0.746093621532275,-0.15283206842422334,1.4552516980008083,-1.380961916337219,0.709230377280995,0.8008607007843678,0.5425963628390059,-0.04045567536078145,-0.5511402211998352,1.3252806924903884,0.3465251891124204,0.5330612776658591,-0.9752053192613471,-0.5376422767715006,-0.9664452228134435,0.3531302126414399,0.20269204506153043,1.1786722367742417,1.9080172412032033
2015-08-06,-1.1858002280503277,-0.1778075662177066,0.10362027940328218,0.39980256038701995,-0.43938430762474856,1.081905354403255,-0.4097238499313734,-0.3059507615954366,0.16167200941282311,-3.1436453904714434,-0.3532415661802588,0.09065006906292997,-2.3304739974474815,0.7161071834716838,-0.7562615059244059,-0.09530185178069943,0.758907392037869,-0.8831871606597799,-1.1344857896111125,0.28094796448843756,-0.917534180741708,-0.04574275252074292,0.8542319006777895,-0.6020730459665625
2015-08-07,0.2528854065945532,-0.7862654956087648,-0.08950540360397008,0.37322211521244403,0.3025529965959612,-0.605911307563088,-0.36989292502700416,0.6789969692535937,0.26005848199589143,-0.004549541825313742,-0.8203911987710515,0.43356603133498595,-0.09496356734653875,-1.8977924522699248,0.5847191544520015,-0.24002126515466268,-0.3684868647253991,-0.19294832125062375,0.4799306895844253,0.6690393014885132,-0.7187235002812442,-0.04574275252074292,-1.7503391911565138,-0.15061528901500967
2015-08-10,1.1590876609169138,1.2102195697994793,0.27209187483996755,0.1781893958236579,-0.003161797474393758,0.7141122819367279,0.10397055637097649,0.4765168264574729,1.5697072558255225,0.6921147842344638,1.764023222683001,0.34079180193459513,0.3726732797486642,1.7286839331848454,0.35766467460981943,0.8939331514320249,0.6255948590002622,1.2982811690679128,0.5718132751737358,0.6629586762965702,1.4542268481001157,0.44696207991981757,2.076094254350832,0.3494036526597359
2015-08-11,-0.16647273625191994,-0.869862447658004,-0.5977454995945335,-2.0625030184998017,-0.6766719846335687,-1.3190822428332016,-1.2046613688191787,-0.7901581171957778,-1.4957161804627421,-0.17961918932562293,-1.227374266271694,-2.116486014507032,-0.8694287021012916,-0.8520593362899784,-1.2109141927673261,-1.256407713577903,0.1704907508611067,-0.4276779645807485,0.3335813500328812,-1.2868461798189657,-2.1076745281256968,-1.2879759642992237,-1.849699001368321,-1.2500981018478192
2015-08-12,-1.0991557482384036,-0.6065791096773857,-0.3600358781659394,-1.7277841966945362,0.6094499511488322,-0.8525621200612089,-0.55993487369352,1.2194985737176276,-0.4501041166074095,-0.6120596039542726,-0.19273760547763086,-0.14258088744815875,-0.23840488493329218,0.5974863968506394,0.08234270959315627,-0.053251603964162966,0.3697647493040722,0.6802144614234663,-1.2825900877547742,-1.003552218574545,-0.2749477017575922,0.950823769138425,0.8140080285696332,1.5831376407836364
2015-08-13,-1.2502648207367675,-1.1548115638356786,0.08073735544116843,0.021170222402548934,-0.21220054183533527,0.12429051579159817,-0.5211861190396945,0.5306911020224008,-1.5870759534483854,-0.3517992595854992,-1.5760079432660845,-2.134508702256866,-0.7493777902342409,-1.4336365800854696,-0.3779704565369723,-0.7948440062263482,-1.4310137046551392,-1.3564624447299334,0.4376808485287897,0.2028928486821312,-0.627072147943145,-1.042309274179911,-1.1239316678526903,-0.7386393063043729
2015-08-14,-1.1070759200325782,0.3486218987294903,0.0805926031761205,0.8274862787752153,0.0579265301907812,-0.9216977073224402,0.3804931995795956,-0.23295829240204372,0.06419373526919676,-0.19239888948586747,0.5863154261892447,-2.4269697365468077,1.3149818468763521,-0.31493319635612044,-0.9137042308454517,-0.0710599708445303,-0.4236728909899065,0.2888811744620823,0.2390029478332101,0.22071190005719923,-0.49612869219682815,0.20552318801436747,-0.24642181941372002,0.21338127628270045
2015-08-17,0.19720518881129318,-0.48463600509577875,-0.14015764491832078,0.772670557938132,-0.0902476166839731,0.0859929834370633,0.15374348677101204,-0.2655054354965687,-0.14093182354267866,0.3618148107153278,-0.35364491981270696,-0.6833490017403568,0.8041889993512161,-0.3186249194229574,-0.254013211407353,-0.4196988371180131,-0.31105684959065516,0.10147611396995569,-0.6205035298360448,-0.22280743423468682,-0.33453832093184926,-0.2970086930558533,-0.24827425567766506,-0.24147933363711047
2015-08-18,-0.22113230358710165,0.787595666170478,0.03163280182841588,-0.31259184618059405,-0.8282695496920572,-0.3319737551573424,0.15301839783327015,0.2757424850164737,0.9290304478839745,-1.0028690409394556,0.08279398826672471,-0.5228595458193548,0.09923457845583628,-0.4149253420620911,1.0759305170101103,-0.36958096438530513,-0.32199804640874774,0.49858110131957933,0.025069224266717652,-0.025726150603778017,-0.7513873247749322,-0.8082318701929678,-0.6821416357085632,0.21338127628270045
2015-08-19,-1.0750319712009055,-1.3237010651384409,-1.087903573538524,-0.7786483379933273,-0.5533757501021264,-0.9179727834626378,-0.5181515712781951,0.4630645773899295,-0.037800437453182956,-1.2956774498562473,0.6010962965180997,-0.17164150261750846,-0.1801459291773992,-0.8962086844070403,0.4542174685196859,0.3403323018653879,-1.062387098306839,0.9382268122840633,-0.5266935208429243,-1.1623107386142568,-0.3952637002499073,-0.3028641034225625,-1.4684469933455424,-0.059460593779563545
2015-08-20,-1.9511267527502363,0.10628920870928416,-0.6791955371878635,-1.3666032717783545,-1.1381776132858012,-2.3195302695223745,-1.6309314861670174,-2.7811254473232463,-1.506340254787994,-1.989572268811241,-0.5451877480244941,-0.8064796140561781,-2.06255692349528,-0.09702101637600581,-1.095065610280589,-1.855070353630066,-0.3495457715249979,-1.2394943469810544,-2.2989763677672914,-2.271988097346181,-0.9060804026932895,-0.5645325070852353,0.8923513211378927,-2.4268590683492612
2015-08-21,-0.9120358123806008,-0.7024517774523711,-1.506010854577715,-1.1529983594898698,-0.2661771645427285,-1.7973416599776708,-1.4017724728445222,-0.9071109060988204,-0.07347364438223178,-0.49409911074876023,-0.4223594872434634,-1.9091825813884704,-1.9119295413163038,-1.738296758567861,-2.132486524161656,-0.37115813211603843,-1.644277442067879,-0.8327827953848539,-2.183224438599869,-2.278210115564988,-2.1730747102712744,-1.6397623380695636,-1.5618465223909952,-0.39449569425040526
2015-08-24,-0.40030080092360965,-1.2970941067615078,-1.5898841356785685,-3.214742601930649,-3.0171194274146607,-2.759014473876034,-2.914909368917738,-1.7774301145298703,-2.8916431174753683,-1.0872953887517185,-1.2255586048774403,-2.5545858309624556,-2.5740009801353056,-1.9677912089976193,-2.702714993811115,-2.0818123569525664,-2.6581745409292674,-2.808547383286391,-2.8369289179776667,-3.7761242003273088,-0.41570884212468173,-0.3171074556227496,-2.9281826001948406,-2.5509560203357986
2015-08-25,0.9110179679229423,-0.3680368625308378,0.6368032787101315,-1.1721197449385607,0.3661685108534238,-0.6010764092988813,0.8413198080830901,-0.18085236108849842,0.6333301532885591,-0.5097154256761562,0.6346008810323477,1.8945067278476244,1.0695748210758882,0.43650366640927246,1.8651032338490738,0.9197186038015254,-0.09017256773926828,-0.4847680234259422,1.1574075364858667,-0.12996870518578751,-0.06067694430761406,1.5579320158615597,-0.298881910553321,0.1354267790415156
2015-08-26,0.7166014854366657,1.8869265744723676,1.027354760746322,1.55191455663444,0.36322748207175937,2.4702735162277425,0.0753694395710174,1.4946641011535249,0.48235449583023643,0.8549792276215198,0.1303846915750096,-0.2688494634099127,1.8391374505834832,0.5361161325419947,1.0585699138694553,0.2754522702944074,-0.15104936088943596,0.6991044822481205,2.6472833730890946,3.0234239320532024,1.9505649771044147,-0.3089940575539284,1.0789205642986681,1.2165340935614055
2015-08-27,1.8390203775290908,1.3023501677011287,0.8994656483238144,2.6272495681749732,0.1425595535404531,0.614085800681522,0.7236537501103243,1.0259553482500428,1.2715308299468184,2.340143217275955,0.6618461790772621,3.1670929625558006,0.850681857464798,3.252005888205175,0.7785278277747021,1.0366491952501031,2.4217297438836525,2.0340248531171863,1.6459709136799745,1.1234233800350912,1.3247435345925105,1.2551291782472838,3.74357083595419,0.08325593958418162
2015-08-28,-0.016882517246366763,-1.0877220312156868,-0.4630463554560086,0.022175944731818813,0.5188622583596207,1.1843893834154442,0.07342310385366065,0.7459338508615347,0.9325769335530272,0.342499096817938,0.5823135413654115,-1.0146437513383488,-0.5239343050394567,0.23369384242368005,0.02747773695050485,-0.47177381084397363,0.6333080835224385,-1.1266301669555485,-0.03311154991407376,0.7616444201020932,0.1066247370426649,0.20988303518501433,-1.097827485467388,0.5663135106782664
2015-08-31,-0.5639369825077942,-1.7568680458651298,-0.28283041874095793,-1.2994049861834205,-1.3685902907367844,-0.9341306728714447,-0.7729254635713932,-1.2293221289258514,-0.8709322482331158,-1.0545754480410807,1.95095613871841,-2.358973920273315,-0.561827306984865,0.37034990203827145,0.9884683887415685,-0.20106728834327045,0.3045176988409468,0.2153505874446624,-0.2373058153973152,-1.601759535399541,-0.3957844923434394,-2.6712992312416373,0.76873383084307,-0.5944115680326764
2015-09-01,-1.0576011843485458,-1.7974406415917747,-1.5827381603735602,-1.0078371311102698,-1.1262140860356968,-2.761709875370387,-1.0937915433015037,-1.050697549288332,-1.2065104885895896,-0.5116007860891733,-0.2675326777532313,-0.37800057098641127,-1.270195223569898,-2.109868660365594,-1.151245262143599,-1.5606600867516334,-2.3051854304139807,-0.6409137221688993,-1.9276178596104312,-2.7636055782471596,-1.3929043328056054,0.7584784597052439,-1.5747240274950232,-0.6495350303017483
2015-09-02,0.7410866648502805,0.2578117645788153,0.8229265935510046,1.2589498438194633,1.1944096808010916,1.3168196745692295,0.2312339966780313,1.9563489317760807,0.8474218940835361,0.3837387144824679,0.5780190654826999,-0.2979327660950021,1.2802693835204606,0.3456668815551535,0.6358496793129826,0.48376771737638785,0.4349330079084264,1.314622879992783,1.182574623370611,2.204306398818497,1.4393563108759238,0.21909479550037184,0.7882207243699177,0.6700271543249269
2015-09-03,1.0334700045563072,0.613809130522294,-0.23606204902765873,0.25390755752732175,0.16317306639471404,0.29186220431192145,-0.33374664710755875,0.283913873735784,-1.6487247651090806,0.6930635785404478,-0.28470808295040756,-0.13671993010620584,-0.2567636260488604,0.0481334535511028,-0.7737596617533009,0.3876348896531816,-0.17662393580485353,-0.2777260077310755,-0.36502373232462504,1.2971389255406602,0.3011802790426929,2.0176182959195135,0.9594620865998099,1.329924422277447
2015-09-04,-0.7459245311595202,-2.0253206186613397,-0.9518972155560236,-0.830664521993757,-1.0705913680494825,-1.8587917641709901,-1.3337548884628116,-2.1310076291190163,-0.864719802998685,-1.3636340015418433,-0.24689945864710597,-0.610664907271097,-1.0173328540427669,-1.7250685935087322,-1.9135179980116919,-1.7376645202163865,-1.2882479118573846,-0.9133349068649199,-1.660786702440681,-2.103009067045463,-1.181671761278581,-1.8458524959278089,-1.6317123777579827,-2.288419070308524
2015-09-08,1.2635498483844467,0.9238209165926989,2.088704681750531,0.5961839015140874,0.5627388468061031,2.5257335674168844,0.8683549270504815,1.686771086805402,0.7109210433015689,0.4051532391663945,1.4760202664635838,1.647102890861021,1.8646665727754637,0.6712052004807603,0.2895589766990204,1.4966969082964086,1.2993120016215416,1.8792119807270542,0.6715890530784766,3.1188381324199153,1.004790524106467,2.25546057264197,1.6831889926657633,1.0618697442643417
2015-09-09,-1.531188734341737,0.5115337363320483,-0.31066913779229616,0.5210226426947225,-0.057236488627018106,-0.36325827012480333,-0.18190658048235944,-0.6021298426937037,0.12315921132224142,-0.5369515318854728,-1.0034722764095765,0.6017693488141974,-0.25431412446337776,-1.042296622506591,-0.9842911267871632,-1.2228857576923244,-0.6645495311481986,1.509812443695491,0.28431845737027184,-0.4299863947390112,-0.534812685786587,-0.5468363342763853,-0.0059231574273440335,-1.3869702346597195
2015-09-10,0.5508616470263563,-1.1279591452969568,0.45647392381198215,-0.9010700985174975,0.24085196015297303,-0.45310051113334704,-0.23492391930741602,1.038806163277447,1.3762631702064403,-0.39940731451150746,0.2925111974044927,1.688314491058926,0.8440254888904436,-1.305967335813134,0.24949523221182315,0.8420137898935193,0.4284957343544654,0.28306148977127643,1.7464123294796647,-1.797366157700239,-0.5671326866273325,0.4553508292348996,1.234544678206837,0.823457223113667
2015-09-11,-0.3341017413225841,-0.6342490796458693,-0.019246273607229653,-0.7440241162069414,-0.5873587808408858,-0.25752465109393746,-0.3944215211318724,0.2488631854671887,-0.12815532011777103,-0.6371927887270695,-0.18283647555833654,-0.6627555650491435,0.3695547025723677,-1.6668408707048983,0.3964364655644203,0.055293519292027214,-0.2975461966408027,-0.92662078990324,0.41224666710698876,-0.5893415180961823,0.5017807425043761,-0.29557039374127503,-1.3097139228239965,0.32725356187196364
2015-09-14,-0.453213972484744,1.8358284206120474,-0.8703191550118504,-0.7695957816462526,0.9888710776210203,-0.3249492164767857,0.6050741896421005,-0.07481837747306913,-0.18181443687456578,0.24236244344532762,-0.08428600240812442,-0.9400453490044607,-1.1323220313315197,0.46884747152174955,-0.4251894814072258,-0.2607855569105009,-0.349511061027729,0.2860405189521258,-0.45827255825364716,-0.5323423312341439,0.32969141959171444,-0.04574275252074292,0.30941948950321935,-0.014049028677204995
2015-09-15,1.2125744272244294,0.2278735154253803,0.8317668466956524,0.04053999954334224,-0.563379756881544,1.2358782233698402,0.3381863836323944,0.21537803819175708,-0.03975926607605527,0.656629930636692,0.05481868802560937,-0.015230546283227155,0.12789874576775792,-0.5896679348856555,-0.26062016929115633,0.9884232911428149,0.37063314225972527,0.860164830295696,-0.29785893648830647,2.3835387562210086,0.9034207836423561,1.189525365191501,-1.2213636088924287,0.6144208774958118
2015-09-16,0.14364074328911927,1.5729917416930863,0.7124596171499988,2.456896616242219,1.1489408023617176,2.0845932159136935,1.098255744080492,0.31023835935338656,1.8157684062639612,0.310066885716006,0.7786886050876823,1.3050957011968007,0.46192631618884133,2.225528295210299,0.946557225115211,0.05430011173856924,1.3861506565385837,0.5909675932590891,0.5552864012785048,1.303845218899107,0.6987587119149059,0.19721683610454027,1.2095172940377408,1.1282891798031325
2015-09-17,-0.5334978984892239,-0.09982690116330048,-0.4881112293830165,-0.8805810579888131,0.6805910608257864,-0.4592571202103886,0.5755351286015707,-0.4274530932964869,-0.19367314120692627,-1.509077474504582,-0.043485741338847535,-0.8715990306940415,0.09283328296663733,-0.5546920901684776,-0.09234187358799519,0.07249315837167096,-0.17416417541985849,0.5597924205829885,0.5084290462878284,-0.5184306275769773,-0.08761605341254387,-0.04574275252074292,0.7383048232022791,0.1271465897144452
2015-09-18,-1.532623626529044,-3.0402567972877295,-1.1893805360608956,-1.2356066291729364,-0.5315390294336612,-1.5188265266494068,-0.8793985992534308,-1.1146461699037649,-2.0996095008255753,-1.8936939870554375,-0.14058001041393928,-0.4998531070764923,-1.0245802650346256,-2.1542773373785393,-0.6335554073858949,-1.9790101052106226,-1.9833476075722258,-1.1659870295869432,-2.1092630163398223,-1.6155007774884014,-0.19560532188689678,-1.274142817637738,-1.0654937849875334,-0.5809402086931896
2015-09-21,-0.3844630509711864,-0.9937804440391919,0.2222482464786556,-0.4842092970426299,0.7791350759618524,0.3748628134933099,0.07583585618623406,1.3825465728952298,0.3360931983417969,-0.3930838277105742,-0.47520965840006246,-0.018714919538194437,0.027128901947447534,-0.737915330043274,-0.3399080763983992,0.10358971200985197,-0.10069488795972902,-0.031139788259546393,0.05018657253805179,0.3780449157867843,-0.27723595566947984,-0.7995422252554533,0.4971264020965382,0.8341726696683203
2015-09-22,-1.5559178871757262,-0.47496456527371944,-1.356295167135311,-1.3587222542718163,-1.023720371065172,-1.3026189806204558,-1.3613654185020607,-0.3954714305594972,-0.27259458976684553,-1.2203141361528063,-1.756193493443013,-0.525867854908441,-1.0734468566627713,-1.538007575063857,-1.0660173576111107,-1.6320633704642096,-1.6904489009022916,0.5137715823068025,-0.972929870175928,-1.2566839888237904,-1.6564297276247357,-1.0712767271981423,-1.8689341795558057,-1.6270207406962787
2015-09-23,-1.6501390119155734,-1.8605990566353434,-0.2988876463050499,-1.1128303611777166,0.055804728503999174,0.028529023809282083,-0.07769601937267123,-0.3652934610517377,-0.8178401650902981,-1.1553970124271464,-0.770667094702083,0.24442682328239812,0.2108494031259453,-0.3993300775605638,0.5763738340496432,0.05832778611232864,-0.46296768789154447,-0.6542953191240399,-0.13790465313632735,-0.07268447912201179,0.1065271472433897,-1.0957014833256424,-1.220147820860673,-0.11035133292577473
2015-09-24,0.13122201382556034,1.4461302323091096,0.20200770291599834,0.07015455796640599,0.6046099779623769,-0.14782719974748657,0.18294126321372126,0.05451177752301177,0.48556963268643855,-0.0731196471110911,0.4868222408168941,-0.5912794399217295,-0.21169312354503877,0.6595693354509888,0.17222705074828445,-0.11566630099352186,-0.3818964910056571,0.9019527508462452,0.030899587795596744,0.0011183738702039484,-0.11634316144508551,-0.04574275252074292,0.6070205233641952,-0.35246793902194967
2015-09-25,0.6055733025381637,-0.675174252136956,0.586555815809929,0.5278807354506683,1.188840327486916,0.006511665790839225,0.18195750470641686,0.3759975030460789,-0.311960306739131,-0.2870549641789989,-0.47489195710467713,0.037555229039797786,-0.15487162620773506,-0.3954616901182455,-0.4061108602883329,0.4340299318547929,0.34072017795731946,0.12344741273529022,0.7877823831157289,0.6155864901382333,0.10619651155692483,-1.3943629200910308,-1.1039641752324154,0.2761452090292126
2015-09-28,-1.3643235159790372,-1.858284850309333,-1.7558882137681682,-0.37888890472567105,-2.2456302112482214,-1.997740659025159,-1.4986832846553801,0.05362426675480518,-1.3283062364672737,-0.7348444589621211,-0.7025051178480233,0.3875553459560044,-0.43100806978604056,-2.4967436884429794,1.387859488460581,-0.4816815294056704,-1.5376355372375028,-1.066736921506083,-2.809149181444106,-1.1549617479676724,-1.2394881292962856,0.2272914997215472,-3.3161901921394588,-0.6934796010770352
2015-09-29,1.176757447749835,0.13786633636098652,-0.5104706083096131,1.0766754898973934,1.769883220681627,-0.38314750434871253,0.559180386615912,0.62602287602354,-0.15337058207076035,-1.4051356637472998,0.4114734263341081,1.3977447648862378,-1.4033130272038887,1.2062632985318087,0.185441400385628,0.5492433356531307,0.7379353187945796,0.09929142049227299,-1.0273551487522883,-0.6923310068633567,0.6720012855325188,0.7633896831745868,-0.3176874488143623,1.6695357402671158
2015-09-30,1.5012852853530145,1.3608844707285723,0.5817023645533634,0.21669328163728624,0.8395934211331446,0.9651778236996558,0.3948844318101861,3.157787928203741,2.5476032698280022,1.7129830024003878,0.9788874001394969,0.4666833104354969,0.9177781045858623,3.0186375123726945,1.9438104479675147,0.7715986498564242,0.8967686772412843,1.0548239825643102,1.8980459019771339,2.0381358982917446,2.2963023224603507,-0.8548751882160727,1.2983125446244206,1.2978573643322542
2015-10-01,-1.1773995528224293,0.3207312747989653,0.6583700984783956,0.03866758687268172,0.7108002408523861,0.2553713816571941,0.9570198940751309,-0.6442035732942236,0.5091971219252047,-0.19592641802195515,0.3504233811864465,-0.9399608048986173,0.7089101401074659,-1.14279641278579,-0.29096420575781556,-0.6181402767040208,0.82899994902201,-0.28768235745089205,0.41796987791406376,0.6837387792798743,0.2337498593034684,1.0298431628072549,0.4418319206492158,-1.3259554216866642
2015-10-02,1.306640300761305,1.508855938491606,1.0615735485443027,3.073919219069748,0.5520208411328305,1.1485149819228577,1.135137868977437,-0.0425236758560127,-0.30447588463900077,1.8106607121917584,1.1354240960618645,1.70016458581336,0.05115366302061386,2.884398246035286,0.462477401628787,1.5286505525811593,1.6878932886116103,0.09784465197260984,2.119950499816399,1.5508312522336254,-0.32826141533108916,-0.04574275252074292,1.5835281864477084,0.8327705546508716
2015-10-05,0.48200878441879813,1.5884989982516886,0.578698181303191,0.3014165111284754,1.5673850168831904,0.7353135171905165,1.5398052630170151,1.5970799116461134,0.7696232831705165,0.4053676924519793,2.0003775604521667,1.9889405717813193,0.2791360018309866,1.416802157384952,1.0574926418781343,0.786418945320605,1.798115903479468,0.5579370503499025,1.4202972859871053,1.005910920034527,1.6299886961304175,2.2824558439406277,1.0336640779204433,0.9582611468591669
2015-10-06,0.3037277647502677,0.630103019138709,-0.12833478760469705,0.05183767957670909,-0.31083438777844424,-0.2135211045793277,-1.293004378256761,-1.3504412768251828,-0.1264894058399753,-0.6931141258963915,0.7126707537125652,-1.007483866695672,-0.10880463904350268,1.4510022752140055,-0.9864063269415301,0.5759237639738982,1.7358541305892197,0.3252443575305368,-0.3730172296660723,-0.933382559140138,-0.5047598459403916,-0.5526060824872104,1.0664717483773256,-0.10594920279250006
2015-10-07,-0.048488493255856566,1.1665125283611786,0.4924837934196336,-1.3614055234831421,0.6923116474152674,3.2341634852103347,0.758841074108301,-0.012456534076544505,0.013335700421561418,-0.15185485353497383,0.08590056683140786,0.646776195018867,-0.7165383955112705,1.0767320563628866,0.9984592029739905,0.044735332511806974,1.3869143186276833,0.4997365027636134,0.8008544216680198,1.1329302995915533,1.7456739728663273,0.9622141592013714,2.3427666209253237,0.26117946079188725
2015-10-08,0.6534619969123583,0.5983503764200329,0.22103787371498082,-0.9772649094863443,-0.2662012767001672,0.5298218235091678,-0.17149287164185478,0.4064834639515979,0.1878950506358388,-0.1787423460095122,0.6754417362611115,0.7106253348531103,0.10913262822265425,1.5152818450725185,0.32711496862584766,0.13548739662720244,0.8233082519726251,-0.005075671914953065,-0.7278851999079811,0.4675004294013184,0.7459606106572956,0.20269204506153043,0.6599181138480781,0.6229993560395828
2015-10-09,-0.3259512951274228,-0.1545553301634849,-0.2605881579836934,0.8326779088934543,-0.7541239933749193,0.46369395830295185,0.6996813221321118,-0.0723476868528835,0.8257450845914199,-0.16780446335500454,0.8837069820504704,-0.5101257203124319,-0.17852324921131088,-0.04864080004498775,-0.20112390125949786,0.720753964814347,-0.5493951591768408,-0.13090989630249827,0.304598954085739,-0.5896570263648938,-0.8165609898983661,-0.5440051913235483,1.2274993385548547,0.9728548550757734
2015-10-12,-0.5972371356280025,-0.42591267266726607,0.06072259796768075,-0.037814301892305474,-0.06371790897574868,0.06861901953215532,-0.41074579399552336,-3.9626880211258415,0.490933352219539,-0.6147598386115881,-0.8402975095969353,0.6633900753054314,1.1801291436540924,-1.2193525674110948,-0.38162341514005654,0.043735756213941594,-0.18105606831715654,-0.10589652400299643,0.1641415664202197,0.3015905298915168,0.2933270111109695,0.20408488869978916,-1.3593733643614807,-1.3640971291562387
2015-10-13,-1.4533534042838308,-2.5314925844050724,-1.5497192527704742,0.6723278955695188,-1.7737165761052527,-1.1412527193293982,-0.9049338820454091,-1.171888768419794,-0.362199142784069,0.27790830926019844,0.9676074663836999,0.21505887673558244,-2.3883895521409184,-2.0186031640067212,-0.5576269708551458,3.336327666396194,-0.8620687263139923,-0.690023955449352,-0.6492256200644709,-1.3432383008795785,-0.44005818913405603,1.182657312596252,-3.1651364073099417,-0.47128151202174046
2015-10-14,-0.07617194612788962,0.4711777791974076,-0.13228938777599633,-0.40207172746523895,-0.16217069879222493,-0.9258770215416603,-0.17378750619457525,-0.4677756787582341,-0.004156791171561464,-1.0227219744185734,-0.5912972474303798,-0.9627113324544645,-0.169601763035815,-0.0010353892033076585,0.13433878107661865,0.3867586918426497,1.0720868528898473,1.0070156259442657,-0.8584002327016607,-0.6928242793708979,0.945363700113044,1.8511645865845143,0.846374434992768,-0.5212723945321941
2015-10-15,0.6264905616634834,0.06366614311160099,1.0001871032070409,1.4172289115506653,0.8780633316805729,1.2957623940997671,1.0505862762597022,0.6325992107128909,1.246758475355176,1.0342118594266487,0.3243989509915686,1.1990388267489627,0.26434184056146,0.31934965118833475,-0.15481729437284814,1.0831474155540597,0.5682398207053759,1.1635505121452308,1.8971229045087246,1.528600990547802,-1.0413402993204137,1.3252381358525296,0.7608987693666106,0.7222379422778953
2015-10-16,0.028442153002040126,-0.7519770626662541,0.3329784913870008,0.20546055258378945,0.6132644551885409,0.25726726517026816,0.6457756817609579,1.8570959230388686,-0.1379679094536528,0.7339536297766553,0.21829533184462666,1.8047965811686195,2.052705482973687,-0.05417518390630593,0.6922963845999971,0.9986128578182668,0.37546280317474817,-0.20245931514366267,0.3164555832157469,0.9470748239685468,0.4695229750901217,-0.9549747095140939,-0.741939602396314,0.39597921213264464
2015-10-19,0.017359623918572303,-0.7692996071739991,0.410935452397053,0.9662108361207267,-0.07250941098185301,-0.6221521390255385,-0.7935015088026994,-0.423797929730541,0.02932905577623221,0.2412344440771889,-0.3660727386656714,-0.49087114867972026,0.43284648583736524,-0.48398774649788223,1.8624170670959859,-0.492873624828907,-1.3787313861633927,0.43815860946644536,0.4293956396196758,-0.2869488463845971,0.11492583047124295,0.4112166402865183,-1.283523707268761,-0.15039254997957702
2015-10-20,0.07735078625072103,-1.0975924383807105,-0.3697819090623162,-0.37789402424858154,0.06558347528166597,-0.3946655942789414,0.11953745127439716,0.3704179549583809,1.2035045665306507,-0.0014491093744055683,0.4588461315491956,0.25099800850826326,-1.5631482749506915,-0.2731161373371357,-2.1366279752613346,0.552471631903619,0.05541476601306345,-0.2755652268120476,-0.4394480941500645,-0.8855699978533362,0.1393414893021197,-0.7329744862776109,-0.9815365696855989,-1.0240207191397885
2015-10-21,0.48375672351404797,-0.4962986623573774,-1.0330868642257967,-0.9412826630380084,-1.0647789862656112,1.4729677287683085,-0.706447744424187,-1.3227835081215435,-0.200768330260022,-0.520410747499779,-1.2937538145155754,-0.6191322446726512,-0.36332261268392957,-0.8905788203281975,-1.0828580659738416,0.5552369766904697,0.18287659439153411,-0.49990334331471753,1.6051819269744694,0.9297819574006524,-0.28576543063410964,-1.2154807899582893,0.3459784084961712,-1.7541463744054206
2015-10-22,1.177982353935335,0.9416748712858017,0.7759632093317218,1.024422725940017,0.06734392929385422,0.7074808892802369,0.21891752861057012,1.5848353558821064,1.3728383928095358,0.7497958273299684,-0.47167821952810085,0.540556460479522,-0.9252897219806746,1.1605887900554102,0.708568674972567,0.6614699451327587,0.28182851516395985,-1.0823999654413619,1.1342311899700055,0.943558236719222,0.6613674102481331,1.3542676258664144,1.4974924513451136,1.0269973569618267
2015-10-23,0.6362639309930791,-0.17913109736957364,0.03424582906376614,1.0573861875024124,0.17203452969112157,1.6077997538555449,0.6517113968893655,1.3865493799934956,-0.06814611152606362,0.5267973273261645,-0.09546391344402474,0.6354259068629047,2.3409229842322232,-0.0552345536540354,0.9426945945818181,0.21937440081667955,-0.9031064157252912,-0.5635057624606918,0.05649058486412511,0.29471157116389723,-0.15971393121683405,0.1833243772940946,-0.0059231574273440335,0.4529263614014959
2015-10-26,-0.7598450981376191,-0.3047905256991863,-0.18371746158209376,2.1370968904094823,0.6390430743707758,-0.05362215356202523,-0.31443552810566144,-0.4118986832466376,-0.3897753476929216,0.15251060144119402,-0.2052533916076824,-0.24330492641792661,-0.4595360647254963,-0.328524720780558,-0.2825825306846576,0.02857793781665245,-0.9478577010289648,1.3817890306439846,0.20225640403408654,-0.28322603152092624,-0.8342170340162365,0.18214951047167632,-0.8856269198650618,0.4952419375187094
2015-10-27,-0.4452411628025284,0.005960791196426173,-0.2120568404831242,1.7951683818096575,0.16007859156238652,-0.8408345120494013,-0.6091636008193659,-0.0425236758560127,-0.4251333784936983,-0.8688478746110182,-0.5400129867916522,0.4203379372329109,0.7388553870587675,-1.236979431889758,-0.25938839349639065,-0.2890138828435959,-0.8609641343047933,-1.2645751849320577,-0.6767977134022665,-0.34093156748234926,0.039725488261578734,-0.5027021453280041,-2.1347582043370497,-0.19872026624906433
2015-10-28,0.8874390649346173,0.9297526135660775,0.5527127246091487,-0.30085010973233756,-0.6603413216319606,0.9139916629839511,-1.066014925700004,0.2654433401998728,-0.5598417165585224,-0.11604850180309176,2.3721503954721936,0.10170183116410403,0.8843921923906642,0.5114397978578198,-1.9564782874779965,0.7639394887147478,0.5231024719098979,-0.43916426569207606,0.6244355001133527,0.9348184074606963,-0.36247293608655035,-1.2093118400946927,-0.44947449163446673,0.5839584939180091
2015-10-29,-0.7251462989982937,-0.8554424522471782,-3.056206434486275,-0.8271877076020554,-0.7642925758374748,-1.7179615168785283,-0.42847577212411325,-1.0026771183666572,-0.9659324041814398,-0.7578498397943702,-0.7169418580650193,-0.6483151521683641,-4.4025213966293855,0.1676421214538847,1.6322346554737373,0.05170090427143918,-0.43604772577740736,-2.089243515047696,-1.6616311616015056,-1.9970435411232326,-0.7202491697402762,-0.5198905974603492,-0.38037422960696166,-0.3352715150332625
2015-10-30,0.33008612403792276,0.005960791196426173,-0.6983790761561146,4.151886293936523,-1.0156431736990925,0.3140478551835853,-0.2283734599496732,-0.45003529786012575,0.4789444339314706,1.1132386748587533,-0.8614473357354068,0.9815179176073068,0.10163482296500964,0.33320641280126945,-0.11323910235761253,0.4423630113136787,-0.09483386720024027,-0.13765248742680394,0.5065819511236026,-0.42338324668639504,0.2954609614729069,-0.04574275252074292,1.249494738231423,0.03194496820975456
2015-11-02,0.6327882715033214,0.5622256889716781,1.118620431214907,1.6167719150454531,0.08743162785674365,0.35335096883815253,0.5803737794463887,0.27119342464952967,0.21096453575758023,1.242556532972943,-0.3877212353133816,-0.07480456326811767,0.5247813277831972,0.7631574113367497,1.0146677363051937,0.8550515549646855,1.152573593677687,-2.275789033672272,0.8304290677615257,0.41031963137613575,0.2931787980788563,0.42840509241886343,1.2014621180308322,-0.014049028677204995
2015-11-03,0.4599574662976791,1.7969369252144232,-0.39906904135982013,-0.5509045263480427,0.4519458376135785,-0.09530882184001507,-0.8351941004557883,0.23835150554424545,1.1876576032976758,0.7398779826668339,0.7560065955497051,-0.5343818967879785,0.6473945501905976,2.7106627554760605,0.19552123292314158,0.2721556930617634,1.0078533333384834,-0.6414832792837707,0.0012768612469282684,0.03180269396128704,1.602348302176763,1.3468934648680444,1.2910191762034402,-0.06004302556416455
2015-11-04,0.1806535785471968,-0.9083374632225801,-0.4609505266154836,1.113628527930444,-0.8599249565432299,-2.3999388033758984,-0.48760410162674495,-0.6685954782193277,-1.2290089289645356,0.8943089017544977,-2.2146917422508574,1.0499214376973696,-0.8104133377035871,-1.5539101196610354,-0.006317867548290583,-0.8578689866892886,-0.32062928007257135,0.49352833489735237,-0.8994408813304433,0.08284631919731991,1.8147985243074731,1.3042505054980535,-1.0945045831324718,-0.4760968459411751
2015-11-05,-0.23734915403947598,0.8328718387379351,-0.769634666372406,0.20321402480568707,-0.6808232665903748,1.5101989567003486,-1.2821709895693614,-0.2316813264664176,0.4401064094913198,2.9819563473681887,-0.21787774285015024,-0.5051417841579693,1.946757525652725,-0.36438832153771006,-0.8833932412226906,0.6131576826952868,-1.5896611518574035,-0.6428592048872871,-0.23921130249162953,0.7995151871583889,-1.4249830173052898,-0.49116260911964776,-1.2052260027494763,-0.5735115441943721
2015-11-06,0.5146400538688121,0.12244863852220837,0.24757202144046145,0.2821236991311678,-0.9286096019663265,-0.6159872261185526,-0.345368899997252,-0.6457272800356633,-1.0132795292085868,0.6432072175830968,0.9136329539338413,0.4884353701360859,-0.48558604665879546,-0.5820806466479175,-10.622015669075765,-0.9151732155631169,-0.5633372995630583,-1.7861564022389615,-0.6145658438707271,-1.260447144358529,-0.44972777821325016,-0.4957077717934918,-1.856727101085632,0.1263293350942247
2015-11-09,-0.3627055266401067,-1.3585917870362558,0.3949752374155117,-1.2715437171150814,-0.3629231078929789,0.06903572888277953,-0.7266923535480951,-0.8136832740668145,0.2956390156513412,-0.22162167587850767,-0.2317012535577187,0.4150987576554853,-1.1497362712624992,-0.9243402439949812,-0.7180188257111405,0.01990077567289957,-0.2016708728295564,-0.17737849649240262,-0.3930423846657637,-0.4760330874657997,0.27987206749786414,-0.2724588716754576,-0.6997030966071232,-2.011600241829903
2015-11-10,-1.1842387465175495,0.3073151307544227,-0.6213749451570092,0.6130609718782478,-0.7314104480491511,0.2559596348715877,-0.7380853258543393,-0.6931967619483759,-1.1289159800794808,0.41841454894814717,-0.4447220142777649,-0.41579372369715606,0.08764525306109244,0.21905820293968947,-3.9939903361562554,-0.4404235874140271,-0.4337454181868035,-0.40898571255591387,0.37995227086358446,0.8531882743216117,-1.1628205512159935,-0.9644510767079213,0.4582844397726912,0.4679667325682713
2015-11-11,0.1691270165969188,0.9526711825453297,0.21758358679463788,0.5078516544484019,0.2817339709977381,-0.18049602171235413,0.4143911400566432,-0.009804648242716242,0.029778356042048128,0.0018998044718359945,-0.5102998397826559,0.7470072601176174,-0.18021612510289733,-0.3873934919704095,1.2247867256014657,0.7900752784399723,-0.9098435900891196,0.6570893720486822,0.32055507199383093,-0.25572685894476205,0.11220584714603593,-0.04574275252074292,-0.5481667542785873,-0.5929656298733835
2015-11-12,-0.6683425993899993,-1.000787974896755,-1.1794362149597881,-0.26763312860901844,-1.1843100968120859,-0.7256632175895237,-0.7425701466021754,-0.4033880020395678,-0.3614999792914142,0.16879289021102697,0.17116925218476012,0.8115155718559454,-0.5673375950026456,-0.8480586232177589,-0.3348863320270639,-0.17373483962191255,-1.0090453647496487,0.5083141375555366,-0.8610149408685166,-0.9914009894963477,-0.9054939635492248,-0.5123780371362626,-0.8773022427866495,-0.06255640351871908
2015-11-13,-0.7771261326712852,-0.35665099698775055,-0.17848391048812298,-0.8505300612873042,-0.2586032681268149,-0.18305339433638598,-0.41652155158037907,-1.1724945727084273,-1.599100272382289,-0.776161505388351,0.1507213071512702,-1.4089978627026687,-0.7142387125050886,-0.8162799139126212,2.7726689681179946,-0.940146959051529,-0.3093863675708646,-0.7479703640745132,-1.1240256287610628,-0.3242516316989075,-0.9439508935559933,-0.7550754690388577,0.3137287294155352,-0.20848794685923447
2015-11-16,0.4171742092105387,0.6677620172750133,0.6528983190959091,0.9749181744183417,0.9527014963104988,1.0114315950919839,1.3553267962679207,-0.4129428560439327,0.031030283355247268,0.3734768647230839,0.36125902228527157,-0.6515991773743788,0.35050717054284924,2.26592113419216,-1.280266401083148,0.036030852566957206,1.2798196485390876,0.5671759423850408,0.19695178886513243,0.4733581139846653,1.0973095886552822,-0.28474704520334143,0.07348130566214525,0.567316174691089
2015-11-17,-0.21743645421322572,0.830007966720979,-0.3607827046689007,-0.378195294674582,0.3570899419224643,-0.36859704937909643,0.3534675494053441,-2.8112574122296854,-0.49906052977216264,0.18129384998345527,0.5639155257139978,1.2546586895472336,0.7809059568420009,-0.605724153875008,0.006454080442553278,0.06738066075073969,-0.3237885376699312,0.19395796061758072,-1.1606061625819393,0.688186685486351,0.36126721589456184,1.6007061317258053,-1.8008345773873453,-0.3039969001416328
2015-11-18,0.5605844318459198,1.3735743312813684,0.6789953524204337,1.5766806774944198,-0.5748069302500505,0.795974942407115,-0.731903179995361,-0.0425236758560127,1.259115312209378,0.1768967561132387,-0.24988447308225728,0.8874551521024747,0.4472689731189021,1.1418748855377379,0.12077609878625627,0.9541496830916979,1.2956602222357927,-0.2611273309244671,0.18152948898906943,1.0931597359818344,-0.06067694430761406,-0.04574275252074292,1.148047220081826,-0.014049028677204995
2015-11-19,0.013915800818502194,1.427817839564862,0.36911287656925856,0.5987019027114358,0.12270229713956736,0.2950561435817768,0.35629740832297835,0.5922382349685632,0.6675746143254568,-0.18552939707393762,-0.21381841476344676,1.2072644461817006,0.4664661567118879,0.10533586747784626,-0.999517981418853,0.572847659594117,0.48386184005641,0.9848190505122357,-0.3081476426029301,-0.6722318839203432,0.30895966859949253,0.1845295884288638,-0.08697028510602274,0.9943406288488414
2015-11-20,-1.0223998925212834,0.5900371248724356,-1.8664879001188772,-0.2103037116825673,0.6373096529196284,-0.34402653461026805,0.028784193267280475,-0.32378020735429097,-0.17557795672765347,0.197066939892257,-0.13860516612895224,1.0511238764779738,-0.1438204661670177,0.26306194677498107,0.302015497382099,-0.31804579840224995,-1.3624876586760668,0.05101930519565252,0.005354540358700536,-0.16589412965515396,0.330969555769859,1.0878977787139863,-0.74481232497107,-0.10932810367999879
2015-11-23,-0.6799210077449721,-1.8328397418597353,-0.4984615203213468,0.1524077006316705,0.16672344786307966,-0.26277637630827844,-0.3521394007567433,0.06312163900839696,-0.41787381425342135,1.119516324759985,0.18613638947750555,0.24662867120142798,-1.5055589935570377,0.5195532985909944,-0.08802988095646513,-0.5361779326584777,-0.45535516588880426,-0.681551742255868,-0.2499852549917817,-0.3771473075734559,-0.6984565890169568,-1.1793832837554723,-0.08910390020021954,-0.06172888140305533
2015-11-24,-0.021590876292643807,0.172287382040236,0.13400212763880764,-0.40872271447635306,-1.040756953536141,0.5028263965310437,0.9472063500182285,-0.0425236758560127,0.6835549129212776,-0.32448587386874855,0.3921210701360956,0.12131935777709905,0.5217064317691098,1.649025479436215,-1.0671092542000025,-0.3766117098750858,0.8883673704005508,0.6994290320768495,0.28011452458346786,0.5485427932140595,-0.23364874653087,-0.9741269685161843,0.8161467528892605,0.12890989905143915
2015-11-25,0.28933990686391553,-2.340879338299119,0.1967755675935473,-0.6893633046344623,-0.7807072266712521,-0.5936730445222247,-0.671542401888883,-0.289297939191064,-0.021230031882136517,0.4690522068744079,1.0277776258749334,1.0112244833601234,0.29676208491394734,-2.2770151586370204,-0.025113884725243663,0.2610614961467289,-0.1797128960466417,0.19076684439844172,-0.9412670278105179,-0.12750655376185968,0.08761484025250567,0.18819442808661382,-1.331719505474544,-0.8772875692610704
2015-11-27,0.7516684687149564,-0.5919575283102849,0.2586712621843344,0.7455559707179141,0.9971931492360043,0.06886841649971816,0.35253051874844404,1.007648254815107,-0.1924399769134503,-0.34555216648209053,1.1666332132089519,-1.3225430316587758,0.5367723773798783,-1.0227259408368092,-3.109906995832097,0.019804453920902815,0.140894761116821,0.41255513469546046,-0.09329416126455549,0.29826764580219106,-0.33283835143723745,-0.5148648047066081,-1.3898422056875526,0.7539104369038608
2015-11-30,0.06686059390107761,-1.5998476537399442,0.007057437899656059,2.342938467090406,-0.18868997119088365,0.110260125559604,0.8265093720234397,0.6812993412342531,-0.46920670803170456,-0.594497678873737,2.3653159412653544,0.5933610005628163,0.22329142574820146,-0.8924156953632343,-0.12831765507108628,-0.0577908901290871,-0.31059477604623287,-0.7307248824558108,-1.2007291821407573,0.005947649855615524,0.7029391584377814,-0.5198905974603492,-1.8257823592496132,2.822310108565333
2015-12-01,0.21798397838939515,0.005960791196426173,1.9677913749291545,-0.7103962927730819,1.5794011623780098,1.3208456667378035,0.2897886084051966,-0.4550018767093523,0.8367761670814445,0.6226113214336836,-0.004810118872211031,-0.5685845512204929,1.3403564101383525,-0.17149126641428628,1.3593808377490617,0.5373148706346069,0.34180753347140413,0.16311982948289483,0.5131654128916054,0.9191951634210298,1.1971908329520955,1.130225248612896,-0.09972644247299185,-0.515183278854142
2015-12-02,-0.5359364405377165,0.9732840026229508,-0.6263099729315744,-0.5129229225153964,-0.8314068105881374,-0.7913664754171398,-1.4083880461306915,-1.0869622600965567,-1.3841742476450591,-0.3441954675413587,0.17092914654995353,1.4862127857632146,-0.2535025610022687,1.1701866670911882,0.16320142975239188,-0.47448962477616735,-0.5019857768604943,0.022908308164932594,-1.6889947672711105,-0.1385303938351309,-0.27636853594724,-0.5123780371362626,-0.0059231574273440335,-0.7046007098859912
2015-12-03,-0.7700045458217917,1.2740185379872937,-0.4205405648091265,-0.7367918074199532,-0.25211327961691415,-0.8425365660186738,-0.7336655249534594,-0.5011119223525667,-0.7257939324628756,-1.1778822149529435,-0.8943978868810348,-0.18737277011874312,-0.14163515287168796,0.7525021665282021,-1.0322799111217613,-0.5169412313172405,-0.44590337894673593,-0.5672827398927834,-0.36587397381350223,-0.6679281191589151,-0.6884999120996825,-0.28092762409924704,0.5527803810185639,-0.713099988766383
2015-12-04,0.49344859518748696,-0.23194818772840659,0.6165792684062016,0.16143902107119615,0.7769308475750528,0.35983468350090136,0.13895037476940028,0.8012505157292239,0.734955300260888,0.2882059045688738,0.07720105757004776,1.962764985190838,1.2071832826261275,-1.642284892854187,0.22224201382412614,0.36261294155807444,-0.7490690749601375,0.22043088893989599,0.2380995054713851,0.7167542229626623,0.8545515253645719,0.18944211905776118,-1.3252789792895006,0.173199157255
2015-12-07,-0.41454864041476536,-0.5962202312708147,-0.7562372574832186,0.04980304578648584,-0.4994882146793743,-0.11796743961745973,-0.5760450935437853,-0.2523140513996117,-1.5829488663742939,-0.6336808655473984,0.1422287392147651,-0.3045604684688167,0.3115234102840438,-1.2713351756983953,-1.1391877001249482,0.205736501461519,-2.253097353192064,-0.7409109644049403,-0.24079613837048613,-0.4968400823999633,-0.22814336101947183,-0.04574275252074292,-0.5886952124862753,-0.014049028677204995
2015-12-08,-0.48163874874144325,0.2481071101909259,-1.211967400320807,-0.6766508548438721,-0.8503975218778956,-0.9767258377459623,-0.5269742786726516,-1.4251601800969083,-0.5108766935120156,-0.12989237341888402,0.09280090773673794,0.5266993071824878,-0.41451111974578403,1.0995086293644714,-3.5505808095977023,-0.31363979622450333,-0.5544077186876406,-0.7496783280034757,-1.1062355662604104,-1.7003745350086394,-0.44536010961367817,-1.2343912600437847,-1.001776310614121,-0.8141526475296856
2015-12-09,-0.4042130846304017,1.0747462605958482,0.10208192810722733,-0.8952701034154923,-1.0060544982154913,0.006511665790839225,-0.2502286381866764,0.670709088039549,0.050368075269844916,-0.8866514787567333,0.7960544646429212,-0.9259896436180955,-0.316892526281119,1.3279705919389924,0.40111124457795116,-0.5027943664155266,1.1366106123046198,-1.1388691093920709,-0.9976116491094511,0.857435284428247,-0.911557094123951,-1.7655940058249655,1.668787402066201,-0.34681584152454925
2015-12-10,-0.44492729882786897,-2.7953624161925608,-0.43826433294192985,-0.08605247837322721,0.44822447959528416,-0.20452844310899795,0.6452904267654207,1.0456754876275483,0.6816440181512717,0.4025699080649133,-0.627570107480704,0.11025568259524994,0.13661719611256967,-1.5008588238836196,0.9984875409776659,0.059300624118536406,-0.6996120145758387,-0.2991330903373329,0.5278539793124929,0.6017908597365194,-0.2569929663362652,0.9452245187226274,-0.19840125887503204,-0.06172888140305533
2015-12-11,-1.0844421262017276,-0.24893009407255454,-1.1930250493451346,-1.2816754742944374,-1.5291466887340215,-1.4031459554419095,-3.487050294293519,-0.7422119700983147,-1.4585627613414744,-1.314541182395655,-0.2154130490320698,-1.0867652248258262,-1.584333308888714,-1.4681474208849103,-1.0637686572021516,-0.9333692069798432,-1.8221209754923362,0.34764240174720146,-0.6781860019957743,-0.7997727361352526,-1.2282886422710315,-0.2914094426400557,-1.186090647924889,-0.6860122276931706
2015-12-14,-0.5127668913043839,-0.38001926142741266,-0.05879539732963019,0.04709447468874418,1.0435770172584178,0.3294749172132062,-0.5084079805011644,0.9692476448650473,0.5095055733031306,0.4593742751807966,0.8759074767834313,1.0994148617411659,0.433435324396431,0.11930853976588499,0.4948083333860699,0.19504788163773926,-0.6675658699404277,0.40389870807772543,0.6139654822484988,-0.775212175923733,0.03965380310615966,0.9288079196594223,0.4911895739957965,0.4188305535627748
2015-12-15,1.266207708240809,0.4558385299078233,0.367982276675223,1.0696678553759005,1.0695242226881005,-0.03644939068052305,0.27695213690285586,0.8836292065814424,0.3415359772178572,0.7838072486609281,-0.7233908877803708,0.641599794988114,0.1279343165608671,0.7684137611834599,0.2503994063193945,0.5952143651668873,0.8260301150478524,-0.12165705362761493,-0.37541275473554314,-0.23842620033770015,1.422962005351029,0.1945687458015812,1.2510733927443247,0.605481253671981
2015-12-16,0.22981850092927888,0.5128872852138185,0.8160209787037913,0.04590650753388473,0.9372417707444683,2.6619185831515058,0.9874701714375675,0.3981071583447072,1.320882828058253,-0.6073221377808996,1.0586792861605714,0.7544400139499619,1.1698160624746157,0.1734571536324952,0.7840434292704241,0.15314767638584742,-0.03306284831222107,0.6045592758040393,1.5158916928591057,2.820141561247332,0.7628260329526397,0.667409385101462,1.111569192574485,-0.20395209346080845
2015-12-17,-0.8380933684109169,0.1762108185973865,-0.6063320406853899,-0.48037511556872886,0.00803812007118066,-0.8671137721856361,-0.025491817542465926,-1.0301724130395837,-2.48435413634783,-0.7727870525434963,-0.1924307090527382,-0.4655235381868485,-0.8150103464290938,-1.1862083323927701,-1.1258632977597407,-0.0737158211175391,-1.295374691225308,-0.23661293362074132,-0.28385015255017965,-1.1921988370859524,-0.5436309097623842,0.18944211905776118,-2.085861239734644,-1.2641357229066665
2015-12-18,-0.3366852417221363,-2.221164541662547,-0.319404956613908,-1.0282807124743423,-0.9749046980216723,-0.8997555117541328,0.09216040215413089,-1.0125868314783737,-0.004156791171561464,-0.9033273621014462,-1.4521876576864803,-0.15850996879589138,-0.09615195537013364,-0.675740490450277,0.033914430484311274,-0.246192330590246,0.23039945691215374,-0.6462713500316802,-1.5218654023451157,-0.2852003392615801,-0.13346667103136203,0.18819442808661382,-0.30047397529354475,-0.3553516192263736
2015-12-21,0.942367031860332,-0.9131777726996397,0.33351983241322014,1.1371870727872069,1.0642875868448471,0.3662603009982886,0.9619689237656485,0.6865690653902202,1.1147190249953738,0.32802414319452916,0.9202380242151454,-0.4341891814174097,0.7017491534504481,-1.5343671058601065,1.3436943075898267,0.41898396192847676,-0.22920667167969422,-0.0343706780914404,-0.24807887202365875,0.13891485773839984,-0.012117744616926112,0.8777714126821792,-1.3150636059945189,0.2786168841038823
2015-12-22,0.5794082421423057,0.29143539247044026,0.4598881367433499,-0.07931091994571045,0.5730127535941634,0.13299946564200435,0.5451341537381285,0.7454646415029665,0.013993468118079532,-0.35261372853823497,-0.4068939414710194,0.27086558138506833,-0.20586965850738823,1.0939833088365822,-0.20290251741980933,0.30745584238408297,1.0490517546318527,0.34564249368900446,-0.16191758800341666,0.5603691353890999,0.2055752057771421,-0.5050822232851915,0.7057395041242571,0.47042321155945077
2015-12-23,0.4383382078163684,0.9866199664738451,0.6773352783989406,-0.09778336823915945,-0.15598036043734106,0.4474715531883891,0.7053858439420473,0.1951699494058684,0.8237333630894629,0.5898243794074336,0.2531666816524208,0.11269682807779717,0.749561064204765,1.592317695387365,0.1388522758281681,0.5289473899021354,2.8396308914824497,1.0354528282236293,0.6364957151254533,0.9539151340245067,-0.012409406428799626,0.868205100390844,2.7825179662007162,-0.014049028677204995
2015-12-24,0.009958487976079242,0.14377779747131597,0.10194777617796053,-0.5285431076281909,0.10725112117283966,0.0483663460525697,0.19696028497209817,-0.07641385757702224,-0.3984669227862587,0.05468909611598314,0.8803999351682726,0.33388781190517375,0.02493824882131782,-0.060617493419881666,0.2322401367369322,0.16510073574892756,-0.8159514207785232,0.19523295390976136,0.11760515100054807,-0.8861713885640725,0.10794268144075637,-0.7294182644827187,-1.22555755991134,0.3226344790145393
2015-12-28,0.015178347608535597,0.551669584647431,-0.4376020547598754,-0.22980284116298463,-0.11959748897515861,-0.371035037094897,0.1406155383262495,-0.07645128695452888,-0.2747246909880633,-0.07743946074228143,-1.0026014798501406,-0.49706200044181986,0.5450187787430956,-0.4824353534498156,0.5334807486505814,0.17984728481129572,-0.46732264272908386,-0.9551364270557287,-0.11760287733011758,-0.8449591974118035,-0.39843439176062306,-0.27601509347034964,-0.5851308114503821,-0.7379779174599352
2015-12-29,0.13156474128417794,0.4763379932943938,0.13458627819260352,0.3916416852699674,0.5309467131914429,0.40495236902109605,-0.24710642770339977,0.3294431356936045,-0.276132198702891,0.3400423961586973,-0.4105052493877444,0.6069480209228318,0.47541125233091436,-0.1837853389563745,0.7912959374962045,0.43740593174780557,0.717042184874567,-2.823580449107421,0.28743699794871197,0.1577638862614063,0.10846087739702448,-0.27721934295104894,0.8589521126388754,0.13147315358767456
2015-12-30,-0.3615824104428001,-1.775097478168309,-0.537613814549757,-0.5232287080464589,0.03386525905308181,-0.7715696457972461,-0.6407668075581341,-0.4823758826451683,-1.4977749011406827,-0.28346475824167505,-0.4162796405047022,-0.9207881884300748,-0.09399976026868138,-1.0606907904985639,-0.565536133069378,-0.597671952221777,-0.541251398098669,-0.9221949512598032,-0.2876675808005444,-1.0050553838694354,-0.5452818751778897,-0.9840041995279789,-0.5798649485246082,-0.5494639828688475
2015-12-31,-1.4413208312930943,-0.06446697058494351,-0.38166799684097846,-0.6442896785373726,0.3999081354677188,-0.22658553895919886,0.25525507211801507,-0.28077506575054695,-0.15401211758138003,-0.052274228131700726,-0.4727186547696314,0.08940313084299326,-0.7298283087989987,0.3149687755410535,-0.014376507921402732,-0.8275886986129461,-0.2177542005617125,-0.4997410751931731,-0.2887064811162562,-0.14099755230577343,-0.3779658832546942,0.4258834098709689,0.18655494402034398,-0.5052094878602966
2016-01-04,-0.8656452354064914,-0.4909956214956042,-0.35248197478650073,-1.0698220033483699,-1.6089760855396513,-2.0184524797710615,-1.1020179353885697,-1.8089935240962634,-1.4882625070076985,-1.4495685903858702,-0.7211850716502106,-2.0771283120331443,-0.8909623623352948,-0.2535340567899572,-0.7581934237401755,-1.5574888157255733,0.04434898425073349,-0.5037198772240287,0.20304441750419813,-1.0448103668635318,-1.6999888829261376,-2.20894193222395,-1.2785072859500926,-1.7163962240789326
2016-01-05,-0.5464131773001254,-0.10162539721011903,-0.25635039105410323,0.7227058774096626,0.545120692926874,-0.5203727770740296,-0.3710194631729654,-0.1834005593436528,0.3612507527881132,-0.1341488790549757,-0.422280681134048,0.3577265675118455,0.7016486456959372,-0.5132427462819461,0.5328716668555212,-0.15427493609343154,-0.24052402929521943,-0.09898838633280956,1.50149269136908,-0.2337238883218078,-0.4146808997261976,-0.29278089484199066,-0.10598462084982843,0.2900837967143637
2016-01-06,-1.0828627407821445,-0.4277494386400889,-1.165105798553729,-0.37344522108012207,0.04353396650008578,-1.1268613990609995,-1.43549413398289,-0.5028307344628833,-0.990823445551054,-0.8224783569178512,-0.14531748558821614,-0.08244000016867975,-0.7935237277729845,-1.5301144758608287,-1.3634446714431416,0.5203305288903933,-1.777358402396942,-2.5961870376197282,-4.008195579403094,-1.842960989425586,-1.630033334116292,-0.5440051913235483,-2.5074881447941415,0.036492523451084245
2016-01-07,-1.2874705782162323,-1.3294831273235483,-1.6907097008026049,-2.4931086537935885,-1.6262356696252183,-1.6724487115004252,-1.4206832290955171,-0.07807134736257229,-1.0895189656004665,-1.5466616086487937,6.113222832108714,-1.972179688071688,-1.4169385193276114,-0.9760016041118456,-0.9733973026940719,-0.3674337520116507,-2.210241306533379,1.2878926413561849,-0.8631874369902207,-1.9199455497206712,-0.6904561527822507,-1.5752485587123202,-2.25354112350742,-0.3687234061970629
2016-01-08,-1.3740581754029313,-0.7593408579431025,-0.8862100299157066,-0.6968880822866432,-0.3837196848498578,-1.4094869725305408,0.09760650063955428,0.34743367441001205,-0.4849163148033757,-0.6926727420359357,2.491629330062073,-0.4978244979150013,-1.5051149700409034,-0.4298999990449357,0.2510634698321995,-0.2656730682479111,-2.11337282721405,-2.1530527285778116,-0.6690237226409076,-1.7570466141217285,-0.8312905254608381,-0.3059031100028126,-1.3139249811123161,-0.21771596274312158
2016-01-11,1.1600991915976377,-0.6189433711654044,0.4739192130000542,-0.22314846696391094,0.8638493110197445,1.1001114676461239,-0.21027265830478054,0.23941783722741236,0.2968378373991285,-0.8819718399686092,-1.5482636501123102,-1.183339193733112,-0.3052107499286904,-0.2907694770115612,-1.9881538598056538,1.2905403982876227,-0.42307300028851313,0.061131229865561874,0.7656139288736182,1.1853823486777946,0.2595207991010392,-0.3074522727892679,-0.7429014098686231,-1.0954206677635598
2016-01-12,0.14649372730641874,0.47573329400193254,0.11405542955822599,0.5952907747195406,0.35711815681723325,1.2189407669637298,-0.7724958289750103,1.0715262556863785,-0.06421452883751685,2.0992011593820616,0.008972967873630203,0.4719099169170323,0.9892769466224731,-1.652629420329044,0.9018971925985892,1.3700871946129118,-0.13726746182275462,0.2918858361150846,-1.2176867888497687,0.6716913269256155,-0.5416550062206832,-0.3089940575539284,-2.1926143939549574,2.078432283960299
2016-01-13,-1.6320105448980105,-1.1004847131847535,-1.405653761834281,-1.6167282529628293,-0.3133000713688937,-0.42564000835017207,-0.08832045230647938,-0.42303169924517975,0.03588634573534898,-1.5472575733421436,-0.47715063828758036,-0.7948539110664203,-1.5333124776747313,-1.1071621551002155,-0.39631381868562743,-1.5096315559806783,-1.2574026806993854,-0.005075671914953065,-0.8910469903103146,-0.5996156146666963,-0.7899588665405654,-0.04574275252074292,-1.9279111216673617,-1.4861003937650383
2016-01-14,1.671058520034034,1.1900883597675123,0.44679526237892786,1.4667813961179936,-0.8443543785212472,0.5971846932678989,-0.08841418058219265,4.588912113213319,-1.0146727196876868,1.4655005047524592,0.48130691907220724,1.3636156144363334,0.9167506096144983,1.9435159192397407,0.7345770961507249,0.98134935455002,3.009590628759557,0.552069034566606,-0.5009505896981856,0.8606677906915914,3.4683686106216274,2.0176182959195135,2.8348806261956816,1.4078767812143633
2016-01-15,-3.347145773100202,-1.1781667773746596,-2.2774782445462756,-1.9728536989434806,-2.403925637782853,-2.130442715225986,-3.157090618146923,-1.7644731078445868,-2.6193481820482525,-3.06855765695476,-1.0852669536533226,-2.1538767687450453,-2.1824577656305295,-2.5986196111523174,-1.1978463595984954,-2.2273114819903372,-2.738897659698163,-2.5691874553994234,-2.1277104593220884,-2.568228200722075,-1.929046677346259,-2.3739413489821137,-0.924738976810349,-1.5389104916284995
2016-01-19,1.7024228228930147,0.08620040708995634,-0.808931494945687,0.5150004338089231,0.31187455286926075,0.28607571651375274,0.844988865737954,0.48281021438030425,-0.3917582340295443,-0.012548310227303594,-1.471116399730711,1.621333695452092,0.05419807760664573,-2.239443840174835,-0.2893197023104017,1.1185892243299993,-0.8513318411471291,0.33391876720214736,1.8074129499499336,1.6509488744205896,1.3978828991195935,0.7440556208020866,-0.5432219997688214,0.0374473382884436
2016-01-20,2.84766875152693,-0.15469453619282547,-1.0658540716975182,-0.24738005806924088,-2.04055286152178,-2.0708184617286527,-0.3582530379491321,-0.23896501330734865,-1.9415726141584284,-0.14273666702102067,0.9275936437835657,-0.36537668590031447,-0.4080793640383748,-0.6367664193479813,-0.9624759190437261,-0.7037536887336676,-2.1540500746178566,-1.7187648201456578,-2.9076815473079014,-2.4693846006311637,-1.5456300608057838,-0.3074522727892679,-0.0059231574273440335,0.5493157323428277
2016-01-21,1.1289792161247383,-1.559622370885823,0.566780877262166,1.0958491386068907,-0.3200195005328076,-1.569842833277839,1.3554133646799313,1.4145240020314154,0.7750289191133866,0.42403258830593116,-0.2681567688491412,-0.32590574518223,0.46889654002423503,0.364072533728418,-0.8758027879928272,0.391194986682301,1.763149556953948,-0.3884514008770593,0.2464477974734877,-0.3161608265247871,0.5694056634814525,-0.3089940575539284,-1.818143123440456,0.6949910593134953
2016-01-22,1.5875021540104475,1.971806037650902,1.4515497966719928,0.3815140654749867,0.524684070975719,2.653090362892672,0.8080497014276149,0.0532916805859457,1.4127997886341963,1.2715732321723097,0.6921839807254756,-1.468481741097543,1.6128679011085565,0.44850820374789274,1.6571370048330714,0.2007586021019401,2.856660809034495,2.125797141404427,1.3726726580970967,3.343322161049366,1.4840158098834442,0.9980078273454643,0.9827877704335123,0.6862475705406172
2016-01-25,-0.3994135232729937,-1.1268743586650913,-2.360936616677723,-0.8529940440227124,0.6178459157170133,-2.005137915341009,0.10135109968709483,-0.3304900295169199,-0.2628832582754002,-0.32353227765732584,-1.2058778761010782,1.2209050195718474,0.5542738716048576,-1.0001088709450867,-0.6335036823329638,0.012337737136514265,-1.1527999997808758,-0.20815541368726984,-1.55450316234872,-1.7721633354537838,-0.4172972760712786,-0.04574275252074292,-1.7203248758250764,-0.6899180638541208
2016-01-26,0.20009704826564448,0.8991891840749723,1.1286773732478241,-0.10611433996061469,0.8827265171774247,-0.017790069460058146,0.8522648397403999,-0.9803896188698761,0.34052971094832774,-0.5387111485344407,-0.2752743546888978,-1.583340527780767,-0.12019540770839084,0.09133106840686459,1.1795021047808807,0.47233578058084186,2.16009843575748,1.0370956169405006,0.19549967401993246,0.6251061307713947,-0.5741166724050719,0.9738677160533014,1.0054271738588636,0.7891276423757034
2016-01-27,-0.3132995369804675,-0.074278824697104,-1.1958290680545598,-2.161434996555292,1.0582364346339634,-0.6532041801798587,-0.27449011795086775,-0.36955441351062873,-0.1977623413201424,-0.6927608695134732,-1.003107136128181,0.3831827135179754,0.44774631234218565,1.7829527832363967,0.6402809849853428,-0.05785202371819201,0.6643108091482302,-0.2388839631463736,-0.527629630593618,0.6402845388712861,0.17095315271811345,1.683750894351899,1.2485122243538664,0.08556414885283294
2016-01-28,0.0002810871069290857,0.005960791196426173,0.007057437899656059,-0.33352813139126614,0.0856763741252903,-0.6101288815596522,-3.1293430010631593,-0.43741076829317915,0.7872055491731321,-0.18269103092624567,-0.5251452481043727,-0.1136605723282688,-1.2854333482008091,0.5965337147268456,-0.30982917764845697,-0.9509711555152996,1.8019298563705042,0.990886480136841,-1.9678377725984861,0.5193884835616918,-0.18925630873536656,2.996589029926416,-0.5573071520970297,-0.36343238076111006
2016-01-29,1.0327079703401059,2.7071511655622036,1.6425475586244163,1.584279882639268,2.386854026783523,-0.8161301005685972,0.705469075927097,1.9371292251900423,1.1089504254092826,0.461157623235028,0.7334739705968079,0.569545435816583,1.4866176105857867,2.187490483692966,1.9846047989399636,1.616232921384165,0.6896550294523477,2.3224575465701114,8.538618492220978,2.5855499180642814,1.7626412442718369,0.17981369251062782,2.402803178766785,1.7118106496763337
2016-02-01,0.1573783878034067,1.0289110713626028,-0.46509230743113283,-0.5310259337460216,-0.4026898208681036,1.76423217148074,-1.5680274373271073,-0.49082885310600516,-0.9688830035374393,0.2302755318906888,-1.8954036806735792,0.05412196780150189,-0.074233381017195,-1.44017750226463,0.4001860085370793,-0.095876193317941,-0.6307004547261423,-0.10033147563188383,-1.327654706881828,0.21695029975900523,0.2127116619150194,0.6240856783195401,-1.053841613127737,0.5658277929848673
2016-02-02,-2.060578038501132,-2.1123867989950162,-2.81544412061607,-1.5855337879735658,-1.2030070829069526,-0.23831023844480204,-2.844712363417385,-0.7216786035418156,-2.408129131217528,-1.1043933426310604,-1.308701192888163,-0.4907481417121574,-0.9253156024533037,-2.6748129942277106,-0.8108238342359891,-1.569424987239763,-2.1952928786533064,-1.6146829094431399,-2.1772373184457643,-0.9479417604341671,0.1867020602840291,-0.49116260911964776,-2.934653072613051,-0.3515938753169941
2016-02-03,1.2841660661306256,2.7312862451984774,-0.6753147749955438,-0.4479894889725381,-0.4789604429453237,-2.4662176674704517,-0.3176378392815769,0.24951539830973143,0.45920677318642983,-0.32682843109446724,-1.864805969859533,-1.3911924061810779,-4.001239397689205,1.3257893520559878,-0.3146332045150242,1.044799265456923,1.7556374973967122,-0.7596296915753973,-0.9084065358615067,-2.7285055818761297,0.8208505978952321,0.17752957497194188,2.2497353432141898,-0.014049028677204995
2016-02-04,0.20723505622525934,2.4626738700849318,1.8164891484857433,-0.12437176335161389,0.6082399780537366,0.2604082798673676,0.9169739291733249,0.5691742983928085,1.0397827266821837,0.4282432456378743,0.3805314887716086,0.26835806393787653,-2.5855310160281606,2.4718135726623163,0.2139730732560645,-0.6738530569559709,1.7750104156314022,1.3337040620787792,0.06607108735232885,-0.5071892617691158,0.687397128433748,0.17640477658547707,4.664999682864035,0.7068374305232694
2016-02-05,-1.7355020038029354,-1.0640050810874946,-0.7409455683894202,-1.9419359893621084,-0.7030241131686775,-1.8692503190670604,-0.09726589801891374,-1.6335741859011734,0.5953281445856097,-2.498491904442678,-0.5940653564859342,-3.0932629539678795,-0.9979112414538907,-1.540690529677223,0.34420755809431186,-2.27829139355679,0.14659392117055137,0.027230858355606666,-0.8962183941145189,-2.763295871832791,-1.223285627971143,0.1752999073329051,-0.9589320217747617,-1.0744838948548554
2016-02-08,-1.166874000483371,-1.1691047513284685,-2.3200465031843835,-0.07605374516763296,-1.3348303789895684,-0.41165395732956683,-1.4864255059157503,-2.739379036741711,-1.4502457239666533,-1.8295154145719876,-0.8734781764559884,-1.8755614617410725,-2.506574312145894,-1.0206948161017837,-0.3369855680807348,-0.9118833295265077,-0.20167386045454577,-1.1455556414959975,-1.3558002836610041,-0.9308821143022693,0.061579267531263866,-0.9366138432146784,-1.11360882233917,-1.8935734629389824
2016-02-09,-0.8427022684306416,-0.06446548181674694,-1.711052689859544,-1.2189503032276163,0.1546833628761375,-1.3973652772965557,-0.17428828838493496,-0.7720643590932255,-0.5984019680207593,-0.06688628249340184,0.03350668305356872,0.9184694073521019,-0.6318525171322714,-1.1508865284446477,-3.3013456913891566,0.4495550239163071,-2.1388354970923498,-0.20267250855331562,-1.1850399459807996,-1.6979121975343627,-0.6499260874271711,-0.7259075796992563,-0.6385296811459806,-0.671560328355182
2016-02-10,-1.9378950435844717,1.0470082828218148,0.283030946881399,0.8749984520976418,0.00048095417452272864,0.03326036477006469,-0.2496548807583155,-0.007558199216180671,0.01797074819158061,0.7349530853530384,0.45106266545655077,0.4752970853168843,1.7304756792706315,0.7123378867384714,-0.28268721063469343,0.038296781805217305,-0.40055780072602637,0.7816466422977375,0.048061734566792705,-0.07739758192568827,-0.7061340569742075,0.8588306488991443,1.6131959587722213,0.23973513133614202
2016-02-11,-0.01226046690870837,-1.389328606030678,-2.6906387287834854,-0.7171358652582025,-3.11085710823865,-1.2900072319962956,-2.411562258972581,-0.5338187330471781,-0.8967524944371843,0.49353391385505996,-0.6527731205284658,-0.42386921576231434,0.8849099377096205,-1.540141742569483,0.6602316002695348,-0.5613381921016466,0.2133869880170223,-1.388428748766468,-1.4154490797752775,-1.2837518706281406,-0.814854744321587,-0.7224238909482109,-2.796684882657006,-1.2944483715707498
2016-02-12,0.0825813847141452,0.36020269679814165,2.704753604582797,3.138401381924438,1.2476830109756396,0.7928013173370319,-0.662954845806628,-0.4315020120356655,1.5917092149611443,1.1069097636638445,0.6243005684275305,0.4138000086027015,0.1919892592541194,1.9745488274624285,-0.5482727197981078,-0.5245479194475978,1.8532161343350417,1.9941827969032553,1.3844858644870537,0.10923029322440636,0.5434777738441531,-0.27363501551316216,3.146979909884778,0.3988130603993092
2016-02-16,1.0823165972682354,0.6344363471869381,0.3267618042266126,1.2381001233884612,-0.6368625228512644,2.10326793800735,1.0840320781129833,0.34645466032364014,1.1188371907020453,1.4095241256558335,1.6266410808271077,3.2970215122902107,1.0204397856423952,-0.5256588978523834,1.210696626764012,1.6718389050064906,1.4790629627053071,0.7961852899957222,1.812956097314784,2.1536636962920586,2.627461301233747,1.5252931653517061,1.6311784744495634,0.5997040651264786
2016-02-17,1.2595917397524314,1.2956505909103224,1.2180046126027402,1.5004327741834484,1.1238806242422603,0.8118977862800199,-0.6560579093480352,0.9011956112894395,2.5192406305651027,0.8706194732352354,0.2613131661208548,1.3305731911842789,1.2889110176846112,2.8455615278086372,2.2948355053887566,0.8092430850329208,1.82651986996201,0.12218745913872725,1.4173087263364188,-0.08403922146761547,0.6504653281882766,1.2576876948909073,3.1370062205956457,0.8943434588638975
2016-02-18,-0.25714927696069373,-1.4223763474550608,-1.5235941031303848,-0.6939947527926281,-0.4720096782588676,0.03231621752511698,0.6050742742631033,-0.2856832183612472,-2.293054147823377,0.15777756117369066,0.5375287087772127,-0.9843559148679025,-0.5263071379420822,-1.3868646361513386,-0.12211984330777807,-0.034974567767482215,-0.3812086401836772,0.2169798381797065,0.04150752348883786,-0.5231545683522336,0.3149184405337597,0.5918077664354975,-1.9195933608066782,1.125970916484852
2016-02-19,1.1144888015080496,0.3515135958228744,0.09864778794448109,0.9306512421195149,-0.6955702290290356,-0.8246790064326258,0.36406134850913857,-0.11220232886398615,-0.517146020732189,0.5584690783458403,0.11625774931664011,0.39122749011049174,0.71779414718576,-0.6786312576601605,-0.0263503306637901,0.6800675178411193,-0.5388222042228654,0.531002052211881,-0.6502522350276734,-1.611936712662178,-0.10747202099201004,-0.8978736861069254,0.6449413304633458,0.08400475067911169
2016-02-22,-0.1036275643335744,2.4593393478204426,0.4167839336689276,1.011671661058171,0.5700874705080704,0.4753195839698044,0.5141204151666152,1.6742107429790312,0.8903015586243644,-0.2248435229707275,0.4064736509519997,1.504411668809778,0.8063956941498411,4.2004867166194755,0.8769696771704517,-0.04269758337298334,1.0303696191856144,1.1459892828138274,0.7564438827197832,1.000812882658956,0.35920854034760613,0.16883766210919468,4.0206422058216695,-0.35800387439629944
2016-02-23,0.3096799172234321,-0.77044089392682,-1.4212925955623394,-1.8514732977444417,-2.605113169392404,-1.303815083341486,-2.224990545968562,-0.8601204375599983,-1.5035450624689,-0.6243634038679038,-1.3456238695277682,-0.7132013007607357,0.360546315266237,-1.0489452741191057,-0.9656882599610672,-0.670382748937175,-2.080610991562288,-0.25217089189131464,-1.9794148216626761,-0.8204885564419602,-1.3775374538084335,-0.692650713932701,-2.2580694531989676,-0.7581804395565976
2016-02-24,0.29062072911028436,0.20170478487327104,-0.32229426665772,0.4309296545205589,-0.4969493107784519,-0.28520962851431086,0.13531761646748633,0.6057095236194352,0.19105020833001493,1.634004457804434,0.838295523605754,0.5902201146566464,-1.0416553442443826,-0.30805824434530166,-0.9340871738837304,-0.620890187869533,-0.08989987872276205,0.05678971093327148,-0.25003334193189314,-0.7984396539528398,-0.013122275966734027,-0.4823336893418027,-1.8878910641362896,-0.5659870790388796
2016-02-25,0.33150313025928996,-0.05913862209461095,1.446424573402085,-1.1245411099368696,-0.6277621816753705,0.37755290114382994,-2.332515059784556,0.05916852663295217,-0.3299062402007359,-0.23426825421121392,-0.10886550288886723,-6.362516116801685,1.069665429403773,-0.0010353892033076585,-0.23455247389914544,1.612410847158679,0.9095335091393776,-0.06694105476317762,-0.27547237729575486,0.7096445385388264,0.5776073289143424,0.823175731082333,-1.4384680826405385,0.23750249284532282
2016-02-26,0.43025492214003347,-0.4535072219091268,0.325392040416599,3.757756783694098,0.8026662421346333,1.1596076046848394,1.0607477030525028,0.025147683883560347,-0.047748407600072554,-1.8378171870296929,0.7496890947974137,-0.28632621021345406,-0.08884717757076221,-0.9436047903615387,-0.4327382374006183,-1.3366642865214537,0.5205382441728151,0.02588019316476239,0.4384778195177014,-0.3475555460585243,0.12704101403375798,-0.04574275252074292,-1.037194205791338,-0.21519096544742516
2016-02-29,0.053052049029541616,1.1111859090394176,0.5919452352475795,-0.08371107670087198,0.2117192396295799,-0.9618028293992069,2.849211957213367,-0.2797726333240948,-0.4860290260850504,1.4650684573770942,-0.31109279244826155,-0.2644210050550989,-0.7462765398422954,1.7026529976129117,0.8798710363525546,-0.8917377173338115,-0.054475122159486265,1.8238512227465566,-1.0920127694192747,-0.8095256236872087,-0.57845391576629,0.382374765923998,2.5654416553814032,-0.6217954823272255
2016-03-01,1.4035016421461357,1.8119462234018575,-2.524874487262334,1.536684012441191,2.8728849092465003,2.5923900596376632,3.321453637645516,1.9598431537765277,2.193461486437399,1.0605803050072073,1.1849071761474208,1.162026046520664,2.0655491662379606,1.388533956981566,0.7934001285333123,2.0377853100028815,1.0472735920458942,0.473761880984604,1.1561414249703679,1.7048052921491652,2.32294629407868,0.1667735966953288,2.669007714633922,1.8393573014615807
2016-03-02,-0.28770148143465846,0.8156790073892771,1.5443750699444472,-0.7259481174269153,1.0342768680073775,1.0138506937018168,1.3837599258320765,0.8038503883992912,0.18537908099935194,0.2804358694135125,0.07715455166566863,-0.8583456562296772,0.2193956232686548,2.188926249209135,0.49769120104712694,-0.1766001149114108,0.7077292558577767,-2.4056992993268826,0.8898285751397392,0.40286360519248193,0.029859759710775705,-0.04574275252074292,3.97394165288644,1.8286517679271173
2016-03-03,0.6493173531704332,3.949461462558794,1.3576037066322841,0.08501905500231272,-0.22167973317780226,1.636589056257489,2.0068758609470327,1.550681046133792,1.3242491610843292,0.1632534568814245,0.17470202297059081,1.1449798629858678,-0.9546267720229266,3.6805187410593114,2.8805180908021892,-0.8451612759643155,0.5296921668622627,0.30392286283255565,0.20953567711877655,1.1301798332738549,-0.1965513718434653,0.3762377064361702,3.9142442105324027,-0.06179059150449864
2016-03-04,0.2786437492911093,3.7516199363992224,1.272732674686685,0.2845891773772116,0.4825552757630512,0.6380453387116829,-0.7597932022180066,0.7687143953786579,1.8877175808779076,0.7362367948726534,0.9236986516316271,0.42854342085198294,4.736454450724395,2.9828780586866666,1.3927011177520983,0.19655275174217735,0.4094963522435307,-0.6557709258744039,1.8671005074930733,0.6827933596069321,0.14301618795116014,0.3722337253559622,2.0024712897422883,0.1290265659045709
2016-03-07,0.29664899775286896,-1.1482543154350215,0.306955446101795,-0.2995847941961517,-0.3940866023328926,-0.3814382696308469,0.44321126680621925,-0.13553482887043583,0.4876945248380576,0.4575061622085755,-1.2934648188310287,-0.06992314276313433,0.4893513506097211,-0.20728485487373233,-0.597084941698764,-0.40272359535570307,0.29208960769486625,-1.5183523317528762,0.609347513812334,-1.21503526030628,0.05215416209601938,-0.2542398595217725,1.8822940357627251,0.12867754692610567
2016-03-08,-1.2063365641338417,0.05485223840706366,-1.0301826660639155,-0.9989340891668667,-0.8061667818056618,-0.7761027739194932,-2.420828162055146,-1.5836664010313883,-1.2726367354842492,-0.5067366601394101,-0.021284618585260408,-1.1529500921234392,-1.0152111560760713,-0.7887658626673579,-1.0975844074349392,-0.11531132246536815,-1.2076344190849908,0.1542450361754494,-1.8086101750244248,-1.5678346408157915,-0.1735080507112475,-1.103256035384211,-4.758869826345955,-0.8758212912751365
2016-03-09,0.11168338232073936,-0.7348046345755863,-0.41932079674798406,0.8482812127253628,0.30370330171821763,0.2520617358711782,1.291059490636905,-0.29814390305832306,0.6933507159435297,0.6670791217411618,0.06104103469528921,0.9364578308945715,-0.8380781939949639,0.31681512517408816,0.4461466009225495,0.5247835215374149,1.1569093902599308,0.24907905608927844,1.8377069829192303,0.2940170416307342,0.14225135813179918,-0.26032316715068055,-0.5632108110789857,0.13048463336632563
2016-03-10,0.8823538800559638,1.4716508586805463,-0.4464827405495364,-0.09144879454621786,-0.12561934979742778,-0.01800457468008716,-1.0615672800003833,-0.26710579658477507,0.5276382580470574,0.6942548269623149,-0.12015062347421399,-0.34109709913528946,0.28655705474703863,1.1334568165419467,-0.31719811185425867,-0.14650156038320364,-0.932889988133394,0.3426380885162834,0.8004181919241001,0.5878399466605322,-0.06067694430761406,0.8063881810654394,-0.4101048249251121,-0.49728500604565185
2016-03-11,0.8546817718473945,1.5482651854393414,1.8363509584182027,1.540179249526091,1.2052322627305627,1.437848545011322,1.9559615794547205,0.5650489750586715,1.5214509798912412,0.620430610905752,0.1762350105732773,1.2750188279428873,1.1736628404807061,0.8930149136862201,0.12043837654011919,1.3926563503697873,1.0067565561069285,1.4901398303135098,2.02273987829853,1.5633824257138609,1.2955909326251795,0.9967688906570029,-0.4153353660925126,0.4210514618135133
2016-03-14,-0.4333151895794928,-0.7797941933381369,-1.0540988345314561,-0.20647629588631894,-0.3725005764686977,-0.6932481209114505,0.6375118880670855,0.14803325931318506,-0.04222269206636641,-0.2667761250544844,2.251056544791403,0.6287325173514821,0.21277721156382381,-1.559697938751438,0.365723271085273,0.06670729967790583,-0.20734794744341445,-0.09750845687191259,-0.11783202157040393,-0.24975572165519722,-0.3469544902049086,-1.088254395698489,-0.9257931306053492,0.8462809107515098
2016-03-15,-0.2547817244109423,-2.9735716301688244,-0.4883714895358211,-0.3934591253179228,-0.7811827800929212,-0.725065426727347,-1.2938914753681834,-0.9049879424405568,-0.848998264637042,-0.5960338078178109,-0.20276679397148517,-0.12015013996587648,-1.1824855681704385,-2.3236441096370806,-2.3250276023057794,0.41544457329155193,-0.3024950403676384,-0.5002344773923605,-0.18241914045549074,-1.2877950363794346,-0.8164785518188007,-0.6832932714769833,-1.5714926459931426,-0.39480705085888834
2016-03-16,0.2921521568057861,-0.5603608351819781,0.27801094790344133,0.6265591890197633,1.2110379067906896,-0.5597615841122793,1.4398690263380736,1.3249291595308619,1.030797755516887,0.11831624114878257,-0.11196652713743187,1.1487714267729638,-0.3882658089322968,1.8516933721438136,0.9081809186831167,0.5580556006340706,1.2020893338400571,1.4991563071821008,2.013379153096116,0.20924969717154734,1.9179897061753275,1.4277794997762383,3.6921665304117743,0.4615115419645345
2016-03-17,0.1853996362011528,4.881432462642209,-0.12819881667679137,0.08884707619929698,0.06642051316012364,0.6707905536568375,0.43066949190613274,0.4269014554364548,0.8429121533760481,0.33346081413007894,0.587210216348524,0.26325398128078203,-0.5942031264768508,2.511706629977198,-0.2779905748590233,-0.1646745574708597,1.1439437478213332,0.9282188721829557,1.1528703654752053,0.25970825079145077,-0.08228333275320872,-0.6712310928299318,1.8423629288504169,0.6451320009596345
2016-03-18,0.05539038762388581,0.3192402814622045,0.5455138111540578,0.9682132048540456,0.7527028652769311,-0.2387532569186196,1.1892484816774833,0.5465943281422574,0.014522660170763646,-0.11470295142111539,0.4276839511652384,-1.1111924854016493,0.1371914462977811,-0.29050977366793695,0.6932760042576339,0.00404164880310411,-0.6336316522174312,-0.9687063978592465,0.3091027358709783,-1.003403127381773,0.5196770007862946,0.3722337253559622,-0.3821558188342297,0.7762609297755518
2016-03-21,-0.13334460188880953,0.4045647696102308,-0.5765818873004668,-0.166745433199359,0.8519211668297564,0.25177658850029805,0.2886562013940402,0.44892116666859705,0.1263412157399429,-0.05537912897754832,-0.10861641813755926,0.18698932681083316,-0.22502159512432676,0.3363901626552534,0.41476405114883025,-0.24193374927248695,-0.4164932926903971,-0.18741768022270203,0.3465188379092375,0.3726741637716995,-0.2963895258172793,-0.463719230397448,0.44502450944054556,0.12428415672426174
2016-03-22,0.15440643660793724,-0.2592546402713778,-1.652648124309379,0.27626623081481855,-0.5645923750229733,-0.2141960418378696,-0.5925940598261498,-0.5648280905480801,0.14457942629512474,0.20634417236262734,-0.7573086888441974,0.16986808964784264,0.14411024440276385,0.6146437217747082,-1.8683150025395108,-0.06521154013584275,-0.605788291655021,-0.4632931369378395,-0.4735901100036908,1.041501862948536,-0.3189591224114442,0.16373661835493258,-0.0059231574273440335,-0.24479459332468434
2016-03-23,-0.31686796005507606,-2.052059555719316,-0.6086887345327898,-0.975560367120747,-0.2705567292704356,-1.3580431285440493,-0.21616850987151545,0.4185739987320874,-0.8275201923473012,-1.0119695415930638,-1.2033756685795434,-1.033976084843544,-0.7354104063158962,-1.9924570556613501,-0.918655535266393,-0.07296566013019845,-0.7914765396614136,-1.0251201887496344,-1.457851771303879,-0.389587122033612,-0.3418340505938276,-0.4657055164279704,-3.059277267493728,-0.014049028677204995
2016-03-24,-0.4435154939331614,-0.5166792473480758,-0.42456968544537826,0.2249344225256395,-0.2996200807971987,-0.8763997758117328,-0.08922719574964157,0.4148744110256165,-0.5349453656942628,0.10675238185497359,0.1378743963239059,-0.3874350736575432,-0.5549970052391214,0.1998366732359204,-0.03806918472579376,-0.05756906696593957,0.6061935534661328,0.21271137451895844,-0.2601586688373409,-1.3348713473816474,0.047627646267939756,0.37422001138648464,1.596752596327209,0.40061628652362014
2016-03-28,0.21618558688227996,1.9596430648176622,0.2473902054860199,0.07074969277057482,-0.1504948909985564,1.548162711615251,-1.4518343387466035,-0.2250374702933654,-0.06135440015818291,0.6863936670463641,-0.9369323728835592,-1.2825314635285483,-0.14622890998471036,1.8829935836115772,-0.2994926063419737,0.5877689781804606,-0.14490968429781387,0.27377444291505343,0.2985954500687159,1.712592692732687,-0.277497193192751,-0.8897189315694077,0.6895552665182819,-0.42871434387803015
2016-03-29,1.2064358053223727,0.6772766739479604,0.007057437899656059,0.9993343066486587,0.6615587160703059,0.6531261839497874,1.2090614125299575,-0.22563023117039796,1.1652763601830796,0.9403853535847311,0.5772751246977538,-0.36200452030409586,0.974618396810382,0.18497942622633837,-0.5170720506441124,-0.041936192530021635,-0.08274143656674589,0.7325633667481453,1.1908734193596584,1.2027246396802393,0.6731260800463823,-0.4738602709654838,-0.08244944217950864,0.40061628652362014
2016-03-30,0.48740950197248223,0.4899668321599643,-0.42653555380150343,0.014304726077449224,1.5153472441919364,-1.066226143985071,1.6094316141067309,1.376330327140962,-0.3785430372590382,-0.22832799765682676,0.36103767776941054,1.0180214400855507,-0.15632019508977213,0.13763487689633425,1.2335730352754477,0.3545081081609146,1.0631475532900294,0.177993278961411,-0.8047833652522214,-0.5734125893264749,0.9801431884758343,1.2263509449726668,0.9003344243276236,0.5796445629005563
2016-03-31,-0.4205210417120894,-1.376113811055863,-0.4310296896683322,0.21162580963889815,0.6513762713365242,0.980188152965356,0.3432974375999592,-0.46148915397802237,-0.4569829308338821,0.005750750270635273,-0.3226744631400601,0.22273005171119314,-0.11004128261698956,-0.09340184681347989,-0.35613750460600646,-0.22451886900885692,-0.6569852984722935,-1.1115598007408964,-0.1968553790031918,-0.9693178549473349,-0.6105272398738945,-0.6772025823533359,-0.23005453818373975,0.21264855024804982
2016-04-01,0.033191056606673285,1.0808443809166886,0.055956628702913555,-0.11155946190041577,-0.1270017147378618,-2.647441434006066,-0.025491817542465926,0.6441656931198625,0.2981669217532293,0.7868810986959038,-0.14899700291210977,-0.19353440064233132,0.8241661373484777,0.1373961498119033,0.44471688472336063,-0.5473573530490313,-0.8336780247255443,0.08787166070139443,-1.7199945765250417,-2.114838683168971,-0.23095249650154628,1.0017260467453635,0.8082392412419358,0.7500470688925812
2016-04-04,0.4558128383191889,-1.7364416464856374,-0.33645257475315027,-0.2828558793976995,-0.06470586209770533,-0.30350140543675475,-0.5798373980215925,-0.0425236758560127,-0.3823343052842585,-0.6484400007152545,0.011246545205856778,-0.5140484148638614,0.8801984999240668,-2.7608271377366385,-0.2964377835342012,-0.16528254725339417,0.09516030190198944,-1.414159706972316,1.3869461113843529,-1.6880394050463134,-0.6392653093109063,-0.8817144858614838,-1.9652843396981097,0.1642582810206632
2016-04-05,-1.073811542873079,-0.2270252217531859,-1.4976976891152634,-1.1050054704701884,-0.7558670852224251,-1.4064884406501832,-1.667494851023945,-1.3634812199551092,0.580853767074416,-0.49615487104174394,0.12332010108961705,-0.04207218501784161,-0.6755216980564648,0.10072845024033314,-0.02616450381037677,-1.3358632168521942,-1.0816028191069682,-0.673665565326995,0.11099479858980268,-2.1061897618428085,-0.7979091273315146,-0.4697561676621801,0.5336757099277348,-1.4107633118280887
2016-04-06,0.7118530493452072,-0.7984146473627773,1.2151230164419655,0.6551931085431698,-0.0018415775158676366,1.1340342605201192,-0.2836616234688853,-0.07290347017332068,1.7307544838857376,0.6601420101413241,0.7833892265341444,0.8991903777914535,1.8568588059418345,-0.0010353892033076585,0.06807265470033849,1.0274631281596522,1.0092543822711402,0.4096652018016184,0.25353781001696624,0.5867711568354189,0.17890261429361878,-1.12394296117827,-0.2360496633778586,-0.24256675584849796
2016-04-07,-0.5419760061571937,-0.18612532156998626,-1.3032585827374592,-0.9247800038599884,-0.5640298340199681,-0.9889284789923868,-1.2064401924956771,-2.1787212368407,-1.4583302285849031,-0.45648209630725256,-0.681359864665232,0.004341818306532345,-0.7634309787654716,-0.0010353892033076585,0.41928599107730874,-1.5239869594347326,-0.44283252476706747,-1.2900862562128828,-1.1673468155662556,-1.0144528431514006,-0.6066754101106758,-0.9277002840495373,-0.2377397018316336,-1.1239145087891664
2016-04-08,0.2173530706509655,2.3769698301881657,1.1682423886904083,0.32004442635374813,-0.056207432001360705,1.8804083231504674,0.6345162668527259,-0.23209982128777273,0.5158838292887372,-0.12197425874398192,0.027011593742807156,-0.4804220464866689,-0.23091614133408628,2.0989475499872308,0.020621687271675994,-0.464984354564619,2.0575497327265024,0.059793756921611194,1.5277161637648808,1.8689899227440077,-0.25856801850989686,0.39744743643912955,3.023757266087889,-0.3418647293267664
2016-04-11,-0.24747821750027693,1.713449309235605,1.3788362297509578,0.23988928924005085,-0.06531636683868149,-0.6642121207396376,0.10532678033144924,0.3360176504366421,-0.5241974116318601,-0.08862330329823691,0.8259288811917472,-1.253581412578089,-0.25401333136108345,0.6489047878460416,-0.5183622289299366,0.13268636863334618,0.5774471561195654,0.3828152050010987,1.7560520062389062,-1.7921502832754206,0.4436330370964976,-0.04574275252074292,2.6936475188966322,1.2401476686308635
2016-04-12,0.23620685382682893,1.5500278208055176,0.9602857821546343,0.5038555001180766,0.7678865846198127,2.7002885464140056,2.388599952283518,0.05171903229691555,0.29365076764560805,0.6357868667145672,1.086812796247051,-0.5310536778024897,0.0045575804928752245,2.3689103871050112,0.8500235552120435,1.3061535878654258,1.0559255225806026,1.1126963346953085,1.847078729870843,2.4580955062074903,0.07013255661133518,0.8274733306727724,2.7190969553664677,0.4891031002327507
2016-04-13,0.5211410075582865,0.33074282205674926,2.4780934019590655,1.383147795598995,1.0742021988051096,1.7041954313100045,1.9682082345719731,0.4263837710767872,0.6597533055742523,1.5266776879712791,0.8310749973152797,1.5260004517606744,-0.017963821671019193,1.2309822227715024,-0.4097890452393939,-0.21438404449255796,0.45176058926227347,-0.03674838028443064,0.1910730722661683,2.027558348638222,1.2308212989823726,-0.04574275252074292,1.8378527628966725,1.0685426544687315
2016-04-14,-0.8608524085516993,-0.8533883548536522,0.09585098261028045,0.3607158915688849,0.36570419591682424,0.03079595308121252,-0.5005588479208353,0.26796982051272755,1.5485411677759744,0.2983958617204589,-1.1849467640107827,-0.40040673993675446,-0.24321581813283583,-0.5280252126646982,0.6699278461978672,0.526538302637276,0.37025366237499185,0.6564623963639148,-0.9812912071485415,0.5018867426543595,-1.9432641445138747,-0.4801914931453365,-2.2678034744998015,-0.23789395354946455
2016-04-15,-0.45266220714647126,-0.28539142973752185,-0.21528223193870963,-0.5100678067540539,0.2062965790888034,-0.8736082874364025,0.33128790264473135,4.565931042114506,0.17342844042036568,0.17426506754475923,-0.06510215877185846,-0.9311012641032426,0.3868517636165888,0.48578020003710237,-0.060505873250353205,-0.42377267620988435,0.019972553697391943,0.3386619402697325,-1.9001478967506673,-0.9931902476304473,0.2903521021798596,-0.4845100950896647,0.2336647258297831,1.052484459056319
2016-04-18,-0.2104047200029779,-0.7977079806326312,0.45058231696181295,-0.054185954215835455,0.18787974724769,0.8380239978036507,-0.8625314760486494,-2.1074768062683,0.8574260387586963,0.7227218093709363,0.6957851555673853,0.17135930850124592,0.5396178320160383,-0.9003449346336255,0.30761227670317587,0.6258236212449187,0.17469081089296284,-0.3174894457131578,-0.410798294108263,-0.26947338953607974,0.02674378600628284,0.8274733306727724,-0.125486886409479,-0.2346027731944292
2016-04-19,0.20019033033516512,0.7049733178186062,0.5331994856917269,0.3297667953265881,0.09191039067747638,1.4970360631748205,0.5144351516581799,0.13490766589239808,1.0831121501351495,-0.7500319078876486,-0.37535303679430976,-0.3929127131158887,0.9073111310151033,1.8851466633777525,0.7257029556729784,0.9699678552787441,0.4331654329023885,0.18255822320396828,0.4815325210866643,0.9899149685814395,-0.808112630879977,-0.2624363497145707,2.6907074361761945,0.3823336104722893
2016-04-20,-1.6994324177773985,-0.1790334988263803,0.8696318279950437,-0.17126620727876535,-0.06392062638884342,-0.25554595379707606,0.034090753638129065,-0.07206297695750397,0.5226769973080463,0.47569476297549385,-0.7451474682627415,-0.5699370660852883,-0.7776056409487639,-0.03982371553491384,-0.7200690083758965,-0.07985297442471675,0.18214272141929125,-0.1301206910024925,2.2042652778757525,0.0871901050798532,-0.14926895750719343,-0.7022652385204305,1.758582188409292,-0.05796096081250691
2016-04-21,-0.3623799706221523,-0.6496068170042418,-0.2928429749129011,-0.18862036136895374,-0.6819839315064912,-0.3525056992907171,2.799104879077241,-1.236463044765753,0.29932035791689243,-0.8668366095266358,0.010490238125238374,0.018723040615122075,-0.051517892517466385,-0.4709206138826644,0.4306042813824886,-0.34720197399606256,0.08635169311694789,-1.3971314387664466,-2.9659405598883968,0.4166918439445494,0.027915068891965295,-0.7122052689733003,-2.946928569995154,-2.7123962006397204
2016-04-22,-0.028517425917062383,-0.13617191428497075,0.43483826919456103,-0.4089610109058696,0.2327446449465515,0.9833255141750676,-0.4180289259678854,0.3782086779651864,0.2306615438690041,-0.07435272616524084,-0.3432940110467414,-0.9395376073743021,-0.07366464213147791,1.384795423353411,0.471998003792788,0.04218607143211329,0.20013505472990054,-0.5190502908192177,0.3838509568237588,1.4632169089342557,-0.2602117030456335,0.399677104078162,-0.6401380613492094,-0.7091060750703182
2016-04-25,0.07777478593888672,-0.7138537592225322,0.007057437899656059,-0.5702539313060897,-0.2736763897384785,0.10107025744582931,-1.1090131529146523,-0.0425236758560127,0.22962291846237715,-0.5630353997053326,-0.36296927593631456,-0.03632118627702091,-0.6972809539361988,-1.0336907551076475,-0.78557111183014,-0.21041719236263515,-1.1407400322778525,-0.19890827920433013,-1.9480852664966444,-0.1064853581558098,-0.19410400367598368,-0.04574275252074292,-1.9888334146814803,0.357699805801294
2016-04-26,0.0874986232657609,1.6160940359137732,0.9747865923183688,0.04839296596186826,0.34564051140498003,0.0537238513500125,-0.025491817542465926,0.40481475071158063,-0.5063990784008402,0.31185224708479314,0.2448133018034502,0.11464380304056397,-1.1582291258629593,1.1065574934118125,-0.3811797883234511,-0.36510735644825804,0.6655264629816374,0.9581556162524023,0.08994105820719733,-0.04042181025247788,-0.06067694430761406,-0.04574275252074292,0.910865128912831,0.1709259978359368
2016-04-27,1.3525481851752617,1.0084981555668726,0.25588418208259794,-0.05997139892050442,0.28253536607728574,-0.5623478054878249,-0.6652740640585885,-0.07222082111530906,0.04629385204752196,-0.03176042456182001,0.41160069365268676,-0.1754172247087976,-0.029070956200620633,1.3135964402707885,0.3752685772727151,1.1423046664317849,1.0802823435938926,-0.6777707245561342,-0.3819754101783932,-0.7267947828178051,0.47111814103660465,-0.9411276283923968,2.0350496886007585,0.0320915558803865
2016-04-28,-0.6601728157912083,-0.49160697241227813,-0.45027158092707203,-0.4087868075657891,-0.6022688731052575,-3.0112879856325643,-0.8534974259106991,-1.0319206787442188,-0.4598865851035742,-0.6316582115146514,-0.6395255342298206,0.4731924843045411,0.8753885642331676,0.4233239150072415,-0.5076253922583269,-1.2806332232469764,-0.37561537034740966,3.318914960522884,-2.909612859336884,-2.5948328957919027,-2.517825722643875,-1.4238652998708032,0.16303572695927965,-0.8504995716875591
2016-04-29,-0.7583153897121802,0.1423982067665132,-0.16046955104503574,1.7444591597756764,-0.0030731962796248543,-0.6688223850902528,-1.79207001989976,-0.3153658387233892,-0.738259719943474,0.25089117302643976,-0.1774955233763652,1.6281015765952895,-0.3216969809334936,0.034041967475732744,-0.897499130366134,-0.601148453713136,-0.17907009096935733,-1.4884469992221656,-0.4024881351285216,-0.9966283364249465,-1.3901161618041638,-0.04574275252074292,0.2736645045871092,-0.06087766787219706
2016-05-02,0.3769825598368116,-1.2892078985289392,0.13276976394738269,-3.2946055185835834,0.13617038340149362,0.3825021456272055,-1.7368369632206988,-0.07291575502305962,-0.6093878272042789,0.3990239687839741,-0.02056060813788618,-0.4113282790374649,0.027146184280133094,-0.4604720500928971,-0.8527849841543831,0.8560378920896187,0.04795886648496193,0.771890339263253,1.2861498811926577,0.5690189116461832,0.17488304580966366,-0.9890126496462189,-0.11745960802167094,-0.4845050164234585
2016-05-03,-1.0198944055753822,-1.366138606259218,-1.831741702556957,-1.025892814327378,-0.3868017240704482,-0.8740645244375931,-2.0764727028234478,-0.900247563841387,-1.5575659894534297,-0.3620934856395202,-0.8520911872032667,-0.5179184135575906,-1.3377354381389241,-1.5034221822612053,-0.22904495621574464,-0.9720832009882369,-1.390991787860311,0.2723133547766873,-1.3493969858309696,-0.8145329477105105,-0.9372249451821426,-1.7466473580270827,-2.5651412717296806,-0.774956757179548
2016-05-04,-0.38451975495418356,1.8233630743004337,-0.8762926624001962,0.6676186024943762,0.014498554221581436,-0.7319207792788404,-0.6393759059577653,-0.2589691677446219,-0.7621491380535157,-0.3274117514900065,-0.7442183905706959,0.470481370855876,-1.1072176130710158,0.5583569220710561,-1.615483162494246,-0.8444736370624679,-1.2508135081463136,-0.685288371450074,-0.6472118168130405,-0.6734637184347513,0.1775867833449581,0.44696207991981757,-2.2010449007639106,-0.3501701907592212
2016-05-05,-0.5122031944994733,-1.082343926093381,-0.577203869245985,-0.4633995485258824,0.6395830959712819,0.4149107474816179,0.7236522343215187,-0.1665867530873901,-0.3324034495564266,0.10358712406581107,-0.5084721833244573,0.23985434449607107,-0.33350545190808883,-0.9398947608646129,-0.27358468379895906,-0.3364176687039017,0.28910891922596865,-0.4417755641465981,0.23318573794256028,0.4819756577714052,0.1292133069289904,-0.04574275252074292,-1.5362863079019882,-0.062225253461944144
2016-05-06,-0.353073432437625,0.43598767153639006,0.4124073965740323,-0.289281913305328,-0.04659046080902192,2.012385216104019,0.9098011686077367,-0.0425236758560127,0.17846095355291922,0.8470726853226199,0.26489991439832283,-0.0870923252487943,-0.2640772448909107,0.9747120099342271,-1.6220796228003238,0.1875083437330461,0.23813251417680378,0.05748188198196647,-0.29597992866838957,0.5097107962929323,-0.2743572150013734,-0.5384475849613034,1.000505831657326,0.1784264119668614
2016-05-09,0.29238170799090163,0.2896277447919449,-0.9907579163745109,-1.0321158224640818,0.46055258498127555,0.4988170804021228,0.6305639260641177,0.850860304981971,-0.3516718530800114,-0.2650815243838628,0.295636810024947,-0.42087984809379164,1.703757823809059,-1.9098583946867516,0.883367749475504,0.7532006508916171,-1.147903318528755,-0.6020981578446127,0.07889705425831578,0.47533185304491765,-0.1558854172406582,0.6912629263886912,-3.2730679858627543,0.7019816948921883
2016-05-10,0.13394710844258276,1.8389220504578567,1.2729589161868557,-0.7773201348719398,0.17552214702934354,1.5103616629994534,1.0677421426606977,0.8671768848404334,0.6885745895288735,0.4130816881295252,0.6843220625053519,1.2021063507104366,0.07412054515668696,1.981400911933365,1.1268946248979423,0.44905306373336396,1.0304718944255031,1.4615087229768229,1.7660649817208287,1.6544538353744935,-0.013049395959559187,-0.7827484314301771,1.7046167894598656,-0.20410483467410911
2016-05-11,-0.4565342433771066,0.5809592989072033,-0.3058782608854976,-0.7634622679856281,-0.1659667106695416,-1.9155963525053898,0.8547871937901893,-1.04400197368235,-0.0222674132814755,0.1785850806197118,-0.9440963374167478,0.4449144966471344,-0.5577057056421559,0.2550579118454899,-1.1932734247918906,-0.5986290900528274,-0.029095070889633583,-0.005075671914953065,-0.502541738580797,-4.977197281126017,-0.4668633335116415,0.6912629263886912,0.33904890759320855,-0.3003449039239209
2016-05-12,-0.6083929823019794,0.5281713978760987,0.2308183611430417,-0.4324976088210958,0.1326287237863471,0.37569915909836893,-0.3378555229726575,0.14088459315668644,-0.7706073128009989,-0.5302083510048511,-0.05510301060239532,0.13162821833427396,-0.41090122838529763,-0.2571286902521053,0.3357950341149998,0.29136535121780854,0.15876235975427183,-0.09767156969885707,2.625943623817721,2.294674881495064,-0.614977404062215,-1.0311832290124505,-1.1234078730508386,0.1769683055987849
2016-05-13,-0.17618580255314076,-2.0871019075823196,-0.26159497918647423,-0.37721603746373006,-1.034871980410149,-3.3391890713123917,-1.621569920706212,-0.5637108687820138,-0.8754075202551903,-0.16668079433412542,0.32882857370150154,1.9662979133451373,-0.15664499284927372,-1.7864042169658527,0.37064919961604814,-0.19386791704426276,-1.1173785186639522,-0.8445992369900849,0.5149274981913526,-1.2721433728684128,-0.47395079810550084,-0.5468363342763853,-2.2905561199234774,-0.44474540527896816
2016-05-16,2.3002100137907813,-0.13211436200104076,0.23105890498619538,2.0069313173365915,1.052533254059729,2.163694988873006,0.5558160609416156,0.904302719028937,0.8119044028654434,0.2813966755725651,-0.2714110466508822,2.020992470593717,0.8718014692122367,1.0389728035505792,2.2037502238223445,0.6145331918844593,1.3647700101931681,0.12000044815297203,0.4288861774364903,0.7839470681117924,0.6424841756126243,1.1964904592577377,0.749276774938861,0.6070258428955915
2016-05-17,-0.836306551121102,-0.8819384720692847,0.007057437899656059,0.7301023308518177,-0.9812305734064739,-0.6965302927082201,-0.3474986668929279,-1.3910983249462123,-0.3179454716887093,0.5287603364258573,-0.0886316426719011,0.4147745137962958,-0.7553123599582268,-0.22872193418244857,-0.10944851312883873,-0.7082779623335821,-0.17652244671632947,-0.44398419888720975,-0.9412807235005403,-0.19011548119898056,-0.44751957945543425,-0.2914094426400557,0.5854825764183197,-0.6831928114229769
2016-05-18,0.059391212697991344,-0.6634698357760248,2.2687142833317884,-0.369527470536433,0.289727336501122,-0.11979724515354014,0.552423455842228,0.6357311159376374,-0.7687779437110771,0.4224235665384581,-0.10571460112077223,-0.022399056716455524,0.029091980772391314,-1.32874696370815,0.3058103980413297,0.425561391469463,-0.28143556024288474,-1.1480740480997491,1.6679814095005452,0.6919880124408747,1.3053906547538003,0.19992393759856983,-1.3525288236392126,0.4647162590975337
2016-05-19,-0.6802109080277852,-0.7756432711598813,0.30246524047612555,-0.21857049324084774,-1.4223536467397175,-0.5266009344281336,-1.6499866218710804,-0.5659147568874328,1.1845489838794787,-0.23862608558183293,-1.367326897873714,-0.6055955173210269,-0.7509775282177947,-1.3552760401145256,-0.6327297749398596,-0.5911556407319298,-0.4152302170902384,-0.13337498169559542,-1.4301999948570279,-1.5310682551844443,-0.7035955741187259,-1.0367100237641134,-0.08244944217950864,-0.3487585226593251
2016-05-20,1.0637033304628105,0.15387696812888213,0.550206408177905,0.36740827359074124,0.8194234191610321,0.5396242660098121,0.17266046558201098,-0.07347469721949751,-0.04088932744032861,0.5207411888950713,0.6067710052027137,1.3036123914882471,0.21672950092373633,0.12491899340235495,0.11701652965871753,0.711182955183409,0.020974374097453126,0.4109224281793924,0.649303193194548,0.7619017909322279,1.4979503594977521,0.9452245187226274,-1.097198032047739,0.6059948122725451
2016-05-23,0.05800986896758857,-0.5896535870515829,0.04856184101520842,-0.062090294788623025,0.005424304226303293,-0.39926999734917923,0.23731538887653086,-0.2595644251557979,-0.8004014608120524,-0.5502360987739109,-0.3002496521164016,-0.48863722186021696,-0.22739815871617944,-1.2878313613475147,-0.026305728570386978,0.1621914944123894,-0.5624875820405507,-0.45318976359145446,-0.3937000871030224,-0.8608799936548144,0.7714826404051368,0.19855809394812632,0.15230814629192607,-0.25173145627710675
2016-05-24,0.8619454244780341,0.35466723384965054,1.9918206956078268,1.4238463390924736,0.20437233838879873,1.016493025626504,0.23575603178247076,0.5754214479194145,1.2130588327373208,0.6478349482517278,-1.400456540494087,2.248794405224267,1.3596394989590976,0.1304370587716357,-0.08602646792342752,1.2268532729396262,0.35965221787403995,1.5495227044043791,3.0078717291572192,0.8329131115390785,0.3962984514906091,0.438840383071236,-0.7242598464055371,0.22363339892269676
2016-05-25,0.639041437467445,-0.34274565145679814,1.0234558834468601,0.18514365533039456,0.8528717913253773,1.3956347227002819,2.0723417171731287,0.6295845252697984,0.9710799209705251,-0.20082117544336392,-1.0310652755521919,-0.2667944555055978,1.4634071470573116,0.042642813782092524,1.073841231267557,0.716560295291889,1.3419942981390907,0.5253701331843863,0.060046659419799225,1.5105086347698637,0.2796101666613147,0.6712795926105828,1.2600403368493283,0.5523788305142479
2016-05-26,0.18632292769237227,0.5030387680472584,-0.3420112602856998,0.22033329813852187,-0.08045457483219784,0.3738131506938215,0.22209625371962177,1.0703088951358257,-0.6885278822560918,0.21784432209270327,-0.8528798968267859,0.824997550030913,-0.32041141472050993,-0.5744934199343323,0.020735122222395316,0.5118266136988688,-0.4994815930374401,-0.6609818211663262,0.22930074111840112,-0.29512200950477224,0.322496722008427,0.4258834098709689,-0.08357897442761236,0.032895474282855386
2016-05-27,0.272666611414056,-1.1995523370966104,0.3174836370968291,1.6218619450112688,0.2672920284945931,-1.4248967647984156,0.46554073819725683,0.8734354499471706,0.0683064497830401,-0.027415622596021517,-0.7176791329682407,-0.2721066486175834,-0.7287991992707006,-1.0001088709450867,0.7177411241147779,-0.1777646506858203,-0.30187793677020575,0.6197322726013197,-0.10993820834105592,-1.331752343835409,-0.03823335743065914,0.18819442808661382,-0.6341254494448217,0.173347565676187
2016-05-31,-0.1024851296426968,-1.9407788206515333,-1.288432353750785,-1.4190603217827464,-0.4453633180660897,1.9972817951661896,0.03550390425132734,-0.189246072246276,-0.22185673952332957,0.3288955445649775,0.39339636847300563,0.41832378530517517,0.6366643085947336,-0.9904636602904417,0.9804551572597344,0.033985282034081625,-1.0829492644519636,2.1640255278339526,-0.3555424224537087,2.15436048414387,-0.2405915827989886,-0.2796799331280997,-0.4049795073597125,-0.7673897263351948
2016-06-01,-0.11714626853094168,0.8615411748485893,-0.39350430751905985,-0.4487599160062932,0.3440529778263707,-0.6750648334907332,-0.515837572495692,0.27980840576066646,-0.3873142178084409,-0.08805650832130188,-1.0517806262912175,-0.4139108475106651,0.15008881638728655,0.849242702598589,-0.3097540420662602,0.08679971433945616,0.4019713932881062,-1.9259785052496095,-0.05350253267036531,-0.08676069478723789,1.1205475174189061,0.18819442808661382,0.7872303249372294,0.786057687680066
2016-06-02,0.08710374066803847,1.2256665196467653,0.28784595247811046,-0.19824817782899543,0.60960270444077,-1.028899710651025,0.34277747891554644,0.3070808027670778,0.45166942120732395,0.127125999114023,0.7839504728407876,-0.6170695809791173,-0.2759143630632512,0.5057009344512436,0.1789348859688796,-0.23834636429409453,-0.03015018096362839,0.4269386612059182,0.21086733943884747,0.34728536207762667,-0.2152587492845603,0.6487042828673373,0.9202717327096208,-0.20130582104961509
2016-06-03,0.2895707214255832,0.6122654969984227,-0.15315377993304766,-0.43096026903823514,-0.24737060458409924,-0.41711699585244,0.27904709240725417,-0.21705662746178858,0.84218300452345,-0.37460486637347107,-0.691238142464173,0.4038250289950284,0.6188092607755055,0.7638830440416563,-0.12800854306600104,0.17015488499503523,0.6224290607887213,1.3033767957775122,-0.14775742242747833,-0.2691367894548669,0.7079923760750494,-0.27601509347034964,3.312256577955256,-0.06095484935746242
2016-06-06,-0.4313438153223154,0.15582372771747097,-0.2344245343125158,0.20571681055413255,0.15471880711319708,0.18127954496561474,0.3371966479006374,0.2480554903441951,0.35186119546589134,0.6134055651582364,1.1172471939693307,-0.2737958841693388,0.5129024867352714,0.5696200347651992,-0.037130761527999954,0.10175123448947103,0.3035977446507828,0.6241412637343892,1.5265054485833485,1.5132833759460016,-0.19171879893555704,0.1845295884288638,1.7907142934778475,-0.24918847373047714
2016-06-07,0.48719108480179296,0.9886931202025444,0.12796211336608146,-0.8662854222605955,0.5774404460613286,0.2802306548794724,2.2614724375268835,0.08333565344264768,-0.2531242787303405,0.04720478497466095,1.0374291920673464,0.0262502541162076,0.20149246228788578,0.9380532920941422,0.3937364233500401,0.4092443328180673,1.829731612660135,0.29232635622047387,0.11104109873820942,-0.06307160215664631,1.2144621801671074,0.863489204472608,-0.5276796361169578,0.5019616140655682
2016-06-08,-0.09714823312250369,1.8898428661149287,-0.4379881058262932,-0.5023765501286959,-0.3115585255693352,0.15532744930813136,0.7110556136469449,-0.7485612549306492,0.8796151186522964,-0.47002422907343205,0.05200438554963192,-0.03702651330499994,-0.1833190074759397,2.8245771493626615,-0.5135916281568744,-0.3041657717598194,1.2944565255905087,-0.6312777626106225,0.4732789341756778,0.09375515892238415,0.5132782158015834,1.2838956807421145,1.5967454306767834,0.07927708703979235
2016-06-09,-0.3190579361262086,-0.45529518427763976,-0.690138834495079,0.07005990778775001,-0.44671943748887377,-1.1429584757082556,-0.8764628137799614,-3.3009345770412617,0.6403491409112602,0.0741647630039704,-0.061624623294053986,-0.8006655399392285,-0.38241750734603297,-1.0018013515390916,-1.2598767554505763,-0.6084958066025062,-0.6086245583111125,-1.2460615482690005,-0.7998067214392712,-0.8886893090285803,-0.2725680415770957,-0.2645785459110326,-2.7468218107636506,-0.3413405214034403
2016-06-10,-1.6111820883738568,-1.5622969272737988,-2.7260953170718176,-1.1260795199040095,-0.754362755272065,-1.2397657147446783,-1.6001588533586553,-0.5145367847529426,-1.4433849636908143,-0.8824348459669433,-0.08073750020362237,-2.2888357230080945,-1.7332357778238388,-1.7003075599435233,-0.825587071537318,-1.7910720503698678,-0.976163096077611,-1.6152378287707665,-1.427800555848624,-1.01278001728367,-0.8517166181312518,-1.3821018374246814,-1.542609302567882,-0.20191905082775455
2016-06-13,-0.5809117916571516,0.2965650223740494,-1.020106766362628,-0.1742308905579595,-0.8068499922165806,-1.2108395059025698,-0.804334500315797,-0.5184732218337299,-0.8291985559063155,-0.2924625619364693,-1.0892811936906701,0.2593042687704404,-0.7719082103791811,-1.1527050243263568,0.6332403401935811,-1.3225750056769197,-0.7174146501114151,-0.6989660451266841,-1.0219363949737743,-1.1879232053130018,-0.5581307813957231,0.17981369251062782,-0.2935487552646868,-0.676512995355336
2016-06-14,-0.9348696912969976,-1.1217441499615264,-1.2781376010929892,-0.6640774336797866,-0.029347823423999445,-0.8614802330263314,-0.40357125459968973,0.370195896942761,-0.6041782743968369,0.24047153576805988,0.6777367729789144,0.26185095557055077,-3.102652626801422,-0.7970358464469357,-0.2607223982239214,-0.5644052360757955,-1.1721110272603459,1.1886886152787624,0.2331806952152484,-0.5001323246146895,-0.19119068203863107,-1.1852470504637052,-1.0337329876458607,-0.014049028677204995
2016-06-15,-0.27020655591568477,0.25432945384783423,0.2857725948426224,0.05096786344488488,1.488909913389715,1.1613767631602723,1.383353653000845,0.11541426074882247,-0.7593452412835244,-0.219756139771637,0.3781005657062412,-0.07770643141549359,-0.36717630673281537,0.6639088414441994,0.30213884723423307,-0.2449783926550003,-0.029826510356578278,0.27437488246124286,0.5717721239433708,1.0588759275709767,0.5241925055990452,0.41359671824370575,0.7316267183654991,0.0810509253231023
2016-06-16,0.6583584816591388,0.6433183689797463,0.05333093046568002,1.1030218837578711,-0.07145148230443758,-0.2020135398932807,-0.8776468863800114,0.3661044541469715,0.512757861476195,0.40136680370386535,-0.717231153304137,0.19543199073174153,-0.3932536387509458,0.21702738572844316,-0.11967747833738224,0.2794483982818097,0.7459352478292612,-1.1934989716443436,-0.355749305204475,-0.40365694271417185,-0.01757881939514723,-1.2031940983310219,0.643455094950012,0.0809068233193861
2016-06-17,-0.5241230621869604,0.15135310795247184,2.2583095039653016,-0.6879921724808917,-0.6016864572834832,-0.019574709909427154,0.3417559903540976,0.05136998971922055,-0.16975465751329413,-0.5040932824009129,-0.8153133765483414,-0.5609157515120857,-0.34619906131528544,1.682847992340582,-0.6268618504735188,0.5417282146419716,1.5170581597068198,-0.32159622267140986,0.09784688818028883,0.9347749083188315,-0.08222183702178888,0.4208925320947769,0.2784530478976248,-0.0615119959201234
2016-06-20,1.0631206116016336,1.0066383873128293,2.7648095448445873,0.9387050404033314,0.8429218204714277,0.8370755649118637,-0.3313130528124191,1.0415387547075032,1.592933554788555,0.3113732135083391,0.6493204306466627,0.40106764246549587,0.32624558562701156,1.1182081978607836,0.8551322686383612,0.9226104730309396,0.9231967364474093,1.0646369789720607,1.1048515169446707,1.9056087623488278,1.0483172883274205,0.8729655716664354,1.1066409209886234,0.9276574984067335
2016-06-21,0.7624198452213545,0.3795230663397972,1.4205411385997795,-0.9016732410909547,0.16970370794294945,0.3666983456409153,-0.14842443685087048,-0.28850155861353294,0.04943246369369129,0.14984756494975995,-0.004810118872211031,0.15882844681830502,0.6142950820930245,0.42627431228256896,-0.29482159738902086,1.01655571231946,1.0745713358226774,0.21289705221886895,0.9350606054735965,0.9519153472329394,0.40194277455389316,0.18097336663397173,0.06233000385791498,0.03264029097513819
2016-06-22,0.07428482369553714,-0.04051683421451623,0.36299960270388576,-0.1388776755592684,-0.029674539198675437,-1.2365005303481307,-0.1487702535111104,0.08058601164396091,0.3162704891113152,0.12251626213439405,-0.7593557458997139,0.37756346200490143,0.2843845219369762,-0.35015732202575334,1.0298261997898688,-0.4762143429967789,-0.23297435852889933,0.3359515011694177,-0.9128646598583628,-0.4834239052431995,-0.16547533925293004,0.17981369251062782,0.4005090582036078,0.21875854293069957
2016-06-23,1.2286825391947322,1.8921241578492964,1.818567582769616,0.420472291118522,0.4407511506016497,1.811698154130827,1.6695635167570388,1.1743313330754648,1.2582561136377464,0.6280072473813865,0.41460774151020985,1.2082969327156368,1.1246898670473375,1.1081287502817343,1.6596005957143765,1.699075297744999,1.531430614646767,0.6102433598807304,0.6605695411787785,2.4880062580172715,0.5029137743132154,0.6240856783195401,1.7609096507137563,0.31031190908043443
2016-06-24,-3.2133825016757696,-1.6281430959292214,-9.660235299998234,-1.1841405152042253,-0.8325976030574512,-3.5459071520782155,-3.291444308864972,-2.81780267909758,-3.7748570599861058,-1.9057897084829196,-0.6261086576338354,-0.22689856474081493,-2.8591597242972053,-1.8222679108597446,-0.8448180139687738,-5.6638109171231426,-3.3320626089199328,-2.59913678037988,-2.663097934085486,-4.442763080514065,-2.45847650554402,-1.6248031403543768,-2.7293640736629268,-2.1321942584858626
2016-06-27,-1.355437318093941,-1.5158151973661331,-9.89395265376633,-0.5527108827244649,-1.4463952003417833,-0.8637080561938946,-1.3240687943167138,-2.4629224773607192,-2.8547317113032404,-1.4723919272768644,0.2573606848153113,-1.304765310235109,-0.22550523879273485,-1.7393697442259743,0.6040779453741687,-1.632251703444375,-0.6245624041248974,0.02680734666284359,-1.056648961715101,-2.8831361728373204,0.27351155924975423,0.863489204472608,-1.2079091504511663,-0.6894356176468879
2016-06-28,0.9345531014361325,1.8977460463030267,1.5966652140108322,0.8830069902724642,0.9940696331406731,1.2539553467435953,1.5917961481936513,0.6781614629343246,2.1717909452510638,1.5961532909988922,-0.30752794554476254,1.4343349596871464,1.569732722235176,1.8971643330235795,1.3433051325867924,1.5195817293465457,1.2335812220500033,1.8489545795063664,1.9340609256443955,-0.34884210326286674,0.7386085951747744,0.6240856783195401,2.2198999735159353,0.8050297199986082
2016-06-29,0.818835199589159,1.3585548228802855,1.7057560971538541,0.9882620473121865,0.36611820020770225,0.7813350328277648,1.226694350518661,0.7013166677794388,1.39160970563731,1.61462656388794,0.7757607158892952,1.8495057761213538,0.891996325859355,1.5476710968136302,0.5817230793690491,1.0101906195106953,1.8735786417143105,2.2751038804412373,2.1864245779902665,1.2821423445746039,1.117126731553906,0.1752999073329051,0.9857558615216329,1.1225808353981972
2016-06-30,1.4893578716935236,0.6191954076666786,0.007057437899656059,0.18327692135967744,0.7778923518678268,-0.47337189408402747,0.4655480584789625,0.1819350288838125,-0.022517755032655677,0.39246553499319314,0.4263870048209378,2.434828957769906,0.8666975676485038,-0.07639715045666814,1.745502738370017,-0.08435146434035003,0.8978386537299324,-0.0947193763861588,-0.03553797448549853,-1.2231194692024916,0.8597301710291103,-0.26678541237439096,1.3320734148817646,1.008299510442149
2016-07-01,-0.4326623540808311,0.46332144917103546,-0.0484732448365809,0.013459964964835718,0.151773044662532,-0.5576269252580331,0.27861826497599346,0.14917811755742974,0.08760851084779395,-0.26585606600417144,-0.3374428089230196,-1.8470130704178271,0.530092382229856,1.1441134931885975,1.7902700393890643,-0.05987023062350961,0.30816874517963455,0.2038585643551054,0.018330743867039465,-0.3021815719082527,0.5725579575156821,-0.26789028162696293,0.6118236985331531,-0.15238221407867172
2016-07-05,-1.6093998505356328,-0.818278856844617,-2.1593489048797987,-0.8077359443510581,-0.509384265094109,-0.7258669221780554,0.09556641985447246,-0.29825445746658863,-1.49218972654449,-0.043435441666358314,0.8292654766422752,0.4431709188270022,-0.08684640556775843,-2.2239476915534953,-0.8373649059633882,-0.6850862685081492,-0.5981814529683008,-1.0567818787170922,-0.4136331005121111,-0.390601004058756,-0.6302658557588299,-0.2690150800134278,-1.5735544822263394,-0.3846021141255954
2016-07-06,-0.28389142800420647,-0.03799558176904763,-0.7603859471735726,-0.07284290807231729,-0.42139079233729787,-1.0100909072449153,-0.32876341380230084,-0.6869757812793875,-0.3258967160552273,-0.08192402876577286,-0.1581756457015657,-0.19167074890356553,-0.5178342438811909,0.4661382653704507,0.16960259824449808,0.4340792028133173,-0.06332050842620505,0.11602757979081746,1.5480607988797217,0.4498487648636802,-0.29440209594544825,-0.4957077717934918,-0.0059231574273440335,-0.34025450457428064
2016-07-07,-0.19752428126557214,-0.481200320647246,-0.11225886826798058,0.4613197582780627,0.4781844837695998,0.28278880442518534,0.1567215413204262,0.08694964760939607,0.052766672139219595,0.7760738538365326,0.6414486975838523,0.44965848919651846,0.25104502732338396,0.4581941750462418,0.5338108377598915,-0.11756905316997886,-0.5230642004093977,-0.6129121784153904,-0.0710473030594736,0.6117554320608124,0.27897869328302877,1.2906163323831954,-0.5898987672904243,-0.24254664586097316
2016-07-08,1.2690241350476785,1.7448854810146723,1.5324581716206191,-0.891581355330748,0.9230285443243198,1.3981861851997401,0.9930178238736767,0.504464425400054,0.4489964194041677,0.772365346116329,0.4798202165437699,-0.7387576532597656,0.5270350624063425,1.2954736943235694,0.7775969044127613,1.6114804174354964,0.29525485423331843,0.904474385373961,0.8332091041774842,1.1259366265788469,0.821175740313531,-0.04574275252074292,0.8341606521607197,0.5932735616637067
2016-07-11,1.1998843452420114,0.21717932536681367,1.977063015433216,1.7724873860490593,0.5209858040404389,1.8450407610891804,1.0277259080058414,0.8786820298421922,0.5382163284287261,0.6412265335081365,1.5601841332125574,2.3373918890244783,0.8752078048959425,1.0627845536236615,0.7365924944853445,1.1072848196899305,0.27525456151652383,0.6536270083346636,0.9878558427343215,2.699862758490485,0.9098932448006318,1.6753066646685155,1.059952428502878,0.7246366436101751
2016-07-12,0.48886312082909067,0.005960791196426173,1.5193834135006883,-0.4898255869527284,-0.22365456818512108,0.7645720613170671,2.063093083153711,0.3969346606879998,1.4635109298938913,0.4437092485401381,1.0102615668954429,0.10297345176180343,0.17506600162406105,1.0559459932945896,-0.6063712707673323,0.20850520004697645,0.8426181364689915,0.4104907778949577,-1.094860908075052,0.6282660783172157,-0.5335140016858351,0.13011121328289338,1.3811485255881053,0.21484863822008168
2016-07-13,0.056821743169239554,0.83792256905523,-0.9046614750101575,-0.19538068586799232,-0.3461289497550706,0.5502137479876713,-0.4130730573298151,0.0823994315916434,0.19446968663795963,-0.4828432596660517,-0.19137852162857202,-0.7863770342464256,-0.29008475206965434,-0.5414049434272281,-0.262982396753561,-0.19149050836661236,-0.2514355464032761,0.905431799414387,-1.8777614447870525,0.9451738627816355,-0.22611234786113704,-0.2656741505732172,0.6365060637216717,-0.10549581088598949
2016-07-14,0.8322770417671717,1.5325873865118915,1.2885319697310103,0.1714311733212218,0.5444604408472123,-0.9020819895501073,0.5271451713561635,0.3616607061483417,0.4980474724831348,-0.0580134620480005,0.2830161944668035,0.34005024013567164,0.02772973162570572,0.9705525170064242,0.5905870289020079,0.8541942042395397,-0.05358409579581626,0.7773087854880986,0.8138691701425587,0.0619442752182564,0.3930510605748416,0.17418864553173136,-0.7074114675240293,-0.42738259989072497
2016-07-15,-0.7002345277912752,0.045213087792042854,-0.09825668017804558,-0.5111273153184266,0.2669425842755636,1.4032949125785756,-0.46704369737794627,-5.329686041518428,0.7226184119793445,-0.22665030592398722,-0.4461833843118968,-0.09788029858662117,-0.33642451694080855,-0.2655848280857776,-0.2925860969478426,-0.20506333174664923,-0.23480932342416,0.25355689279376137,-0.05350253267036531,0.5852880253147867,-0.26646547404792803,-0.2656741505732172,0.11207617211852748,-1.8882792319185955
2016-07-18,0.6679327545125262,0.666521370275113,0.5310213846555982,0.5041297172007712,0.1138613217699747,0.44036360660945456,0.2510043131817342,-0.008546937753395246,0.20665494496901257,0.0335866796398949,0.21672045708972865,0.8048785229590615,0.07353914599970768,0.8494727961242886,-0.13406369931684253,0.4605322623448162,0.4523402965555317,0.22391119264201279,0.4010135377113521,0.11181192673491543,1.2231923385087144,0.17418864553173136,0.4617260091606447,-0.4924037236809851
2016-07-19,1.1105204281374716,-0.14832500960552567,-0.8876009247815473,-0.8790936305866757,-0.10982390916512783,-0.42734027502777616,-0.3019879482666661,-0.6228642211511272,0.04841260239006986,-0.06528211199923745,-0.12388658210790128,-0.16813243134666256,-0.41743072886530475,0.2553545871419479,-0.014376507921402732,-0.22734846537409392,-0.34236898055615783,-0.5214981812448702,-0.10574098199326842,-0.35188185504678143,-0.8110894392044417,-1.1565400206982408,-1.4301801876520261,-4.044472412108109
2016-07-20,1.0967486608544172,0.4666770150279631,0.5881109907431792,-0.1303533622379607,0.1853030326526191,0.2875459459865929,-0.025491817542465926,0.29957146975842874,-0.3027606503468497,0.8232326405375243,0.13123729979866994,0.01427652879411113,0.4161930148735029,-0.28964751258974925,0.7391157920476095,3.2840466139472775,-0.1535930521512869,-0.9046145451326946,0.3802784097523666,0.5099221982324244,0.5081239485482064,0.40193778964859256,-0.1885623740774089,2.161031300139873
2016-07-21,-1.2736014975620946,-0.6097466081412144,0.11186183970688984,0.1899474315489556,0.08126934521636953,0.8426949627406453,-0.35959240911692264,-0.48763465740494527,0.9731135021949977,0.19786550114370727,-0.8657838116443356,-0.3738318655788808,-0.35975750107687426,-0.033296011385812056,-0.9478831039982683,0.3388937749695327,-0.10851215608737981,1.8096313889644153,-0.9598257377994759,-0.3437662095973457,-0.20232486707330138,0.39744257543494516,0.8374900624243395,-0.7131290563628423
2016-07-22,0.015196069495224902,0.5070793489462176,-0.20279198274813803,-0.12520441223526504,0.26294512659296815,-0.2205078982067715,-0.13744042076554913,-0.2146552723458229,1.2935822327350812,0.14743540090794424,0.13468029569084913,-0.3101889113392344,0.6531080064514362,0.2879197224320382,-0.004360361402961275,0.16279755149392997,0.06425841994606822,0.249939117036132,0.31438095808751615,0.5659668538447925,0.4636793512121169,-0.48892808047643094,-0.0059231574273440335,-0.41740544281911524
2016-07-25,0.3357310732792936,-0.4951577665533653,-0.2038378367235307,-0.15305336498839756,-0.39448200195596045,0.18315158892820088,0.19810791846670156,0.3696956387719696,1.064231062604446,-0.6791320010748988,-0.2318271595198857,0.9744966525216788,-0.4147175314569064,-0.5494690304920579,-1.2710666464549962,0.15501334513822915,-1.438259559782098,0.5578762133131298,-0.6857654019059902,-0.025726150603778017,0.1796863406105754,-0.7189795571732169,0.112741578679545,0.3893073854647052
2016-07-26,0.9805304187068328,-0.18873548072508547,-0.31127764545739567,0.9356594751468257,-0.25300912591242875,0.18269236553228096,-0.19307843743252875,0.16249958755475344,0.14435451767790197,-0.07677220024174335,0.3610275125104796,0.6165875803081899,1.075704409072411,0.3872498969719933,-8.908819680727639,0.4426437659859171,0.7528576507812261,0.7192946471636192,0.5787603365652597,-0.0832561947477894,0.8708494393178569,0.8496414041658633,1.9460373484643452,0.18657007669081055
2016-07-27,0.29791047245037144,0.20065706311793782,0.21955327829714194,0.3603893573102313,0.3278731681193397,0.45745922058088706,0.806096140971454,-0.21332166051308266,0.258816276112674,-0.048377256424656415,0.4588461315491956,0.47465415006790407,0.015409068562090341,-0.2592712306933483,-0.36679582940747213,0.5674411722526528,-0.37876281542634527,0.7109944278930977,0.2598177961746291,0.6690367210055038,-0.5146005385232133,-2.086554581648521,0.5459414893486403,0.3353420278778095
2016-07-28,0.1763088968978454,-1.6655545044574305,-0.6336445683093647,0.035163668502951446,-0.14109277904696707,-0.3690547538464488,0.1389506010971941,-0.42005164285052987,-0.36609051015429206,0.09343433575767372,0.4011790257457923,-0.2570788913155154,0.18244970704048996,-0.8912631771352926,-0.27102897060309256,0.2579478780092161,-1.5079398570872735,0.8921353987151921,0.44740086699328946,0.10965792692083742,0.018530715899344064,0.18573800706739968,0.15777326556924728,0.38262651884272586
2016-07-29,-0.25745962262014244,1.5607875961931976,2.10592277233956,-1.478555253456611,0.1443726241949187,0.3321069722071304,-2.443574885989583,-0.5961767143771833,0.14420658279244417,0.21017579702675188,2.595898630706332,-0.3779130577939415,0.4361319886185454,2.001194028707388,0.034599999759794206,0.5803289424675742,-0.5382918182803809,-0.710882485112895,4.442311244294061,0.5700096620534524,-0.7776110368727681,-0.509917058393004,-0.2792169669865745,-0.9105136376767949
2016-08-01,-0.018418020544896153,-0.30721568465679133,-1.292451584666969,0.9026944138286179,-0.006308035043993032,0.4300039023950123,-1.435489676651561,0.4422127362779966,-0.004156791171561464,-0.07646254777076378,-0.22055168013921425,-0.3418782542613991,0.047812819737031,-1.936302263421116,1.016017416325857,-0.09622358877961884,-2.1845891341886916,-0.5259517014487745,-1.5099404983587568,-0.28758290928092334,1.5980681159593397,1.105662531479991,-1.2945106988231627,1.1289489097935352
2016-08-02,-0.19590766936169535,-0.4456902059238465,-0.7922988739736224,-0.6081645712416122,-0.05378977121603857,1.8679685596066677,-0.8086182313425754,-0.6665081110789431,-0.45051971917192546,-0.3874911982314893,-0.40979736792257176,-0.5034760496738483,-1.2202138038417547,-0.5755488403316987,-0.49678741434361656,-0.5481714317801215,0.13178582260797414,-1.2844048389684337,-0.05350253267036531,-0.9240145586021613,-0.9629191780966111,-0.9644544902373584,0.10824085251430351,-0.8566574440711718
2016-08-03,-0.4689895217628199,1.1047001281245856,1.1219771286537714,0.3725614435536421,-0.2043927886816742,0.6557023254141897,0.5181637772884918,-0.18212075725988944,0.34335023472174137,-0.09810482110889232,0.3537353164669166,-0.3835829144605826,-0.7636468138135047,1.2666938614789238,-0.30592276182101497,-0.28884789043751047,0.06105111266317425,0.13525621470262886,-0.29748152410376594,0.04594153984041303,-0.06067694430761406,-0.2784362988048571,1.3873185779110542,-0.21412907693950162
2016-08-04,0.6757618331746149,0.9577765490380143,-0.46716024664543443,0.08253571518683388,0.08888149760915166,1.1219609036020861,-0.20596091348057766,-0.9583041776634946,0.39017616464481786,0.18313707417576353,0.2112770086177279,-0.07508400618065306,-0.21113770228700227,0.3872498969719933,0.8914823234873802,-0.14725290255526893,0.3417407982673968,-0.45525051238120556,0.3525070549252207,1.5627554178677783,0.4118781764219601,0.6486991963201654,0.694976262518654,0.03603950143296867
2016-08-05,-0.27074643140345717,0.3793269081615262,0.6903342832550959,1.1716980873985003,0.2857361588552941,0.405505004607883,0.27487297746856926,0.5227843856601276,1.1933292573616188,4.530347320292571,0.2554295965100129,0.5863217086074405,-6.427945824200394,-0.16214397458021704,0.6048035463917404,0.1519411086447187,0.050547714526912466,0.16411982719134094,0.14028505938362534,2.4960578818354113,0.6987726108931603,0.18332869476199926,0.5228227572908614,0.08599091373295836
2016-08-08,-0.20937796563651215,-0.2549452566936134,1.3412849681057901,-0.21892793578996125,-0.07734698288506428,0.6121913036375705,-0.32585661255350107,0.027727075936602244,1.0098475204880275,0.10703865207888406,-0.20360449001343614,-0.28086003218263045,-3.595152063609407,0.9202935914834344,0.7379716132873805,-0.26129265137088903,0.19007165165633022,0.27590366944499917,-0.7348788723886905,0.954113569143437,0.5165370705750902,-0.7365626023602792,0.04647034283505778,-0.11408897108736836
2016-08-09,0.23006656613938742,0.15530194491341284,0.658662787576573,-0.2153453285349343,0.05648422685690908,0.006511665790839225,0.03474936121148074,0.2726303771325453,1.2975389560981112,-0.7777704208275675,0.1939842522690141,-0.3101056175185868,1.1756286830675347,0.15468484356852127,-1.0040185674125202,0.9796644588745245,-0.12896310367779512,0.636426284659749,0.8370021912525423,-0.01901932239703547,0.5295749487473375,0.6450770973187934,0.20277543852292304,-0.41599678266191
2016-08-10,-0.23116401343038137,-0.5196631257603469,0.22173769494240547,0.025505915077328384,-0.9498791802464179,-0.2723678251547088,-0.6927167918892688,0.4788797344359912,0.16393055961897474,-0.16626274660190385,0.04087336227383194,0.043941044215283345,-1.056634005922881,-0.8528021923046648,-0.636328846375833,0.25438913817328646,-0.34629858752159903,0.6024319320226594,-0.05350253267036531,-0.34196226309233113,-0.40263870687986086,0.18214913535633628,-1.4421849826292188,-0.1654987314235307
2016-08-11,0.47601092375950843,1.0858240230647334,0.20578330502163347,0.5049886382397082,0.6612137240787531,0.7015845624928844,0.3397023851022897,-0.32001434614504426,0.4364135779800779,0.015222048862673983,-0.02002992616624844,0.13450506099241227,-0.5434910907900854,0.7574115989051583,0.47660242604866987,0.01597021496290721,1.024159981339124,0.4057880775424463,0.2506561817333103,0.525179276853821,-0.21332851919536358,0.40652944468694285,0.4264831640935966,0.33872932268581013
2016-08-12,-0.23868366248898262,-0.39960808084448846,-0.19166842922232136,0.06569113365577786,0.31614460034046243,-0.5722080191769862,-0.26860948553534725,-1.0598860700818293,-0.597513381164978,-0.2724556456391146,1.1881142446721298,1.045301366097,-0.42068634028317997,0.18528049232779178,-0.014376507921402732,-0.15194170924868422,-0.10985849899451877,-0.6913441818955132,-0.40584279949196894,-0.012321223112253872,0.13007679344920758,-0.7259068376055123,-1.3213474303891157,-0.21537767729389448
2016-08-15,0.19236340183712528,0.4481502255545328,0.05682194775339855,1.1692223978726568,0.5471917899523419,0.3543316070518963,0.8196069432900078,0.16947758949351593,0.6647900437455706,0.22262234380078252,0.4445289001304092,1.0218717915349993,0.5290479550312632,1.0610086102322451,0.09281189485711798,0.3093642782415443,0.1812303921376818,0.4075677219968623,-0.1500141147371268,-0.16642391674281673,0.224249875285127,-0.04574275252074292,0.8770947940134872,0.18727961993948447
2016-08-16,-1.3338281401909589,-0.5848990860322998,0.007057437899656059,0.08458626067477468,0.2097985868179941,-0.039757105719725926,-0.2052142214958462,-0.9310307280195501,-0.3831918949157536,-0.4273288393819503,-0.7477978884105795,0.2804281988437664,0.6575948082983544,0.26543139819173794,-0.0024888358270727827,-0.20043489974244139,0.6771971310373464,0.24122908597551646,-0.021324539898521972,-0.22717549599356807,-0.6511306334334931,-0.5050818427721322,0.8000546698130336,-0.5187017493847812
2016-08-17,-1.1929674055319728,0.15463123406704551,-0.19236673583868966,-0.127907023268686,-0.09205588294322536,1.3811497132420534,-0.0855612514547755,-0.15008747593746777,-0.6934024188715185,-0.3368330503372341,0.009943656757596373,-0.015224038202536348,0.026266302934667248,0.37930386641389113,0.7179959376568019,0.06481869017968986,0.12893499206049996,0.1585925615191106,-0.7173190535461548,1.2546508823169693,-0.25249124611428925,-0.2772235121088855,0.10000927750481184,-0.9853966091010636
2016-08-18,0.21275403240882576,-0.14270965167419317,0.35544296890623667,0.6169009397681583,0.1935277950356162,0.21032280080002524,1.1606029679330077,-0.18622908597126328,-0.050432816907693044,-0.009518568930470251,0.230226406746977,-1.1101357267234877,-0.21405733982115965,0.40264607886517595,0.0794040870371785,0.11346891250408662,0.520350272308075,0.02215963765801868,1.122678269385429,-0.19788792233567934,0.28410347191244767,-0.2784362988048571,-0.3247826229700018,-0.636177239899067
2016-08-19,0.2660016767738703,0.04318858429675031,-0.3413280931069245,0.4862441390921035,-0.33136741197039954,1.4827156134903277,-0.025491817542465926,0.029376482270533598,-0.36029529967515556,0.07177485057307749,-0.4470850204815493,0.36170070178288294,-0.25479330911372644,-0.029673947705590998,-0.650569162745544,0.07147841559961071,-0.7365218524478848,-1.5767114848611434,-0.6624800563421062,0.42377931594919005,-1.062602932993092,-0.5148595857628759,0.31293630811531375,-0.5903671704878565
2016-08-22,0.14158830492746172,-0.8609364669747385,0.20648161163800174,-0.8334721730621865,-0.21633060709914048,0.7545806203425895,-0.7332883154560854,-0.4029647505044135,-0.692303584516119,-0.22175128317104173,-0.6811695254334283,0.48970853222078436,0.7727836083924465,-1.1122995295667863,-0.026228115512043074,-0.4516469530023186,-0.49688559698502316,-1.1036355275116574,0.4118802066622158,0.6045435631875815,-0.5292460639376403,-0.7589036053858137,-1.026862937889249,-0.8094718865000368
2016-08-23,0.545741600895695,-0.7272795623627833,0.9902972871615263,-0.07907682040640675,0.20230520231954488,-0.8522783799020048,0.1525302813379239,2.5723686898875537,0.2000998295561863,-0.07394126180017736,0.5375396835809473,0.07196067468146695,-0.14653349128106896,0.6187252342085889,0.504677712623963,0.13487110950544434,-0.04943962180897615,-0.3755923897032059,0.12194784236919097,-0.5374322659825052,0.13503373977882133,0.6674181003443279,0.4817892753409143,0.4645220912416464
2016-08-24,-0.8717568292711486,-0.033065256526846255,0.44213650914171293,-0.4596799798216067,0.4853800534519436,0.050830592221255244,-0.8022118660105124,-0.5629857569301031,-0.3818747100507424,-0.1989875562075526,-0.7915086207569881,-0.4225720689549715,-0.7476171431937156,-0.6207960126152042,-0.19076654880417945,-0.3130871166919779,-0.38122114362019116,-0.3777931883767036,0.15310911072391828,0.6949509929404781,-0.27600599430024825,0.18943729129207235,-1.3236382658014818,-0.8139156797522722
2016-08-25,-0.14967966599741514,0.12294358689005808,-0.47664195277818816,0.3195135118668487,-0.0686138153383262,0.05077420881638675,0.5137011014467837,-1.24008645416026,1.7050762708494052,0.08332506286434005,0.6022323124438899,-0.5321983019568295,-0.08071144171840923,0.41370754862953757,0.36122358882532196,0.0020616729452553315,0.030853001835074608,0.4533407257176801,0.24701549837660255,-0.4245557448597121,0.34969600388949185,0.4208875831926846,0.05009108502706963,-0.6621654124824589
2016-08-26,-0.12699718717454533,0.005960791196426173,-0.04163467394584207,0.1468915650008222,-0.41479903129253126,-0.8621910615631505,-0.08507448774437319,-0.5789501075728346,-0.8673264102338022,0.022772767422364705,0.23448216489300916,1.6686920113566521,0.013229976536768391,-0.237252585373873,-0.2135865637853507,-0.10324992726988942,-0.009480025003248684,0.10899999904714196,-0.46517671335942445,-1.128055531483645,0.01713759303150512,-0.2784362988048571,-1.087636847734205,-0.7245868763572348
2016-08-29,0.29695556825279446,1.003119133766437,0.20143332680620155,0.04522998116651271,-0.1229210305492588,0.8752143931448291,1.0348142210965652,-0.5840256649111546,1.3913507488612031,-0.12769282111295482,-0.364495429536582,-0.6554282925645272,0.17381719852564664,0.7592406434457376,0.10288405230850119,-0.06818759794771963,0.06103362934862433,-0.23344263176017596,-0.5806627565901179,1.1093612320317376,0.05586694705079921,-0.5148595857628759,0.9074378250961816,-1.0127526271929335
2016-08-30,0.14545975653347062,0.043711820415687865,1.0603809260571602,0.41596737691737323,0.5692416753296357,0.6234098379830321,0.7817976827852867,0.35507375386830065,0.3126621594439896,0.02494329978406964,0.14560370280109666,-0.5171205182152371,0.06641402360105951,0.05657525656694169,0.5565397913303375,1.0544482469681387,0.05093393007698287,-0.3204506600308545,-0.47259184647367347,0.561781163934426,-0.21610284223662518,0.18943729129207235,-0.9772557829512679,0.20940234169323782
2016-08-31,-0.49444016125085644,-0.22130335720995883,0.8960450153659621,-1.0067244317599053,-0.09915663404105204,-0.1911726677449057,-0.025491817542465926,-0.0425236758560127,-0.03423706732107964,1.0330760025379055,0.29368707284068585,0.14173938943333114,-0.5900729720397342,-0.7300947985771102,-0.7025533674030521,-0.553374304827064,-0.923302404114846,-0.17777496316570446,-0.7540123721510086,-0.42345366566744475,0.1722925426414235,-0.5173683158161432,-1.00809398691755,0.5959618294610622
2016-09-01,0.3731138548307076,-0.4917522132044654,0.09956527623321261,1.264098311527747,0.6691187119730272,-0.05951328549929623,1.158243829628585,0.8155026167981878,0.876307400159758,0.30246510608584903,0.24651306006513055,0.687616405455306,-0.554179622823826,0.23441461354558793,0.60422648228881,0.32854895238119725,-0.27684505336626053,-0.5551240705467861,-0.08631346784682493,0.2287784241145206,0.36394163615378916,-0.04574275252074292,0.704778780677493,-0.29052172465816883
2016-09-02,0.11314638603389339,1.092157102950792,0.830517680760492,0.2812805578802833,0.16562854073371178,0.40166736205648934,-0.025491817542465926,0.6627726231588161,-0.018955464007366623,2.4417151019812047,-0.06374723362972375,-0.22251515403196148,-0.7777927459265599,1.0338143945428817,1.0199425204979768,0.7866007670745138,1.0306120970588906,0.6889218973340339,0.7606638777666578,0.6619081266002632,0.284350000900945,0.19070276696183766,1.2005615757823123,0.6472321932075216
2016-09-06,-0.022334839113386632,0.854934376410055,-0.81640280496118,2.4626662929233785,0.8504078289717351,-0.4106648311896412,1.879002032972201,0.44607539429596027,1.0363977384563476,-0.020978461100981366,-0.2269056060623326,1.2418294243826873,0.2336391905586427,0.9956213476970728,0.3599262394575219,0.4986794620699707,0.6425217504602806,1.134722895613206,1.3495937402251577,-0.9417121311067601,0.6041329521345477,0.4233740807213902,0.6633469004982779,-0.2886489703273135
2016-09-07,-0.7799494642088194,0.005960791196426173,-0.2710590203839044,0.022800279831787146,-0.1714168768740496,0.2483478115284726,0.7137183934102328,-0.0425236758560127,0.45813074479707816,-0.8812423727762169,0.4230459186623946,-0.5888929801621845,-0.19107014040870224,-0.16461552258421483,0.4694336664473854,0.2652216049014628,0.3382743880518663,0.5851168999435442,-0.17952072293368326,0.019993282727474436,0.5589578255930238,0.18695079376337123,-0.4505237238699939,-0.6785353200671586
2016-09-08,-1.0936051877796527,0.3324508651007048,0.744626278429696,-0.3464223448187139,-0.2685821394170777,-0.08132893015303538,-0.6052457539303927,-1.271929151536487,-0.8158640406882971,0.18763845750417663,0.039092733826051815,0.45338744316791874,0.04175835769008076,0.8071375109281014,0.10869816180207004,-0.8893285021624701,0.5225132417069726,0.27402991766146534,-0.5606322071116168,0.15038602285746408,-0.1167208648949865,-0.7475531320469901,-0.5706225469999114,-1.0255755465059593
2016-09-09,-1.173661063571868,-2.5424929365232174,-0.3601162699455437,-1.1642726331137676,-0.8944314090877216,-1.6619162596216508,-0.7746367282412038,-0.11356979527426658,-0.8435259712903247,-0.8294734810164759,-0.4914365960354676,-1.5843268464501106,-2.711070363223776,-1.8404384365937512,-1.1437246806407568,-1.3341327717209421,-1.5615133299451203,-1.7845478117146527,-1.1313479989812503,-1.57200141944918,-2.350097039000146,-0.2821882720033235,-2.0659246021385393,-1.2752632355519053
2016-09-12,0.6248486799129881,0.46983619672211446,0.14512907605715164,0.4468923685012947,-0.0910113811485825,0.7233971237529438,-0.4049115659575366,1.0490360240168628,0.8498167489753196,0.01594737278892395,0.5694197702682259,2.972009864541717,2.8351570558238715,0.8380973935988255,0.25885499834699566,0.7596581720543107,0.17209751403866003,0.820349895338882,0.3028416748000474,1.0893348080830196,0.7129693884592374,0.19070276696183766,1.2461436923542462,0.44781282803659533
2016-09-13,-0.7182825333083116,-2.174307125592378,-0.7813537245195398,-0.48326256292813924,-1.2100249089928823,-0.6878442703761736,-0.9052964871236698,-1.1696373509917397,-3.040668615988347,-0.568967733308946,-0.38636086860214963,0.16603758129696405,-0.39622571568193815,-2.5705872024105023,-0.5966626290444649,-0.441840528362711,-1.5645738354785923,-2.6031095044271693,-0.8833051572814101,-1.0411662798740846,-1.0294214457514717,-0.9992147209479417,-2.7525111823642994,-1.0000259757699868
2016-09-14,0.06065705058750069,0.2507294092605034,-0.2747604364122545,0.0652573523477671,-0.16198862987941645,-1.0828771993221933,0.8543128520387379,-0.4351661559144471,0.04225266657042711,-1.0611461671140472,2.034013111115577,0.5518885190957947,0.24705588681494833,0.08967584172955848,0.4656011797351455,0.09914255487766177,-0.500691417195444,-0.06405342180936538,0.04480385180976962,-0.9335227620250688,0.1928255606874803,-0.04574275252074292,0.43733459490696874,0.10283542787589917
2016-09-15,0.731054113004001,1.0072466638268363,0.1951521346217207,0.9405292915301646,0.36410591566835,-0.31455467548928856,-0.18912157128736662,0.27892192883276484,0.5648982435240995,0.4939203806210046,0.8897841963442878,0.4602484372814467,0.21854508382028734,0.9481001949047854,-0.03713899947512924,0.2235015482939816,0.28315772540407624,0.14227194425852827,0.35413480006510445,0.45616521738557253,1.0183070108209036,-0.28736155853157147,0.05689387308361669,0.33518301604035095
2016-09-16,-0.7340700694727033,-0.3510987483030065,-1.9618005501303846,-0.3168408915979929,-0.13049723868671503,-1.2931846958014401,-0.8528989078489054,0.06422717477649016,-0.7591113926167711,0.4818551412314535,0.021871953175379995,0.007158660156773359,-0.2038997175268521,-0.5011107923371378,-0.23105499174131294,-1.2835801849234176,-0.8413638700947258,-0.3888771390294908,-1.169744235530452,-2.4238684989246133,-0.5783017298564131,0.19587605349008563,-0.0059231574273440335,-0.7146688895289459
2016-09-19,0.4853786065195003,0.1254087972438717,0.007057437899656059,-0.05459433554112255,0.3695140803450828,0.2637770304690341,0.6924973640356565,0.17037698796163817,0.1508100488906014,0.29829889220268085,-0.665701051043923,1.737490983966983,-0.5746581991437704,-0.0010353892033076585,0.2591870908373476,0.8432032362071373,0.2229827545124538,1.110264986581888,0.11214952973000489,0.2763492077780336,1.8700411485827564,0.19456836304138517,0.30630345319328356,1.0336733956697433
2016-09-20,0.665213517479279,0.5969310110104308,0.20324776519105775,0.35489715832584995,0.16845470321753647,-0.11031134526076382,0.193083437893713,-0.32656341534829286,0.3658682620635914,0.022058361311996382,-0.018456577723901902,-0.8157062669363049,0.6435916174816974,0.3529159892879941,0.2238501631561035,0.6387309310380161,-0.381260786838595,-0.44297164973766484,0.880844911938572,0.9210245212437741,-0.11650138863607021,0.1932613584765271,0.17993928832964765,-0.3031530030640909
2016-09-21,0.7870321067443439,1.233260009847011,1.450013710288699,2.0236382270104647,1.005127852100725,1.829146774297178,0.3543977998891189,0.24151606363626743,1.539904273783666,1.4234743712072724,0.22630296572196287,0.8242150708102883,-0.29951254967446167,0.8356608508033204,-0.48047841395428936,0.8562190470211133,0.99160365209021,1.5571846134758138,1.499450571505721,1.9730735940236404,1.0456301788495026,0.8975308225891864,2.1430489766345326,-0.07204761778551506
2016-09-22,0.8845712942677001,0.566336969774829,0.5240103925844287,-0.11465954445798712,-0.3157028597981556,0.95591501414156,0.4581607667677324,0.38092984126073065,-0.3183329632325472,0.807610018471485,0.5716538657506552,0.35572935172011555,-0.6859214017448232,0.14065132693083962,1.0147265338428502,1.350525862708238,0.4888628928736426,0.8181093977292963,0.6983799179269347,0.8603994404495399,0.23067123207351845,-0.2796795419500563,-0.2957776611199582,0.15975797444794304
2016-09-23,-0.15229253637469564,-0.17978949761065652,-0.9376272047676091,-0.7663971989196879,-0.27929617374502147,-1.5832942461900514,-1.2722546051511645,-1.0712706939121883,-0.13939403676349177,-0.8344111178962546,1.4322152126814482,-0.7710637877482215,-1.0001969658231757,-1.0968844597133018,0.20916051379724562,-0.5658153349202023,-0.5190018022679205,-0.4011160258469449,-0.537866105798867,-2.102353416332445,-1.050131440229816,-0.2809227963335582,-0.0059231574273440335,-0.4204371946402015
2016-09-26,0.03559301701925216,-0.40633842325510205,-0.7155978199006156,-0.5969775388491827,0.03002014976983148,-1.0588978680337198,-0.9142177999196874,-0.3655850890833563,-0.9147728234184961,-0.09202398829345153,-0.004810118872211031,-1.0425764515953977,-0.6743491490384503,-0.5060547302542864,-0.6652413564619761,-0.5572302657382757,-0.5244208940386532,-0.28952636830501494,-0.27371068299535517,-0.401908923366368,-0.5807485401995276,-0.5198994943885392,-0.23974304433400115,-0.13069991055691246
2016-09-27,0.3245309248697012,0.899132471768958,-0.09025499338162947,0.4185512810858792,0.3156785896590331,0.45120882280829366,-0.025491817542465926,0.10128124049157737,1.1016841732516547,0.07849147212510617,-0.29676166737060145,0.4388771362740036,-0.8670551275144592,0.14848013632867973,0.5583570145517276,0.1968772921955211,-0.39147364799541845,0.816245748011444,0.1011419916752143,0.7915150732746016,0.9746361302802199,-0.04574275252074292,0.34415193601901994,0.45112116148388914
2016-09-28,0.052428474682879846,0.3712744305581473,0.2982832740519076,-0.6487375345299254,-0.6716416252956493,0.2858627504113377,0.30989031368736064,-0.11439222923415342,0.2052715635525709,-0.021133831790640042,0.09707310236039483,-0.14612537269143658,-0.19843682751389077,1.2802240301730594,0.05260678833907398,0.6640191047613979,1.695074369534535,0.8888372525853099,0.11954003509837555,0.7028939815482615,-0.18904764354916348,-0.04574275252074292,1.1896826069538378,-0.30433241497168384
2016-09-29,-0.5565002133743709,-1.1020102311264044,-1.6201270392307434,-1.1868811005482254,-0.8251162535662007,-0.7880230977367295,-2.664884709881338,-0.11446003882545637,-1.3806864738813207,-0.7684018088299361,-0.2217431035467163,-0.2717826984610955,-2.894208344575788,-0.6632008540489333,-1.8876001636805884,-1.73417693505323,1.0287223385828068,0.13346043057619134,-0.5902260657741776,-1.1327809965057072,0.06769375493393535,-0.04574275252074292,-0.6835692244263671,-0.014049028677204995
2016-09-30,0.3246733345327598,0.15579000242296032,1.4888897226652698,-0.03132936014027194,0.4677092660093269,0.21775166908857752,0.3279282557507403,-0.36743152641142995,0.14889777852573902,0.1931803721569573,1.2852744970148378,-0.2485422673523224,-0.3572664368115312,0.1732694907845387,0.19319780734505465,1.2483962172662724,0.3420145039215367,-0.005075671914953065,-0.1011129785643806,0.02187377684516375,0.2862508655154594,-0.04574275252074292,-0.17762820981155752,-0.42294524111649473
2016-10-03,-0.3431161353968913,1.5590722043983183,-0.3830415056004952,0.32519365003618633,0.33448470670993974,0.217072238823619,0.730604552115375,0.6054455879267481,0.0874558192087391,0.19160104626975707,-1.0906778371820869,0.6239289013868236,-0.7553926580905117,1.04970304695356,1.113075173504453,-0.3688010317740594,0.2800224683807882,-0.14361177440609746,-0.2284801775569397,-0.5711194724782769,0.17545950626877987,-0.2847468635180129,0.8992441005335547,0.10307592334235958
2016-10-04,-0.04049842562349328,-0.11842936857924848,0.10492172499508394,0.12120595679205864,0.5347451472258102,0.12320321874517705,0.4904323346938609,-0.07832729405551743,0.08729212469029228,-0.35733263489813033,-0.23465647184921462,0.5589987607499741,-0.7945253833112584,-0.30917408122342793,-0.5922112895850227,-0.2352621974096843,0.327945876015139,-0.3666940172683294,-0.6302596466533804,0.02214211409499291,-0.6620686744393995,-0.04574275252074292,-1.1993734173857895,-0.24855238825828016
2016-10-05,-0.12084708901581902,0.6233523836297091,0.8298415918603477,0.010291353929827737,-0.376360859713722,1.9376169964654975,0.03145821785762731,-0.006720057656507983,-0.1719360921302718,0.3211173200633409,0.1103414836529618,-0.11397108228316509,1.322591857524361,0.9402474425639523,-0.42606117695313744,0.24449173651868036,0.8145685115422582,-1.244750394211933,0.2676924194215254,1.1549805607574,0.1952552923498721,-0.28605386808287103,0.4540648969544163,0.16190706437233537
2016-10-06,-0.08518109209797194,0.005960791196426173,0.007057437899656059,-0.5625056592342064,-0.4695962764505493,-0.6997497922466351,-1.4719505131385506,-0.7629402155497264,0.5581030153352075,-0.08447161447952899,-0.26132640753470854,1.1900489210103726,-1.0484055218680086,1.2743696209764934,-1.1748738835373387,-0.03921559006317885,-0.3606208373696146,-0.5193892268476042,-0.40691915766890724,-0.45118042319497476,0.375337612672706,-0.04574275252074292,-0.12029397518502079,0.16138269440743397
2016-10-07,-1.1205455271304336,0.39955348504661914,-1.060812926060181,-0.3767700044145725,0.15176818788500301,-0.29189562663860924,0.2676432509159546,-0.6254656391380634,-0.6734930290966742,0.6288517163248989,-0.7089983670812977,-0.5092678538403036,-0.24092404471772055,0.3086203695725951,-0.3793108842406424,-0.9430199776040978,0.15712715896010035,-0.20623424330842877,-0.36066149672457015,-0.3990421888526682,0.6763791928772336,0.19456836304138517,0.3359508250557972,-0.07247018696420433
2016-10-10,0.2240553803292957,0.21872781720688297,-0.23944848160095117,0.3777198705753411,-0.05312695761114319,0.4193194908973844,-0.025491817542465926,0.937773413892414,1.8753680873716627,-0.1670787737108062,0.11375222439382969,1.24862307348363,-0.27253873746980767,0.8575510089631515,0.887518447447519,0.3359365683452376,0.872055745900311,0.6534732041118628,0.269759604868107,0.33404282554772974,0.11760783238199966,0.6674181003443279,1.7573764774336802,0.4516027634356661
2016-10-11,-2.038552271221048,-0.029416323507453598,-0.5905368253002471,-0.9884865303202917,-0.31907062579766543,-1.1231677704641672,-0.37749251157029323,-0.6577918763273287,0.09912906477330213,-0.9517566599317467,-0.804567354677797,-1.1326246755593048,-1.292943145681794,-0.4521775604232411,-0.5161568930905481,-1.0346728886707168,-0.9490701688744585,-0.6348407490735556,0.02700840196852645,-0.7742699596970227,-1.048455340324739,-0.04574275252074292,-0.6010118879372693,-0.7139569875963435
2016-10-12,-0.11545582218428269,-0.4572253828943228,-0.9567695687090032,-0.36593085002102566,-0.022746745152967863,0.30806251526874007,-0.4397573418773895,0.788327696471533,-0.4482427723653054,-0.2917171018235723,-0.07246500726924597,1.0661257508282935,-0.3575161695217168,-0.07696499856035982,-0.0847661487127686,-0.9884774038206167,-0.2839153445284707,-0.12026150030709575,-0.18237827743963955,-0.14205048474707233,1.051582043518411,0.18943729129207235,0.21176583565429696,-0.07275951971812313
2016-10-13,-1.1029860058573533,0.7159677174782688,-0.30194456620032606,-0.17893476548692747,-0.40470700212079286,-0.08613740203535682,-1.3535877483592493,2.4829029729137444,-1.4816755766027014,-3.0550789246029377,-0.2087325781681046,0.045167412313756365,0.10243405652605769,0.8472308790388415,0.3483141831185991,-0.004945834762835096,-0.37467435191690945,-0.7006739381266742,0.857905438147596,-0.3413367672004379,-1.5365130069713064,-0.7550795382013589,-1.6193262195855482,1.2638970238361456
2016-10-14,0.29833611823373124,0.005960791196426173,0.6228206974072066,0.2092691896133803,0.41248586586361485,0.3993813706335754,0.7039061636866651,-3.5445463775922383,0.1942666125456689,-0.34947808683952947,-0.004810118872211031,-0.13128133833586733,-0.1833454072476206,0.3406576552841603,-0.8961214195067703,-0.8041601037889488,0.19845149672255033,0.5173451279886873,-0.6593356914244063,0.2487940422815247,0.17593130599348805,0.6635940331598731,0.27820531315004776,-0.8822519437071525
2016-10-17,-0.03466394686975322,0.5634383960622797,-0.2484168066771759,-0.07829236690542518,-0.6419502425308123,-0.5952598207036017,2.035100446974098,0.1032210047829046,0.6919410279863515,0.1359585642155438,-1.1032072949992198,-0.08008281979967889,1.140356857478872,0.6459824798732401,-0.026230745113485162,0.13743510743287984,-0.4955004443739195,0.5130320283199826,-0.2141117257647597,0.20685235904513008,-0.22438223586780942,-0.2809227963335582,0.554758399325635,0.2187699523937894
2016-10-18,0.5051423608127064,1.2277495697931455,1.6652782144439464,0.1177191031541527,1.1182632250492697,0.8612730160345199,2.705660029226333,0.7165494409628992,1.812880243118279,-0.12724195236538097,10.609523671390711,0.6307168925652378,0.31726858386155155,0.8382325652973002,0.8908923394936591,0.9042490452369737,0.3681758666024541,1.4959489002813355,1.0762900109357012,-0.2857123849564861,0.465068770783868,0.4233740807213902,0.8709565943469847,1.0790191337188437
2016-10-19,0.775113392351527,-0.3290275071959807,0.7397527232067391,0.12873988904477,-0.13588587661497747,-0.5466988349749404,-0.7336575050040177,0.30113295927792416,0.4440048593481233,0.36257419552640996,-1.46442717856307,-0.2897749088463087,-0.14911533240040512,0.2502954023734871,0.29943996188263305,-0.5105984301133373,0.39500220640296363,0.07884330195442442,-0.9906427897652244,-0.13545905045356946,0.15541932651255236,-0.7513051052454567,-0.0059231574273440335,0.3834324241914552
2016-10-20,-0.2926560130814463,0.9357352052668777,0.9646197777826014,-0.23055997164499367,-0.02290583315271394,0.9032127431118596,1.3795835711393356,-0.40431463500213993,0.7248741765513963,0.29515015199050765,-0.21204736550363293,0.05184848912655629,0.8082775768800468,0.293000196731891,-0.06074901923942219,0.20621847684555938,-0.02887719068257613,-1.5613756921269448,-0.3588588015049837,0.8275021770212418,0.08292415914660824,-0.5224580859032331,1.004693880085493,-0.8118069177520278
2016-10-21,0.728272255694465,-0.42255061879316813,0.054365814324219226,0.36494856506674717,-0.13605305297393705,0.2800314110242874,0.2924576926554409,0.4273642387236607,0.6307769173935591,0.5525813804754147,0.7141105992899411,-0.18430360778877383,0.6606814739772949,0.3565189814797612,0.539525966441738,1.0534791914251307,-0.1667567632339187,-0.09108883077807076,-1.046033159114579,-0.6185935467671456,-0.024835533747570658,0.1932613584765271,1.1756902720668092,-0.8231282534206937
2016-10-24,-0.044647961129087844,0.07222997353656928,0.007057437899656059,0.9203176341302133,-0.181629064557991,-0.2213559671946494,2.0371782093341477,0.3878347721466739,0.8029875166435915,-0.2755227553002468,0.04586284886960339,0.5036299812812663,-1.0951359602179087,0.5265960678519761,-0.30214921344082807,-0.3582006778401088,-0.22667730209715542,2.249067053159211,-0.00424947258576813,0.09730189413304259,0.5274336848795265,1.1302243688733051,1.1330357349248361,-0.3058202890969301
2016-10-25,-0.39679007727108045,-0.0935002162670313,-0.08762159199700917,-0.9308563240288104,-1.6281964114690675,0.5294657971274006,-0.8389499691051682,-1.1245488217837039,0.7226620509809935,-0.41717114693593876,-0.15709820671634603,0.3165998667665515,-0.7847103942652618,-0.5064661848647655,2.3228980418710474,-0.03287962328159744,-0.07870031243345528,-0.7848277856440695,-0.5315463094568748,-0.162445385058208,0.18696264710894792,-0.2784362988048571,1.4204808082323654,-0.24855238825828016
2016-10-26,-0.3758164096055657,-0.4957794393741605,-0.23056340025012795,-0.8791506186764693,-0.657244536072393,0.05180476522218363,-0.7498676035813573,-0.29796495962536,-0.9246775138290138,-0.12784099244909355,0.04604305680721474,-0.6084759887718474,-0.18097841174139534,-0.04544045204863593,0.20613312245497345,-0.40207580726409364,-0.42781053698271226,-0.681225689731311,-0.0700590235412489,0.14513423392589456,-0.6640015293201372,-1.4683315541900748,0.5470708274061536,-0.6639533076434883
2016-10-27,0.039648104397266085,0.3412734016396294,1.9627002491414385,0.5276569519944446,0.7758197845043912,0.029127361126813692,0.07872191256091546,-1.001455311285277,-0.46355855724607214,-0.3011095920972698,0.14721102370834632,0.15480469275413666,1.0443831613356969,-0.17937629585552697,0.8694377278042438,-0.08889565650018558,0.4389181661279959,0.39022823903373516,-0.569508555859261,-0.4707117215120402,-0.8512754815853055,0.19456836304138517,0.17627388369642372,-0.791790802071566
2016-10-28,0.6004487857434683,-0.1612878894642064,-0.08404007384906942,1.0157981447074524,-0.045711238663468184,-0.2882730386445272,-0.39133934969699224,-0.30346082943783664,-1.2350541959855506,-0.3178499369909488,0.34682887601231244,-0.34791717650836146,-8.726117913933313,-0.47483226272004153,0.2770273940055181,0.14167959957522216,-0.648286948207141,-1.5438605777205574,-0.12044940704682393,-0.053197795528546636,-0.06067694430761406,0.6674181003443279,-0.23382760638655234,1.060032677522942
2016-10-31,0.019826395731298144,0.9972821852503866,-0.12996175327732004,-0.6084896179455644,0.11717301366181793,0.029229549612494698,-0.34152478855041307,-0.15472511142972661,0.6502751219035202,-0.07800982348302099,-0.5593234320167176,-1.2462515633917801,-0.25246968617064064,-0.4601428901525057,-0.3924151347537675,-0.053889002375089735,-0.05972260035670535,0.4834471665577135,-0.32217269269953897,0.5558914150960357,0.5333314942923354,0.6560676270055043,0.08542777842157241,0.22188837882939536
2016-11-01,-0.856749198744836,-1.2884991632650968,-0.5455053706577643,-0.7651930531371933,-0.7004089700900793,-1.8357431145851173,0.08010304739264497,-0.0425236758560127,-0.9889007668150221,0.3318205450111739,-0.8308472822627224,-1.281152698922278,0.36530560710906074,-1.3783222116801614,0.39594305570973165,-1.1035308217053377,2.320190957309917,-0.34951668045286904,-1.0733269229146098,-0.6623024542232503,-0.7633769746687408,0.41600565003604684,-0.09727409327626049,-0.1318834771156087
2016-11-02,0.011588731507292978,-0.33407098817101155,-0.8829143702371057,-1.0963660792317889,0.024734859553425248,-1.5280997099393812,-0.8774943461904114,-0.4181295876371506,-1.0078017998529896,-0.723807496089778,-0.7474775674708416,-1.0165195927874344,-0.9973228842563484,-0.8926326547723951,-1.2438936064187185,-0.1968876641504523,-1.1359626461967411,-0.38037377512366866,1.0336230994113629,-0.959011359341813,-0.6439321461842542,-1.2093015346037843,-0.840312264910337,-0.5474466452389021
2016-11-03,-1.116849443911545,-0.5943474397020162,1.1281399045253615,-0.04598309981558273,-0.5335920726797219,0.03038793273111388,-0.07929544300605891,-0.8012214368605173,0.5364231886267234,-0.2034308529734626,0.10246077198275261,0.038611191292690146,-0.939622942980172,-0.3048992263814121,-2.2394059416962633,-0.9813560828738377,-0.10757898132476458,0.3126367521914852,-0.0030797357269833573,-0.17191876455082553,-0.26258560762428734,-0.5198994943885392,0.18140548529142791,-0.914296285183208
2016-11-04,0.2840557090851664,0.04077920657954444,-0.8779968321666387,-0.20304871949299855,-0.1645378960072485,-1.6364203094127165,-0.2955171489607956,0.2621693928648478,-0.6918036014841021,0.1716194530010912,-0.4363007209807073,-0.03765492931077974,-0.7325138197655331,0.04985065671611281,-0.5796340997887098,0.44252876459252233,-0.6036629397503467,-0.06272889155516981,-1.0197099102595668,-1.8654711478928456,-0.13428740655789045,-0.2847468635180129,-0.4290017511257433,0.3477613464661477
2016-11-07,1.0064300878674926,1.7344338264869967,1.0301833461234462,0.9133623403160434,0.3566388034017909,1.45820344464361,2.755402451808066,0.7121461919411547,1.2760507231502054,0.45952028472686673,0.4266804832362852,1.1977001660277184,-0.3893610596445224,1.8883956887222397,0.48198317426026716,0.9503614428854935,1.0654943925775642,0.22519019013193517,-0.7942717517462534,1.3318384521389113,1.9466104805805196,0.9025981441571475,2.2758440363463732,1.175619917685546
2016-11-08,-0.026043105666480024,0.07196607881039485,0.09884883080551574,-0.1456094741139641,-0.7344047649375486,0.2931670252011256,-2.214525409622123,-0.34318885136953603,-0.2779257168154931,1.0819331621699722,-0.05839478648356691,-0.3896754805385273,-0.5767617566893994,0.06997192770135792,0.02006573458449508,-0.19604529555827127,0.08997257294059749,-0.06255549412612899,0.3784543366013955,0.9011110173485322,-0.07845320927416066,-0.2809227963335582,1.5823476295371688,-0.784497074269716
2016-11-09,-0.5855370096962123,-1.5114891784302502,1.8021625150299176,-0.5282581357552262,1.0034118145144244,-1.1959169559345353,1.959710472720621,-2.4280374673631684,-0.46851040791975473,-0.42358578700542093,-0.6009017811889416,0.41781656920038013,1.2281554957183538,-0.26231496073839905,3.366948490378447,-0.36748599084729683,0.36630519452141,-1.4596894817308774,-0.8161243819577626,-1.4236501609295016,-1.4094136991068544,-0.7589036053858137,0.901916848688753,-0.6138845893620757
2016-11-10,-1.1301745980074906,-4.683885641328656,2.19029283978906,-1.2455148943832568,-0.4301041350556761,1.0179754300987884,-0.281623535486766,-0.4367933863123941,0.37344859282338533,-2.18922050423818,-0.7255022457549144,-3.8604395873745094,-1.3276291609736721,-2.4475030233702935,-0.36038335945819483,-1.1854747896756386,0.26578828099249824,-1.2836871573062423,-0.7034324779347058,-0.6985401821164212,-2.1943729290302674,-0.5276726740936994,0.9555461637220721,-0.316375456661993
2016-11-11,-0.6083653098496218,0.20339076778530785,0.21513676080934424,-0.12357225600100014,-0.4012237132154457,-0.2329506871339092,-1.5413052729511967,0.2337412227123575,0.18363135559571245,-1.586998019425153,-0.3435947086172551,0.9747999877895884,-0.8067889799967299,-1.6438699988198546,-0.8122195678324147,-0.9197074191536961,-1.8656337952121542,0.3842576968781098,0.4215640977831265,0.7457466612192961,0.8584733926084543,-0.7786688214587014,-1.253423293958642,-0.6848212071042311
2016-11-14,-0.5657441233106121,-0.429956683319748,1.5958173180033048,-0.29660557991444686,-1.0374227953275195,0.6511228270752063,-1.102291136194305,-1.8423231977543149,-0.19194493793883538,-0.6159888394590628,0.4460268262604832,-2.947107501946324,-0.9305758457825881,-0.44901010683176656,-0.2240080359256113,-1.1431497674649067,-0.5103888060051536,-0.6955416010055216,-0.26410580617878576,-0.14554119452445485,-2.107068362019295,0.19992351412522968,-0.0059231574273440335,-0.44506620841213823
2016-11-15,0.3463066997663497,1.412208507114525,0.20648931082381083,0.6679887036477119,-0.4104066122475964,0.2673987455886979,0.5700186638103737,-0.28682988845493707,0.5571767546679072,0.4664643809041523,0.16245720039528044,1.7645659274316428,0.7555640094628568,1.1594119763162718,0.9170931160029886,0.15356065184314494,1.138084026539782,0.7152454591044757,-0.7260598063173516,0.4735077204304594,0.6107801202206742,0.19855787644380163,-1.5624467555313466,0.4169681510577282
2016-11-16,0.27549618002472626,-0.8464232598587484,-0.8775522116001999,0.5589669450450029,-1.3617746710923018,-0.20685972299314315,-2.4576928743405855,0.40459284765927267,-1.780564619308412,0.23607510737908888,-0.28412979352734974,0.31042920515648187,-0.9892575497459295,-0.4372542348024203,-2.6873973005926066,0.2799816793501321,-0.6360768920480032,-0.30420697551683235,-0.4827049149439895,0.03031981462571854,1.1838908365566443,-0.5357096481312645,-0.04906869469413426,0.47457338810312566
2016-11-17,0.8358483064024845,-1.0298766337769665,0.692235214475353,-0.1234742593426955,-0.9019498562329112,0.9731425395550978,0.5953216132398227,-0.08301805897357421,-0.7499928863706231,0.02930179690149119,0.49603915541485166,1.0934225523135894,-0.15526924581920365,-0.6406881189529904,0.29310887345181247,0.14480447978442829,0.18334157476044477,-0.4564514507062691,0.535775136293304,0.4421829943461938,-0.7927372367504097,0.19992351412522968,-0.0059231574273440335,-0.5026714454575357
2016-11-18,0.8989296479478384,0.80553083987887,-0.5158965823718428,-0.4387448133615114,-0.27520581895670154,-0.5576654501615824,-0.3630297280138577,-0.899784172322111,-0.13955650780652032,0.035965297204856486,-0.28198731967859425,-1.0555578863109347,-0.8501509129577347,0.13930807333450923,-0.8728900802554933,0.5435682229919717,-0.23302198011150016,0.386311576908981,-0.9850882453116117,0.5293685823383284,-0.06067694430761406,1.4001623047266898,-0.30966155117223604,-0.25994838498097905
2016-11-21,0.17796397267004344,0.593513975098585,0.4099131086397378,0.3210532996133599,-1.8244621472223592,-0.2536179341055258,-0.1385774247937793,0.40811468021236164,-0.23056977379155702,0.6298774905053568,-0.9100708560640918,0.5294564943506284,-0.3711646401445325,1.681325923213355,-0.9221127710474804,0.7352595755609039,1.3167868564023486,0.05491285805242893,0.9845292707664942,0.29853381895035536,0.27838366550746346,-0.5224580859032331,1.774102978405058,0.17047500015841394
2016-11-22,0.05239541424534087,0.16095985802016313,0.04713424782698568,-0.29161975271942214,0.09347179080467821,-0.18332818313850227,0.20040068314172343,0.20178253674291163,0.4327048553279359,0.9054209142270727,-0.5853389006609916,-0.3039927555194204,-0.9639362034596798,0.5458463052508428,-0.663840878994332,0.8123157228952921,0.22815437194159494,0.443077162806231,0.6855987318088208,-0.5299739952548379,0.4254881663449758,-0.28605386808287103,2.488963538352915,0.5359487155712751
2016-11-23,-0.15553428261270527,-0.18787087300732339,0.20685173524729097,-0.20088600748386132,0.14550539564527368,0.38565522487690107,-0.3080398479425754,0.24119949169390398,0.6073534510651462,0.3430874426837233,-0.5374425632963982,-0.08017034082020577,-0.4575051661537568,-0.052652561463949615,0.6702774399997616,-0.9304062794072679,-0.45556360134868135,0.35113176522656586,-0.2636119744910298,0.47852169404728184,-0.09793871380154574,0.43357247403865523,0.3725724871227022,0.2287044776700941
2016-11-25,-0.4999719480710436,-0.621868585970403,0.3247926357590813,0.20115096626608925,1.015961801507202,1.709830223826349,-0.025491817542465926,1.5522463564455595,0.36523101963253507,-0.8196727373039754,-0.2447241202901071,-0.8120710625042016,0.9676035363975668,-0.6810882297361875,0.6500568141855195,1.043021041142967,-0.11906821180748535,0.437348708603556,-1.0452979568560883,2.2077647324516856,-0.49079998137817565,-0.2847468635180129,0.10674580395662892,1.7742946905791874
2016-11-28,-0.292548891407354,0.7889304461584251,-1.115628294279022,0.6212436285637526,-1.100620972252511,-0.29370897122570094,-1.5835807982195613,0.0753139654628622,-0.3142676962578417,-0.3393816310733506,0.29477143696402264,0.7675643474545656,0.8551363039642725,0.13108787476046557,-0.08393816690260505,-0.7756997226774766,-0.9876930069313706,-0.6550550808232342,0.07149331095821282,-0.12619853083569427,-0.06067694430761406,-0.5276726740936994,2.44562253942533,-0.6039390135678592
2016-11-29,0.021111388271213657,-1.015496361692862,0.9314466986777103,0.5221705947812145,1.280773577452472,0.3067323028073794,0.383815148808846,-0.27843267943520944,0.7749941781113243,0.18580824493638157,-0.974606157998537,-0.3366971672171656,0.306546749434696,-1.0765049386594339,0.3785604432417242,-0.048014294379417816,-0.1422007697402227,0.5860997398708127,-0.19638298534441295,0.40871105607937763,-0.26757332560667707,0.19587605349008563,-1.973840566614617,-0.13277381379374645
2016-11-30,-0.3640025486241352,0.5990285681005764,0.559964657994409,-0.5265842223217625,0.08113013714102098,0.762665390354561,1.7425178474450302,-0.1213901306804707,-0.01875552531458682,-1.1839902858841738,0.8455251224208424,-1.0718702142021361,1.6289739226218962,2.661154245569453,0.3642491436560536,-0.9694285698636398,2.0420395990100673,-0.18184972507588537,-0.8100307820861032,0.12742138668179304,0.20252237429674938,-0.28736155853157147,-0.22821306834296207,0.045347339499286175
2016-12-01,-1.5570167002629103,-2.642320176612064,0.6302064906484053,-0.9336682288357961,-0.5416384625123066,-0.267474531396748,-1.5034799959399818,-0.7171765456650393,-0.443885281119827,-1.558540896532389,-0.06472500106116344,-1.1611364035568048,-0.13412240188741764,-0.8596217873697668,-0.7975325288178816,-0.9918856097806326,0.6629766176638492,0.28927324710574553,-1.6186177558187382,-0.5329318088722409,-2.2408355941712736,-1.0257067402307602,-1.0645112563571353,-0.7308370029040664
2016-12-02,-0.1560875325947293,0.7027351254466284,-0.8127342002852498,-0.3433129000187369,-0.78923055693458,-0.5678894267618243,0.548877773295345,-0.0425236758560127,0.3917675489595126,0.2513118402526792,0.5888321156427136,0.4594733000441331,0.6680164054263481,0.3811226706154561,0.2287078877300276,-0.011513800051477115,0.1358882432380779,0.5794622166201269,-0.3533794374369157,-0.6575826387006491,0.5406696553579683,0.6912620618618376,1.0551712155437627,-0.8618805777788806
2016-12-05,1.4523643905832357,0.5826721488485366,1.0581739276049205,0.6536415476467494,0.30871787214353397,0.14481781773495145,-0.025491817542465926,0.07710873041923674,-0.48847038316536634,1.1987306185238644,0.1709307730070539,0.9467112986342409,0.8614843098856927,-0.5892294477853733,0.47995397624281905,0.8800523642194931,0.2701061679692861,-0.03416624516691687,0.09663963303750307,0.4654179801549333,0.24718175220481736,-0.7827475669033236,0.8063459568943242,-0.3813060733701295
2016-12-06,-0.15317498633921706,0.5328129311038623,2.3259620125095535,0.21000359472401248,1.2851209127735193,0.19046679477436534,0.9339817740649723,0.47304734950359967,-0.24059128450041506,-0.13690268595789165,0.1698688907175374,-0.658398848069844,1.4762346893814127,0.8138785051813019,-0.11745082639031902,-0.12233409272479745,0.16351015889233245,0.8045693419818138,-0.01601485505997979,0.1885999709025925,0.8716423916316832,0.6912620618618376,0.5361418023736242,0.414176440514603
2016-12-07,0.34207672776766235,-0.03428264131997384,1.1203875067251954,0.9980140160746537,-0.1730848501609498,1.1676895325581127,-0.6439189425359922,1.2070894503116487,1.986540733138181,1.7448240969744286,-0.41405002707737776,0.05100305831214999,-0.1475823188815969,0.09912308996203108,-0.3248457219898468,1.2605611053580956,0.45778512097527874,1.3870860272507006,0.7826262696176051,2.3332430521097187,0.7262400869921788,0.4388352268175226,1.2238370572667197,0.5318587770363794
2016-12-08,-0.2608938294029048,0.04620422371282619,0.3248628357331657,-0.3709336587600444,-0.30068216237942197,0.6803819013497376,0.8156765822990655,-0.08116527181976056,2.2560117056310753,-1.2925924660706491,-0.8410882687115074,0.3216433847405383,-0.45282622913859366,0.14851463417650523,1.0474576640815183,-0.3818720264416484,-0.08481918478852038,0.2752739460948736,0.9507569488610691,0.8458213852521701,0.1436063385970817,0.43357247403865523,-0.7733043597077136,-0.4990226306601878
2016-12-09,-0.2665091636639112,0.4057317541605521,-0.8816958522054307,0.7286684017971137,-0.9286740210015684,0.695871419458562,0.4715643749717367,-0.19733259845907222,-1.3737300434391542,-0.3498560969314369,0.9489863732163913,-0.331295029345378,1.8728629798298306,-0.07571201505102114,-0.7428129424666848,0.1191612142773485,0.048083059387275646,-0.7932147874726619,0.378800798765615,0.08334773260289573,0.08741613207527574,-0.766676785090974,-0.5759820270689006,-0.07498323240780663
2016-12-12,0.05961593014170232,-1.331625384679088,-0.9743078845475985,-0.5475505396252758,-0.21092331464598504,-0.9291726977983381,-0.6894931561663187,-0.1977823673444495,-0.2007563998799657,-1.1780080318781863,-0.24032421802731768,-0.9266787395436142,-0.7423196915882825,0.22235791938455124,-0.29014653276284635,0.0027857362567140606,0.5666594786610313,-0.005075671914953065,-0.5581976345281051,-0.7470973241906476,-0.4688777479236613,0.19587605349008563,0.06590536382781917,0.04688517505339664
2016-12-13,0.7612832425900733,0.37604552185910933,0.5550820321189648,0.7045814576170233,0.25573945523685315,0.2081110186626413,-0.08128794628081662,0.9972588758882638,-0.24387574836705864,0.6791159734751422,-0.242260909722951,0.2987341564321539,0.13573958860159485,0.02367267733342799,0.3987111002707507,0.6883835747374975,0.8194656492223724,0.5308124508027511,0.7731126525203756,0.7533140604264422,0.7894588383732538,-0.5303207318590083,-1.1379559637998269,1.6064739651187516
2016-12-14,-0.5253939873158593,-0.9899892570952017,-1.7344252143749435,-0.37802387518429054,-1.1783633771964699,-0.645207387287489,-0.7005744722519168,-0.5407897392768483,-0.7443540957545911,0.1636925635944479,-0.24422740581873603,-0.5746408336174669,-1.176763578987354,-1.3686689194920205,-0.6583488599790185,-0.40053970050702525,-0.9121616958402243,-1.4540656978280007,-1.4262742332435652,-1.324122069709769,-0.9667245006614071,-0.5357096481312645,-0.796521061738427,-1.089257761515602
2016-12-15,0.5984634814263884,0.38286866247382173,0.794058033021667,-0.960963588587716,-0.18769973662936504,0.4117708366267719,-0.42415413689735676,0.11124828304361761,-0.16208268376438295,0.2955544136657746,-0.004810118872211031,-0.8015391757343409,0.6721380332212841,-0.3672067107547131,-0.3160309323606386,-0.18531912961119615,0.35650151814968845,-0.2643110018811012,0.019637674246877068,0.5712330811941028,0.4773303023324601,0.9288021224280486,0.6356008521008774,1.061159704161192
2016-12-16,0.5029639532545864,-0.6670107281935324,-0.2536446757590735,-0.20169040779639344,-1.241860276760013,-0.12830931987652394,-0.9505636319893157,0.034219339314420665,0.6105164219714894,-1.0227017469729287,0.055231488052086185,-0.0911238457999303,0.15408771081399641,-0.13301662386875107,-0.29433727365498313,0.21949774955267598,0.4835497590203554,0.2828893596287671,-0.826671685858595,-0.6617567364232811,-1.3304979732617603,-0.7746213608235575,-1.0696126483490844,-0.07326609694425126
2016-12-19,1.734001502993355,-0.46463377326758976,-1.0139006018680774,-0.29786673446055645,-0.7640617206504301,0.16377768304256318,-0.025491817542465926,-0.15767449342700973,0.208560223724046,-0.48592181687287456,0.23411021816954097,0.643921908564395,-0.4123910693272398,-0.8887063123655125,-0.28406906468219484,0.16825352446004788,-0.119696665327377,-0.2930407034586732,0.6831068980231201,0.5197626888931904,-0.45873789905664886,-0.2914090191667156,-1.7942643392257076,0.10430550552223138
2016-12-20,-0.2793456836609822,1.0661259238181393,0.8783244340332363,0.39015632489381763,0.3353549472746383,-0.08331863322523532,-0.142509373236133,0.18753676545484296,0.052441716236688474,-0.09052486167333398,-0.3037720628382632,-0.01561822925142766,0.36679470772935313,0.08088404501416313,-0.3918657377980818,0.5393595236744441,0.07466800696657279,0.6552655195770355,-0.23669609733103733,-0.13582128902901333,0.015375843237082304,0.19992351412522968,0.7216147336815892,-0.0731864946095894
2016-12-21,0.09654342291470891,-0.20343607691717733,0.08196454606777881,-0.326478341578296,0.1160884140658668,-0.308788163044297,0.0330560177020652,0.11031778975488914,0.12291920195370203,0.3063220540897527,0.11514637024103862,1.0766517276984433,-0.4832462607435995,0.053430269847941185,-0.3707076487479224,-0.0902983049391058,-0.03642024969519415,-1.5373460248892492,-0.5142782094256528,-0.3894702638960175,-0.3845810266388998,-0.04574275252074292,0.03400800578015845,-0.25125149555059517
2016-12-22,-0.08482095786302865,0.40267649294315516,-0.7481762136825074,-0.2481707490422415,0.20580530778760764,0.34428438485584006,-0.2601571655517549,-0.694991183087398,-0.7999778500095222,0.42685507697444725,-0.7321284923771176,-1.1188412931793683,0.22560768097677647,-0.13742048247202726,-0.8673162269009577,-0.1904517368256892,0.06535758209205574,0.46147657602163356,-0.31331652308680125,-0.3192391499407612,-0.830322469977582,-0.2914090191667156,-0.48846759877320306,-0.31192148209028125
2016-12-23,0.27650381074571856,0.8758051379234485,-0.10739914064446049,0.1825066515473927,0.06105407159373681,0.09628457236328195,0.0919963207593579,-0.23585780154616823,-0.061474568312951075,0.0020891556033520785,-0.06625311921121486,1.1374441883007655,0.2773168249533093,0.6207098899684741,0.4918162487160045,-0.033297773098987696,-0.07343966839314885,-0.3838852424499248,0.15074966770822112,0.1309458709728567,0.5367108500747663,-0.29278067129280183,-0.33176824163933244,0.10529191872206725
2016-12-27,0.28735817509045464,0.08764925414076064,0.19764294902938942,0.2837294487255667,0.01596340330493555,-0.3102636441764908,0.15015511261413075,0.18941430241472507,0.010178545255719412,0.3726019225629524,0.48312271433271037,0.01714397985143422,-0.3051713154077644,0.10565307703801026,0.23693577868120122,0.059675636390168076,0.1946925387207019,0.2574308298126868,-0.20198213144591215,-1.0167261033148256,0.03508859712036866,-0.2941818010115798,0.7625352049229978,0.3424678759429373
2016-12-28,-0.3731734802530421,1.4045502213371024,-0.7605416626508038,0.1901296350428745,-0.4075547956890991,-0.7002222280384729,-0.49545179554236285,-0.3519759687477293,-0.8566474099640562,-0.6694616113037684,-0.8019369307551687,-0.05163497854777192,-0.2885282260566346,0.47389222610863174,0.057201599036865315,-0.10480602479051437,-0.09172903114201389,-1.8960806367491359,-0.23964727568460825,-0.6689516155419153,-0.02241771448285934,-0.04574275252074292,0.4699545789102857,-0.4899068806966252
2016-12-29,0.1125774737895635,0.6265977770543368,-0.14815205768688258,0.23490712263578076,0.15164631339816184,-0.661380864666619,-0.14377595902492574,-0.003731588569338284,-1.0488044019626466,0.6136598662536745,-0.19192590267362533,-0.20179238900353708,0.6481913521366287,-0.0010353892033076585,-0.05015357442960345,0.5721268751822617,0.3138307963029555,0.3538650369047111,-0.2965175665614972,-0.9499746738999857,-0.04157781954262407,-0.5468313973912228,-0.4418697305574681,0.40254820985241274
2016-12-30,0.3988235774969646,-0.4194975860118245,0.5861787699474826,-0.5011283612485705,-0.17333793952247467,-0.2021199160204512,0.5042825814907593,0.30522757438916154,0.15905460057193205,-0.5860746177276352,-1.153677127048389,-1.4188969994843623,0.029752098829746183,-0.5826514707565649,0.578869629294957,-0.07572090189168608,-0.1650075997874283,-0.21421703525234614,-0.27879614257400365,0.08199885899995914,-0.7918277302544072,-0.04574275252074292,-1.1849460121820963,0.45834737838551526
2017-01-03,-0.8180934616140078,1.7740408541798447,1.4024597210975134,0.9384795672359575,-1.4103434520368496,0.97464716720339,0.03297790290666562,-0.3902749261011869,1.1243315403304708,1.0573046105211226,0.7661499138494101,0.4742414966282438,0.06469261694832885,1.85763478147199,0.17408232770173296,-0.1112790688128052,0.7687177340734545,-0.7880124622948814,0.4334511147300534,0.8773131760409332,1.0135117592403193,0.7037849408405737,1.7268941564148477,-0.9030426742695487
2017-01-04,-0.28771741209953744,0.11669582475945546,0.8517616419648851,0.8636956691866877,-0.02870621410714636,2.367994458574901,-0.3186268860008864,1.4493613467973319,0.701506217264138,1.0070715225514129,1.6581679929057098,0.058298237960715524,0.4132260455085474,-0.07597598768909954,0.5702818059869932,0.2362553118243715,0.5061719945891335,0.807802752649283,0.4843828974743469,1.7108826420977692,-0.07969522291416956,-0.5440096530407942,-0.0059231574273440335,1.4017664017160472
2017-01-05,0.526421321405108,0.7350482729607114,-0.21169023671088788,1.2644336388513366,1.5235800789431517,0.006511665790839225,1.1927150653628087,-0.4593824952441977,-0.6518572283170917,1.1154280591895196,1.5109484247218516,1.8133231381875794,1.4712520904950446,0.7392234137971297,0.8622629586387849,0.8172828282375452,0.4388597914479936,1.5312942462964376,0.20422103054512436,-0.5151968594848069,0.8815166071611164,0.45252414799930835,0.9594697531034361,0.3923391372857915
2017-01-06,-0.10635411247361364,-0.06626929855930407,0.007057437899656059,-0.24247220176687054,-0.23639543451352915,-0.41475997144615423,-0.7174617472941782,-0.8083359621783708,-0.7333423340217593,0.1377157760251195,0.27778607635322716,-0.4286504116853245,-0.7574114928998518,-0.5667367831741443,-0.8328812683580268,0.412231089259768,-0.4286751050723062,-0.9460606680751827,0.38538714714822614,-0.22893176216310795,-0.37923541733055255,0.4469614328972931,-1.2074553651190543,-0.36220127265329366
2017-01-09,0.5417953093279896,0.18620234332788868,-0.767558991213976,0.18014839102573132,0.007197303782647416,-0.08250145328710969,0.43703439432854885,0.4946142192967579,-0.19542279369137264,0.35777622609464826,0.10745767390462352,1.317934831779679,-0.28128209267533566,-0.10065219974711365,-1.3315966171793532,0.5947541036701572,-1.0797702270337455,-0.33181953578648005,-0.30907132063370624,-0.2821231607147518,0.7045477062776426,0.6831358557820716,0.8898904427956633,-0.18893583254382026
2017-01-10,0.015212237445573843,0.07777527567681512,0.48825483643804857,0.7082291303516065,0.9994254614435654,-0.7324193838109397,0.6026142196931223,-0.7340665653485192,1.3202498951557609,0.703828663438067,0.38473524580372304,0.8051913840908246,-0.8906526893308029,0.468855432852003,0.06890497754185164,-0.5219625295557305,-0.2109290957270769,0.46965066983658826,1.2300455913246306,-0.012567399220442962,-0.005103648420092321,0.43357247403865523,2.715047776231517,-0.014049028677204995
2017-01-11,0.3029810820914358,1.1349325138441542,0.08060732844973142,-0.2162842085944043,1.7829931395254097,0.18637456433145533,0.9278364246937079,1.5206437119608116,0.524901115309866,-0.25632986032037464,0.9199335750054131,-0.15623694127899737,-0.7254410769089907,1.244682794274399,-1.4970534222813963,0.09162198346842187,1.0042542700876675,0.4953896937687553,1.5472143261860596,0.07298351243802047,0.12421799983680468,0.42841398934705344,1.2036421619104452,0.5668118817002064
2017-01-12,0.4956117542242742,0.10989159209181744,-0.32491271758123513,-0.38821341689123384,0.0818774863060138,-0.03841344968620589,0.2510043131817342,0.18270911582295762,0.44910959598964684,-0.7754515595654955,-0.4363007209807073,-0.67787262060434,-0.6794375721179053,-0.11835327525835276,-0.370031675013334,0.3939446254519139,0.21690340761978794,0.4623555476377672,0.6862956472060295,-0.2034849712581093,-1.7090114463287922,-0.04574275252074292,0.4317915729304458,-0.24567789433705478
2017-01-13,0.17008764556824446,-0.587265904997949,-0.0299920591476767,-0.24233654353677375,-0.03796625542859337,-0.1734706667987022,-0.5244374070550385,-2.923579492557098,0.122620634627615,0.622538637365618,0.9571423649305852,0.33614058273425246,0.7925033005260378,-0.4037683327917789,0.2066576779904807,0.015297657030637514,-0.20667381909391128,-0.034201702669509886,0.20215816329830227,0.08622936061904393,0.22375569786085386,0.18943729129207235,0.45877624225600533,-0.304925752045543
2017-01-17,0.20263420591776726,0.9776083992487151,-0.14146685200892406,0.11234690163240811,0.6165359729076572,-0.9463843983991365,-0.47382257059015365,-0.08193836959986109,2.482358658371329,0.27761386299733276,0.9261617205676643,0.8474222815708257,0.7815926563866293,-0.12063253218161119,0.13246479147161877,0.11797883648864085,0.054740311643169136,0.343370306223261,-0.3262411129429954,-0.9525025168661483,0.2787462309146823,-0.7550795382013589,-0.2374145281404538,0.8541538863527426
2017-01-18,2.8204485939023405,-0.4417107256818045,-0.4792469883432781,-0.09120441320385073,-0.5302448335584672,0.7563442154145955,0.8113929005330455,-0.2399961963733937,-0.15194016644234096,-0.612215628080208,0.2989699602387091,-1.242793193109061,-0.3191060977267763,-0.24183170395155817,0.03447683266224307,-0.21769653950529866,-0.6349543560766348,-0.674644798427865,-0.3104833625517818,0.22691378948566032,-0.3056021360227523,0.1919684698644728,1.390007576970087,-0.8822519437071525
2017-01-19,-0.4946902889614781,0.24775144434667123,0.044663692073662484,-0.09823600904169,-0.26007903226555257,0.8151347564368476,-0.9187498677343727,-0.2406712363274991,-0.73576458071702,-0.11972282230997733,0.2958090980800758,0.4928152604990617,-0.7601601918695812,-0.07369576466980889,-0.7024924917780795,-0.1013942805977537,-0.2926402368214425,-0.47512690044102096,-0.5886007701466865,0.318676022142916,0.20303404142073525,-0.7627692014653613,-0.4536694110180153,-0.014049028677204995
2017-01-20,0.021847210835654253,0.17762013849002437,-0.10587662666053536,-0.6023134898116002,0.09882717884457373,0.2071919321515259,-0.6503288351810796,-0.16175983374178396,0.13209828184379516,0.213372971334462,1.0041576689699543,0.5117510437121943,-0.217257821829456,0.1440924453095925,0.3553659191374365,0.09771406433266333,0.3212606603787699,0.20100655172000886,0.11969542488165619,-0.28388824974841365,0.7601210021651644,0.43357247403865523,0.7263496274178631,-0.18928880657952707
2017-01-23,-0.006113486833148106,1.183776850494173,0.23262881925580517,0.5826227419355291,0.07293478327811168,-0.17183474598302684,-0.5434485943924646,-1.1268918880744094,0.3079004280653397,0.46920043879569673,0.9142271429538089,0.9657428872806295,-0.2710269860198715,0.3107517033154751,-0.43361225065700854,-0.08761873682296939,-0.0999837402294162,-0.44750005243346214,-0.17467395088805596,-0.4445570242399234,0.41871361564212506,-1.2539365873829555,1.4696685947137413,-0.30733547504529035
2017-01-24,0.09709538275016384,-0.359819182366499,0.7871123450593548,0.02194584294148094,1.8877868407559277,-0.10518750263932575,0.20547290865478468,0.07897974875538058,0.10394813002117412,0.8630927859536996,0.4577495321208419,0.8803518704864082,-1.1338414709456157,-0.5551364544167853,0.6499296947052671,0.20718195806470002,0.5466438500957603,0.2902386201454274,0.050383790969987644,-0.4601678779008679,0.8317167791139058,-0.2914090191667156,0.7361420482778233,0.5127727561236977
2017-01-25,0.03725753874013395,0.8642650910869469,0.9172976435282756,0.1307184287770722,2.1870798055990375,1.0713192628336943,1.167441599903807,-0.5301160058206019,1.5911472551498287,-0.032313866266760985,1.2523180398283051,-0.485447697610379,0.6965245650715725,-0.3193311674757141,0.5208814486202348,1.0592137760072833,0.26240517620803017,-0.18209983749146644,0.4628988215449984,0.9203100864585535,0.817652925677478,-0.29278067129280183,0.052688810961063204,-0.8947895387839848
2017-01-26,-0.7116093165998049,-0.12468475213720545,-0.06504659331428314,-0.37369182873226486,0.22999995629764475,-0.1256947698710962,0.14231178972835085,-0.9059437784532643,0.7110857444219189,-0.047957207530311616,0.1266939136789767,0.015581968343017652,-0.3449998793714148,-0.14921036916051028,-0.03859356475974582,-0.28846526502763997,-0.5061930656056127,0.9332767661400558,0.5087469177202943,-0.07872240827150603,-0.41751012857215525,1.1758400412001075,-0.47794343574891873,-0.7286058020218742
2017-01-27,0.20228745288091646,0.20173912501929708,-0.6108127135961912,-0.19089101212245685,-0.15603405345054952,-1.4422837578265182,1.348399206156844,0.5755409700294234,-0.2371642579616429,-0.19097629426623286,-0.3568290275073,0.10925919622304467,1.2921173985547192,-0.2998478525188905,0.383761371584108,0.1832232602848058,-0.1268951362516016,0.11122739689237261,-1.080288983014567,-1.5581012348460903,0.18934105506821808,0.43357247403865523,0.14234335091693637,0.10568057813618992
2017-01-30,-0.07784590537732086,-0.18981754262644474,-1.218834873535025,0.14586586542441898,-1.0237483779559282,-0.28700721162236903,-1.176641566393775,-0.5777992242411181,-0.17308323085197552,0.43948171921809454,0.039426950656261,-0.4156594246965244,-0.19888743742281337,-1.0216518234112222,-0.07452645762879644,0.12216496087016444,-1.1431035639544291,-0.5594791514695265,-1.9536225430235166,-0.4457879278218256,-0.1676888600307424,-0.5250579790801411,-1.0893212346921037,-1.3449829479362685
2017-01-31,-0.17785117124716138,-0.09235735069309538,-0.44769772415823555,0.08376845019695218,0.42534088006645593,-0.5159168158932531,-0.8100809370251019,-0.20823238372922315,0.5525230223701665,0.006243518629289425,0.6075145682400513,0.49441594621908547,0.7999191007504344,-0.34121722998426973,0.9397084885974395,0.10172859347955149,0.6310014767558093,0.46211531208425227,1.412834921902992,-0.24339909384112488,-0.5628176884289547,-0.5303207318590083,-0.40647235159819356,-0.4441420913681217
2017-02-01,-0.08995348841781078,0.07153789079116575,0.6123097445413893,-0.28263500551003234,0.9474043263973464,0.5515722307417692,2.9263477095500137,-0.7942191476502573,0.6230771023919737,0.5656223273009449,2.6006524301020413,-0.05172697725065061,0.8574585230387314,-0.08014112906343382,-0.08533660032708913,-0.5573894702032222,-0.11007617417297959,-0.5309273111539331,-0.10580420077661784,-0.36022166593224164,0.24473023185251822,1.6274872390575454,0.910865968723309,-1.0007883355749112
2017-02-02,0.515822490663783,-1.005279267365434,-0.4081100162415239,-0.09292231641425742,-0.06140565108204979,0.5920668913258045,0.6563886856200118,0.6261472244309467,-0.2720380255101589,-0.03840225100486176,-1.175063333824194,0.2967256777233524,-5.799704492139805,-0.2131480617577274,1.5600246428039195,0.7601716818869452,0.2768371253430054,-0.005075671914953065,2.831057221733856,-0.5267155072665203,-0.6007443397459381,-0.9940836491986335,-0.1871614386066591,0.2369965137305674
2017-02-03,0.05293330060056095,0.47540470892289666,1.2405451720737437,0.4097140242672024,0.8689476851968664,1.8645014527699038,0.4919226009950046,0.49506625899078577,1.0216284809753735,0.24362018453168438,-0.5032584760418549,-0.19222921451560943,1.0768901775785804,0.47389222610863174,0.16917979968207514,0.41329458503394023,0.3665552764032163,1.2150872435326494,-0.5178850106858425,0.3794327879779434,0.28196364403565694,-0.5276726740936994,-2.1685875119712743,0.23589422545482758
2017-02-06,-0.3631120706235529,-0.42976156761739204,-0.5491480473228217,0.6016818576033133,0.08489874473765593,-0.40931268500697227,0.5874279689998958,-0.1661354364321629,0.17111622236079693,0.25252778717777397,-0.5974099396479158,0.5247142115934005,-0.6898171895523011,-0.36970717132490005,-0.8686621544840148,-0.8665040037830121,-0.6231317114893082,0.19599049488750145,0.41087994534511185,-1.2752975622344225,-0.24075784895227698,0.4361871690522137,-0.562308044477278,-0.2639922828092376
2017-02-07,0.3540434390339029,-0.2649501211446266,0.007057437899656059,0.08462195784329339,-0.06865670309901034,1.1169370399720422,-0.4331510529867223,0.8578137052291368,-0.44344030036970344,-0.07031979265478057,-0.004810118872211031,-0.13707115079534324,-0.6965950502377009,-0.2942761636039271,-0.8352768155993507,0.4562566509565698,-0.5749345418981144,0.42362323844118877,0.22646754262651367,-0.21382437597766385,-0.6955973546422695,-0.5276726740936994,0.22436504177072059,0.29822159728587844
2017-02-08,0.2723621874065072,0.6459151561722143,-0.10507601197033944,0.743932162969222,0.03872767693582799,0.7581885840986661,-0.4369845066925277,0.1196415767809088,-0.4344741679613682,-0.0011290117518001162,0.16574773298837026,1.0901209876673594,0.4663071752803567,0.424455829703678,-0.34628392439716993,-0.132460485390235,-0.45898496100615815,0.2507075561962496,-0.5154114302219416,0.13452699334688,-0.4084117470668035,0.19587605349008563,0.4496672840110899,-0.014049028677204995
2017-02-09,0.11427923512647185,0.13916733882250154,0.712205236891232,0.0037780540024230733,-0.3916306716868506,-0.853225484997129,0.4371633395397485,1.7902221166339565,0.1100950307464526,-0.07217342935468875,0.3753044750525915,-1.240648327031737,1.492278984579699,-0.26617376886286537,0.17553552733527691,-0.072450390781416,0.49750465099437235,-0.28936856636501895,-0.10323966944447219,-0.9711067012783254,-0.28142240677459546,-0.04574275252074292,0.6020597661154456,1.2790325209465694
2017-02-10,0.07477707825931673,0.6642704308631383,-0.1773660835990922,0.548407356969083,0.1237650217684102,0.5236637912427664,-0.3849124166189189,-0.3176579416711819,0.23622025142578376,0.6154520932744614,-0.7701039073686021,-0.06075202019864363,-0.003977756171805503,0.7348947623101821,-0.4904531049108327,-0.0056215733633215945,0.4464239294270877,0.7032588419946142,-0.10327410302366287,0.6547020242860907,0.8533669495452445,-0.04574275252074292,1.5402172108120145,-0.07495721821096141
2017-02-13,0.5843849745699312,0.005960791196426173,0.5944038989815276,0.07323362430249201,-0.03796625542859337,1.1980735994157519,-0.28404131164418067,0.5454176496227702,0.2225580676564274,-0.07539184813093629,0.25254430077952383,0.4725571010126838,0.1234207137704501,0.38511984137197913,-0.9064562458137072,0.5134481474461805,0.23123270710317723,-0.06142749564057745,-0.2031331540477049,0.8356322701662523,1.68845559991694,1.376846049148589,2.543881332313432,0.6524506327271158
2017-02-14,-0.1500608076476504,0.265746512106085,0.6582140320861164,-0.3315965210323552,0.046558891561611894,-0.2470696308417043,-0.07738412917743683,0.962475403197167,0.24660343150740568,0.3105010733705924,-0.13319931865002,-0.7509715527330576,-0.11322537486015492,0.8543404813897739,-0.1482551493906611,-0.058769890148815215,0.009798712066034098,0.27627572333462563,-0.13680281692136229,0.20882574668881654,-0.6968332782404809,-0.2796795419500563,-0.5109804573701044,0.644737161270663
2017-02-15,0.33347259126807716,0.994199501247099,0.5066212679952943,0.18052735285150714,0.10008929655218787,-0.4608401770160019,-0.600405680266994,-0.23441945066935907,-0.05421157800350105,0.4705330318114857,0.2088594478764336,0.8340185089074363,0.3588302851161309,0.12250515935214953,0.155960912318541,-0.03225784490021519,-0.13067736992020385,-0.7108664584770713,-0.15363685444429956,-0.6203405794291798,0.680817139528462,-0.04574275252074292,-0.14766510140429576,0.3420951135197171
2017-02-16,-0.050063439246731865,-0.3414048766673138,0.007057437899656059,0.29879671841589067,-0.7938141483482427,-0.6145305694680774,0.18443936673810313,0.45507945368586733,-0.7353914295541293,-0.39194947143815667,-0.21847968562085562,5.161597287011037,1.1601229548721128,-0.17414468556182341,-0.49024796644990615,0.17965782063094687,-0.3858381182413266,-0.11874384464851885,-0.5065085551115283,-0.2063826088489254,0.9301131544460024,0.18819403690857045,-0.7243401322807038,0.2221465129609111
2017-02-17,-0.20308921867769342,-0.1850443096401263,-0.42078871994264516,0.0534554118705322,-0.19349514802836407,0.2427364858508076,0.23551582814690772,-0.463294964779649,0.2365114209361986,0.02995650411099919,0.08084600396486741,-0.23533643534028778,-0.004952933088233591,-0.30040577968662574,-0.1616626680064538,-0.21100566832740142,-0.7236530345606105,-0.31872535018576187,0.013863164797053495,0.2173470128661234,-0.026236518503688692,0.6486991963201654,0.3121920791762865,-0.8450661297436463
2017-02-21,0.2173823688389063,1.01239177844742,-0.13652321347970833,0.10079581817680973,1.664299104036636,0.3700104662099984,0.23397900930910684,1.5103034888642815,0.6613949541285277,-0.03335966076089672,-1.0942141525863927,-0.548455552169945,-0.20032316778841575,0.6679376537123399,0.27977824842963545,0.43690186058378094,0.27818759744925675,0.9875119400063045,-0.2389476108833276,0.38927617370499185,-0.07789656047757613,-0.04574275252074292,1.5382812254741247,0.5807725307511201
2017-02-22,-1.5080096611877183,0.46762784279975933,-0.1009462332646951,0.08767049260911196,-0.3408221782538303,0.17687309747885657,-0.4936356519965607,-0.9843357154945086,-0.5308738925974223,0.29730645115014187,0.21637965262616785,1.3652448907614325,-0.2542364122559641,-0.6951025868364737,-0.11223980939941239,0.5445105352866639,-0.48865418710322006,0.6387159286651135,0.08142316617596022,0.0432279284479335,-0.5102871841828386,-0.04574275252074292,-0.7826145105656711,-0.1325243732168605
2017-02-23,-0.07352385965713018,-0.4247576049776372,-0.7936055550294694,-0.29170085374346133,-0.11393121985454177,-0.50591006582562,0.44265201691162886,0.5244077537474329,0.7715124901396974,-0.15170665806722142,-0.7186571084647431,-0.704287871699464,0.8982897420366198,-0.12687551575523268,-0.24756734769349498,0.06574089759744577,0.4802992691748402,0.16177367352678604,-0.1715484030129098,0.10512602102685717,-0.6190776128199693,0.18332869476199926,-1.4129080719386693,0.8101167550266115
2017-02-24,-0.5473057332228554,-0.7136905830111863,-0.9216215965824256,-2.100710676803951,-0.4960181210831929,-0.35881568953277876,-0.07725868393922833,0.03266357625489912,-0.4406225619621282,1.3561340717070602,-0.1860613210984099,0.08461446626860189,-0.35769822185287664,-1.2663108170888695,-0.26091718286499255,-0.522577666100888,-0.73035941264107,0.602982721023414,-0.579468666508544,-0.5919830950679333,0.23667168292107832,2.3985109949361796,-0.6886047657974352,0.27741769971317626
2017-02-27,0.09269142118338188,0.03757012736376301,-0.14343970668418554,-0.5013987725734128,-0.06097281546612089,-0.4475077478636132,-0.862245597375678,-0.0425236758560127,-1.3744308403746164,0.029829222276823664,0.7754796735947072,0.20081289445854025,0.2064471335304529,-0.0010353892033076585,0.02268709767711994,-0.11757578885372162,0.15536304793182706,-0.5576047746890201,-0.3270282157053725,0.29932179852154955,-0.745188457243291,-0.04574275252074292,0.262962989964965,0.21805929635660112
2017-02-28,-0.5348719030862215,-0.5033531826196382,0.007057437899656059,0.27094076456804733,0.11521384910307338,-0.5817476102827998,-0.5566984446504244,-0.30605892817285296,0.3162475983447582,0.405655491731844,-0.0668186176501477,0.3900090528726693,-0.7662404030053169,-0.373700633691209,-0.3985311669965985,-0.04531769554776655,0.010254507796223871,0.16120311889034877,0.27115433890017615,-0.7816398372287291,-0.16675461183611784,-0.04574275252074292,-0.7890847268665045,-0.30433852965624586
2017-03-01,0.6520474013662262,0.3569422612090517,0.9845037849545208,0.27828532535700545,0.9022706944277296,0.703147526685639,1.3942354557954713,0.7816420879667844,0.8826625072397268,0.004967324659292623,0.08373519828416363,-0.2305912417849016,-0.5769042840308856,1.3069499400285605,1.3606600235060111,0.8305621307206729,0.4428247540550523,-0.6728386879027185,0.9086675886347959,1.0745302280984208,0.1336228154554805,-0.6990351467153939,1.0143604145706693,0.5650512797273519
2017-03-02,-0.8077858922153541,-0.6806365111897781,-0.6672161079823722,-0.1904715610058146,-0.9552672126767706,-0.6463576291652577,-0.8612482826214056,-0.34085239377572485,-0.6233386680022245,-0.4506325905894596,-0.5852505914647951,-1.7998335250848512,-0.7446860044261422,-1.6054636993654876,-1.2403775795304133,-0.03197561685042746,-0.11438111385499165,-0.3979108765239675,-0.2546070755908581,-0.9589363194970713,-1.3268496632550102,-0.9321316271518267,-2.238621690070919,0.0435318625013068
2017-03-03,0.5066977799916854,1.121777919724285,0.6069381026086096,-0.15460351049416513,-0.12211397847569726,0.35548122891633954,0.13242926137958747,0.3301467554301747,-0.04230364038239225,0.6275429575934108,-0.32224804989943207,0.5146591755519522,0.03212073525548786,0.6416297106863847,0.035195849169877044,0.09773797581733037,0.22078681387140886,0.41573252025363444,0.19775645686277377,-0.060496030906250046,-0.09675792197669392,-0.27015114606715696,0.6837136750158904,-0.1869843332573848
2017-03-06,-0.6024668388959297,-0.5632985892331177,-0.9340481324184745,-0.10907546385654933,-0.3142968536773467,-0.4080915613772713,-0.5541265878134697,-0.8656098901591693,-0.5283330641782537,-0.3829006235335267,-0.41813676372378905,-0.19966556980704847,-1.434308387557172,-0.24024557824052487,-0.48729130913329244,-0.3763784768434024,0.21979580796577983,0.2181960596245256,-0.6923692616186337,-0.32543033543201344,-0.06067694430761406,-0.49801494972842864,-0.7590175735036363,-0.0718052040640903
2017-03-07,-0.7058916349344247,-0.21801855125640157,-0.14548057600802797,0.10513307285997668,-0.19209362804869953,0.2468493991491513,-0.07871034460822987,-0.5345321835375828,0.6724459038581273,0.04403507944706252,-0.1439088045480327,-0.06628947222458557,-1.0687753836238534,-0.0010353892033076585,-0.3907071492250579,-0.06463792588361815,-0.2281728487345176,0.21740186840777373,-0.6146727838470669,-0.20750391252224384,0.7634724136742331,1.5173267128644452,-0.037687610344160634,0.0437071467096803
2017-03-08,0.2571064366684636,-1.1699378673490635,0.6515910688065999,0.03367218481671405,-0.1306471964057839,-0.2776189721633453,-0.025491817542465926,-0.27104088101867946,0.7263789328341993,-0.416082638070446,-0.3320015650553777,-0.12588718003526667,-0.7799474257389751,-2.1102669538048837,-1.249676599138697,0.08527438360273944,-1.3550595793848546,2.8969815643050567,-0.24189836744194415,-0.6229299001410623,-0.2209830770846542,-0.7088594785289053,-1.5364984086796092,-0.014049028677204995
2017-03-09,0.14699278531251425,-0.5300141218663366,0.1197948149644162,-0.12285750971935108,0.3471686012335925,0.006511665790839225,0.13396445702230608,0.9036561690323417,-0.1670174687804429,-0.003176286478332933,0.6918347093130762,-0.06230928714391154,0.8496644950610253,-0.2912333360371524,-1.6362695262816236,0.23439558591836515,0.28444035653860417,0.4175266207508424,0.08357971595555182,0.24884842885766417,-0.49037399411789656,-0.9456954918977686,-0.0059231574273440335,-0.5360237836410049
2017-03-10,1.4268406445504855,0.20796712050920294,0.08204544278516603,-0.1302043719108872,-0.09939449662427911,0.24700982731041815,-0.6130184023404691,0.9989154917423667,0.8668163069931009,0.2795425606954489,0.1325264248505834,-0.29351222431671536,0.781570224760538,0.3468417315496954,0.2902033163266991,0.3752407272301576,0.3894919165326467,0.5713881478361914,1.4479156828685553,0.3039170540868942,0.08292415914660824,0.6309378382333612,0.02743146008621622,1.0251692704047477
2017-03-13,-0.3699161357806139,0.5387662596240299,-0.18066794405061407,0.12161235894468786,1.0274178415596704,0.006511665790839225,2.4823884012935227,0.28823959735597904,2.2656825616120564,0.19918535061448128,0.6276063665382431,0.0220425040396968,-0.1519034872955432,0.14259100699526872,0.850114262150813,-0.05764483198324481,0.2421315375657959,-0.031170178288295672,0.26157986089735447,0.4904866241220168,0.7225916874160182,-0.04574275252074292,1.203895645203996,0.15731857607254646
2017-03-14,-0.13225172039346286,-0.5940624910588644,-0.7139550118334156,-0.09092595805231571,-0.39332437777826496,-0.6514393517254017,0.12658091124318552,-0.1525685110385344,0.32563164015639307,-0.1202318611955222,0.5703007977286688,-0.09516708937765625,-0.22667003634936983,-1.1421753554531864,0.18015512035716122,-0.2903370707226902,-1.011941110478847,-0.03117451905991049,-0.7860240923778891,-0.9419087121280698,-0.575678529880018,-0.4957074085502998,0.05817249131454463,0.15682157070687885
2017-03-15,0.7548669864951083,1.1955917344619786,0.19799753235632891,-0.18165788640167788,0.24953027420706148,0.904126339214036,0.27709063028939096,-0.595931595245188,0.9959419062238795,0.4287292838106582,0.9007018721325631,-0.392687172618849,0.1643418796186181,0.9676422109944203,0.5394219451253346,0.8425586803077675,1.0997727817659932,2.5272659627017635,0.3306680050356216,0.779112298639884,1.17439306394461,0.40422190350881404,2.51576021797848,-1.2209737248946153
2017-03-16,-0.007629625522674173,-0.22209523671729994,1.0977799218119266,1.0426299525798068,0.6816960966324238,0.07171362682120666,0.2750102825012095,1.2767381783077107,0.3402570295100237,-0.6459179551515958,0.7493911878726696,-0.5363601335036037,0.5884174082436355,-0.5250942256817875,0.011235677397776247,0.8054323533008281,0.3266684176259406,0.49429531227112966,0.2783054884146736,-0.025726150603778017,0.8050562989014608,0.6207147240578622,-0.7536104433431503,2.263228283215265
2017-03-17,0.6004531400458284,-0.8548698435005305,0.04417677957905397,0.015092285196528697,-0.5392362738510879,-0.32019141674509705,-1.8082199444348503,-1.6218787764714329,-0.04995328437998199,-0.09178824972052857,0.6089997928762324,1.0911127711136963,-0.3356082861613386,-0.837004638845588,-0.309728822650749,-0.006389271185270325,0.2675346586727478,-0.8311826983321304,0.2762227571446946,-0.7461870158839996,0.2477156754725096,-0.712200229099348,-0.9271689359888546,-0.9707856519032732
2017-03-20,0.08654294608609739,0.9320879497883113,-0.6660203981253358,-0.10726468525217499,0.9009579313568072,-0.10272246149165074,0.0783543251176101,0.5871108619092629,0.13310217987390885,0.7626329411125568,-0.04532718139945242,0.3138782371823473,0.346647196603661,0.7760728977862045,0.26817290537494,0.4515405622033173,-0.27589121155978985,0.5718379763123237,0.01220577832845053,-0.17343092373010502,0.38178787672273967,0.3996767481363066,0.4887542721494337,-0.41271560563255877
2017-03-21,-0.7985931852241502,-1.2571676174234974,0.3823095053227985,-1.0843152921631152,-1.4903685717484527,-0.4322480100169808,-1.448625785974927,0.031094921635585592,-1.53414345380033,-1.8158857121248448,-0.7440114371850202,-1.6065401717606518,-1.059404211349098,-1.0830785791944202,-3.5351134082868367,-0.7103553883989622,0.30561318933219667,-0.030049076071406288,-0.6643643536404819,-0.45633294112533357,-0.691397453406413,-0.7155706467242108,-2.7274190260180062,0.0430753942635625
2017-03-22,0.9365378079703928,0.14114564956706305,-0.40590651829060814,-0.4276289963018462,0.27220925810240154,-0.36871264158529804,-0.07910387386705107,0.397206732198159,-0.13369814286889012,0.6324713766365604,-0.297458522920907,0.4491819859320048,0.36911092162338854,0.9036515672700051,0.6518555819961764,0.38419822428955713,-0.1707674804249397,1.1334914330793013,0.31055991169952984,-0.4231586834741871,0.29817417495168547,-0.2712990150038814,0.2936023206340018,0.6669982723399105
2017-03-23,0.059115546521085624,-0.3671112145480781,0.19526142510502034,0.015563569140914491,0.20290612992945833,0.2495295375050343,0.719101224597657,0.17606966539140517,0.7334655007186972,-0.2948423138739101,1.8267962815225,-0.028254627372518794,-0.20532639738809652,-0.1795611308655849,0.09360999198256927,0.11899605829201233,-0.08526693878954975,0.8475592043004772,-0.3843738273471347,-0.2536779613619503,-0.28255473101247086,0.627494052131731,-0.7092781705222468,0.603182447546334
2017-03-24,1.0691778427483294,0.6812915593844933,0.11959908712140149,-0.3156388551268566,-0.15073399659623002,0.11668004210591551,0.44658009058151515,-0.18815656043029183,0.4472967457676545,0.4125690267562953,-0.04427923888382914,0.3325914981041349,0.6952903886376967,0.028797694365146953,0.06647995005686021,-0.006468695310491134,-0.3829467033587299,-0.320413372901333,0.6553191011561922,0.5784358335557074,0.36523842441716714,-0.04574275252074292,-0.07373323006180865,-0.2377211802922091
2017-03-27,0.11491471036609252,0.13942610264883787,0.23119630652622628,0.1626213912066112,1.2047065412099565,0.07253974833005063,0.6988839684964253,0.24839897045472806,-0.6886440780679329,0.07450766764052444,-0.6033690295969104,-0.002417951207666223,1.1485349097349924,0.29554088541324686,0.8669648198845291,-0.3581857674045069,0.20231723008965513,0.11639628011461521,0.4029927776797667,0.23580205124455594,0.54695160188827,-0.26901490114365995,0.12955162941763837,0.32113614417248426
2017-03-28,0.3437923890956194,0.1389264320898812,0.19296265763808132,0.2067464198959519,-0.3996614273649048,0.4257116917134915,0.33225216555020265,-0.1514449944163021,0.3101997798470062,-0.056175582557346726,-0.2071157916626554,-0.02566350688133966,-0.16943553213737397,0.43780092160095674,-0.2932273886202005,0.6948947657689271,0.5535343180024771,-0.1022404529683998,0.04570049103717115,0.45269271581547516,0.24067678561207323,0.17752939610217408,0.4303953401078438,0.0972346709082017
2017-03-29,-0.3746834273803821,0.9222629503398068,-0.3655473604151902,0.208065429074002,-0.20115258441436748,-0.03747470349141674,0.1269363485091879,0.247462417074761,-0.37694239178558053,0.7806028665753267,-0.4137188128040184,-0.8705132131572966,0.10690501161948458,0.9960411130408846,0.21147723126488163,-0.06881792050910727,0.3596087597471651,-1.7302430439630154,1.0558478923164387,-0.16363360442428443,-0.766386850900693,-0.26901490114365995,0.4901460034206209,0.041514167144049596
2017-03-30,-0.1563949523801934,-0.5802548725701029,0.4907963260643382,0.399966434821083,0.36908015579280323,-0.30232940114010554,0.22739389481877273,-0.0425236758560127,-0.3090129141616873,-0.6696451775621265,-0.9678448529059936,-0.1746567917848923,-0.7807139682638389,-0.2257047632339193,0.4081699223969948,-0.33133081098890027,-0.21639096171116126,0.7894839547944186,0.4689138737962848,-0.16174614173793225,0.1755562175563885,-0.7224233432748471,-0.26952033867394226,0.09692055684014349
2017-03-31,0.008373638723943044,-0.25785484333306447,-0.5891087452006852,0.0408658839615558,0.5924998098172938,-0.8613243883613876,-0.4817331301055524,-0.0425236758560127,-0.5835721022100235,-0.23031953561203813,0.5434490253662282,0.1907056205693406,0.8651899879888517,0.3074070839799542,-0.6361558384611213,0.14361574460414234,-0.2553170826250737,-0.42592211101953353,0.3388699845767253,-1.0641486152613298,-0.449302908563027,-0.27363464039782215,-0.13855502974721537,-0.23619363830384907
2017-04-03,-0.28138796924404247,0.4989437658089191,-0.5216007955975539,0.5742679821124669,0.39763766426949965,-0.2852598582921657,0.6320065537977706,-1.2483614202425708,0.15019746667545,1.3635252777571807,-0.5530692631106502,0.12989677975267144,0.10616648918407219,0.1657423411404458,1.3648826469852495,0.005987885792445512,-0.352238925812212,0.3170072730005075,-1.1755181849436607,-0.09836290624054446,0.024053004246767422,-0.04574275252074292,-0.03916598318505412,-0.9113993708701408
2017-04-04,0.15165313100791503,0.5757614296666683,-0.9149187293450847,0.04943183627191946,0.09926757186005314,-1.1275235037692004,-0.12600343584664658,-0.3387117356888437,-0.6003306940117396,-0.7089592949902163,0.12263573323021154,-1.7546283404192244,2.9798128905092147,0.5475621849489865,0.03747019668071353,0.14312524121014597,0.46732017348243565,-0.12875130872827015,0.12189856494709683,-0.39715289957731836,-0.11149537480977956,0.6344213325640264,1.2013940124221056,-0.41113223427960494
2017-04-05,-0.6842071780934931,-1.0703642314635027,-0.22661162620773737,-0.5197998868899233,-0.254788122101751,-1.3798495392328132,-0.3791229703766739,-0.1539953631964524,-0.34098064319882204,-0.1524241373217345,0.20636220591845766,0.4448155162916767,-0.671798527971355,-0.43901326901409177,0.7701061737682438,-0.7015328482483928,-0.1893765299820279,-0.8526425759331041,-0.6458360648738913,-1.4028040909269446,0.007055773457277747,-0.04574275252074292,-1.4134358427412075,0.7773666625758673
2017-04-06,-0.07243833516173805,-0.5621368206552745,-0.14945257138921536,0.1099675148048238,0.17885561124456428,-0.7210335262969871,-0.17791998359411976,-0.0425236758560127,0.007901101313464007,0.35804077941308116,0.1211580810988334,-0.10360086944283173,-0.6247752917943202,-0.33424658995106216,-0.5274980503878104,-0.08828497208547718,0.42704903375879666,0.32034006140135896,-0.9464610619493689,-0.5026017441959137,-0.12840966207250587,-0.49801494972842864,-0.9229184754770445,-0.4649383825121289
2017-04-07,0.02028605076661249,0.10689829253699143,-0.3077106529575213,-0.2135167896337719,0.32867564765042634,0.1243735750193392,0.1269363485091879,-0.37823573858959586,-0.47686771748417045,0.18051065700139707,1.1853819702401729,0.13336571886253412,0.030658948642261194,0.249255226337691,-0.49343039336702277,0.1383963612787629,0.16075478389673814,-0.40583906588046137,-0.2667890953253712,0.280111378368124,-0.04373908725691511,-0.04574275252074292,0.23438973208031416,0.04250783950704646
2017-04-10,-0.5268257393075629,0.2737025144259261,0.1253614952602673,0.414255471414417,-0.016465731920506047,-0.25308901227476593,-0.12704887702900547,-0.4178827889397272,-1.5111044086840577,-0.052552277386356885,0.3944967932035332,-0.741729719388846,0.7541232607835842,0.3564544999804216,-0.3666817099408176,-0.10078852540451873,0.14148682740333618,-0.3326013852711354,-0.30068888991399984,0.026380791767669873,-0.6567575881029203,-0.27363464039782215,0.028255573265156167,-0.8683536211178976
2017-04-11,-0.09132765142415068,0.13902082365672824,0.2426997040769433,-0.2747967208780679,0.1836061117224327,0.2425632336818603,0.6805417757774984,-0.3445987413253718,-0.12962132736270332,0.07163447662699192,-0.36393784449152095,-0.6718851591571212,0.2571284208666166,-0.44169660557629103,-0.6465021614226285,-0.22711622347901095,0.2718869764043488,-2.1115493059233126,-0.18581575485110072,0.28611703846831527,-0.26652504912051916,0.18214913535633628,-0.31489218096448546,-0.014049028677204995
2017-04-12,-0.3544049085056084,-0.4284728655634153,-0.34688888563824244,0.14215762357804976,0.1685204897820806,-0.44267949107681837,-0.3770826390146477,0.597483976275112,-0.44568330926619504,-0.616544292204382,0.9431233132601076,-0.4196186338729249,0.18617396495472704,-0.1961140006452114,0.30262289644774953,0.15764443559755836,-0.2519256112802369,-0.5297794701373968,-0.6697806807717287,-0.7403598026138906,-0.26729713566662183,0.18097318220380434,-1.453014214187768,-0.823159245505564
2017-04-13,-0.29185103504700094,-0.9836339715628741,-0.709872348883389,-0.22711907842982765,0.004669488177020852,-0.2787270472228312,-0.22768573135739653,-3.039892330163922,0.9001040906838638,-0.18715337878739627,0.6483183405458975,-0.002120760484896381,-0.7403744234966058,-1.1435969370248822,-0.14623251494494696,-0.7540983732278843,-0.9746059910410828,0.6501289772521984,-0.3222379338739808,-0.9736193410195235,-0.8423743923485714,-0.04574275252074292,-0.07823488732296449,-0.8938826907553359
2017-04-17,0.619233982511904,1.9571342220358479,0.7634613093445188,0.16554528612337405,0.44984407599784265,0.5758050277787685,0.7279508969084091,0.1544141412287728,2.890073027101781,0.7796851552769696,-0.11899954982952175,0.040841383801225026,0.5549724800762605,0.5191066862505578,0.9407569918739002,0.36232631658329667,0.5047649568323208,0.15116546917780116,0.8149510941413562,1.429047032551402,0.288093148415669,-0.2724586872452902,0.282345481898927,0.33952035152639176
2017-04-18,0.1250473440249048,-0.3886072728838029,-0.3893608486524448,0.2704183940009644,0.07451367758448102,-0.681970450477704,-0.47599517770543653,-0.4766617929648149,-1.4494176168700252,-0.47950566113263937,0.4117033400896685,-0.3399135230219441,0.1336044138700862,-0.5211774646571731,-1.4202565017930238,0.1328719592821907,-0.4557825793308433,0.02092552755034759,-0.3192042700204575,-0.6224102605023866,-0.4794664905989199,-0.27363464039782215,-0.841907308737225,0.16192147546091637
2017-04-19,-1.4734529069664006,-0.7972737503660127,-0.07267426187456982,0.761727959651393,-0.03796625542859337,-0.4964636243906892,-1.146624388396581,-0.36034383936576747,0.06846016971177044,0.1181974804877723,-0.19339109321709433,-0.2369822769117382,0.16776811189328308,-1.0420223244246394,0.2777051743047717,-2.3103078333622767e-05,-1.2078233163754544,-0.005075671914953065,0.4270943546569938,-0.55151621156525,-0.3768523298116796,-0.9692561486443934,-0.22769268834704906,0.6265342500382373
2017-04-20,1.141914029324375,-0.7474100340003241,0.2854614702872496,0.18992276684916962,-0.46102773982510187,0.7001023637816838,-0.9646102428297582,0.47304734950359967,1.3331293765993648,0.6965789680316716,-0.23274260348920728,0.4471711310032416,0.1152751894738488,0.27050239563125644,0.4995435144019126,0.04415497613259206,0.09834946610967123,0.5126912109025418,1.3464805691197128,1.007526749360446,0.2554984411964515,0.18695079376337123,1.1234925242038993,0.10165118995975778
2017-04-21,-0.061360508005273325,0.1786477229633845,-0.31127413377453106,-0.12171755047194573,-0.1513302189579014,0.10161290650517318,-0.3430544423242073,-0.003074237681853537,-0.4183968053173197,0.019728683971820184,-0.11945529857865171,0.37820488724149764,-0.9455686220337485,0.028970695808030515,-0.23777571137103007,-0.11374273362577515,0.09814780103281126,0.1751283975403781,1.294621942270948,0.4045332805738443,0.4449752664287475,-0.04574275252074292,0.17250958186509746,-0.8875877208290509
2017-04-24,1.2118494402973659,0.8900853912357055,2.413484812304556,0.4390806528621824,1.8101727728263832,0.7156486318419685,0.6073487997772643,-0.2401229602291666,1.1707795017314608,0.2856157548021259,0.563916972155092,0.7121756161760234,1.1061196908465825,0.5921253925706815,0.43150855661651344,2.6890793727321096,0.8318893611963468,-0.1852797413702842,0.16527417205746894,0.2770111708316472,1.0052083479109164,-0.04574275252074292,0.6060366804152817,0.45349994385863723
2017-04-25,0.22940273127550928,0.005960791196426173,0.6435805268684455,1.5199256295349728,0.3106645432530223,0.3349045963879707,0.8043299539793299,0.3913245595367512,0.8028694458678924,0.6968954622920001,-0.07999590828579335,0.5069157171548935,0.8823719828818736,0.17441330908543198,0.46665571772696135,0.432956565095555,0.45863236375725913,0.8654026541809278,-0.31928106972493864,1.2390444218377894,0.5658279834662019,0.41600565003604684,0.7074598171839965,-0.5403133105517334
2017-04-26,-0.7028052781627054,0.5718340208527549,0.41386111321061375,-0.06468446840537347,0.29492848849105885,0.28674889430299794,0.025856112560621706,-0.19990617205115901,-0.8111830282110153,-0.41317459786137234,0.10789536509368342,-1.8643430542073365,0.4327593201374417,-0.47143668564022645,-1.1127684385085597,-1.1582422619457977,-0.3329747506160207,-1.9941069429337168,-0.16332614992916383,0.8326139310163655,-0.1786682475172297,0.18332869476199926,-0.7915449652475538,0.3373437455239808
2017-04-27,0.1256213865002274,0.9178502501689328,0.19069182872545243,0.25777716108583154,-0.6509619182834689,-0.15681681799752334,-0.4897865290884151,0.23261058995915648,-0.977481449806752,0.25582038774922417,0.21929401705710055,0.0038185915458544425,2.3061166373940334,-0.7223472253889844,0.32801399786267826,0.2556369860825848,-0.25827176320045103,-0.37359329347388837,0.16592824561119537,-0.38522540866736604,-0.026937889110533995,-0.04574275252074292,-1.1471912307636094,0.4511119799751728
2017-04-28,0.022486607040469616,0.005960791196426173,-2.639411377976797,-1.6535271727700873,-0.3401601045490308,0.21641217849739214,0.5924782756357063,-0.08174893809197949,-0.8393565976912097,-0.24902514863304773,-0.3416197387674171,-0.08387549412255678,-0.20286442959864165,0.4220682633565591,0.18217242832557015,-0.3364406100751113,0.05826190534876918,-0.2696725064593988,1.1831430907617027,-0.9463484498640297,0.02357530370492151,0.18214913535633628,0.588270289905642,0.10165118995975778
2017-05-01,0.31709350837230915,0.6741576028911714,0.5497972232406227,-0.033941066773033574,0.4010423512762829,-0.04006036312735111,-0.025491817542465926,-0.12105018324006313,0.4270446796120719,0.9090258748017509,1.319513715116818,0.6126642853400639,-0.6615037718335762,0.02893251485999355,-0.421365658493338,0.4444254715249941,-0.18217382814506725,0.07441499819909433,0.1903785972765724,0.09085885332863607,0.4922069855902274,-0.27363464039782215,0.3598514968174965,0.21664245128986015
2017-05-02,0.7192842784360601,0.4815110663567774,-0.6137998470673846,-0.3126887530431579,0.7354253487272889,-0.43772596332677854,-0.4881469746246803,-0.12115827078400511,1.2917762887765432,-0.09636382881980966,-0.004810118872211031,-0.6615071631949176,0.9858439767534599,0.17809433648194983,0.3926126426505326,0.24165008272134095,-0.05724069864247908,0.23280520808802452,0.037663401104894176,0.6556869077422381,0.8159729306195712,0.40886507008088796,0.4991408920634169,0.38744683048822953
2017-05-03,-0.3500796793945894,-0.1448399317692317,0.04613676498888249,-0.27463914891051744,-0.031232972669673262,0.07684534136572217,1.8460872231934782,0.583548025036439,-0.17899836878675202,-0.013950623497056629,-2.4028156877369122,0.37170870142151974,3.3716446445914814,0.26543139819173794,-0.36867869683383186,-0.31001969231628773,0.3275331513570725,-0.1635667804813049,-0.25123464326178907,-0.2932473362519464,0.5270076429179915,0.627494052131731,-1.6967027558654737,-0.18576705509310415
2017-05-04,0.26751064775353406,-0.863779646786857,0.3570773728544438,-0.15198801717312108,0.0965766272125317,0.17035921014659466,1.816920094266569,0.11291713957624432,0.4723611011104908,0.18819374058196672,0.1898664513417951,-0.4874507526709936,0.7655337792267717,-0.960690313311338,0.4444627241039787,0.8679660865326191,0.3825094461108314,-1.3145453175470962,-0.08398141533108165,0.18404282201179983,-0.30479870565015355,0.6173739734874195,-1.5932481035887678,0.10048137811122686
2017-05-05,0.22607236113719398,0.25173808509291495,-0.7353293363706951,0.3012408404669483,0.5568168191255579,0.35623917075172795,0.8209178676758153,0.26711897417879854,0.3877442099781027,5.380371193678064,-0.16044695242233628,-0.16444770281430704,-1.1532864229496351,1.3969907259723426,-0.13199253729577928,0.8848419543747674,1.4536345427495587,0.586252122629078,0.23539705212957077,0.514149557474206,0.3941495450962155,-0.2656741505732172,0.8557209491795417,-0.014049028677204995
2017-05-08,-0.98244330287265,-0.20461622968844873,-0.3889860842933993,-0.12214822569973975,-0.01803817157022433,-0.3198535335959458,0.2992992334978192,1.103915834030433,1.6460433594677712,-0.07207983791204554,-0.08294238348117126,0.6192348613070697,-0.5345537601685302,-0.2631998347955139,-0.7918452576962092,-0.35636479116791986,0.23105080199885816,0.23521560711431289,0.5196182934978661,0.17488629988873183,0.8379533873085606,0.3930326761847608,-0.1608421355900058,1.0065368725633
2017-05-09,0.5586964502989745,0.2864329319568515,0.20553013669861647,1.225885686016531,0.2932501740733631,-1.2434631171778299,-0.7244516414780021,-0.6510979771058316,0.19573050483275398,0.8310917978329798,0.3837624089737945,0.39128997350794564,-1.1034912846609795,0.3768344603869432,-0.1339749497837812,0.19430692018076626,-0.28533697906822864,0.20776283032463758,0.3201655874950576,-1.2734760833023195,0.6196472166126261,-0.04574275252074292,0.4948270785144341,0.37795588989118495
2017-05-10,-0.47352067737105746,0.7313424062648168,0.7918057998009234,0.13245394395400448,0.36341741176147546,0.03031218649761045,-0.11952757837812246,-0.15735154758735645,-0.4382302648053564,0.01628355374958371,0.7945774055161204,0.9852154352003698,0.6494281025400994,0.9908159308551483,0.738596551473721,-0.18482563428736948,0.6987325703739145,-0.0848027556239352,0.22872851010820894,-1.9761604533776735,-0.06067694430761406,0.6043391971027653,0.3739264243480778,-0.6312805049007439
2017-05-11,0.0767510332837628,0.41358291124485946,-0.9761636228005717,0.6581435686266014,0.05373662609474322,0.29145052899382357,0.1623886320031111,1.3204646455174136,0.595913465477421,-0.2229831598303629,-0.9590010729474595,-0.36452853779821887,-0.32175567704285324,-0.028874925263592296,-0.2641925399898525,0.03565394116799367,0.037068709275009895,-1.0238279281813105,-0.06831783683067931,0.7381142642871314,0.17469642448148892,-0.47806548565703394,-0.11939638238055922,0.09867277995755554
2017-05-12,0.4077253624042825,0.6415298594330042,0.12626322153078964,0.053013751504867174,0.3728363570673038,-1.1405093383666145,-0.35481568423375737,-0.005140331042141677,-0.29221133857167886,0.7629695082861775,0.5714753045255577,-0.8272179313664508,0.6449786040163373,1.4626636803849224,-0.26537297785332187,0.708988189434456,0.3095728633151891,0.5867338000283514,-0.11279796640022487,-0.30667170763048573,-0.35899803615306125,-0.04574275252074292,-0.27229951424954757,0.21073855525274818
2017-05-15,0.053669743969706786,0.20422014508314928,0.8321983832935733,-0.14411463523249637,0.5500377965450739,0.5107285961911443,0.7700442131491146,-0.6438722492693233,1.6147673602142922,1.055049831276213,0.37309541180526584,1.8026167750345692,0.006003843732415747,0.44381469113540034,2.683696365356608,0.06400473805358481,0.307674075797753,0.2621140998106629,-0.3361501984698744,-0.06275897524240885,-0.5508392124829812,-0.26350196900795997,0.935284388488572,0.6550025571403152
2017-05-16,0.4874451154945093,0.23577403133267957,0.39436019621413626,0.9585833286435411,0.18650946621835085,-0.811721108089717,0.8468735062891772,0.4840150263214722,-0.15518025649561756,0.07239774052325199,0.07018063882129544,0.7103129554863882,0.29924131635859413,0.10258437080929322,-0.11518739659635617,0.6760611795199513,0.45772334737645376,1.026135062359101,0.11031663297939481,0.35126505781999645,-0.108360122529408,-0.2645867831737723,0.9440437702835024,0.9205064841458164
2017-05-17,-1.656040612953861,-1.0576808710631285,-1.0074597880773137,-0.9703571215646234,-0.8309579777727822,-1.2396589611081112,-0.6665928086313228,-1.444762614993355,-2.142935116224158,-2.371794698691058,-1.3069063909931735,-0.9600566419295737,-1.410368973614394,-0.41790542838538064,-0.6998390522995287,-0.47755746555089124,-0.008503736105078914,-0.9031250123037219,-0.21732169832012543,-0.8634672765878997,-1.038838267390518,-0.7088594785289053,-0.8448127906225219,-1.0595741270175805
2017-05-18,0.37976541206394027,-7.147727242783139,1.2522616442830845,-0.7816010776636305,0.2017933294925961,0.4489554910611175,-0.48923715771525444,0.30174448765198814,-0.11680721959121848,-1.0562627433103895,0.499998371004768,-0.07834427144879799,0.6949116300251461,-5.005811468721681,-0.5665610090379759,-0.007197815143820304,-0.14481978285278946,0.44555085700033825,-0.11318761782039646,0.7013217812319238,0.7104555687834809,0.39744257543494516,-2.067780449410032,0.7033745436242611
2017-05-19,0.25350092455255957,1.6738878071556436,0.5405011856962124,1.3671651308646549,-0.0961958755012368,0.055491606134212224,0.9883558496097758,0.6398411879921909,0.7904709938936483,0.186231046234303,-2.3284170488818043,0.5165636000942213,0.5940903175068972,1.264439009369612,0.05012506639977098,0.6557729677357398,0.39952240917935883,1.5856992764534916,0.4517603157764755,0.555542030431188,0.4159220815543444,0.3930326761847608,1.60924632326872,0.36855731013840104
2017-05-22,-0.28514699297313645,-1.412691393793327,0.007057437899656059,0.6194498843696157,0.0590271652528632,0.15324538243215494,-0.714209286222227,-0.4585592992744807,0.33905545362458134,0.3203909918649614,0.5324753546105966,0.9032410116052872,0.9525803297420316,-0.7655952316171805,-1.240238933424486,0.3649334585429241,-0.1984722090798195,0.7372479175964524,-0.2461276845944685,-0.06973389061254663,0.2548157486051862,0.3887056110208787,0.25541231038243123,-0.014049028677204995
2017-05-23,-0.16268043582777372,0.580581605823512,0.15823341717346462,0.026708396530058805,-0.6748339231299174,0.006511665790839225,-0.4439721107733873,-0.004575087507601044,0.4025310269199861,0.7814899661420163,-1.1321036621418905,-0.22788996944169296,-0.07076605146097556,0.36866162775109096,-1.9349173338048768,0.29334714288948494,-0.09922488212243297,-0.5160807218331572,-0.02380747824355207,0.39853886552745443,-0.06067694430761406,0.16989083356114368,0.5103485498466612,0.31184439282495935
2017-05-24,-0.2066091855916717,0.41050097826530074,-0.06847246940205537,-0.2407924394276748,0.37878437571031054,0.566069857278975,-0.025491817542465926,0.48609374475126294,-0.3777573440182158,0.5194508447505797,-1.6697498785655418,-0.39192096473166554,0.24699645450052143,0.7532750799852641,-1.1895581262056805,0.15959160952741006,-0.11765623838213296,1.2646710387683329,0.6391886037019461,-0.5821270726918849,0.12777096117774014,0.16883345540360425,-0.6339309519996972,0.4713520623714233
2017-05-25,0.4533162974038829,-0.4800790367646756,-0.5637036592906612,0.2795945674063432,1.3519574761612714,-0.7732664156604061,1.3541717606055204,1.1108910482031444,0.33658224690270866,0.7147675512610139,-0.36788345470191963,0.6104148109508284,0.24573091549593687,-0.5723846905354167,-0.973493290072426,0.10743139706783492,-0.6224322599753173,-0.005075671914953065,0.1656709074880082,-0.040418495263716096,0.01763827323612587,-0.6926416935813812,0.03135922600680346,1.4177393899013362
2017-05-26,-0.3031999094891195,0.8917666330950187,-0.8833922865106553,-0.3223934995882394,-0.13291569275694806,-0.042515469013224866,0.1552220619343861,0.031094921635585592,0.7248060673706872,-0.7229725588690941,-0.23406874921822848,-0.18079598430607938,-0.31152619031577383,0.18069017833487597,-0.38569612099841877,-0.3124651862815587,0.05589859514732454,0.5206157646163755,0.6849491389637881,-0.17284230928102454,-0.15468874650325135,0.6011561885398954,0.2169028363629686,-0.06643624775196175
2017-05-30,-0.3409060544998124,0.2830424376540671,-0.46508493824394237,-0.10343389085951629,0.15808976832040245,0.39781037483008086,0.10956361774911451,-0.5227653371095107,-0.8867172433430544,-0.927552146557866,0.13296276349762082,-0.5679870096976268,0.32071971577376196,-0.7664517213831431,1.0778909497450462,0.16531680875014945,0.10179223627275567,-0.858443868207458,-0.34185226012909925,0.5464436819103544,0.3611000647220383,-0.04574275252074292,0.8339301508313349,-0.22410274218669776
2017-05-31,-0.574087432572696,-0.4704034845840209,0.4400629330297082,-0.7999535052801048,0.5585158341444104,0.3470573267117473,0.7320248293172752,-0.3067379151986952,-0.13618765104986744,-0.6750773518833253,0.40461402890711284,-0.5460627886696782,0.6311856925007177,-0.6930326583392419,0.8077003266900448,0.5192307488006369,-0.10059945104029615,0.923033694314491,0.14850335764066006,-0.2746173130327434,-0.7181481248173327,-0.04574275252074292,-1.443493045656074,-0.2248753537386383
2017-06-01,0.6118516212423347,-0.11418914193767347,0.35805827861519984,0.25214668386452255,-0.04421392447188101,0.8743974434703496,-0.6035893780561497,0.7091864259354933,-0.15861205603395395,0.636801734143906,0.04032481715435924,0.4825170760272093,0.8733549160014629,-0.1608049231687306,1.1075636601051864,-0.27034013542834073,0.03741135760273398,-0.4548368498203289,-0.21216583163711747,0.6023178423618226,0.7677285803269708,0.16779836954386596,-0.6921619355599501,0.7204706653262851
2017-06-02,0.26837847954344624,-0.6999064811546857,-0.10962024962179515,0.07628744080621715,-0.1505095637630829,0.9580063804562706,0.019250864110598648,-0.49236361837954756,0.817997612826771,-0.04983874600827878,-0.5511436299375244,0.3824697143155073,1.4060053779209545,0.1587341447621153,0.2152968672426971,0.822380720555246,-0.44307935987875696,0.19520642381676437,1.708006599107396,0.6766943079240675,0.3874202383512242,-0.04574275252074292,0.07106927674753288,-0.5903718086719173
2017-06-05,-0.6128599510702469,-0.19965443059172794,0.12373512542110726,-0.058059647328959095,-0.2574409251930448,-1.1608913228395972,-0.0702344991955305,0.14533374729344764,0.8694821583566289,-0.23574897724509772,-0.42144613835245354,0.21161662001069642,-0.456518570055866,0.0943898233696536,-0.9665130035952965,-0.2225830307031062,0.24139882442624389,-0.6331652137407406,-0.1654020872768103,-1.1950365329325598,0.2616075379071354,-0.04574275252074292,-0.47069829963206006,0.7704073902174794
2017-06-06,-0.25143581006260596,0.5379491276962249,-0.42234130138590287,-0.33050722525309095,0.5805802783981932,0.22241993975583763,0.5526057429712178,1.292148782823963,-0.18630756341581797,0.10152221076596235,0.18110352093105445,1.1983662553964274,-0.58982871975603,0.1887789362278809,0.20475246075469913,-0.3598423870195741,0.1390007406774237,-0.08087990420116631,0.5866278946892424,0.0035234513227202866,0.0004889951040494675,-0.04574275252074292,0.18856548350754831,-0.11802601102390572
2017-06-07,0.44573222937314594,0.6494220515287434,0.12459221748321754,0.38498232822293815,0.16049086347710861,-0.08936330160002132,0.7191529101011251,-1.0033152289552378,0.2848378418977489,0.6148368314701089,-1.2351824701980492,1.466716508356416,-0.8883586501405515,-0.47811100962494824,0.8532783455054536,-0.11020321664581376,-0.6205916319622967,-0.8193414362349483,-0.4561535569454495,-0.22345366114524576,-0.014847458560710082,-0.9061828156459901,-0.16141808659566648,-0.43184534066302344
2017-06-08,0.3147880416580874,-0.475488416617793,-0.6236593776235352,-0.3774262202180919,-0.27370801251265303,-0.28196493432165975,-0.9028740233072812,-0.26655386335583015,0.3469165151545793,0.3128978238898173,0.33162884343288046,-0.16744162425662987,-0.02573858038324855,-0.03314266573154697,1.6276241729949827,0.009516951030205155,-0.24255374507275962,-0.2874568044637174,0.016136611397183465,-1.3194899412618233,0.501558254124506,0.17094639453365715,0.6497116334601675,-0.27673215323935885
2017-06-09,-1.8809717742369305,-0.7706108655040333,-0.152107795675464,-1.0161868044635958,0.32144417944173614,-0.45276194839159584,-0.11419762320533343,-1.2524488068371376,0.33404503364571286,-1.7077181429470354,-0.43809832507331176,-1.3208323623646931,0.09183661424340907,-0.0010353892033076585,0.06381423280133511,-0.8630136951169713,0.3927905806473563,-0.08230872445586229,-1.3498815594817686,-0.055562728133085666,-1.6556603536447363,-0.9189665447678682,0.14637954510830234,-1.942061616169623
2017-06-12,-0.4103461469004288,-0.9159837414107733,-0.6356657196339638,-0.2198017735000032,-0.7529034104533973,0.10344961531383937,-0.9679666836247884,0.3762878002969794,-0.14128962727094627,-0.6161473216163472,-0.1994855763797609,0.3281937392250823,0.8778743596483333,-0.16214397458021704,-0.22312758626996518,-1.4698021295255408,0.20482798490195497,-0.1598219964098966,0.06049562067225515,0.5019259591982488,-0.9230020469940287,-0.48892808047643094,-0.6971713193072117,-0.34183564450122744
2017-06-13,1.0077798413136372,-0.1217236172105978,0.5300131787442524,-0.18981526813794433,0.8742572629362724,0.24828390398696293,0.56032877181026,0.26013685963863376,-0.10988189133427584,0.2533323628528915,0.5274267292460734,-0.6584579608220125,0.5930350698996573,0.1921804727018437,-0.605904394745708,0.80423002710571,0.3789702756366836,0.5092848376696766,-0.19604770932129353,0.682164443083615,0.4426602347233249,0.39744257543494516,-0.5147453730366657,-0.8974673480795504
2017-06-14,-0.7142438555152298,1.384750796745287,-0.1933060876474988,-0.21766690817653492,0.09726616540399956,-0.0659388834596175,0.4198682648499938,0.07057928207396348,0.0487396603214116,-1.1122601601033928,0.18632758044638648,-0.9551688406441342,0.08835869037675083,-0.42142795190684795,1.4973230189087863,0.22001769683946568,-0.6564810176725252,-0.5452655800158225,0.10327777805403666,-0.5486465949545296,0.08007772616086467,-0.48892808047643094,-0.20382607026224,-0.5170668852194628
2017-06-15,-1.0234306502449089,-0.48896401028644004,-0.5591149688545043,-0.41788057868855333,-0.4075511929327299,-0.38113789797086334,-0.5156403092568139,-0.420370295090537,-1.1046690797648262,-0.2767341743298328,-0.2919926648721615,-0.3214846634541648,-2.0892432625544224,-0.461200993072769,0.4079733554458429,-0.709410149826995,-0.6463157038744975,-0.7326703848815561,0.4704403037113217,-0.7085118322131386,-0.3896521550459694,-0.49342329469007834,-0.4457382088726903,-0.4649383825121289
2017-06-16,0.7210464231511551,0.37782822454498005,0.1695961146703203,-0.555481693769626,-0.09981271891190992,-0.06642088118257872,-0.07032113116557911,-1.5793647859153912,0.14678978809452117,-0.025579635458501192,0.32995913796882725,0.5363999745296876,0.8540875550265813,-0.2340855848876839,-0.3340361446386964,0.9037032113683793,1.2585933709497006,0.02105589312539949,-0.19459859901506632,-0.6844248584242667,0.6108623348242075,-0.04574275252074292,0.15471917591068285,-1.3885676659676585
2017-06-19,0.6238939235187548,0.04701942533586723,0.5310280643486945,0.6988128821296383,0.2520806724731158,-0.26158518115341606,0.4600985609520021,0.5386491613322257,0.4781213472713022,1.4034839145374627,1.4328411168404258,2.0268836136997392,0.6546360648511347,0.13238569745988196,-0.21996470777183652,0.4602103351094029,-0.2947416940645351,1.3389245774222969,1.765555748292972,-0.17620420400543488,0.4646287230953321,0.40193778964859256,0.5892977194809725,0.10178655226435222
2017-06-20,-1.1610622954136638,-1.248215554334215,-1.41872148887293,0.21108101091814388,-0.06875232939210289,-0.8289287319697539,0.2686295520925471,0.26503923487876907,-0.9080135033094454,-0.44683903518730794,-1.6332818218358074,0.4084436992049185,-0.7792284697990101,-0.8802919472655925,-0.09167441501613527,-0.6490885510026116,-1.122746919474576,-0.5185658469319393,-0.7127683387558407,-0.6912554881617448,-0.18382056237479233,-0.26901490114365995,-1.0448823700240244,0.27445728616995996
2017-06-21,0.6746061242564345,-0.25053601561870587,-0.3257126863468924,0.5218078859621631,-0.5825989146420297,0.4009538996172279,-0.3196131871774789,0.2633828918999676,-0.6155240454668015,0.7020739374880183,1.668867097545893,0.852206133564302,0.7415017646753953,-0.5566922548520996,0.562659999836809,0.4267920879401857,-0.6664986796965497,1.4222633468675627,-0.08115563431463624,0.5342866765135094,0.8260758445323447,0.3996767481363066,0.7169878963683327,0.444571253428997
2017-06-22,-0.20693339293163535,0.43239148085396295,-0.7514149344310196,-0.1830098606375811,-0.31858680768925707,0.006511665790839225,-0.22268165995658504,-0.8490564971915704,0.42237015153062263,-0.20685304593098758,-0.14064100808463312,0.14923894970760943,-0.09806418995451968,0.34758951963437096,-0.9406476124470475,0.41782991280580833,0.01019922897283924,1.4889193425434823,0.31855176899187115,0.6724932826185219,-0.06067694430761406,-0.26789010455487533,0.5841126394735865,0.9483967845532425
2017-06-23,1.6434972374268437,-0.2492763588715219,0.5142172142388596,-0.2623430644857125,-0.2509361146340613,0.20285131778595775,0.8064765575913516,0.26607284516587476,0.6130482117170343,-0.11367438968799724,1.1517195430516558,0.9528491438974498,1.059025336379109,-0.1747841087072416,0.51505396914125,0.22109568602384372,0.3542543805371709,-0.9221570381461116,0.0973131684331543,-0.21281335151802644,-0.030332154705032706,1.2706663676820704,0.26568515227861117,0.21006908357914203
2017-06-26,-0.3653953716630648,1.793934856003633,0.5911401581376767,0.07551587382434635,0.36847622712038475,-0.0915840694016069,0.1679931958380698,0.3026476287142496,-0.0795697931598745,-1.000343851383064,0.42797281550655425,-1.5985044432436426,-0.11126113753114938,0.619298092488642,-0.13014859171019114,-0.26480207145745993,-0.1424873502471961,0.19435339774106783,0.16511614224020124,-0.2207671785653391,0.8075641601035946,1.4419834583944977,0.6441589084523188,0.32046254389674106
2017-06-27,-0.5689688127787247,-0.48359229499403716,0.8276889573886527,-0.6419775390620459,-0.41334912698504533,-0.9077768293663863,-0.36465206238903913,-0.9288425673115546,0.11428109742958821,-1.6980894755932336,-1.188529791547132,-1.18073961619399,-1.314473400314206,-0.34390304840331243,-0.24666932108696654,-0.5193589190359202,0.7683642144667238,1.2027383105601515,-0.20370376079379665,-0.35691188301531585,-1.687005438504161,-0.04574275252074292,0.29542306361706727,-0.23684574949729115
2017-06-28,0.8989115116849891,0.5764287514965607,0.6122048451832415,0.5463708554719477,0.745094348583865,0.60095830384864,0.21703031091504776,0.7672757442855275,1.3966329394554429,0.8577530704431757,0.658785094438271,0.7050421796145296,-0.3739360302867195,0.13662920649189872,0.2693941446962764,0.39539802299017757,0.35676895513174,0.6506299768371662,0.35513171729384485,0.5529249537177586,0.35037633631301884,4.327746788660903,1.0991768977922962,-0.014049028677204995
2017-06-29,-2.0347665244572837,-0.07495408291324505,0.4453784589402391,0.3681353322693576,-1.3408534935603356,-0.7124593057464905,-0.8556012586147382,-0.1575142805333669,0.2152812032427428,-1.4224033656250559,-0.09241297471996794,-1.9930243551334343,-1.3032725359609971,-0.0010353892033076585,-0.5314476413895661,-1.7761957974289457,-0.4308982983448724,-1.20018470765865,-0.8601735768403191,-0.755359704905278,-0.9178345309348075,1.2595277203005901,0.06638830659694928,0.31983117906826536
2017-06-30,0.2117121306772112,0.5284435946934757,-0.19161489471371163,-0.16792824827535846,0.526005277542282,0.5031697406262052,0.36711356345364443,0.45409026152440546,0.35953257320882853,-0.26681271935889017,0.5168753983471049,-0.23180878336352542,0.6674908484223071,0.4078184055073723,1.2817458058845783,0.44554838611763997,0.0005963926162297494,0.65626109792907,-0.17764414008378585,0.4864660555459196,0.1787516264548842,0.6831461787816555,0.030172229873854078,0.7574298315305418
2017-07-03,-0.2932333062955608,0.4173238921245663,0.44291290062042465,0.25106736285020614,0.5576927762545104,0.05598026896316675,-0.025491817542465926,0.412079914183242,0.11995537504692355,-0.07459853605766419,-1.2370526428733917,-0.5413700684363066,-0.5115290466860709,0.16751056984083648,-0.8577860725637194,-0.9575734010640005,0.45076003730469993,1.867102827847536,-0.05350253267036531,0.7289639364455015,-0.18823465561896308,-0.5912690909103555,0.6014795427629277,0.09532713414690612
2017-07-05,0.6199863718086803,0.164386374482077,-0.19051338549443897,0.8520018621093093,0.03681112054215777,0.9151676206832314,0.46035316155061823,-0.8022311272843295,-0.5650036075968019,-0.28995454718760333,0.4413308351223214,-0.3972776175557268,-0.26251106414736836,-0.3051787229812087,-0.4281283135950179,0.301396552716414,-0.714024963182788,-2.0236052338757085,-0.41379216421964604,1.8117974438957745,-0.15656150840322489,-0.2291053454335288,-0.6494212449188139,-0.014049028677204995
2017-07-06,-0.15011041550271675,-0.43148705055296077,0.5579157735200838,-0.44226423933822523,-0.5321671908572642,-1.1250258614060666,-0.51133679663555,-0.0425236758560127,-0.8356416381807485,0.2579604882022907,-0.4509510728667435,0.3147135326769008,-0.7562908801941833,-0.34303220918182253,-0.2094491186218865,-0.5837660426592582,0.1802108216586348,-1.964814692927541,-0.5986066463428568,-0.8142898569801467,-0.574749919225161,-0.4147434423912347,0.06622638932328895,-0.3427876814072603
2017-07-07,0.560893634123602,0.12581730725721568,-0.14959291018927884,-0.08206392327485094,0.4251006285491173,-0.1424803037967045,-0.12332117427026261,0.33859989079272385,0.09124987648834311,0.5907835889886699,0.04011439565428324,-0.173830503738622,0.06445383298287215,-0.38230450721321807,0.8001416830117944,0.3264316280189455,-0.15061217673102548,0.196185848374704,0.29657489612534726,0.7192439487860497,0.14873804611526548,-0.4178713846748448,0.0300932210598848,-0.23425451220578553
2017-07-10,0.643455116050301,0.5990188024883781,-0.1108208457979234,0.3394910893951925,0.1858878824426163,-0.14281465516694336,0.16993453532027747,1.0112607548137926,0.7945324853438256,0.5410604550963274,-0.13979708246828487,0.6498739766429601,0.12402853611416209,0.20759243012498,0.39463724494112956,0.5837754096904022,-0.13209865764252257,-0.05532721514287653,0.4465400279069082,-0.20766756452791943,0.5310964557574069,-0.04574275252074292,1.1253344039500213,1.4023380851377723
2017-07-11,0.3089872184204292,0.6273033456965069,-0.3088845726475591,0.32586161343132336,-0.0007338946110574738,0.006511665790839225,-0.46642452386036914,0.5141153684379131,-0.43350445703489104,0.30959407806739453,0.7519081602757994,0.9500299286437582,-0.07032675446197467,0.8177460632347336,-0.577580477428847,-0.21926190017724448,0.2184125306993112,0.4707511735784935,0.905439418728201,-0.03301780480556641,0.5406248742436486,0.20530034123078095,0.4080554005069907,-0.4461154652296386
2017-07-12,0.3808122377419948,1.3266942191930882,0.51927563071447,0.5099156451623532,0.8478649001137393,0.7498624679686509,0.9002205647550372,0.5818364793390546,0.9027686974927115,1.549206760839578,0.47448122647037494,0.6980612038778109,1.08498191851269,1.310756646361122,0.38303875061857867,0.5155637018019532,0.4239926785635006,0.4176110261788989,1.1278079724456882,1.1746611315314912,0.4250711869332608,1.0947470636430094,0.3349720208034694,0.9535237499970179
2017-07-13,-0.1213361436009117,0.264065033445137,0.7446659113025186,0.0380074778198451,0.15695653518230607,-0.04279498000748925,0.5492516904924699,-0.33548349387498766,-0.7640816578687775,-0.4150935742045117,-1.6495988915722122,-0.9419436236224064,-0.4084426945756049,0.03095782982499661,0.1782975542652079,-0.4238880248130304,0.0005963926162297494,0.2669047573675613,0.03933589279792161,-0.04725410420111307,0.6524224718796778,1.6115125854855223,-0.8303242561454981,0.09245144360997953
2017-07-14,1.0246253033788664,0.2620745811358696,-0.06998013306413532,0.35082312038441826,0.3679351931801927,0.37542212327864605,0.4948183775630063,0.35991327686382524,0.8796351872303667,0.22232165950234953,-0.05059005446870055,0.3441076187638074,0.5033960064724108,0.2852036781635149,0.22866896587335073,0.40928091973779995,0.2529274995992589,1.650551762106522,0.5001352514224313,0.23227651738014868,0.09314125976136266,-0.22683520746950797,0.6143810237256097,0.8308514883931414
2017-07-17,0.05024981417301365,-0.14014957136602765,-0.14744111228270576,-0.0641175517976599,-0.18302417944113109,0.22687877996669734,0.021501256486963143,-0.15200081055687573,-0.44939182627760593,0.2853005370106848,-0.7473057428041071,-1.1170940157120006,0.12034153807366506,-0.2553242945481092,-0.2574219817161562,-0.05992320354887358,-0.11139214078200728,-0.19758067367412033,-0.17164951258183206,0.0672351501123818,-0.5853801727894006,-0.22758197583410306,0.16424437485341178,0.4037472833086134
2017-07-18,0.98539523119037,0.5146470606953588,-0.5774128129270641,0.2746647886980827,0.0708656619521931,-0.14032208060254067,-0.072484891571895,-0.37221497899770967,0.35852811215906344,0.48496696340294737,0.6459110778002659,0.89326538056461,0.10536098704941542,0.3795021968956235,0.25419729160678795,-0.24757901264974766,0.32654889421857647,-0.0532991829645826,0.26097964783248956,-0.261921810573484,-0.12275724932039098,0.1360964707926172,0.39877655005328316,-0.014049028677204995
2017-07-19,2.3882145760161606,-0.17483410506695352,-0.07149648615315278,0.2979755570787768,0.41913239789371387,0.17779571953785878,-0.11963407027399159,-0.6705265220040849,0.11960792512139336,-0.005091235799979968,1.210235445759067,-0.3275504558543061,-0.9500038547946865,0.49814894721070246,0.7833316181106391,0.6351893853246294,0.06553216352352634,0.2596886743461902,0.1941338558614939,-0.2410565064639183,0.7713424109399354,1.206575208922853,-0.0059231574273440335,-0.3271031184421937
2017-07-20,0.9648888200411734,0.15070098599716034,0.32037920966747374,0.08952775308592739,0.24282345429009902,-0.06683002814585616,-0.1670878174651596,0.47515638696192997,0.8541298891449204,0.1477020168456275,0.8206078059425178,0.17741904789519217,1.3912351626811126,-0.15604346096839813,-0.36744674383353637,0.14346897299541295,0.26873291205347494,0.2586026187449737,0.03743773542084982,0.07483589652597382,-0.5367961240290436,0.13027964332584707,-0.9929702377731869,3.140761337821337
2017-07-21,0.09441659744479687,-0.2841368662270427,-0.6219183973468456,0.39048863268412864,-0.2828256392453414,-0.4353090570038475,-0.025491817542465926,0.5434043871995076,1.9258075092871934,-0.2780612520482254,-0.6983206414014603,-0.22514049443112355,-0.9131169313431315,-0.6619542361188803,0.2758177385696499,-0.9179121782941901,-0.25826061271918566,2.4801720965971477,0.1796356195194581,-0.40710106361367887,-0.4476288117399443,-0.2217651483673329,-0.3885486475557651,2.8810255870018113
2017-07-24,-0.22749019894684758,0.1875504528214195,0.44048509132043884,1.1198378252295145,1.4150703569883163,-0.26489809002470605,0.9099468081004006,-0.0425236758560127,0.49161821242997245,0.22415831697148003,-0.09268259822424535,0.5093449914297282,-1.5974027909800876,0.2210799036043728,-1.2104498994155681,-0.366902037562795,-0.1386336103948255,0.6579843638190795,-0.3126057619674839,0.04638587869646118,0.5110645628147038,-0.04574275252074292,0.5834634191436724,-0.3916445689120665
2017-07-25,-0.3743063644703965,0.33037581183880993,0.5909832807393648,-0.31946060973250323,0.4264004496731985,0.47464719988054643,0.2972498711016505,0.4291859050881654,-0.3536165934213305,-0.4443172688540438,1.117189148058712,-0.37139135436722504,0.34868550051051694,0.4377681649045845,0.2935476321951459,0.08736588035226502,0.4263419421034866,-0.23292983070421722,-0.6149220234390792,0.4914284701154973,-0.24546658399759616,1.0000600166548295,1.2730430210035435,1.0184053731514902
2017-07-26,0.5157008668735199,-0.06585774567124944,0.5066740612264591,0.8308791828639142,0.7994651579804042,0.006511665790839225,0.7936707865593472,0.31767101393904007,0.5480665138869435,0.8114775905138722,0.9526769406604688,0.3750929939603853,-0.2946166988623685,-0.18821440159130576,-0.12963319268294285,0.7961143582442355,0.1386395385228956,-0.8785485422119015,0.7541029878898987,0.43117927584724025,0.12411269538236806,-2.3438634831399154,-0.6052967930351584,0.35679114902295345
2017-07-27,-0.4614129619033028,-0.06598702235186081,-0.6474833565464286,-0.030013182623165977,-0.055043395504866435,0.17815566681988804,-1.121146989727412,-1.2032668086256262,-0.6051107591009021,0.031626063677174215,-1.9525893556535958,-0.29426391070926045,-0.7939737106140293,0.18614362318469044,-4.5199652727559085,-0.12393119299692708,0.6942652420469652,1.1189911852335792,0.57612347259417,0.6123173984787074,-0.1222077609873229,-2.662395451741991,0.06124044545655086,-0.38488920637736346
2017-07-28,-0.2796430515071906,0.18558932279742202,-0.18740392892205648,3.614018307801208,0.2743134483032727,-0.01797975052800227,-1.0071795637463206,0.39551779984323027,-0.7701407402739693,0.23182222278941325,-0.1805521314878745,0.4225136590223721,0.9672233833940596,-0.03213180657594051,-2.1634212388112326,0.5502130213217243,0.4158138168392984,-0.005075671914953065,-0.4638491160572818,0.38975939432573753,-0.5553433895090537,-0.04574275252074292,0.8544095417579409,-0.20038139315078654
2017-07-31,-0.7601645310866276,0.5745486132108063,-0.3452564569411571,1.141136573166489,-0.07195179674762539,0.8828442308309199,0.1632029152744933,0.2838283692763779,0.3409450115214021,-0.10189400228973709,-0.2259998903705899,-0.3562713276382106,0.316619354711866,0.4006031137673862,-0.30560867594876095,-0.1405325178098345,0.7058120673688674,-0.5760549637949276,0.0750698492681677,0.38060228342591895,0.09436901258859273,-0.6272432774569674,1.1478799730269151,0.4506385353452101
2017-08-01,0.1365397918518099,0.5304843947175459,0.824580162961547,-0.12888217565600849,1.2055295109567856,1.4896452429219647,0.34947295727273714,0.35382593608196156,0.38746337527568636,0.01112815279124566,-0.1829892513590456,-0.40616977113327124,-0.17413612897870956,-0.2165694030362756,1.0696658577649814,0.6779674853522963,0.23935070431790975,0.8607771651376328,-0.5178393763620701,0.8981972173986639,-0.24681573221824998,-0.6350033814174487,-0.44962392955942043,1.9867027112271598
2017-08-02,-0.02167820500400204,0.543322761571791,0.08409500886344744,-0.6463951912538178,0.06714697255913123,0.5016072129486097,0.25363778994415953,-0.5112340318538537,-1.0882601067986453,-0.3300768819581094,0.43859370804644754,-1.2175054767349358,-0.05530503046020107,0.820977397477163,-0.48864504105011675,-0.4327529883608579,0.509653447136753,0.5356533384578722,-1.2325430536538453,-0.011898148759226816,0.29553460278855126,-0.04574275252074292,0.02597423898067858,-0.28276339993015154
2017-08-03,0.31488639977112504,-0.06246618685960083,-0.14716359790526296,0.9698403171323243,-0.5321389386152688,-0.4176193225428292,-0.9629315130195449,-0.07874290417556008,-1.32530097226966,0.6698071485960968,0.30157708763332297,0.3334327448381208,0.24145038174014222,-0.4241390417631744,-1.3740670500243954,0.45773645922815326,-0.2971932649920669,-0.41016795302138737,0.460650525454332,-1.0403759858781716,-0.4946134731523526,-0.4430134075405171,-0.26203038502400855,-0.3743455164598874
2017-08-04,0.19148293941018213,0.005960791196426173,-0.07025764744158236,-0.23246254221760415,-0.5366241328088297,-0.7063376065666451,-0.07289153379504351,-0.40593520416068013,0.5545948080854837,-4.189091691206804,-0.04838046519227738,0.2600059570947063,-0.6802902714861351,-0.03151285349943808,-2.298510071917163,0.08962410268777371,0.2634416326495712,-1.0295021282806782,0.12986571414659032,0.6082118748807214,0.3114835180293162,0.5488148092578248,0.4725944125619549,-0.7415284779681761
2017-08-07,0.41428428421629726,0.41442260730023733,0.04573269580193433,0.19956966544669985,-0.06048990285400768,-0.44888693366451565,0.3052532118853622,-0.5184562767738004,0.6286088705489035,-0.6427836624998995,0.684565804136245,0.391331591109464,-0.6415689952580659,0.24181966522505405,-0.5424304527346354,-0.4546014592467083,0.03554081019117989,0.9741523151717008,-0.5130910477731122,0.3135271739697917,1.1016260466198746,1.3111769699866163,1.1748193056598901,-1.0297603353752365
2017-08-08,-0.46168347349367694,0.44295304565547006,-0.3423281000413382,0.4047019263481072,-0.6552119235528658,-0.28267134449879056,-0.6895017881053856,-0.11608229611091467,-0.32460952650024544,-0.645771132396976,-0.39056038050730235,0.14109995038634685,-0.8152574957818475,-0.12219376549019001,-2.1804300023379692,-0.13414050355507065,-0.11307093700263007,-0.9843036590016069,0.6929290175742866,0.036427188039413215,-0.19706356020442659,-0.23704522711513376,-0.466746040551297,0.2647700748047375
2017-08-09,0.08241350083224692,-0.36344489638447897,0.05403106696801992,0.1515766424486087,0.42702224990214316,-0.4539352296858404,-0.6512115393125594,0.25120279664119277,-0.7222275216136174,-0.10297231317966953,-1.2839996169304504,0.6979425469300204,4.981622697095592,-0.15324145745321047,-1.0317511100101227,-0.42953412073065406,0.40828399543357646,-0.5815511057154223,-0.7603910244829337,-0.8027015139729586,-0.4260139029195835,-0.4308661454628617,-0.5049943829489334,0.07858174296112498
2017-08-10,-1.1358575273843663,-0.6417301085046727,-1.0226969169447,-1.3608596274343079,-1.5376941319706625,-0.7023098191043056,-1.2545070584069067,-1.0772352613703846,-1.6489532835006055,-2.8434094166154713,-3.8586753111269645,-4.099831099280311,-0.6360347276753708,-0.712477960240483,-3.29376297276535,-1.1195155334850093,-0.6836875279444349,-1.9579317362312092,-1.5776625975158631,-0.529276793849484,-1.7979626414494763,-0.629807106105137,-0.6090040825986864,-0.19946627023664376
2017-08-11,0.27195227923024096,0.4844085651071731,-0.7208811194156335,0.16865645670930496,-0.5510453548144432,-0.04265787956382688,0.519530550054337,0.5879161191620346,0.02734998230687627,1.094503505299466,1.8416268313144142,-0.4987837799254299,2.2813036978708094,-0.4434420165628427,1.4623171914450768,0.3637434597375248,-0.3225698288899557,-0.43675912815237444,0.1090229480243517,-0.20835431996999326,1.1857542465759343,1.1147474686001653,-0.5228858973984758,0.2638531910335587
2017-08-14,0.4005755968135324,0.27637975172122464,-0.03375173015334459,0.03953089056850039,0.9086322841375348,0.44766342960919303,0.22001453591268957,-0.1163244265801341,0.5807273209030258,-0.5299254726688803,0.33162884343288046,-0.3424940450743639,-0.7030637550849697,-0.03291275910198303,-0.808461947993604,0.7046012948192893,-0.3972253422705188,1.3753630735917644,0.1489626623116931,0.611640270384544,-0.19952319768665994,0.1447437223154789,0.12411871136154766,-0.38488920637736346
2017-08-15,-0.10170364804232307,0.44078470743132864,-0.19759059337353355,0.29575557245329115,0.1975747593838771,-0.2137082241722636,0.36449327535557335,0.0312770748681087,0.26516789843484967,-0.17788114382949902,-0.052632991553848325,-0.42909592372856514,0.2088506709801143,0.3790560545943608,0.07251765518259463,0.09113329798672157,-0.12663941685228455,-0.05217347904943293,-0.3642601162859697,0.14848128825912488,0.507901782398499,-0.04574275252074292,0.15586812870614722,0.07888892931218407
2017-08-16,0.3304302812028728,0.20480569488513403,0.04806239113298741,0.14720302244049285,0.2650286163751297,0.17785164516263324,1.0767471715367645,0.5445514222231528,0.24324058974724472,0.8285992607816892,0.04301275380942626,0.31512638103469354,1.1913784004810424,0.18702757326180178,0.2972606410564362,0.13714951252393487,-0.2823175215838893,-0.5255058749924033,0.5795752298538149,-0.6476640633116407,-0.18311553838469452,-0.04574275252074292,1.0103667691093694,-0.3867242550662645
2017-08-17,-1.0187806636677126,-0.728883863461634,-1.1144419576073763,-0.9061637661001445,-1.149483792449375,-0.8793374300376995,-1.224904611173295,0.9705575652402714,-1.7078598716475932,-1.2072542376036757,0.042933774180484545,-0.7484192777534824,-0.8619472186300223,-0.3468185240548869,-0.239269490332957,-0.9560489528718893,-0.2287454502922297,-1.5928583280917585,-0.5782879065610047,-0.6879673009376576,-0.909856196054918,-0.6196747027901826,-1.216459352671247,-1.2423382066510489
2017-08-18,0.46289821373943923,1.1676517222448555,0.13315836529836475,-0.06137069581958672,0.01437727820631045,0.4508896477532157,0.12018341392357153,-4.2844948359427395,0.3136072593132483,0.251267898989437,-0.1482808275152728,-0.5123992942949201,-0.2628384229759487,1.084158743061755,-0.13586495085432468,0.13914822278033134,0.13832639158542948,-0.8143272225496996,-0.36545550772916513,0.17212446010820248,0.0481408684553883,-0.04574275252074292,0.9850783003896614,-0.014049028677204995
2017-08-21,-0.26827706395513995,-0.22320915416858356,-0.4571584877506174,0.32666679174562385,0.5804586192977929,0.006511665790839225,0.8385299337877835,-0.93791185978306,-0.42827443316847325,0.8253806938843837,0.18632758044638648,0.5979358134108349,0.3481885355016139,-0.5847261538449594,-1.138084590329438,0.04533194197302963,-0.30289324998560785,0.24126526514763622,-0.42207632299228204,0.6698579300287667,0.12532574552788567,0.9066941132775994,-0.1320647213748276,-0.014049028677204995
2017-08-22,0.8295523905713811,0.7531940188249365,-0.035389384292072563,0.650677217495289,0.2600706295797769,0.8380206932813845,-0.0730505518079142,-1.2319239140356681,0.5570517108596845,0.1519965038162351,-0.1959478181908085,0.2840761519088614,0.9071424142246579,0.8547984604062928,1.7311873541290665,0.26086061370756974,0.36821388634461344,0.8495441360877706,0.23339245208487097,0.07912789368099456,0.768806950512879,1.0706869590549408,0.025663933214979312,0.3667133924580197
2017-08-23,-0.3603232852642785,0.579494555049774,-0.20585775914667176,-0.19470053959889486,-0.1581318955112514,-0.35907594047990415,0.5887588267634145,2.1580272920780015,0.10106243079273752,-0.009184853571804123,-0.2648665444642522,-0.05501980140190825,-1.1127070459513773,0.44652958074247767,0.20842445081896901,0.06820077133062541,0.4382301090975817,-0.07786181190471227,0.082563159964288,-0.03969598253149182,0.030733715346099356,-0.04574275252074292,1.0189257667885179,-0.014049028677204995
2017-08-24,-0.03803170158542117,0.06908225916796826,0.34720130347734623,-0.01932457642361755,0.16787509559519012,0.10420102921404664,0.2084889882350688,0.6090557251603109,-0.19369266334247484,-0.034229063293676774,0.8718758942147651,-0.8306843776161535,0.3052066634240004,-0.0010353892033076585,0.24153513013475694,-0.5733240986416862,-0.09025261834017739,0.2372444376025069,-0.9028398680663535,-0.4671476659741533,0.3185791000236369,0.6831358242752439,1.163863963185527,-0.1089926795743382
2017-08-25,0.1894464983971681,-0.12039407336869772,0.17611694230154737,0.12624317746112992,-0.13507044500869883,0.4928100970934435,0.20724177298020585,0.5640347287895634,1.1126070111742146,0.3622307675537354,-0.3827152962074607,-0.5132856422090921,0.6588727958563255,0.1170726446101132,0.5275254571850886,0.27921862762100225,0.5162715010227845,-0.12612445500332073,0.3728741253357333,0.4086896169627647,-0.03044424824749094,0.49312766592891927,-0.1239193511820835,-0.29986779891529647
2017-08-28,-0.08542969142496806,-0.5686499112718775,-0.24678391284186468,-0.9938758886150268,-0.03224696439638576,-0.3822498774278015,-0.3049180400839842,0.5576530723793874,-0.1282198667282999,-0.6135225333989436,1.1601082304917953,-0.11613003149593047,0.8665980814069676,-0.2675021765983533,0.06979826108564575,0.12665982412731577,-0.20683534442303392,0.09178208928478941,-0.08090792499920398,-0.42503264724027817,-0.18169578711281528,-0.04574275252074292,0.4051698344869316,-0.20538716362052525
2017-08-29,0.26992618971731497,0.4854530227215303,-0.3337817518336601,0.13076019595245397,-0.23268128757260328,0.128250486441576,0.02120081447637617,-0.19197317624414365,-0.513831290700863,-0.2892407782108435,0.8057854990250776,-0.2885871234959762,-0.43147455222228054,-0.09045057698833628,-0.06487150519553299,-0.36329292278824243,0.0005963926162297494,-0.6373489848184468,0.16533606144838883,-0.15927005159046256,0.10566895692137512,-0.04574275252074292,0.08148078916429217,-0.2060471284290508
2017-08-30,-0.16053242103385187,-0.21694543968577146,-0.1214662796932864,0.5774026891627532,0.2994758621892347,-0.5062436930925022,-0.11893613212264045,-0.8715887277735423,-0.14021903443623412,0.8141789967934623,0.39212166524183417,1.4821219128663474,0.01362720534088488,-0.7886042920602591,-0.33526221544252854,-0.16546739009854866,-0.24403231579074702,-0.7921362459169405,0.705363280198611,0.12187975046998108,0.014741880993136138,0.13241969674945758,-0.12250836369025991,0.1779490710746408
2017-08-31,0.4148704441315164,0.1016648630451166,0.17833732252229012,0.7414215132900667,0.6814234259794124,1.100541410360249,-0.025491817542465926,-0.23264101661551786,-0.8173713803883486,1.6175856550015724,0.9431214267419169,-0.0006350818173712688,1.389092652576657,0.576742485074512,1.0755032513629155,0.22687958308779443,0.009660834617079353,0.04441305075944146,0.5218828957699122,0.45729041681042976,-0.000391550482971568,0.3084498862542163,0.7442956298063719,-0.014049028677204995
2017-09-01,0.24686477920273228,0.7932919095671706,0.30514046060328065,0.8002810389637027,-0.04360567615598454,0.27129916732065673,0.11459082330756296,-0.6551708931131415,0.4831809559787737,-0.9676294443260747,0.9540610656173711,-0.8999913995813095,-0.5444259315022303,0.9159022157266035,3.9509181033013268,0.20844549376694033,0.15473171754179166,-1.1028379595864823,0.06613337973377836,0.009160246812519668,0.3145952098294822,2.689788247156134,0.6432004920589957,-0.2060471284290508
2017-09-05,-0.823391990546701,-0.21264746135612578,-0.9803693553043836,-1.2776491554704206,-1.9390462863300018,-0.3789681106899197,-1.0156341794953891,-0.7786798966702791,-5.57362287898227,0.6195002585898591,-0.1693025798724091,-0.15792285812516388,-0.3876271203146962,0.7164166004846225,-1.293196094860313,-0.3575457282813783,0.3164671225755221,-2.260117190533504,-0.573899588355903,0.3847797717272465,-0.616980375993891,0.6124239164982755,0.21676403327779234,-0.014049028677204995
2017-09-06,0.46771397386728647,0.7071516652513309,-0.07991226695797393,0.29895991660047827,0.8979010944245586,0.07896221504129594,-0.025491817542465926,-0.15961651837939334,0.4745854902106157,0.12819261293198334,-1.2692694810865883,0.2515417035301972,1.1006304044690034,1.2982804383003141,0.4100865337110012,0.7430272476164121,0.7594826526139815,-0.7663991482574994,-0.05350253267036531,0.050576831420931244,0.570377677329313,-0.37359815274247854,0.3251907198116691,0.5599891946424665
2017-09-07,1.288152713746416,0.06732248557330567,-0.2987412222796076,1.08269356160451,0.5715468592894748,0.34353736234668836,-0.025491817542465926,-0.1990554780040623,0.9632176008949797,0.06503257766153844,-0.5703968127949578,0.5431885660982428,0.8214320323787679,0.2942403521016736,0.5153794559213047,1.0923458950322675,0.34497557491532005,1.9451529854546803,0.08042428189092192,0.3546588736897673,0.34125453076977397,0.44512928097795323,0.37603369461991737,0.081067752936381
2017-09-08,-0.3996281844430993,-0.20927298423521964,0.9178896888143305,-0.6791101366027595,0.32337273162897506,0.5804311511973743,-0.4567717528074509,-0.23876568201845602,-0.5316931708431122,0.13371637107594664,-0.13691844399883277,-0.33595449503877667,-0.7316386998050645,-0.8691535952577696,-1.7476396945793657,0.1454279764244281,-0.3437827896828605,-0.44181312648390375,0.6110739217107056,0.4489178403093504,-0.12003958797152246,-1.0330126827588675,-1.4769474896604782,-0.10916581029079099
2017-09-11,0.8686616496835221,1.1881188837504133,-0.035872796217837774,0.741482616704881,0.8108042567462767,1.0227402207584724,0.0707124638147766,0.11454118726159396,1.8305084015909685,3.280765355069628,0.5200325305180673,-0.21750089072531106,0.896676455903516,0.4907028308600029,0.8592815047822702,1.0418551752635286,0.26570831488991387,-0.2893233934305205,0.49834545827105015,0.8337156159235314,0.4418791630120331,0.2858072931751191,0.38936338004282817,-0.014049028677204995
2017-09-12,-0.4828335544866282,-0.29324544585139445,1.317989966000308,0.6995258574144747,0.15010436804198915,0.729809858643441,-0.025491817542465926,-0.1602890724375479,-0.3166953033547445,0.642330079812456,0.3398672560968125,-0.10613200003787654,-0.2604640853983053,-0.24578353901111272,0.44059314553373136,-0.1582726786115625,0.03585277399195989,-0.13471101738922364,-0.2761715508126528,0.1842867600073759,-0.031220221751045153,-0.7113637098241926,0.10611035812654952,-0.10931047442048099
2017-09-13,-0.4410888745394658,0.12596916458761684,-0.11805409773394379,-0.19691425847281896,0.028262474437616723,0.052914943341125016,0.022535986948720287,-0.08182314239207848,-0.29604633680490405,0.12863265596127837,0.46250724008527466,-0.1967005456680947,0.1407765715675321,0.2978056221661796,1.0834288468403155,-0.0971190782220921,0.4826814552146324,0.2797604686808844,-0.6342376657712769,0.021622945699844447,-0.5481549650312108,-0.38236083110409935,-0.7127623661774862,0.27127284957679587
2017-09-14,0.357392107195088,-0.26465516355630314,-0.03472193245255277,0.15902280796332155,-0.45318784414728586,0.02969011483266779,0.02247866891294085,0.03606273330653384,0.2093129374639431,-0.5762287006823084,-0.2587732885680386,-0.2986253251859192,-0.05338438679970188,0.21423980530399842,0.15370423975280662,-0.35498643063494806,0.3049989893043312,-1.6807394491873813,-1.9175104148726778,0.3048854081758467,-0.2836976538672831,0.2908753260626135,-0.8755569868406503,-2.933888808341241
2017-09-15,0.24035998998162295,0.7819118061693344,0.17394834388546895,-0.3548701619594657,0.32207410806579706,0.26106512316757835,0.07030137311691112,0.3487565658153143,0.5423679340955652,-0.7006695040231813,-0.04735452682122614,0.33670944588178703,-0.6380552685401563,-0.0010353892033076585,-1.9404485267655258,0.28347995736477766,-0.14701654347373666,2.2875685487332644,0.3573532481893365,0.3705668870422306,0.34008986607229236,-0.38236083110409935,0.31573900949661293,0.97597202301259
2017-09-18,1.298043530978812,0.21185148573528548,0.007057437899656059,0.6544043675694764,0.2868053751086127,0.21408298207863694,-0.3134875805056872,0.5394433915071749,1.0394439837054923,0.830846490607504,-0.1756199001848511,3.071681433954899,0.582998683993686,-0.054696333666368224,1.1433853922285562,0.15954277134122943,-0.13874304398963563,-0.5187959879938565,-0.4231356376461122,-0.09276899950234178,0.5570327647044908,0.7910328656123466,0.16815393321532443,-0.40799668896476005
2017-09-19,0.323105390503737,-0.11152744982570234,0.173266889360592,-0.20071810266955065,-0.0050554968527960755,0.25932722941424463,-0.5584624806923629,-0.0425236758560127,0.922945888186706,-0.013841183568336581,-0.34948749384123456,-0.857846329138648,-0.06631044153587427,-0.10867146917089551,0.04749542450268695,0.1312554634930501,0.5901035973181356,-0.8882198541774861,-1.066033473465239,1.613351673954331,0.2747452957600456,-0.04574275252074292,-0.38431599354624135,-1.111663006778197
2017-09-20,-0.9577271451313277,-0.08244166232030463,-0.32604291954709286,0.022259289916954837,-1.0063499751342566,0.25838201637254815,-0.31895670061486175,0.11166547759506622,-0.34721771891611697,-0.01757958407815711,-3.065165092056048,-0.5537141749994704,0.5515377388748862,1.0565446259882638,1.6895947308818984,-0.2584498281038161,0.5917746971193742,-0.16221308188249212,0.08635530595283912,0.1775958588668163,-0.7629683814992113,-0.8825183706538325,-0.5672321252112028,-0.21590398941432068
2017-09-21,0.11650074983662069,-0.14187723272348426,0.9985664290270291,0.16470483565063304,-0.24491065399954495,0.1891185286237416,-0.46940219124498433,-0.8176841838882825,0.5840749199166394,-1.0901237698425432,-0.3928606925717285,-0.8748889989390296,-0.1045388479073363,-0.36649694805735744,2.9561732389178776,-0.16982067119224395,0.15367282401300034,0.9577751915344851,-0.4741936202565095,-0.2356144647513588,0.5542885257134228,-0.21501110916383673,-0.821155291927269,-0.11525842955564618
2017-09-22,0.0018116435576014352,0.18328921289623523,0.12937702314325253,0.27887007522500135,-0.3808828457948476,0.4155882599716061,-0.47394482117857734,-0.23795519885114325,0.9339084736198738,-0.3538417302168932,-1.1503778759980516,-0.9031319467871161,0.16436811515558988,0.1562003662565921,-0.09942602491399499,0.3379269776308681,0.3981114600214012,0.7393741806088484,0.0027852851042294135,0.35429917109608433,-0.7492955610768639,-0.21567880607783985,-0.499145583727357,0.5904594533353772
2017-09-25,-1.2249205277815274,-1.0418352853644117,-0.6908044523311745,-1.0193934426202231,-1.8378364885680694,0.05179726456665413,-0.936409448235864,-1.1495570704118963,-1.8649342075234607,-1.2513906371936228,0.34866965222323526,-1.2073081603455744,-0.5924231582773444,-0.0010353892033076585,-1.5397394966393034,-0.7574258585666617,0.32807144780208847,-0.6463079965609874,-0.8042164994536463,0.19618868927823177,-1.1023262950272947,-1.782044059032588,-0.9840518037031298,-0.6185575106897873
2017-09-26,0.2005029100880921,-0.05489676078989514,-0.1588409831365213,0.2925092855773175,0.24101833382403443,0.18741796693280413,0.28025771238550007,0.07711782356333233,-0.24284173420025568,-0.17226171772805546,-0.10536298653616007,-0.8712439635176121,-0.9102685253204873,-0.31642733208217394,-1.3595468827871802,-0.6014412748971725,0.2094010011158438,1.2708878877731424,-0.7861211669773206,0.2085862335557552,0.044366117513670866,0.1310075826475149,0.15389907090967211,-0.21697828235099126
2017-09-27,1.148974109012952,-0.5777762473989069,0.3382016983281749,0.6134118404356557,-0.6618449999576295,-0.35576306800039464,-0.8973867113087737,-0.20211124989842524,-0.32045908199472367,-0.2958424716307317,0.7899982505109251,-0.10508217280613164,0.19441549595640853,-0.588975828198515,-1.8106647369706415,0.015091958844016675,-0.09952217484621681,-0.030366995519969398,-0.01012530605333236,0.07817453671421917,0.10400380304118065,0.30562440543339975,0.27973865434921985,0.08750602547815695
2017-09-28,0.9690412467225243,-0.21164149121000236,0.4581630715475451,0.24637524615301276,1.0247751725799878,-0.35771569066030073,0.23276095389760354,-0.16248543328370119,0.5724773634705469,-0.7586448917172023,-0.5488852542217606,-0.1021195504168065,-0.34071705462829005,0.052942780873347285,2.125115866380008,0.4448905976591702,0.3086483991500464,-0.156873476264177,0.4385593296609073,-0.087001744790412,-0.3604330281143117,-0.2210875146282956,-0.16430786027642674,0.2895489602330117
2017-09-29,0.1481391441782911,0.6240467029873014,0.04783492473229708,1.0518001208561223,0.5569446150942475,-0.29086816575667884,0.2312327974340056,1.2244175507506267,0.7584627752965791,-0.46719435703234413,-0.20522320108076358,0.9392473330685474,0.06415776789626067,0.0528483407068729,-0.37254751943657427,0.45818816882485075,0.1745981669959634,-0.25892124953203083,0.8295641147422044,-0.3097251832070561,0.6857263819640265,-0.2217651483673329,0.40423383845770644,0.3882356639435792
2017-10-02,-0.1960635254813316,0.4320110959634164,-0.44361518045127935,0.1616109246207925,-1.0485494220945184,0.509014012268563,0.025676159879330474,0.30878940992406134,0.24053441144821175,0.6016226664588178,-0.40985119172634,0.374470624326193,0.9446592250226732,0.07956294671041057,1.3019534509110797,0.48778310873836006,-0.024241989485058527,0.35001782797219566,-0.08176534553634363,0.0668346136798605,0.7928460992409173,0.13027964332584707,-0.03728180306297615,-0.21483600833010974
2017-10-03,-0.12228389585723859,1.3583905389996238,0.13044008024435555,-0.2655579985160733,-0.14237860093578325,0.9555907675079744,-0.33338440994073826,-0.55068119309428,0.006452055804581489,0.05040753820787105,-0.20947980001344044,0.7783223352903449,0.15216273130893773,1.1801123477853395,-1.4956732980184464,0.19139603847504683,0.2894183682246319,0.24731674553783103,0.2705405499651094,0.6520635748727169,0.39018291024327767,1.16719854424251,0.7689230568464167,-0.4177705310368768
2017-10-04,0.15385370728097847,0.06403938572472362,-0.3641943598389667,-0.4895803101174514,-0.3932965633343942,-0.33092097302053575,-0.33557314532676114,-0.19980474680481883,-0.13163894997560707,-0.12066897251958734,-0.21093716548928346,-0.21952282886263305,0.24099142235328797,-0.31099349240897317,1.0709959095865254,-0.4738955956435572,0.0005963926162297494,-0.10589652400299643,-0.08160022105514614,0.3859744423517232,-0.307476062868276,-0.04574275252074292,0.1772507589677223,-0.9330294091533858
2017-10-05,-0.8180625268800518,-0.19779532704028413,-0.6190534808907859,0.2161968372251736,-0.2604878123947911,0.0741316441376162,-0.1293383200453368,-0.0031555337552137187,0.651231804908788,0.8159906286185525,0.9114078920346188,0.2755794979733427,-0.4759550314888088,0.2575061915114965,-0.02909560967766417,0.42485427545648663,0.10744156393120771,-0.15664723727968755,-0.8606573589305733,-0.11050924102441417,0.2150754882322603,-0.04574275252074292,-0.5586476042812066,-0.32369199795688375
2017-10-06,0.21077843685685527,-0.5237738767167897,-0.20373769499768293,0.39622081679967003,-0.06143731688585233,0.029022063029213147,0.1819608051284169,0.3886342720833628,0.12173919593065485,-0.233552318229528,-0.004810118872211031,0.47617882809570977,0.19048146478480332,-0.46820690554654637,0.015061419019327237,0.008637822664510044,-0.7271562874048296,-0.2331080466638025,0.11744466388229939,0.6435181021762066,-0.06067694430761406,-0.2169800671118304,-0.1923394106540808,-0.11765809669892843
2017-10-09,0.14654348240110873,-0.3518344111046239,-0.24728336902369186,0.7281933806639262,-0.2732899784891458,0.006511665790839225,-0.4936398377714167,0.19129643281194847,0.03774441869486677,0.10039422259975277,-1.1286374336120184,-0.1907879330347017,0.07469573427531245,-0.07968910867487813,0.42523451716765265,0.7169968964086785,0.24987130728278342,0.5257081409903842,-0.11042220242223184,-0.15523791494369427,0.386350062101375,-0.04574275252074292,-1.0191516462690908,0.08956003934451844
2017-10-10,0.24235643379400923,0.8934906614106954,0.8072678219220997,1.5868674378626604,0.3146319134550524,0.4554721459364733,-0.025491817542465926,0.229061596136874,0.8165928105456907,0.44470595171320165,-1.0118382698079278,-0.9519054304814748,-0.5280671991674688,0.4674821821260879,-0.1458777944862345,0.002845798088574399,0.48728216810361796,2.7522022954831833,-0.5254836051967676,1.5208147961747833,0.22584477870802855,0.1254945620703446,0.026243214052611166,-0.014049028677204995
2017-10-11,0.4321308161757792,0.03514695431958275,-0.07645995977981038,-0.3158463196795284,-0.1552407012516812,0.05123476665642871,-0.65757856935086,-0.7435184786083378,-0.24177903409411416,0.06518044350178409,0.10286029358381792,-0.11703694669994603,0.6640906060127627,0.05053042924894178,-0.5879943609216808,0.14996119094415028,0.15633048089298446,-0.17389059445318372,-0.18297221880369566,-0.3568690477242936,1.8770210283664377,-0.04574275252074292,-0.10251176390374217,-0.014049028677204995
2017-10-12,0.14534754608520772,-0.34597234478390354,0.2571257030036176,-0.1485231659596672,0.7314812211653471,-0.2847720883431675,0.13338662773019913,0.07489973103929987,0.9907541259356044,-3.9367224340392104,-0.4379168571695305,0.39298028943700464,-0.44942672429536534,-0.23383512388494762,-0.4151406459237761,-0.02442883249523511,-0.41025506314136073,0.4281026720670345,-0.48734300936009906,-0.2621839848793981,0.06336363662754264,0.2947805797700984,0.2189802922775864,0.19256839690225294
2017-10-13,0.6935622016885148,0.21168967080892043,0.007057437899656059,0.516807437949766,2.196538752399787,0.1859213827851206,1.4302323092367693,0.34718393045120155,-0.2792056997273901,-0.2445404691305676,-0.8909893410503237,1.0903113351498273,-2.033442118778581,0.23176434547833227,0.2531333265333693,0.01908429200669229,0.15712878789627877,0.4489306004141676,0.6676008542372603,0.09578671448455267,0.46011779142813325,0.7942145943132993,1.8285408028258532,0.29449074496908834
2017-10-16,0.026020131104122907,-0.19976808841606808,-0.49456787372659156,1.5176896200616872,-1.2346417884435574,0.3415920796444143,-0.33338440994073826,-0.39312288691049,-0.7758157665362636,-1.8317574491539321,0.4416749445471067,0.37210792605780907,2.2850220067121105,-0.02679967936000421,0.8385948883484601,-0.4995621747011779,-0.04056113843229242,0.799231994251737,0.2749236606381297,-0.0001683391501004151,0.034708584144491225,-0.04574275252074292,0.14475017263427456,-0.9447205354901248
2017-10-17,-0.12275965640385363,-0.02352465163180633,0.1749260659455029,-0.3641820740180685,-1.1453058172790462,0.006511665790839225,-1.0150344478291091,-0.6711776344495168,-0.1598610057099014,0.22835808228255589,-0.2830544323842699,-0.4224550672876493,-0.05321135555395063,0.024728900953388897,-0.26298420172144743,-0.29374084316143545,-0.139546203882964,-1.0479203123002498,-0.1960485560933258,-0.09603605724270536,0.4274220130721404,-0.37981366412833056,-0.7357974731211451,-0.9601895428160812
2017-10-18,-1.3416639634665353,-0.32017326935003565,0.3408141214800569,-0.19633883842973313,0.34898467580889503,0.11785059250705544,-2.074192833213445,0.42959848058944194,-0.004156791171561464,1.0990174357923659,-0.34227860378563707,-0.3394337830865209,0.9970076998746356,-0.10424873980287971,-0.02903879226691281,0.21735787640280105,-0.13993925750643868,-0.005075671914953065,0.6694742449801421,0.5794107800093483,0.2757783936832127,0.1216075502174033,-0.3461709439661104,0.09185703248689983
2017-10-19,1.1455968430199952,-0.17324259890147697,-0.03450809623904754,-0.6630509555059748,0.12867342160440143,-0.037991124938822035,0.35917387365830367,0.4257430784113616,-0.004156791171561464,-1.0067462136330962,-0.6339200867951464,-0.18450429010960787,0.6459250909521098,-0.15661125405581627,-0.2053155080220496,0.8687774054725601,0.4128091323545182,-0.9684446559215623,-0.08167478194419504,-0.7844774014939537,-0.640646941999318,-1.0595028227761896,0.5489518654932951,-0.43885522049252307
2017-10-20,-0.27533422419145037,-0.3553353462100177,0.7083189228609729,0.061157771690956896,0.21391623036677085,-0.4626496928353348,-0.5760499620928435,-0.5891957379670314,-0.0978165262977531,-0.08704233803044259,-0.23701596289752874,-0.05070953879841112,-0.20200909899445538,-0.10524830485806168,0.5272953948522019,-0.7642912286659949,0.033438824177870995,0.30964566999914217,0.1012256053534646,0.3832508338538193,0.007064870060502595,-0.04574275252074292,-0.15907641029362934,0.9373519606803316
2017-10-23,0.7304772247097823,-0.7283865009693454,-0.15690110802013585,0.1889436070415732,-0.8086708822263887,0.3196609951087841,0.30567019647306365,1.0071577605317295,0.18297171404493248,-1.50168790022076,0.22739572515310663,-0.25962947538202386,-0.4775003977409559,-0.3689855489949591,-0.6443995455525618,0.13953082788147925,-0.048670712223983705,-0.6117270146226829,-0.10971639939136812,-0.6271473559235643,0.061093722537810945,-0.2169800671118304,-0.7201821015142111,-0.014049028677204995
2017-10-24,0.04429264946652434,0.31388224081942007,0.41577914230176805,-0.3174178775642601,-0.00322463565961406,0.8271235550436158,3.410312366023102,-1.2493683302480085,1.1149418818220689,-0.19360815782962937,-0.23701596289752874,0.7350225730976374,0.10972873525760868,0.44511530679950995,-0.41380899375106184,-0.029917074189081374,0.31172072294595765,0.6498550180872757,0.21298043969837863,0.6839691898152139,0.08773608328851534,0.2960818408040846,1.0139112964294346,-1.2861576412845117
2017-10-25,-0.34628782018121246,0.3718028310836186,0.2908085260735358,-0.14183279978594088,-3.1888910521471923,-0.6135854034240468,2.397420526668007,1.853555478310217,1.0417193032569456,-0.6732968763938485,-1.6846642016660354,-0.7963793053529226,-0.27842270627821447,0.3352358926631197,-0.3719520644738787,0.2316734281613609,-0.27767012730432766,0.2597785465057713,-0.8144073924797088,-1.012074666329789,-0.2766962876999934,-0.9053464881745906,-0.15834541433097007,-0.5525952364123791
2017-10-26,0.07203266433375978,-1.0410030871488567,-4.195181151030303,-0.36565942179975214,0.42600343985844674,0.7587608473080684,-1.4432357877314523,-0.0425236758560127,-0.534531111824687,1.14616906152857,-0.6544866201763246,0.08243071786997877,-1.654618370270145,-0.3112942916261472,-0.059238352231465535,0.32803795629176924,-0.12268191582934643,-0.9736422050900556,0.9307492409258686,0.9415259654534804,-0.0065966310063488645,0.12752879336230882,-1.4118539942565909,-0.9964710400501791
2017-10-27,0.24862545256159008,0.5334700939809879,0.7590739253348158,-3.395829664255741,1.0097456238392888,0.2919442304914222,-0.12497700309852183,-0.08060622143150172,0.5660333696958931,1.0410343948895486,0.7065740320675986,1.0145367517403354,0.7781603627755984,0.8689232058882194,0.3434907911501814,0.38521200019096874,0.30410505484332506,-0.005075671914953065,-0.09531462729691961,0.2158323875717141,1.2086772373271966,-0.2190142984037947,0.4067083940357863,0.09593884127253269
2017-10-30,-0.3263395150014322,-1.0257009428625818,0.18207962887012438,-0.49187902517436205,-0.7886124462021967,0.3779537832386582,1.1536935461706805,-0.4630119299321312,0.04557040684494111,-0.2821880618671723,2.5311722289465357,-1.0288264238284681,0.4153711612075782,-0.3303657443262788,0.28203355769541194,-0.2072876197077399,0.7474049440152348,-0.29859787527395837,1.3496963304517051,0.07575673457740731,-0.08710416575299393,0.8138609831331047,-0.6108289262926473,0.6415296693452356
2017-10-31,0.7105515736539543,-0.3450073815460705,0.7857540810669972,1.2553511477435408,0.9329115767114019,-0.01526756781003666,0.504544020320271,0.5763662421566215,-0.09369982940239292,0.8313997027486245,1.8538972649005359,0.7254852174124478,-0.1288256627164414,0.12610548796133933,0.30977996292842935,0.19615527077823677,0.6728610809953943,1.5207744783848829,5.7997234590262865,-0.2733258437746004,0.20302032155356636,0.124193301036354,-0.10251176390374217,1.2748515169566388
2017-11-01,0.120610307908077,-0.9371381670142287,-0.6408627360588856,0.24717600137005488,0.5528542082930129,1.6857170704495599,1.6656685020354387,-0.8171810869459752,0.43211837194682745,-0.23897022064975854,-2.804675133895947,-0.881213694777673,-0.1669226082338543,0.451776944901956,-1.052688638730514,1.082493083556066,0.008557384711086462,-0.052948539996155244,0.10421677650932279,0.24721794083734147,-0.3640385744888992,-0.38626608481158425,0.7900313734800448,-1.6297896196034396
2017-11-02,0.17336578121179572,0.025749326221116933,0.09402714275728605,-0.5439056810683239,0.9289716206370411,1.955746105063768,0.524027070825391,-0.2769694132256887,0.4187045442091644,-0.5018564674601315,2.826806709949922,-0.02069989120534395,-0.10379046724859475,-0.07597598768909954,2.8293151330279502,-0.4158045078663353,0.9298541834850993,0.25777879050635305,1.5569248853885427,0.5299465779523762,0.005414641457870531,-0.3889036759550135,0.6782887359912122,-0.3427876814072603
2017-11-03,0.5636977252527784,-0.2256740218775247,-0.6055051481690791,-0.08713401638521397,-0.4727232714632479,0.15098283033132368,-0.34521068004592737,0.11388823564398963,0.1620925054586818,4.425485486540495,-0.14264983267176148,0.5875639761866721,0.33854772657457,-0.27762015139364055,-1.2644455741137364,-0.34363501232900195,-0.09313310556630865,0.04260846173612663,-0.14758087236374892,0.16910458999486738,-0.007866232171856231,-0.3915982860065756,-0.5333210848070232,-0.5661653989790076
2017-11-06,0.03557215599121719,0.3363865058298975,0.09511373414889264,0.4955323232043575,0.6904741385087305,1.3335355104383522,0.611621324323,0.6946250155156334,-0.9101904114027347,0.11187463803720363,0.1541781130261337,3.865323825651632,-0.34347198777608534,1.1856546896357614,-0.028907886120980938,0.023684581539498744,1.0985145985043445,-0.9171314154447413,1.179574612121197,-0.019449864420399993,0.25518858649576825,0.12752879336230882,1.3414157682007395,-0.12513251560258343
2017-11-07,-0.42332817797210043,-0.859948819510787,-0.47953745943557674,-0.16986411865830534,-0.5225243079955356,0.026727020973059543,-1.4955993075835947,0.07301886973197731,-1.0374943338284708,-0.4352743376952101,-0.11070573731091611,-0.43636580065150643,-0.027800079802627723,-1.3906868006912956,-1.2351966240678875,-0.4309715658355268,-0.7545473358124126,-0.9060711050300263,0.10721545629931271,1.1145273054203282,0.04421058371485026,-0.3929630599203127,-0.6418059016898449,-0.797682692245936
2017-11-08,-0.5892624447781815,1.1665095034184452,-0.1712808263340622,-0.37395205899829276,0.5154497593006249,0.22845897766571224,-0.21277999130115416,0.22611605992288772,0.22836971291108252,-0.8002294485056212,-0.004810118872211031,0.9259359369043806,0.6642071965436771,0.75229875040677,0.4743498353204903,0.18466562092191513,-0.147112690976197,0.21528589139698343,1.5940679547839107,0.295305118808767,-0.16556447233007837,0.3014775548788269,0.2074632793212039,0.4350730623175742
2017-11-09,-1.000437410104283,-1.0199141963841811,0.007057437899656059,-0.18226981042924256,-0.5682065834472046,-1.356815993324587,0.44122257875774057,0.18676555041445678,-0.5007844798981137,0.8133369055911286,-0.1643834092549595,-0.2054773015343444,-1.4833728251231209,-0.1749426507922461,-0.4882280146662883,-1.0767723630125074,-0.06174563484837984,-0.3973617654934671,-1.8388152357458223,-1.5937757448048173,-1.107209007369946,0.47000215851631294,-0.8058835486495506,-0.238167140933552
2017-11-10,0.3784128091965743,-0.3316992922776736,0.007057437899656059,-0.4415901691377037,-0.41571401444076433,-0.07575584851578904,0.7566776046359037,0.0717813784602395,-0.15715058637832624,0.5491974805462557,-0.21895533295144787,-1.3201467823800304,0.9503772842190744,-0.32700154717018937,-0.4774639587896555,-0.04621930382178592,-0.28869966850912027,0.6067983262780351,0.32442203359554167,-0.6377248961631845,0.04621104865266926,0.12484452621299708,-0.19344394237993645,-0.4649383825121289
2017-11-13,-0.25732161262973113,-0.09601185197663074,-0.35192305203413365,-0.0012730906982861832,-0.27758434722171743,-0.24089682199576676,-0.7149136931857891,-0.847447698346763,-0.38341561053179696,-0.5511605130269168,-1.0999926641190014,-0.1319365660212757,-0.22980621641647245,-0.22903902837244075,-0.16461764300730064,-0.13892124818865942,0.0005963926162297494,-1.5336554040361503,-0.21350631764167632,0.7181317446836301,0.3250240781623424,-0.3875673458455704,0.08798085091106943,0.6609584374140659
2017-11-14,0.34943226087630724,-0.7860788502856092,0.6776403061552134,-0.41091826486293387,-0.41999660310767944,-0.6576758929680678,0.29758521442853914,0.38050621565666265,0.24217673017035532,-0.6674759280586058,-0.06067278419359681,-0.5123602037556004,0.06059598967711676,-2.504947832266041,-0.05953676989171865,0.36721437260821077,-0.0778826375634462,0.11959227663464349,-0.08784494552306824,-0.5292772737893072,-0.25982555417438885,-0.21766636136392156,-1.0545080775580482,0.87367453117419
2017-11-15,-0.7133839970426905,0.31811442553910363,0.3163858487723696,-0.11720644433109136,0.525330972354611,-0.6853303865131954,0.15807020274622402,-0.31136735957102474,0.7985583190920871,0.09711473038181712,-0.8559813466255277,0.47425989558870485,-0.25536730051694934,0.4144164006973184,0.6738534109659706,-0.1275314092229208,-0.5045984731977211,0.909817953337796,-0.9894485643843287,-0.7934862709933657,-0.48798849692517055,-0.2183267401235238,0.2835312651842829,-0.5672610159546483
2017-11-16,0.9949179720310866,0.8245190097655343,0.5755661000936246,0.8664780278217787,0.31698697532697373,0.9273935426330183,0.656071403896746,1.5893039717181763,1.4182460021331345,-0.19048771111901502,2.8237477295036535,2.9466553823934927,1.0019955806243894,0.38104524982415205,-0.4172634957922573,0.5541121194164136,-0.5337662292905316,1.3306170533654376,0.9396627200250994,0.42568843845977944,0.6849584371041791,0.979793847450248,0.3442795693334226,1.6296981941478665
2017-11-17,-0.4458749698686296,0.8381571924796376,0.2236962502206278,-0.004574174495154838,1.3762756979873745,0.048071770346118196,0.734340163278686,-0.34262236168739274,-1.2755332280509908,0.930789974517167,-0.3515374060258834,4.661156719201285,0.4681874999734831,0.45576043097442953,0.343894572489543,-0.1213231904055083,0.2765890929730553,-0.6814910541491221,0.02652534288903477,-0.7134130416208873,-0.10036958299689921,-0.384947162720938,0.4342362178358459,0.0938702083946111
2017-11-20,0.2685213933588579,0.3657299371552546,0.9049543672558997,-0.11835802870185522,-0.309963320208421,0.626929046378217,-1.2385194802116202,-0.45772281311248714,-0.135027157722084,-0.5667968071627465,0.2582432068257234,-2.6394735406640835,0.5988052458640929,0.07877361050325288,-0.9600099028337103,0.13175279471537202,-0.14532906507208299,-0.9842877237022526,0.8525224702066084,0.6112215309594842,0.12430764251665243,0.2934616576794522,0.025286293307595256,0.5224776696441797
2017-11-21,0.9637352070211089,0.23294597412056892,0.1337898401680009,0.9574742930091157,0.05284629841958136,0.4169684577156714,0.47275960426929015,0.10880344766753931,-0.49022400667659655,0.34563091218725794,0.15188017100884332,0.067253595911401,0.34971056108441884,-0.3755433545799654,2.2392582261501874,0.6548242401539772,-0.1946132398961671,0.8525822024557483,0.10346837221838236,0.9139056876802465,0.4253012580865205,1.285575047101873,1.037172190110331,0.09264564273988433
2017-11-22,-0.679421733530244,0.005960791196426173,0.1754340198406199,0.8696556852199239,0.6607957026009382,0.08831746970471549,0.06449870789957378,0.25896068372407455,0.4113030321876681,-0.4308965723383743,0.9179070164054883,0.2684016052293972,0.06884867854738652,0.6115140908441854,-1.3819262888318062,-0.7896810168299939,0.543703550626127,2.429253241756529,0.06949407175458927,0.1621123428825297,-0.2834320482013933,-0.3748215162565482,0.9159799524960035,-0.657270398415679
2017-11-24,0.8332029674276951,-0.31876494408111206,0.17476453290838292,-0.03306264204846604,0.24684386439286607,-0.05482969529798271,0.15392789391727163,1.4780200805463632,0.6079307429134999,0.686680639084951,-0.5137909036998577,-0.4374619466937957,0.44305659635353006,0.15650599671966595,-0.6285765864727136,1.3445047398167655,0.2338591906757309,0.1819252917698011,0.6895755255830316,-0.044489290867518266,0.6956730363359934,-0.377292798216605,0.6036402004165337,-0.23008148992367514
2017-11-27,-0.4862032911032128,-0.45393529814335365,-0.49808574345193013,-0.38269234610963326,-0.4012269115580168,-0.3010257806367934,-0.5206812200918054,-0.33604683753725323,0.11541382677052878,0.11742560313612979,0.7553395943902839,-1.2833466153534858,-0.9378902205558279,-0.5297681988289447,-0.7119798278829924,-0.37293390242680885,-0.4751289677165448,-0.12188647137080237,0.08946598273480641,-0.0695241827942166,-2.5776693171199776,-0.5477953945779638,-0.20780135848154715,0.4172045921614969
2017-11-28,-0.16717899001628836,0.40054160643364956,0.34449352424251123,-0.48298893795427744,0.11321489122612446,0.8640981295005732,-0.2069456338076351,0.06772821525136717,1.9877969826571886,-0.41345778731958266,-0.10501636230042657,-0.2219602350608371,0.470466831372139,0.10553698210011278,0.7885982236650927,-0.13565416486900603,1.6579863891695485,-0.14552309701208832,0.25313891914036846,0.5852608346901159,-0.27792674710899967,0.456309889536478,1.1864453190084747,0.09324355821926712
2017-11-29,-3.2847792391747452,-0.9556105800229223,1.2896836319012641,-1.4200783975016926,-0.1499127623790465,-0.40051861229640234,0.24641687167215987,-0.26324064315883466,0.24436664198676492,-0.33145064173658634,0.5912806980405642,-0.9496823682244059,-0.7716185177624894,-0.9481658590886142,0.2406454925394211,-1.3876796386781574,-0.1878523286162609,-0.5463981923937961,-1.0789162021694658,-0.2807833632608408,-2.1678955342567257,-1.3974607462367186,-0.9102840670237089,0.09305258528943
2017-11-30,0.806734913015422,-0.9836827831069066,0.007057437899656059,0.524842115539067,-0.4598378452723549,0.29169627333035325,-0.7543858689099274,0.17819329144680923,0.4515430047714735,0.9367645096578879,0.9621483085233778,0.5669135648951384,0.5087200749716216,-0.2500466560372024,-1.041850627256097,0.18692007110181125,0.33775612251783016,2.2695767014240666,-0.6919704909184242,-0.15666762952425312,0.20712785281727178,-0.3902503489667068,-0.9074432771209077,0.7300779313925292
2017-12-01,-0.9173319787368419,0.5214495830769784,-0.36131738486737774,-0.5886373220446004,-0.6569286087609824,0.0877631573506076,-0.766705256216129,-1.908424092505014,-1.2670319114610578,-0.3377563417992723,-1.718822048187205,-0.6211140629775181,0.22628409340116226,0.3853227135637968,-0.39715443327165045,-0.8742321257828921,0.03965830793609769,-0.14199326180440378,-1.4697502188205729,-1.2712242686948318,0.07975078341030181,0.47000215851631294,0.5786381856433135,-2.606889250530449
2017-12-04,-0.9358234606148559,0.66833806608142,0.4975158115664979,-0.926871009397815,-1.0756481042979635,0.047105844778784746,-0.16588285606270023,1.455033975209481,0.7266629001744986,-0.2013486855709303,-0.30912122255862834,0.566542167630535,-1.2005105232433626,0.2172952727012883,0.18500756053639983,-0.20578620792965724,-0.015034238745469282,0.17739553756709822,0.20055514775568212,-0.3052043578637974,-0.4971810880468162,0.6326852845469197,1.1875241965355487,-0.34661758724593317
2017-12-05,0.28086126443376974,-0.12817598460604904,-0.689459100168248,0.36588009644305536,-0.049607033598107406,-0.40051861229640234,0.394325443519291,0.8011308048260397,-0.0328027133194577,-0.16891750007729445,0.7003300670630562,-1.3719495524017262,-0.46088744074157184,-0.24677289696608734,-0.5992927697231158,-0.0960716816103982,-0.12452906901429804,1.1235290374919122,0.05008732480965804,-0.17856568810934548,-0.3299195743380752,-1.0673317130226763,-0.7108628112786528,0.649150828549976
2017-12-06,-0.005437817678643473,0.27370569369873665,-0.2831024899800005,-0.09984066562847527,0.1943810175859507,-0.13650707340401386,-0.5391535890136515,-0.5178353909545574,-0.004156791171561464,0.14017925870615586,-0.20452902165895304,-0.0033040589468299026,1.6367459437229372,0.2175070784472844,-0.5901174198242081,0.474843334133703,-0.3845725605214386,-0.18430163496090485,-1.1690064838362964,-0.47966635944065816,-0.8042674195529796,-1.2682958568645775,-0.2061495279721592,-0.23425451220578553
2017-12-07,0.37149995216213477,-0.5655216972257923,0.5854156667885815,0.32412249793895404,0.19916502954663676,0.4550345485859168,0.8119380536984689,0.35991666221113405,-0.17641910470710484,0.015838360665516766,-0.004810118872211031,0.21657426504792673,-0.7084272583437329,-0.7738045654388404,0.016897567947846744,0.10111153107252466,-0.16539859666877504,0.24123485070471357,0.923838264708388,0.24310442170270796,0.41237596097714685,-0.5802424579681792,-0.7609925347772889,0.09616858490163215
2017-12-08,-0.1075587311333211,-0.06191003867089618,0.9403426209535957,0.27389649488680134,0.30724169851297034,-0.11552675304436932,0.524027070825391,-0.006080790661265917,0.09160926435276179,0.44625874949096717,-0.004810118872211031,0.10338301135415802,0.6999588810936852,0.1385896472850854,0.07936808538661572,0.05187737989927344,0.1350127397906885,-1.3147599312598357,-0.007406002060299603,0.6487417581779854,-0.07495922356537879,0.13315220004978703,0.11142326402038719,0.7515175392949733
2017-12-11,0.8284696835494999,0.07383162106374852,0.2471557756591048,-0.1755277347988214,0.7478316308602195,0.08789997190579732,0.33705998022814604,0.6095608213667003,0.3296712324798342,1.5208075934261152,0.5214598284036057,2.7176296050862314,0.3085140472735236,0.11015104900251348,0.529128767981787,-0.30295395317659013,0.3781764889007361,1.0807336373120406,-1.0886889139688998,-0.3558586942684406,0.46509955439403905,1.0126108096976385,0.16928663004729538,1.2748515169566388
2017-12-12,-0.8853886826533066,0.9421402294127436,0.32508305995319065,-0.13509441872993372,0.2046151369414792,0.39172890419579875,-0.5247843369189141,0.13729073897180558,-1.2452516506862,0.7300708449547272,0.2596518636895889,-0.06792057587389533,1.0303776969064613,0.5481173524501959,1.0866190760022243,0.3303072709090441,0.4375367357867844,-1.3194771737741346,-0.37160819757885477,0.17758764465016946,-0.1597681416393159,-0.7484915618622224,0.6282970924900706,-0.654840510071551
2017-12-13,0.28377319086064484,-1.4081866093196045,0.47965569119804563,0.09127445562405828,-0.7575139123925538,0.4297435746619661,-0.8084878670713839,-0.11437804835074261,1.6158693909989013,2.7367252177487655,0.23792314426864455,1.4535356677412117,0.04207314584954329,-0.8570564132831643,1.1385050792948732,0.10604463776833925,0.36440430868789353,1.4213606634370208,-0.029876737094181167,0.39831414367380097,-0.0748274791531279,0.1310075826475149,-0.2350821576462976,0.4139511814690372
2017-12-14,-0.46218260547570617,-0.33961336571127415,0.20242362392191648,-0.24031173950561366,0.7378290307571885,-0.1342721501333039,0.5745260910888267,-0.006585192637207897,0.8942175679777808,0.18592089678287554,0.664197423592958,-0.19069734495876112,-0.6680271739373854,-0.4251812103989603,0.6919078422717425,0.46787726426365,-0.3243925491317159,0.03967988513642238,-0.29026774448959364,0.024751347580711642,0.0949850885803168,-0.04574275252074292,-0.26573035563527875,0.198742242570893
2017-12-15,0.4776566085104273,0.07534084432898426,-0.5027801384889957,0.2889739859396093,0.5826473896680402,0.04676336822765607,-0.39376529512759434,0.5294859536376991,0.5679557434191999,-0.28130400682053863,-0.2419678153040543,-0.11022967780484969,-0.45834341460623124,-0.1439139376675595,0.9417781777475341,0.23908885762839338,0.11690752143371246,0.5294966732439131,0.4072167198450618,-0.44314700066095,0.08048237748081885,-0.5780978405659071,0.795425917508954,-0.333534971342398
2017-12-18,0.6597135235677178,0.6242138344181203,0.6336729490047545,1.2592512918884857,-0.09360361535692059,0.7071148775353385,0.4343662296389437,-0.11371947424114054,0.22477106637846583,0.7554797536121568,-0.48504310642233245,0.7960354627161627,0.4487984704596047,0.5098225114543938,0.27201970981609225,0.8546988614587185,0.1166296025683862,-0.33864338559853585,0.9830555267451625,1.8417118091722378,-0.201836266096047,-0.584613170970405,1.0500890362521291,1.9798180206966056
2017-12-19,0.12767928270916037,-0.13043260820025543,0.007057437899656059,-0.8870078138324167,0.5708240768742278,0.5025516741475256,0.6103053074610706,-0.2208741334452239,-0.2330846487215888,0.29969996334284404,-0.29682746943644794,-0.20582609424823858,-0.1951679313189366,0.027055559278468252,-0.7912042900139082,-0.4010344147292914,0.039214496001426784,-0.2732200348135574,-0.5052109196640449,-0.21795229884684542,-0.14552357858589146,0.3142327133583849,0.021389284998130666,0.7032859121534967
2017-12-20,-0.5673542971075888,0.17640750490379678,-0.031822742006171044,-0.37974525323611413,0.2310526805015517,-0.3105508402108066,0.06458228423320019,-0.006809879829613809,0.8062964261303368,-1.646835959568319,-0.5479559649367911,0.021771659650999108,-0.18360508918595075,0.3616246220236084,-0.1885533431544006,-1.1145436298462443,0.1547761262614576,-0.0947263310357999,-0.4153392773546046,0.358235537234996,0.08067111958810386,0.13315220004978703,0.8294082381190535,-0.21808484323768607
2017-12-21,-0.2290289480247395,0.7791454173711012,0.27854271860536056,1.0384753555021007,-0.021545200796639644,0.12559365865347458,0.15411173329123168,0.2779299305407337,-0.35775232521186645,0.36602141578455705,0.9270403623893261,0.9214091021381088,0.7310822652138859,1.0052817449141322,-0.5550039928324688,-0.1708996286557415,0.82506292468204,0.28577835286651065,0.3896908643130197,0.37482191430307604,-0.35795112881152846,-0.9475448492325391,0.46914815958558576,-0.5273481549474256
2017-12-22,0.135123239901955,-0.09388563801355818,-0.22554766290022135,-0.06972517884567168,0.33852973572352474,0.24400166656466007,0.019296506713701377,-0.0070403889466708934,0.4216726354713237,-0.46600203069602225,-0.004810118872211031,-0.6530421744684239,0.06563293524475738,-0.3503520934841271,-0.3384398416760255,-0.18217837782457297,-0.32603421152573936,0.5062373741838281,0.25913793481597885,-0.001138687325948638,0.5041923237027313,0.4975472490671672,-0.013862072716337161,-0.22066645425666293
2017-12-26,-0.6484612185861443,0.44391021961713956,-0.14871347790169426,-0.2007352592483485,-0.20134417023233833,0.2038101689910686,0.06394332513503419,0.3464688458412227,0.579115034988061,0.3683636700077916,-0.14996350588413893,-0.4832968042946245,0.1594416446020554,0.4548536863809322,0.5441496151873217,-0.13893190636925593,0.5990549400703599,0.8743130910872581,-0.5989426652363683,-0.23492692614311997,-1.0243868322524672,-1.3239889039118407,0.4149660904691945,-0.32540667971110204
2017-12-27,0.21220017792588797,-0.06157078740278211,0.046050418984555586,-0.016393808879106565,-0.17448587710322924,0.22407764894127594,-0.7915701790344748,-0.14834195664775815,0.1828966522186372,0.011357211762036117,-0.05335575694451807,-0.029453732300612073,-0.0521970921549712,-0.16106074362252262,0.7838212558795185,0.3835125582038679,-0.23338087406828253,-0.3992682409179718,0.004790879860183688,0.12813773275878887,0.12484907643179469,-0.4178762085085108,-0.24197849589582968,-0.3271031184421937
2017-12-28,-0.009201443874257621,0.5091987738022272,0.4336864171058584,-0.4987681182940581,0.3705815572152495,-0.1516462232856241,0.4717316898123052,-0.11318253612544617,-0.4058158187809226,-0.4167047587702443,0.23711063539206648,-1.335141482472065,0.147144506625328,0.3180709084782277,0.1581988234226488,-0.399679307238938,0.20445069379854622,-1.33730686927447,-0.018555059475377646,-0.0011175980700816554,0.8718744493508778,0.5112796501374118,0.49036093547026277,-0.32884496440752753
2017-12-29,-0.16004282228399297,0.20518871100112263,-0.10886950855295112,-0.08656983048818756,0.30826045588485157,-0.3109061533853047,-0.11548234298450562,0.1691784384747904,0.13901277915460122,-0.1495347201460335,-0.14971913268496803,-0.5935624756699261,-0.11074019530222305,0.18339038638501798,0.4858120314749278,-0.0408129052772063,0.1585746457051744,0.08463365294043791,-0.4509344527749904,-0.7048261951373448,-0.18694401821103482,-0.04574275252074292,0.12338635973310616,0.613800996818112
2018-01-02,1.0275197686875344,1.241239303796797,0.5071256481948402,1.3776058807074951,0.3168048194272013,0.7972810854901222,0.6005734537791099,0.2035044578321466,0.7146720114294826,0.8451756173883667,1.2275780457688203,0.33636624332079745,0.5312494890074686,1.0545691500905463,0.7342437386426651,-0.002621719079308208,0.9897796619982393,0.3747250280169557,0.922994052002024,0.71481860260479,1.8307920324195777,0.8672561288741875,1.3579366007707918,2.4303220091411326
2018-01-03,0.3139916687155163,0.46908964126662295,-0.14616194521709633,0.5198520956735023,-0.5709896862618589,0.613066040178317,-0.11437392906748892,-0.5356225940651025,0.004649077812378785,0.6909801625543263,-0.3314734077867807,-0.7688223854418985,0.5606115536552222,0.6722581233131028,-0.991082385647445,0.48088228735634303,0.4040230486463964,-1.1288138592943464,0.530663869538215,1.0479815932081564,0.8681532692786693,0.3142327133583849,0.1912100982696675,-0.41422789323146064
2018-01-04,0.39734609895841716,0.25709455198541953,0.23669284128668128,0.03306642752620892,-0.15712242554353886,1.2992050517209635,-0.1591781719441161,-0.3973724290032551,0.11906537846359674,-0.4181021018782094,-1.3988804083484934,-0.2684537636109098,-0.2594203070555359,0.0727534827634256,0.793747351435112,0.9154523425857902,0.2192690672277654,-0.734996996769981,1.0176943571936017,1.1947850506818511,-0.3551443792342933,-0.40571821839987066,-0.05508890556341189,-0.21519583953595073
2018-01-05,0.5129615860016301,0.4101016564178805,-1.0754950114416564,-0.09230626669100027,-0.30974268161154705,0.3115904580385964,0.0636747809361305,1.015465221975359,1.1522162762466512,0.4987863655274576,1.2481242265817412,0.45215062812970114,0.24750125931154057,0.1947460400296019,1.0444486647349818,0.6594253937719905,0.10957590631199325,1.8040196080408621,1.5406542229842146,0.9820546273035845,1.2261450863369596,0.49312766592891927,0.6273659499794718,-0.9281051976447949
2018-01-08,0.20067048846351496,-0.2421637511829757,0.280321378732536,0.9193463780572853,-0.11976484400993449,0.3481196646492186,0.01902793838058343,0.40990836616472465,0.7979749691194475,1.0130450290678221,0.8318532492026876,0.0179956897090692,-0.09795020035289217,0.3382059722286057,-0.36036149314441573,-0.8308013796904723,0.015112050171823637,-0.9256820960774832,0.270381323330693,0.508460362216387,-0.08692336961380354,0.4866123355244213,0.5438859135728686,1.1011539511491362
2018-01-09,-0.3164142075603533,-0.559069586140622,0.27854271860536056,0.6220641735758234,0.7745659664955289,-0.5256124560478357,-0.1591781719441161,0.8517476734975961,0.6940258277197562,-0.37785736085969107,0.5847359285297599,-0.6996164625270502,0.15479156628032378,-0.19436513538066263,-0.36262023724139947,-0.3617804699043609,-0.21026305305570026,1.492398144884033,0.5351896578111849,-0.6424347672542026,-0.4028270494839508,-0.22249308768900072,-0.19608391153310722,0.28634474716279573
2018-01-10,-0.6235226892653467,0.06919834279244574,-0.18668848929836732,-0.9136279894833376,-0.5511710822027885,1.4412181579920236,-0.5191553972268578,0.804344039034969,-0.6854078106505836,0.15516308370282844,-0.32076290770728016,-0.5253862020553591,-0.12079287214432775,-0.22019239498919155,-0.40712356506022396,-0.7158245053528266,0.19694018073256586,-1.7973331923984086,0.19074728002131097,1.5388989806885047,-1.2346736272410905,-1.669096500643298,-0.22121739800215795,1.0740232173751882
2018-01-11,-0.6384453421007726,0.8176320889170952,-0.6978846417031359,0.2071668986940232,0.1408543239711096,-0.3493422144271611,0.1995915423580917,0.8913030983391754,1.349563804367356,0.21383806836027763,-0.05023043188598784,-0.933247542641699,0.15443577490091073,0.7940056027335581,0.1543014248694428,-1.7993077955185552,0.5778841238149145,0.44784059988900504,0.4735818305264876,0.2685613632214222,-0.4259084167181926,-0.4147520037900731,0.7061101383139243,-0.9027307650202098
2018-01-12,0.5737052864281438,0.036798378569229455,0.28259666354147467,0.451728020569718,0.5431894325603046,-0.2945898120137501,0.951370694889295,-1.584829010775344,0.27555811959719706,0.0011341925900271745,0.040610194141565775,0.13273310531685387,0.051031429957048194,0.21179531116807396,0.16774668592412534,0.25443006682838853,0.7412600413558654,0.17516631734079724,-0.3163941631401833,0.14109615807302528,0.15603814201779223,0.32326649874858726,0.18127301483955446,-0.4135360046883147
2018-01-16,1.4049448840972154,0.3127435481420383,0.8230564708097791,0.7455884398381317,0.6535326414900473,-0.37176090725389993,2.242123146543014,3.162401798655916,-1.1824426003963493,-0.3213238897803452,0.0858152568857033,-0.8579316560499775,0.26738058104084433,0.5353677367157649,0.37581315190103626,0.28647457806534293,-0.6397194917951058,-0.592784173425346,-1.2044844611738081,0.4155711699964018,1.327790164965947,0.13761196994784478,-0.8571846097929281,2.43786855897958
2018-01-17,3.175070510877725,0.8505310591025519,0.35201041395125793,-0.35288710840156584,0.6344480927297428,1.1350623087242455,1.651586938563597,1.0396124049627486,0.19686450949692205,0.0172331922317611,-0.46080318045644353,0.24399651183190657,1.1982870227101803,0.9518229356487985,0.551863567671391,0.2629013984175544,0.15786388852203018,0.6051216622089581,0.8756370137328421,1.5304097264553627,1.113551136474496,0.31868864685788234,0.42257706965965597,-0.4960494443460533
2018-01-18,0.9557668071922699,0.09521546872576182,0.08333042362618989,-0.0792244686884557,-0.0901990199625095,-0.8759087288712962,-0.9993968454130824,-0.6765816230478342,-0.49972947827182745,0.10426174266907318,-0.23553249854918512,-0.3090875263101214,0.07094858702138315,0.021251364530062797,-0.8590318884702033,0.24513389006617015,-0.11372919159594642,2.2261705691721403,-0.7461235001826402,-1.205585118617922,1.768046248495847,-0.22758197583410306,-0.0059231574273440335,-1.0890547935070676
2018-01-19,0.4597330556609471,0.5073268829110321,0.27292951624333905,0.16336437040332946,1.207301108909458,0.7208395380549361,0.9885239979924835,0.18019084851093067,1.403002917326477,0.31187904837838365,0.5458596336173045,0.3701970727183361,1.3684859325089624,0.06570389009049506,0.5271939059019463,0.8154197929492973,-0.14988344060953554,-0.04848434353508479,0.7131749079840144,0.6651349934718513,0.06412662381716769,0.31718892574138663,0.017711741911616025,-1.6148431173662856
2018-01-22,-0.04915955239696255,0.4133720339597595,2.219728587989579,-0.2531266665189334,-0.695828714606305,-0.10578209681149421,0.09462469306650817,0.9023006868977277,-1.5465181152394076,0.6693988782618597,-0.9285104884779044,0.675573139847154,0.13345926620845655,0.19818994525468442,0.6310645950659532,-0.24692307121516302,0.8614263438760267,-0.857838195642747,0.8998192122137206,-0.2798401178717094,2.0310841403579754,-0.5912666068481377,-0.10057130481530993,-1.5568124865018087
2018-01-23,-0.07990016102736108,-0.19715883437970816,0.007057437899656059,0.47403526911750227,0.6862730502952321,0.5475208116577415,0.49125624491356407,0.4550720633966235,1.5053329641981656,0.2741525201678119,-0.5257128907767797,0.3245666028316955,-0.05130658449275619,-0.44577613188422444,0.5288589651239549,0.7858074239339538,-0.013495092788341581,-0.09321057806178744,-0.4495003150319503,-0.09362312163451295,-0.18085737275890182,1.3942562731332249,-1.5104927331387563,-0.4326186526288804
2018-01-24,-0.8123018061329517,2.744126876444304,0.4359950376630889,0.09840624233430068,-0.5866938128663434,-0.25411119507568414,-0.42244775528573236,-0.011574187452333122,-0.18532264608366394,-0.02886048328385959,0.7963158993361995,-1.2297028337691682,-0.26887392400970844,2.2355902286588343,-0.14966581679575333,0.034642116297092226,0.24691486632374862,-0.09331832678769851,-1.3989628233221292,-0.1673932035411781,-1.2155771385357614,0.482374740601662,1.1651194509641265,0.9234347350338071
2018-01-25,-0.39639435267062073,0.6704509964258525,0.007057437899656059,-0.5925499895328525,-0.07405386620415254,-0.8003790237083352,0.4504248679209385,-0.07347316425969229,-0.2439167461698772,0.40083824978019306,-0.05132665874022521,0.5591997485600266,-0.33533217925569153,0.3475855689138121,-2.5527277456374025,-0.8448076640233658,-0.027491304984380308,-1.0738704216181176,-0.8644840385718292,-0.5092792262436776,-0.343927701944716,-0.7513025492498493,-0.5616397974293604,0.5001826815544593
2018-01-26,1.3019431849803398,0.5283298750064572,0.18450608405180924,0.953373555185002,1.3321170077641808,0.5891771557357195,0.4062693275750407,0.11208260688720469,0.6628090445319724,2.0613915918358825,0.18080510667162483,0.7103973156196522,0.6995973258600273,1.1360861188274816,1.0405616248615719,0.8978914053211366,0.0637793589719784,0.6872800882484017,1.1103936745587148,0.7578311528594655,0.6995959327717316,0.6598170442083635,0.38169465417219545,0.7991665680666202
2018-01-29,-0.6435971388691298,-1.558762299636176,-0.7793479061168451,-1.0103538507628451,-0.30520958484701805,-0.3499865558438414,-0.5362137103801105,0.11165411356770424,-1.2963838907171545,0.7349843580905088,-0.7070963484668286,-1.1365848657346125,-0.7039325516466528,-0.3946078667002915,-2.9487043915627256,-0.5566763724884274,-0.4221465595147689,-1.39753150121863,-1.7981222592873158,-0.04268206615010623,-0.45177926279240527,-0.3971099104748856,-0.1507209462766317,-0.8272646254210302
2018-01-30,-0.9654557191517706,0.41065472722838825,-1.0895061534997361,-1.5477002902677863,-0.7297479639734915,-0.3519221986401123,-0.903589602671739,-0.9739702382240817,-0.07128909354636201,-0.4060604987283673,0.3718640573830474,-0.5133057527668062,-0.9767794022510853,-0.6632073548889388,-1.1896238490877755,-1.5113418755424253,-0.532869924938011,-0.2782079922027568,-0.6295536535055474,0.025120095778457315,-0.7021209219165669,-0.5780978405659071,-0.15138598171638365,-0.8390612397682337
2018-01-31,0.6044396741893268,0.1664948194676669,-0.0670613683383598,0.46780711047093626,0.7144380287250649,-1.0226022784247586,0.41575832479382663,-0.7987945144042736,0.3390127571177804,0.021667162954935898,-0.28685418925700384,-0.3634128797736526,-1.363862996138056,0.1205708169300179,-1.6330372126528798,1.3165464662816357,0.12200252076917827,0.22260688882352891,0.5996140592210359,-0.9916648444600193,0.4702743471664244,-0.584613170970405,0.23615418043318942,0.21455340513338014
2018-02-01,-0.42415411792120367,-0.7771202624856931,-0.030062655691768716,-1.0442311796973722,0.749071176609783,-0.22430480252910998,-0.8311000146917195,-0.29686811273292574,-0.5071161716492854,-0.8268331305173254,0.23041787600447117,-0.5479958182202505,-4.295435170634881,1.1665139469487205,-1.5558072918139356,-0.8914681768564157,-0.5517364954784727,-0.75958524671067,1.2611370215627495,0.4757790889616701,0.11111165272874961,0.13461557080503309,0.21035894625292673,0.19296294962177968
2018-02-02,-1.735920357995512,-1.5430182090117295,-1.4664159301090807,-1.2383858486036408,-3.6163410517927495,1.8877419479529693,-2.021601026059286,-0.6189290577397173,-1.2572579884444988,-1.0412281819648177,-0.19283986602673212,0.12768957321841085,-1.7616089316352863,-1.2495974435713617,-1.2738208104034126,-1.40756633955037,-1.5895474635499354,-1.1894019828562759,2.9091593553194057,-1.2739699485945128,-1.2243747155410016,-0.22610107584651895,-1.5771721768120823,-0.5329630349699016
2018-02-05,-2.066283380966633,-0.7754076012532418,-1.7596279077871357,-1.3650572714954992,-1.6062215243496516,-2.4941491110137983,-1.0151701243008415,-1.2788320360885141,-0.4373275451553804,-1.6786050334698668,-0.7693990505763398,-0.6596789658092753,-1.528616919668389,-1.2888202493634562,-1.103736437421338,-1.8898625414621002,-2.097689805900384,-1.499664969207304,-3.1773769194730046,-2.7800473654457574,-2.047273903460449,-0.7746213293167298,-0.385778116753308,-1.7070938080328182
2018-02-06,1.8434508852076852,0.9585372935012195,0.7226331932136885,0.6111498255975487,0.21294762953734905,2.507172442595477,2.015163406246711,0.2854123450299209,0.05670123722007737,-0.2021749557814453,0.6653033292364082,0.13590380825092815,0.26509260994736517,1.3070275046904962,1.6599707728671307,1.4064559813402413,0.9160860049494437,-0.3904071403776235,1.818022629150906,3.9541028129314095,0.7629302872159861,0.13761196994784478,1.656464455653182,0.30725861533594784
2018-02-07,-1.8289744710095746,-1.1521593869330304,-0.30948150447425715,-1.1070038695718079,0.09790822521271729,-0.9180795176314114,-0.9066069501149484,-0.009830594497398818,-1.5473048499294293,-0.7599236334773033,0.5574645976602012,-0.6527320860730319,0.5032890021253155,-1.181750029771822,0.09862798282631768,-1.897871544569551,-0.8217997370875768,-1.9931701917117248,-0.7331003105497695,-1.1013150421658835,-2.2890665956423266,-0.2290974749893306,-0.8634076084030398,-1.3103066917138906
2018-02-08,-1.9745722750731098,-1.0409178146596423,0.2841608741169784,-1.9152315562912212,-1.9547939289892373,-2.450302506979964,-1.403164606338703,-1.264743561924925,-2.1880427572953707,0.13718754753276288,1.4873251536376466,-2.597176496275461,-1.8801847430265741,-1.191437039314245,-0.15971787634738033,-2.053696392368845,-1.1200233089563258,-1.8012272069778459,-3.48816344486066,-1.449811014438984,-2.1192014073764,-1.3510205229074113,-0.887362590762877,-1.2287829022290566
2018-02-09,0.954330409426427,0.5184658437055033,0.2431292686456309,0.6766017299986335,0.92605858860027,0.41894751222170323,0.45298179578120795,0.7861669367617998,0.7094435661219572,-1.0407839562644268,-3.316346203852096,0.23506472873915799,1.9376163370546267,0.2850988591027592,1.6884324678318088,0.17971493678635367,-0.1581415806435699,-0.1335395100427305,0.04747561522895642,1.2195894769577187,1.4500588777472485,0.8905257665965907,1.368351063947672,1.3098390455477413
2018-02-12,0.6477282510871011,0.4223260231073607,0.20279121823361423,1.0951718499328433,1.1531772344493472,1.286646305653913,0.31923950664810485,0.8067511257367241,2.2830673207775667,1.784067473472272,0.6305856704735806,0.4008122064340598,0.46006966140296734,0.26042846919658474,-0.15553662346209662,0.43624235806985434,0.9456022326817142,0.5836496448996259,1.2966229797016948,1.2286319772320369,1.3447090037077822,-0.04574275252074292,0.3828882485685396,1.0661442288934206
2018-02-13,-0.3417176666360342,0.18281039087854511,0.20186733792481718,0.7116197036882547,-0.08122760913709551,-1.2932034805165076,-0.15444476344682365,-0.563666143725758,-0.9016905961898439,1.2547768109083504,-0.8883564570178266,0.6519305979350064,-0.4405545080032823,0.020641690051752704,-0.04578851609908479,0.010844827336172353,0.1486095288343735,-0.13258386173131917,-1.2134161947224196,-2.1684211727393987,-0.257410690016971,-0.04574275252074292,0.47344611286572325,0.41234923596239587
2018-02-14,1.5211656500419468,0.9626182894564677,1.0817384355276631,1.786543734541956,0.42527945036998693,0.9208554905936582,0.06051612847717679,0.31626422374681173,1.966007667707692,0.8427840598217698,-0.8135155360340252,0.7343103310042364,0.7696144251546962,0.4501573423159731,0.9047935087515737,1.3552519022996057,0.8719245556643358,1.0831274031844302,1.4548809772980782,0.22495558195657142,0.8127353503695077,1.9466202468711473,1.6844658831482004,1.2463315253475238
2018-02-15,0.8422873771535908,0.20546672977895522,0.5342962964110963,2.0370477181327518,-0.5553355736406309,0.8896333371165178,0.8675946946562663,0.08738978172813174,0.6307246846370137,0.2712893838256587,0.3011111223287166,0.41207573446765305,0.8936557191916288,0.29563710354824074,0.20141191259790076,0.23130085462277641,0.09357973201201047,0.9163691103224472,0.18476445550637985,-0.1363979100077106,0.5439405767821139,-0.40134750539764485,0.28584313032645225,0.7084865894394442
2018-02-16,-0.7244669827774728,-0.13642864582695632,0.23100275649348526,-0.5606115083444949,-0.3093660223936628,0.21597955766844912,-1.1339325972594576,-0.10744150489011577,0.2170880104863254,-0.9249273481897696,-0.20839879195209934,-0.3118045396484462,0.324497585047452,-0.14895664028059058,0.0010075997004702116,-0.4035766376636751,-0.6539055962475527,0.24166020099378918,0.7400826896950963,0.5086882651615405,-0.11187297835961263,-0.04574275252074292,-0.028277878759800493,0.29282425284563296
2018-02-20,0.7711050837993016,0.5999900877418127,-0.17948574181116758,0.11957414777720926,-0.7223996992798961,-0.08860986847024149,-0.9857996218094189,0.11961903075809266,-0.055132615288343005,0.5223033795325933,0.8010790815236771,0.38847169643199525,-1.1046973694772522,1.1196680915770383,-1.086209535056175,-0.41188386335663424,-0.46428377261274784,-0.2518115448236953,-0.20272741614874198,-0.22860107685173092,0.27129149694035853,-0.584613170970405,-0.3204548126925238,-0.4235856074367228
2018-02-21,-0.33066337079425184,0.20168476802510507,0.1936006176104797,0.24570528036874945,-1.1174437230104113,-0.29885255384851384,-0.3799786497569639,0.05456741435580196,-0.8438454633042807,-0.27954529166897646,0.8275240110342157,-0.555733195227266,0.6222212698880116,-0.2666135136682071,-0.7888073870278266,-0.5982405362198417,-0.7249723587862377,-0.4765480789531535,0.04247316336052413,-0.6375236994570059,-1.153401167768905,-0.7746213293167298,-0.7368627410012911,-1.1556945166808468
2018-02-22,-0.33476497708720837,0.3112631029067964,1.290298752827893,0.39521572756999124,0.03504377184241585,0.2737695757393487,-0.025491817542465926,0.37624177759537814,-0.5162627135221702,-0.4166524580239181,-0.14996350588413893,0.3542642737473916,1.8000661465271806,0.748090940713809,-0.5262624944404126,0.5072838811167233,0.686567580466837,-1.6966254220573687,0.31810181669464227,0.22539570386377888,-0.7136360255224429,-0.04574275252074292,0.7250164261466031,0.29959265991755174
2018-02-23,0.8259179656147202,0.3358844215890775,0.15126368176538027,0.22597446142687644,0.87474752985791,1.1588272689360906,0.7681089075356811,0.4686817296558908,0.38688732943979964,1.637005603640986,0.2367064250571705,0.2403370711901834,0.9825760555611806,0.8055191944428991,0.5452440833596952,0.4268676460433781,0.536427148713566,0.14829862792887302,0.3469955389242847,1.0168675450297804,1.8883188862688427,0.3202041460131099,0.4869471809035329,0.7111059858255464
2018-02-26,0.9290228655800913,0.2513394639650952,0.007057437899656059,0.8726151449496496,0.3689433545071613,1.0289514116323784,0.10539538558312828,-0.9401831601987168,-0.22973790287017162,0.4413096375330628,-0.10117327578966176,-0.43131759876038717,0.6439907189561991,0.8573434704141347,0.7437017660254308,0.22019450717488068,0.28197091335294305,0.5793380801851525,0.6660672327655899,0.775750357034976,0.5824772482485726,0.31718892574138663,0.9788792965632828,-0.8435558491614097
2018-02-27,-0.8839009128440396,-0.7077648520774001,0.007057437899656059,-0.9097186129356201,-0.8770750876906346,-0.2708014523506394,-1.0836661001478576,-0.5618698826267071,-0.8191027406020267,-1.644592000538315,1.45390410052749,-1.6382084825585146,-2.259780908906473,-0.34112076918723044,0.1265606207068058,-0.745262725186076,-0.2807781281204836,-0.2584970811023307,-0.7310802218223433,-1.4047252110634385,-1.0601107819450297,-0.5912666068481377,-0.3525681700419386,-0.014049028677204995
2018-02-28,-0.561269009690294,-0.7798843819812584,0.11488378679974567,0.3026820284461511,-0.8110732283890038,-0.9074052689929066,-1.4773383418863426,0.41216579029007605,-0.527833673804444,1.130934923662732,-0.2351648151985071,-0.43556259914234896,-1.4302025702226477,-0.3262055996425865,-0.3753231677452909,0.2338345708390516,-0.5193967718326156,-0.7201790480368158,0.14545620368900683,-0.8589989404853539,-0.40642254755542745,-0.04574275252074292,-1.706544789226277,0.609216783596945
2018-03-01,-0.9224665607409038,-0.07932138053361912,-0.24374123724282898,-0.4085956074118435,0.24339657810609738,-1.8398163709785686,-0.5358812493138753,-0.5624686067843887,-0.09343051272115975,-0.2861348265592909,0.133622490830862,-0.9649926879531592,-1.5741649987699304,-0.11674551164696359,0.09574150599239345,-1.5037543144243146,-0.09451732848452049,-0.39156672237946943,-1.9042200844061243,-2.531319198030359,-0.8758242692927152,-0.41321777958827405,-0.35267617461181405,-1.0566562562661754
2018-03-02,0.35975633586339006,0.1934074485718977,-0.17560604999980672,0.13958376631230351,0.37583247970139216,-0.5553893509285793,0.16079198998305785,0.7678254938136383,0.4850089895376343,0.2854886433854414,1.3002688238029219,0.2571215418074471,0.5700750824774254,0.42083090354482056,0.06413300975798325,0.4063482086032124,-0.04704343518295981,-0.005075671914953065,0.9755961040746984,0.0951140345627809,0.31602591638633576,0.5043244506120534,-0.45068824248192635,0.19600250402430638
2018-03-05,1.1319920075590904,0.4281571888806135,0.37160589358233953,0.6822375910285509,-0.7331278240932696,-0.09087069883003919,0.06735398241863136,0.7565031323888853,-0.46651555423952634,0.13144462934776097,1.0748285164241382,0.7819437684906748,0.08342689368486857,0.7864878925196199,-0.4397197017787632,1.099068740742646,0.39614611829679897,-0.005075671914953065,0.8412290073819337,0.209408746117979,0.5573048115581021,-0.5958099556535392,0.06473011982857836,0.6114946879112637
2018-03-06,1.034269200450732,0.33994340014683977,0.8693401508002753,0.6014573031774458,0.057850674394516535,0.3175510144637695,-1.1052941408470627,-0.07428743859726816,0.5908145097567913,1.6870136371657947,-0.021767883489069408,0.7455170048717519,-0.31329599133179364,0.07278204299837396,0.033047357577540945,0.26174665371482464,0.4086866787271122,0.07240606283001028,-0.4411103222771055,0.19067966861186736,0.0033391404550658864,0.32173227454678827,0.2517533608410723,-0.014049028677204995
2018-03-07,0.7094251529506616,-0.9205816062290567,-0.17113011766296488,-0.22396600312837064,-1.0899217462767912,-0.3434887165772296,-0.64779405984285,-0.3609658965005947,-1.0746414010811578,-0.2537103502377527,-0.03027190886470644,0.6915813985262824,-0.015607743911123158,-0.6161665746755557,-0.44273892808628285,1.6105507171421554,-0.5495409821961452,-0.10840815905017553,0.708539599284222,-0.9435486534781344,0.7770165331817369,0.13684942354451782,-0.574905926932614,-0.11781957814200696
2018-03-08,-0.297498296334373,-0.6551232309740374,0.14965959170244122,-0.014869938536800074,0.0022047466079078318,0.3371399649226231,0.5016365785312412,0.40280238744386937,-0.10338465405273731,-0.9863923861536676,0.24878176052781145,0.8689020700278419,0.44224981620434994,-0.11438967956294968,0.0015451680571645615,0.22485054241564004,-0.21320396532857885,-0.8641806369181778,0.3491151613918435,-0.18380621068019787,-0.5668877649667046,5.26936513092888,-1.1307775544323553,-0.3265323131875626
2018-03-09,0.976065566114641,0.752324649076002,-0.2786576860076266,0.9894622141209143,0.43046198317797113,-0.5389100896226506,0.022123294418762755,0.3679066117961315,1.2096918721544732,1.4231028503618772,-0.5570978625139498,-0.15530876112875286,-0.22566343414885043,0.819439910120241,0.09698336406696757,0.4208875611493609,0.0878100708334155,1.1892650021539688,0.06977860956216576,0.05943851065491109,0.9347037553003905,-2.1972064263127122,0.512584825675994,0.09030277730424262
2018-03-12,0.3828856654753695,0.260548337267821,0.36390889671105975,0.32250078956050326,0.5616863337108134,0.7843471210087228,0.5887588267634145,0.7385787347228269,0.43512037806996995,-0.3845014503710756,1.7023573203619407,0.18235312484689858,-0.04045567536078145,-0.07460758941293165,-0.09389091233689097,-0.09771149884906769,-0.06282140348573917,0.6600401882586128,-1.4993945142993002,0.36239043003018107,0.7205294371062717,-0.04574275252074292,0.2623013097839443,3.1295067272256922
2018-03-13,-0.8144216334667781,-0.4194116876645361,-0.3856381112450863,-1.1129858606318304,0.14178431061006166,-0.8496082150119638,0.1617963562162223,-0.10461522652955266,-1.9924603954305078,-0.3656655390145172,0.1564704746188045,-0.376020445432772,-0.7117877193805032,-0.42797838765212587,0.7598213336305519,-0.7890056817833309,-0.41358733289865707,-0.7216484545037555,0.009731491204550531,-0.2316805076411213,-0.34460697909247423,0.12352560412235086,-0.24967506187174357,0.08452051875106462
2018-03-14,0.7595403283481046,-0.07974262562341762,-0.38933317275190266,0.15819389466028333,0.37545294886383734,-0.013068840653427024,0.0678391407462349,-0.07360232202931576,0.13199027834237698,-0.17325573715821482,0.19553275373647053,0.2823854254623115,-0.09046930202525498,0.07370399515212402,-0.3605851058848799,0.2425307585724298,-0.3606050986330101,-0.34059453243683463,0.8653822643150976,-0.025726150603778017,0.1369910184946896,-0.21501110916383673,0.33481020150913365,-1.5108297797191215
2018-03-15,0.6103254783163173,-0.8927122410816085,0.04324893404268605,0.5182864294147603,0.7028200256352032,0.26066050933825247,-0.07213014381232027,-0.2917141250773952,-0.15848883104912778,-1.6629987011342042,-0.7326379141877358,1.368754612413337,0.08448085765157089,-0.777085937156641,0.3318320900420744,0.21316530371479214,-0.24977332916659875,0.1499968890916901,0.3486737778715657,0.21046862638771602,0.13629750482027722,0.12352560412235086,-0.46924308864257824,0.18780385677593456
2018-03-16,-0.14010834648754575,0.1525227083816136,0.3672565524081849,-0.04493507375022571,-1.0857187822225578,0.06502121055431781,-0.8737232676258855,-0.0425236758560127,0.7181259294226956,-0.8580593222828965,-0.292876057903938,0.12524057885533726,0.021948449377340317,0.0565178109981222,-1.445110868180013,-0.5696866997452205,0.226790251887073,1.1965442114947338,-0.7775475176702893,-0.3165254193817857,-0.48007798256332407,-0.384947162720938,-0.12898765477247526,-0.8258169337725344
2018-03-19,-0.3523018411185452,-0.34685023576889035,2.003418670476744,-1.4797135131018404,-0.21175488585862337,-1.2528664092554689,-0.8419548346072672,-1.050341720814786,-0.24681496817560414,-1.1943491225006027,-0.6742312393731611,-1.1398072856020771,-0.04045567536078145,-0.7194715785056119,-0.37001290069132164,-0.7533445573695071,-0.33907845429034517,-0.6157936332827803,-2.504999834943866,-1.2922271932224707,-0.5207200811888264,-0.04574275252074292,-0.8304017562370843,-2.950028361091711
2018-03-20,-0.0881665538985888,-0.32074085417484083,-0.44000173555316985,0.2606422522881628,-0.39283933570051327,0.5997589493331706,0.2162276914873951,0.6836320893228178,0.7648508766341273,-0.220539715936562,0.28996977425492826,-0.45610630631863736,0.059240489077391364,0.03829251569776944,0.5503014852407827,-0.7972967944810617,0.37249580176092706,-1.5322199911546794,0.4784098675744947,0.839170885154737,0.22574687805410518,0.124193301036354,0.19593845779554706,-0.8814940272889051
2018-03-21,0.20380632811608582,0.7439447476083425,-0.4447954136015183,-0.6950168183789428,0.28321729669678003,0.144200507051996,-0.5590428225553059,-0.5783439793484314,-0.07522059048630944,-0.33021121045687146,0.5347928728885321,0.6028159946074673,-0.3775401411516701,1.396570242949823,-0.2073181392063908,0.09779903065902269,1.013220272232616,-0.3203013510520174,-0.20493088728863632,-0.007438907562855755,-0.22239262990437045,-0.04574275252074292,1.081803701033726,-0.12342403807847895
2018-03-22,-2.147674505570161,-0.4941214963833113,-1.1981252673457785,-2.2890536257609053,-0.43832861970031595,-1.0828778870434606,-1.3633476544011875,-1.1617948217276148,-1.0183410421704067,-1.1782908964514778,-1.351634274119669,-2.229369780473511,-1.35601798612298,-0.547626873741426,-1.3187299838963888,-0.6995214386023851,-0.883322917164106,-0.5605526144249674,-0.6636070492968104,-1.4162893566699362,-1.3332454589984508,-0.38626608481158425,-1.0182811953461868,-1.4552373872939735
2018-03-23,-1.4046358927966827,0.3597028428586746,-0.49937575243390725,-1.030287271012277,-0.5325634251120824,-2.0819238810673086,-0.8380012430612952,0.08650559596290029,-1.6146700874648565,-0.6513163931797158,-0.26447613025896066,-0.9433166423259882,-0.10527108060386235,0.22648512357324055,-0.7455692741531642,-0.8863983847554618,0.03272642715529123,-0.7535036475671626,-0.31715043628741846,-1.6057522797178356,-1.4936398836951885,-0.04574275252074292,-0.18206142392644925,0.987570311040698
2018-03-26,1.9408543357596106,0.15230102711391189,1.367764003540979,1.0090544344941341,0.963633048043298,1.4932822466728974,0.5852994075781424,0.725606776356611,0.5351380621967375,0.8444795992623607,0.16856054393437772,0.18966634413339842,1.33250076196902,0.29937621057342534,0.6342374309733261,1.37122059665313,1.4019154734858523,0.1828709202417578,0.7985739942123726,1.7341197445494256,2.1066107233756224,0.2947805797700984,0.4450273814787358,0.6440492002960232
2018-03-27,-1.7613901424685852,-0.6723983681395381,-0.9552253154426726,-0.8489116970099382,-0.47709316621850806,0.18756881710313597,0.12588630282426252,-0.8428821788968003,-0.31962442856186135,-0.16692674717560452,0.03836975469542911,-2.3092216926295093,-1.3226762553611806,-0.97047746083082,0.6591163139657962,-1.0809973891274502,-0.0853652408753574,-0.1930222640716639,-0.9276061142538611,0.4250932216963649,-1.307136797198436,-0.5575033994026718,-1.1714112663258733,-1.1151370437258918
2018-03-28,-1.472404389919372,0.3025561260534707,0.22280031355657667,-1.380177658880551,-0.1284883770463686,1.781841685053984,0.024848262489022263,-0.1393248968467616,0.2279915036502586,-1.1824617825721393,-0.26486543392550943,-0.9235523817288551,0.6808042528981963,-0.39090348688891957,0.08347197855334106,0.54380480913606,-0.7796893912384391,1.298829246247271,0.32961605200251265,2.1487452702467804,-0.8378425102335442,0.2960818408040846,0.5568591117821955,-0.014049028677204995
2018-03-29,0.9429219988079672,1.1670678635127079,0.2216934241788655,0.01989850414107502,1.0440059211050254,0.6141218897841818,0.673313175091646,0.4718695799531152,1.3764579172491678,1.5134175463391786,1.272689071025262,0.7929299658419275,0.12580267178298726,0.7349727437684737,-0.17756261270594942,0.6729319726628494,0.5771486215457573,1.0913198434133349,0.2309256824076581,0.581416289644205,1.3177543177888627,-0.04574275252074292,0.6713232474408011,0.4289407573982479
2018-04-02,-1.421965853083569,-3.5722187072419773,-0.4954831566374476,-0.5607336814758214,-0.05461973155943972,-1.4330933520507698,-3.421991694604468,-1.0108440507422631,-2.3478873793726134,-0.9825798683641059,-1.987449945800143,-0.6821740192663447,-1.1225819735710292,-0.815692958951905,-0.5069468954887478,-1.119173158454256,-0.9987452805844886,0.12419110823879649,-0.43675967418255407,-2.3456988836566675,-1.6874914784685229,-0.3875673458455704,0.4620790703107772,0.5348949996229343
2018-04-03,1.5267353228863088,0.08837703349809575,0.6165212603981717,-0.003486767414433461,-0.12132346923607502,0.9565421653958904,0.3474817696210443,0.3790907339267092,0.6150211848767597,-0.4959131387920859,0.4818157910047479,-0.7088219068841277,0.9010208960002951,-0.09968154589355006,0.5435314979557455,0.2061717596583966,1.0470234539054046,1.550656627419518,0.8724636404114904,1.0629719200756504,1.2087203611867126,-0.04574275252074292,-0.3253905142042138,0.09510517199588397
2018-04-04,-0.33993785127202475,-0.15269603436577922,0.29085460693663634,0.7738489214135319,0.23386549045263003,0.35936201754846503,0.2916755318245189,0.44012224451843746,-0.01349323975354982,1.2488221538174142,0.08279273697554587,0.7873312133306809,-0.4127873601516738,-0.0802131113694657,0.3273266116262146,0.45236826445972694,0.3445977837402034,-0.8929605556288203,0.08668762241852253,-0.38900625421729507,0.5253222616095832,-0.3902503489667068,-0.32865455511383435,0.20363896259277087
2018-04-05,0.04900524915629634,-0.02584282170768489,0.3591384314463901,0.2294558221013261,0.8076756681927387,0.43531797454747223,1.1695527048360914,0.0855091401901436,-0.26598081492855163,-0.40276869725654246,1.1525780602195648,0.11857065140822387,-0.0791006518265212,0.6839864518664875,0.22836187511057432,0.547698494585982,1.3989819731748054,-0.6729230875355571,0.1400098100818063,-0.24821949357341072,-0.8519621651032506,0.47000215851631294,0.7339276661315595,-0.12278620616563914
2018-04-06,-1.0550834600427004,-0.5528092861089688,-0.45122440528664204,-1.0283200571206401,-1.0887366279925328,-1.2683011400238389,-0.6969294983322383,-1.2704677187519742,-1.2660979428706634,-1.0185872826437716,-0.38548084996985443,-0.8031858225386835,-0.36341198373594136,-0.11723686228549596,-1.1567260163781508,-0.06552769087223324,-0.25007899692130087,-0.3936281113448517,-0.820927825124794,-1.2922149970322416,-1.229700477020913,-0.3889036759550135,-0.7208350241583392,-0.5608892711599335
2018-04-09,0.9105946049702195,-1.6529336720327599,0.39515869043878954,0.8155438529442478,-0.03241438772433002,0.14495162839592046,0.6459458632473064,-0.7987593884161447,-1.4155801788361935,-0.032400957790607046,0.8757454695209148,1.0694382517111058,1.456881762454594,-1.070003596265021,0.5761619916665326,1.0254370170882388,0.5534382709726611,0.17654229143388322,0.0878437101518589,0.47580820898243237,0.7860556823522307,-0.5655470475230936,-0.4073947948208448,0.8583815941836486
2018-04-10,1.635383734163337,0.4786963878198956,0.979115861358896,1.2613170031305607,-0.4616954851991712,2.08827055386933,1.0878744661568978,0.15571781919444155,2.3966250509582063,0.48980904205865433,0.11882366135954474,0.23834021991284818,0.8136880346724754,1.242051297032361,0.21353067558813066,0.3062782175572095,1.3016020681014,0.15018285027402706,1.2125108812758552,1.2696857176155096,0.5948167545113946,1.157745798206724,1.4739928004954868,0.2019866752595036
2018-04-11,-0.05388558907081579,0.9972920672469835,-0.09602442209827335,-0.316924758819445,0.09619244327399001,-0.3200068439662886,-0.17566950396022465,0.056351688939707184,-0.5250365508524302,-2.073991432944459,0.15921256401225678,-0.14423298555172004,-0.6925791512903583,0.6091234259054147,-0.35660079908322156,-0.45878885155639176,0.16178207652631016,-0.10853635349412294,-0.4792704085124774,-0.3028390338109238,-0.3168169640732768,-0.5575033994026718,0.09031033815782123,0.41556733079705105
2018-04-12,0.10901848887730546,-0.7514549266201173,0.6557058475430552,0.29684528936678695,-0.12737200392231224,-0.4959081748137084,0.5226340033288702,2.0903578002105925,0.9484285310144441,-0.18807455857254785,0.19892125758402365,-0.8789146258127989,0.0477238516586656,-0.11438967956294968,-0.55662180053216,0.5174773646812175,-0.21199186387233687,-1.1810173594751854,-0.2784055560924772,0.47852254070013406,0.5393718089485523,0.6352862510042842,-0.15039024233076612,0.30605412559771883
2018-04-13,-0.19316753037217355,-1.0424424812374038,-0.8139616866183641,-0.5477154793268477,-0.49284543820102383,0.0840635062094222,-0.5234979046956462,-4.631122492931219,-0.33229773720574673,0.20170424858169492,-0.37256417821291643,-0.4449081781491262,-1.0812595029967556,-0.788668171153324,-0.0804778553427676,0.10588647613987387,-0.028808798453929103,-0.5881414578735986,-0.3224997218132704,-0.08704132882874918,-1.605738698385287,-0.384947162720938,0.09046385264182656,-1.852234869223953
2018-04-16,0.19369788337153826,-0.6179907450490428,0.41955603571287914,0.3056930872402693,0.13095287711920037,0.19996206711337533,-0.22629072302339315,1.2153487961805378,0.13673518617506886,-0.8032054449218362,-0.2526086832866019,-0.08413089746665976,-0.09166708495537912,-0.8726454971453147,0.24954382371146278,-0.12115859243943912,-0.08032179937538651,-0.03170794672597703,0.440397679894657,0.15197636577629622,0.22583236277135094,-0.04574275252074292,-0.34456772164715904,1.1821311979625986
2018-04-17,1.337151427380303,0.5955382768179551,-0.474581945550371,0.9945709325965721,0.6824809233678463,-0.1869387355316969,0.6237600915745771,-0.5830739509054103,-0.28631718326149624,1.556969503617683,0.8533424363468434,0.748902846953979,0.12584228558759322,0.5371390318487812,0.06783378974188604,0.8215659221291122,0.520619704646839,-0.1651079055933674,0.39346773734761625,0.2918950268804539,-0.7928312893806608,0.2934616576794522,1.0933803871354981,0.4147636357477746
2018-04-18,-1.53437310548047,1.4530689348350556,0.11072181785626005,0.3550062698172414,-0.33840401211593496,-0.6554028957332914,-0.2740716346822535,0.29591965929131925,0.3529828354149154,0.7480851974076411,0.4347318997505078,-0.17572742460927374,-0.7599653248684402,1.0631662421825117,-0.08013208921113812,-0.2603861835308619,1.1601462100770474,0.12831294190793907,0.6726500168096555,-0.1904735774406838,-0.5763358037619869,0.2908753260626135,1.3051945852201758,-1.0922016772592598
2018-04-19,-2.7721506901616597,-0.25861248576429025,0.17929606135553527,-0.10396362006698617,-0.02680522912212623,-0.8201761526050114,-0.22536500403878984,0.7616410758732767,1.2818091589086322,-1.6500012902490813,-0.5249938154628898,-0.3365579301562017,-1.3725024336868612,0.2632964437175241,-0.1296449288737497,-0.6636114679235909,0.4259870565230707,-0.9989409860744701,-0.8220736815639675,-0.38084184577116337,-3.3293958607502177,0.1216075502174033,0.24093823485957802,0.31154135170091435
2018-04-20,-0.5749346533673225,-0.6986013719592052,-0.16518118555622316,-0.7810004203860033,0.07903664190177612,-0.0727540145640968,-1.5025548120742103,0.619086678362283,-1.1031331910406932,-0.6496496956617475,-0.37049974882444386,-1.3282473108861683,-0.6105687323465512,-0.15176224819355502,-0.46133303707932605,-1.0912955530840243,-0.23291834361578417,0.6681912018006936,-0.021697266878663694,0.42706646872671516,-0.8837107323797627,-0.5497111338422499,-0.27532569775182425,0.09406857024229738
2018-04-23,-0.48395255849236934,-0.5753159911592529,-0.027466156420148196,-0.18232421472556257,-0.9188225574686327,-0.03314642767956288,-0.4418622739476305,0.12167765044406656,-0.07887660719161053,0.607577652506356,0.07685666827551814,-0.8660353233318447,-0.16043867753750596,-0.40073694905834845,-0.14752222031669138,-0.030558255004306444,0.31875299146160635,-0.5431081344992423,-0.4257627887881217,-0.12340307476688589,-0.3473395430598355,-0.384947162720938,-0.5976587034781952,-0.7752370318307371
2018-04-24,0.6349033258395622,0.04042739904140729,-0.3746534730955497,0.0020517815055629282,-0.6865667602941198,0.006511665790839225,0.4943573356230346,-1.1351317959463572,0.4703432788756296,-0.22981646072614634,-0.5813698223829531,-1.0634900285447437,-0.12056964607749343,-0.2514739244165472,0.5162439091306293,1.421947165319912,-0.013512206397622316,-0.35729518253866593,-0.07486475894262462,0.21825365431651778,-0.06067694430761406,-0.5594909546887534,0.47287075155202385,-0.5640427224811144
2018-04-25,-0.6563570384588926,0.21204917670485152,-0.3429694222111217,0.0037780540024230733,-1.060451319885402,0.8738144974073926,-0.9129459373424156,0.35720519681531415,-0.8350192664986281,0.7477058671472248,-0.5506834019161279,-0.8284381060147327,-0.3082435893744902,-0.9062934136190132,-1.0641200653413543,0.20102223821391435,0.028790384896456304,0.04924121630395454,0.1490053136509698,0.9607643148197422,-0.9004234260070485,0.8072098598474672,-0.6228533095723056,-3.0795148571686544
2018-04-26,0.9552168016179883,0.21080390986750608,-0.5235082115175952,1.241848212213723,0.46121769880326235,0.31917710082378253,0.0798420540680759,0.7813864077793591,0.21182649556354805,0.8305684266121529,0.5410631641717059,0.1929745927161317,0.33414845612653765,1.0778532591261842,-0.03120961345046012,0.5359588812105279,-0.580479874461339,0.4277695911794307,0.5808992732775061,0.2804112341425137,-0.06067694430761406,0.4582256288007641,0.7239486317890975,-1.6710125889045835
2018-04-27,-0.6114673534318841,0.4119797951764366,-0.5302446519978858,2.1616087434390763,0.08900405295798593,-1.0743429387901746,1.2704034016971384,0.4786187920137327,-0.004156791171561464,-0.3890215686575008,0.11971120018548587,0.49118283307438604,0.3319066702063479,0.17147402216907556,0.37138078299398497,0.7958934233520191,-0.3857949376476104,2.0109835483549583,-5.216991963265772,-0.38602440166452345,-0.06067694430761406,0.1209778563486941,-0.1188647944988241,0.1059110018374644
2018-04-30,-0.8978011097460817,-0.9490607254008989,-0.5737369261732344,-0.15997357665393938,0.36408504821888277,0.3029953441845301,-0.38449271391292905,0.11935118125303351,0.5643840043095124,-0.2103087788193145,1.6061559368432297,0.44579617959368517,-0.7069666209166362,-0.09673688927623758,0.5508180615593264,-0.30601157607642643,0.10106026255851384,-0.5556889216716574,0.3276211710682584,-0.04378435329791604,0.3462944416001558,0.2858072931751191,-0.2558110449960688,0.34435792028095125
2018-05-01,0.7113633841905903,-0.37670821499887674,-0.47078031797149394,0.19925045875813097,0.05352345421295836,-0.8868737354344686,-0.3874630698982191,-0.13961476606782736,-0.09694016021544016,-0.06184198323152997,-0.3199028415099389,0.5519772850575448,0.996238375193367,-0.6217137821321155,-0.3128552245875286,0.4714288938142018,-0.612457135513585,0.31015000722211133,0.5415414948820999,-0.03174278048587526,0.6301551603212561,0.11910509852281892,-0.6976736140063007,-0.2527300234935362
2018-05-02,-0.33401478267429735,-0.8442792104289469,-0.21532080273299822,-0.36731746161720025,0.5247299201431855,-1.4682917087594822,-0.44286395303058207,0.3769592766320393,-0.5737172155825054,-0.7079124200445692,0.27108107109050544,-0.9852974821984547,1.6374136057219206,0.09688609379040472,-0.29779244641008745,0.12354789925455253,0.09482785512952988,-0.9555392594081933,0.2980504128193444,-0.5027694582542658,-1.7745558839863187,0.2821126477009927,0.4339391122259426,-0.49443448684636504
2018-05-03,0.5577758983075037,-0.5879264281542672,-0.40371732734469506,0.4271549742812617,0.09757908907721925,0.16969528746197712,-0.025491817542465926,-0.33260416351165994,0.014613879479291254,-0.33330965571474064,-0.20160708463594293,-0.9101832349179623,-1.1932587581800633,-0.17754910792331274,-0.09804129258135581,0.6129248912950478,0.31108512157285784,0.524746208891782,0.4415031333330823,-0.06813900821387554,0.45318579677160753,-0.37359815274247854,0.3597964778692088,-0.4985168145045342
2018-05-04,0.6372755636250089,0.18813083891618926,0.4549705295183363,-0.11196766977015729,-0.41153943789048786,0.433045577388163,0.5473763626851202,-0.10718041648061269,-0.39034537169517575,-0.11330206075774646,0.7744651667882271,0.3327320393734204,-0.4733109914952414,-0.0798698060095673,-0.5528519165942208,0.4560799583323706,0.1659001258923349,-0.42857885030055426,0.4701758157670347,0.704166342758169,0.6508895276429443,0.11848816017149619,0.42293048008267514,-0.5026816140993615
2018-05-07,-0.21078743752077983,-0.4697223863347643,0.26616984056793036,0.34686065531071075,0.02448240412815753,-0.5015624858341232,1.7986472519005203,-0.7586714982529738,-0.3932407771608834,0.9546610948805305,0.1867701886074309,0.5818030636844922,0.012163652944952318,0.5846373250392349,-0.6267245432665323,-0.035130645846293426,-0.07838927445383435,0.02149744003733146,-0.19782970276286324,0.08826776263470307,-0.2630593222875596,-0.8730921708218473,-0.5258128293394574,1.1997508160849464
2018-05-08,-0.30650058084738996,-0.5138858896792419,-0.17785761520071333,1.4249568764607083,-1.1612778377999997,-0.1568834115530289,0.8102047300325537,-0.4369786368194786,-0.5884256697772545,-0.671633942312791,-1.7765302955274378,0.36024534527705687,0.6527480469869733,-0.23378574223174403,0.0027270525132613737,0.41518177651652916,0.2156983197793642,-1.0221244439187136,-0.1091161866680506,-0.3923188905142358,0.9865872640903717,0.1209778563486941,-0.2576245928067725,-0.9830020942044835
2018-05-09,0.9585737144503321,0.1180321460466975,1.1045703899331474,-0.27062859323381416,0.2795796435813947,-1.0860355472194256,0.168846423508251,0.45011100689912154,-0.03305954212879309,-0.930945496168625,0.3583275271845498,0.23342913922728176,-0.45808303441402526,2.3481834435795355,-1.0853786708017725,0.12506379284326125,1.188484458069991,-0.059057587676370815,-0.14261764612921143,3.15590940357698,0.18039583465691142,0.778510544440421,0.42758648737243055,0.1079805596228867
2018-05-10,0.7063603460128293,1.1788633758129945,0.294962046157546,1.1185598139542174,0.6883267205286118,0.4415151841352403,0.1679931958380698,-0.10795807249341176,0.7041837436920937,-1.0155617679915874,-0.9006635886566123,0.9991522617010016,0.10342876865172891,1.8617970725257507,-0.7345889284622318,0.717252448910918,0.18434751794892443,0.1567575409542711,-0.535033019648521,1.179935351222829,0.5304876173229289,-0.04574275252074292,1.1290963718913498,-0.014049028677204995
2018-05-11,-0.6058329019411626,-1.092435068210478,0.04290152823299058,0.18634449446907958,1.6514222005162946,0.5412426042759421,0.2631362375810007,0.3164731458690203,-0.2614885568117318,-0.9193251676750555,0.16015164551472116,0.08180378849387747,1.175741685492978,-0.034391283431398044,0.4259326860326632,-0.16660397646369668,0.6733007053151097,0.075680803666267,1.2795182919946237,-0.20825822943911537,0.13502594644712057,-0.04574275252074292,0.3635282469477773,0.10770718920998694
2018-05-14,0.7079583968929571,-0.6705826766263632,-0.28059723198403047,0.35028001871491943,0.19292139198814123,0.47606316422527545,0.11811483572362078,0.24953402482640336,-0.3011917153252475,-1.2769515837085752,-0.377305874288012,0.23253616617521028,1.0897715330271884,0.7559071159875059,-0.5963670638058958,-0.5437185563387115,0.10487739306779109,-0.599732359968041,0.2309256824076581,0.014236896521316756,-0.00491661813253966,0.763388709320614,0.7624439770877113,-0.014049028677204995
2018-05-15,-0.540188486931957,-0.5683105593836887,-0.4281550472333705,-0.04616800043375614,-0.2908931235093225,-0.9358724469730622,-1.3844740833933553,-0.4648651671668644,-1.5349631777026205,-0.9986912237706902,-0.5090578799788691,-0.5106646839339439,-2.2824536033973684,0.32156146861693613,-1.0528744171294036,-0.8496986733948116,0.35361078169304666,-0.16823213194184317,-0.9669260609184441,-1.1293189456162687,-0.9741021389080378,-0.3676211843653366,-0.13268865348355158,-0.748554856659577
2018-05-16,0.6581819671998738,0.3898826582218206,-0.35907792536767036,1.750998466894178,-0.5417691801887198,0.6226115821432492,-0.6710651140193192,0.05520812113195415,0.5568116962169994,1.6846345401535985,-0.004810118872211031,-0.09117670936542784,0.7758833193245812,0.4600035092043118,-0.5778091053323655,0.26095840401821285,-0.15829016915186042,0.13091644763601146,0.2895058445418382,0.6256654124428178,0.6293126051743101,-0.04574275252074292,0.4564385486084892,0.5987005814179693
2018-05-17,-0.17383759964916232,-1.6767248332931621,-0.0297384589859481,-0.6187482095623943,-0.40626435874478983,-0.09578346875181484,-0.4780615102247339,-0.6643702993956582,-0.2592815964630108,-0.7915510206848606,-0.8652713376172713,-3.098782884520804,0.12669792651541276,-1.0619432915392388,-0.14243751535851645,0.1901231039307712,0.6262938308005539,0.02208866856097251,1.0164111409030765,-0.41706390348827604,-1.2344910085115741,-1.0256990337828038,-0.21525325880656648,-0.5037323848438634
2018-05-18,-1.2798818880381082,-0.23562984595070402,-0.2513606708316668,-4.0019476730341115,0.1911222263959879,-0.2396294989066534,-1.1518662625392833,-0.0425236758560127,-1.1679253494678656,-0.465918641868899,1.5260457019744658,-0.012044508081525561,-0.38810134000905155,-0.49739642340919926,0.2596536980414911,0.207219965078925,-0.480019451977177,-0.03224001239087864,-0.2700823100643895,-0.3900367871283501,-0.837847341419758,-0.2112061702744594,-0.9654402901732985,-0.5079688024630794
2018-05-21,1.2033200150948549,-0.03446201057550534,0.08105487586633113,-2.0214206746433296,-0.7224936102999131,0.5386831377646786,0.18147095568430177,0.05611207610011277,-0.37763546021653616,-0.629683034269212,-0.004810118872211031,-2.135308590060467,-0.0792037989547344,-0.47267974489057407,-0.6744228792531285,0.24036572266011266,0.6926004743718099,0.13063500876533887,-0.2818945770400083,0.21155245311340387,1.440689041228895,0.11972066523297359,-0.3761312447705103,-0.6375498004754573
2018-05-22,-0.046691440729063845,1.3542624039793048,0.30175116293926846,-0.08606462988985726,-0.6340242241336387,-0.3819733545340433,-0.025491817542465926,0.3829553987395347,0.30894044258401665,0.46356075299339267,-0.04625976886575659,0.2620167789849457,-0.13096678530077482,-0.2954132871176728,0.9183063762384126,-0.34878137027770767,-0.6638312788720586,0.292426903244742,-1.523372114127287,-0.4370659369669213,0.1786152557644644,0.9342135287413178,-0.049770823827794006,0.9803052629784003
2018-05-23,-0.6187972586126335,-0.5427375230600078,-0.5844081625232248,0.07367370532182937,-0.30690274622642405,-0.05502671065662497,0.538655700518582,0.8953598542589991,-0.4694324742825977,1.1535995019251994,0.5701115477540797,-0.5201116705919965,-0.4948979579035033,-1.0359180874333271,-1.2059696432658236,0.26224423404240726,-1.2349565642120564,0.18353210077406718,-0.7189017482322536,-0.5561145280416167,-0.04663175436611209,-0.3699791492405413,-0.11578847428661598,-0.014049028677204995
2018-05-24,0.09885737562047517,-0.27175501561637777,-0.5550790549841064,-0.014516320782164905,0.18528969955772295,-1.3198733747703597,0.07630931722787601,1.3203710291166137,-0.3200658939862627,1.127277609568512,0.035820838256594545,-1.685694145743929,-0.26241007101274355,-4.525825735121584,0.24453374326320268,0.19648004108660871,-0.8403780341810592,-1.0904910213015773,-0.06485267166511058,-1.4359290985489255,-0.5969136943089284,-0.208759385797699,0.1477898258323779,-0.38490254853455785
2018-05-25,0.011435858605599822,-0.8411070787312697,-0.06847317853719229,0.585081890057067,0.5077089185767716,-0.7088236662667927,-0.07636282478474363,0.20751505325446626,-0.19872294655075876,-0.07219420713385652,0.15714813462378424,0.9274416815323834,-0.5261950961535561,-0.36282573046382144,0.2616356426030607,-0.01899321810409214,-1.1259583806318523,1.3487706221506597,-0.12165470982088814,-1.516197739963285,-0.01814865802220392,-0.04574275252074292,-0.8495133048139029,0.10983327208597964
2018-05-29,-1.401971485021571,-1.9702298297265284,-2.2440383864667153,-0.2841653931455824,-0.10588351483632204,-0.6523760618644612,-1.1076190912251018,-1.0492201269218622,-1.4711413138402092,-2.0356931647953123,-0.7408713461297569,0.2600443816818121,-1.2782048010908718,-1.5213857566896911,-0.30884847910087454,-2.0638199170653673,-0.6281140657528098,-0.40816549380965755,0.17332974038278812,-2.0288399058505204,-1.6997811406634822,-0.04574275252074292,-1.3620626601198234,-0.5112167482779342
2018-05-30,0.31748982070525006,-0.16770081291925273,0.6401529794129442,-0.06563782931426795,4.497691781600176,-0.4219793593568658,0.6475426889410132,0.4000798817882648,-0.8122723956358803,0.4989472587606265,-0.3380641962121116,-0.6072189372559486,0.9728474915225884,-0.0010353892033076585,0.0040833127336002565,1.1430184172530533,1.6335331292634936,-0.5465950993275371,0.6323989099464262,0.3034212174130335,0.2013606153447194,0.9234380786477905,0.22807345596344972,-0.13901288237327752
2018-05-31,-0.16498397779220286,0.2660918558346653,-0.22923249799497483,0.1573223648934747,0.6098493068765605,0.4990468966610429,-0.7507201430828279,0.11473255504830696,-0.6402492835654495,-1.4291699473816506,0.4111590926567762,0.22783670688106028,-0.06690920213461049,-0.1373757151197859,-0.8885724574778588,0.19339242774299914,0.02219977951859744,-0.496483803701042,-0.1877143658083931,0.4315433354993693,0.45972085830025006,0.2726582619756287,0.13364458134715854,0.6080825446195967
2018-06-01,1.2894856056383264,0.34969176936707874,0.8283547367932209,0.9643809408589323,-0.093413580267013,0.5378658518894355,0.7510843388477696,0.2706771356078692,0.6961835273059443,0.6655456154904991,0.2419278360043395,0.6733817889679121,0.3421047623557289,-4.26090213516319,0.9703926353336637,0.48991046692677737,0.08693241521173549,0.8388437795174565,0.5921169281104891,2.0058031787759747,0.6541264376364689,-0.20465299353418154,0.9766519930998326,-0.014049028677204995
2018-06-04,0.3674977507143461,0.662611972695245,0.5458464570826967,1.9565474098998688,-1.621358291227013,0.3443922838860923,-0.7498741548758187,0.4240945177212749,1.877357581956626,1.2580848386571934,0.4824396972876577,0.7889644731022857,-0.3436708290475079,1.4779696403435072,0.48040670070327907,0.45362224202969903,-0.2877759353263977,0.3185913130670324,1.4838371514265902,1.7378166935548236,1.0224891238659133,0.4292630871828065,0.06150772603451514,0.10957051859443975
2018-06-05,1.2166977305530706,-2.159601294718109,-1.0774774362724067,-0.1374145702510594,0.20168136301198436,-0.45851614430371046,0.596139709004886,-0.2909166174620229,0.22248338645773366,-0.11949397715854887,0.7894530316177208,0.11666925376007381,-0.33187294298562575,-1.1618697403319562,-0.6935820365906997,0.5455128969865887,-0.3622382303148312,-0.13973454913066888,0.19308041929466838,-0.5086928281866953,-0.662948292859332,-0.5207485922242923,0.21778332211306373,-0.7598001492456514
2018-06-06,0.9323703587041113,-0.9005250651827924,0.9767141276251636,0.608014637333465,0.8945973689466841,0.5557394729209248,0.8907160761404797,1.12780669545206,1.0742919004252445,0.8739045307455833,0.6535683045279389,-0.10888998542241891,-0.7480663770832918,-0.56032614811016,0.6283332291326607,0.6243500140501401,0.24036023817165963,0.6119311657922691,0.868900024502975,1.5593000696882304,-0.03252563769392398,0.2714927878332589,1.0032140597511665,1.223494452897639
2018-06-07,-1.4506118840487587,-1.593009861391464,-0.26221148958433016,0.1473875109076588,-0.2420839173220837,-0.16199814735386714,-0.12635577004897142,-0.5631207910573534,0.13663247525741104,-3.152968664674915,0.788311021366962,0.24170889837000037,-1.1785332793335286,-1.0434678050057298,0.8187417458491777,0.0019877842570949393,0.6916355845882428,0.5000665533386137,-0.3697442911651569,0.13624173538118875,-0.11701998605119772,-0.04574275252074292,-1.73659017033085,0.5947623262938868
2018-06-08,-0.07965927616239403,1.5129195404630746,-0.2251185590568378,-0.19287072995649557,-0.9847245767078817,0.06974879168690232,-0.6867972105232927,0.44758279362936515,-0.2356491653340819,-0.052213179969730066,1.0558679022917483,0.6060314047830881,-1.5346010287993959,0.3325295800550539,2.0651796257626724,0.9280504344298467,-0.10675720191219253,-0.005075671914953065,0.03101418633649716,-0.16453842857058,-0.8982219433415451,-0.20406805186130614,-0.21186164149441594,0.22767254097753034
2018-06-11,0.5076099873415509,-0.5981733870445494,0.2778127608742103,0.9315713366986758,0.42952245759673335,1.0727461658468598,-0.025491817542465926,0.018441350834289206,0.9652553938012535,1.04573201928268,0.564149630346337,1.4895481329223674,-0.18062411276656223,0.27381547312043397,-0.15284067212427885,0.6281955612309285,0.3219734658062089,2.9177732950803423,0.513485577800317,0.5165509053518827,-0.30437289527585976,1.0508410139868705,-0.14396711400383416,0.8239746392051521
2018-06-12,-0.17448423352834777,-0.08795434189293742,-0.5361828377189276,-0.3474147208962529,0.4884845872208911,-1.0597228342651812,0.02573090534209161,0.7141547981130457,-0.8224844331214319,0.36226671232351726,-0.6456826408934513,0.6161870486338414,-0.8027649041766933,-0.2758862515270493,2.04240272343852,0.07290467969799713,-1.1005698128851864,1.0722486216114557,-0.7367360821051934,-1.5348242940966905,0.5678610212026411,0.7211765080834669,0.6105690860649253,1.5102895388728377
2018-06-13,0.9595686532947499,-0.7548010912655406,-0.032022217455317234,0.38755283433856763,-1.283220721607928,0.5103810135929101,-0.2307530886226368,-0.5863170199199678,-0.4181813476584784,-1.2739488607048217,-0.29426906935875236,-0.3826765533646275,0.2570948459384214,-0.3066332934753138,2.0945232318539913,0.13895520294432837,-0.24741112715973018,-0.9057331827419192,-0.08525562657895158,0.47663760637648117,-0.2741352545277488,2.3224072943875447,-0.11918486402694348,-0.36222615543285036
2018-06-14,0.43039655025238194,-1.7709383756068038,0.04613709325462935,0.09841297326982185,-0.43062079894159677,-0.5816937350177909,-0.6993171631467007,-0.6464666851749449,-0.5237635596592246,1.6385443864589722,-0.3339530753029568,-0.06559794299829119,0.17123572146398797,-0.42342212948734587,-0.5136181523384493,0.42716583473460856,0.4736952388597263,-0.6382711514337434,-0.7890541140449894,-0.0082586668164517,-0.7060964846064004,-0.04574275252074292,-0.5784069329020293,-1.5478486791847939
2018-06-15,-0.2954143226851602,0.7576860336307144,-0.8610264242645462,0.3464180947183346,0.17215313050953465,-0.6294123955501472,-0.603858602193155,1.7230503968131248,-1.5103602922376287,-0.18497208675199397,-1.4373775105020317,-0.06404185750965567,0.22664893114022008,-0.22903253033995472,3.188440045336484,-0.12010951464140827,-1.4174234733369155,-1.917772156101555,-0.06423808895690891,0.1893796859358576,0.06900750985684462,0.24152831069390304,-1.1590271005562949,1.052200552507814
2018-06-18,-0.9030947406371561,-0.8472760597207096,-0.07273050597820917,-0.5981565645064955,1.0481953971055797,-0.31369452119328345,2.042044253888902,-0.9339726167900952,0.6763981302628188,-1.153234777794131,1.1691425797254742,-0.43146622602633183,-0.1668594397204639,-0.4920201478460448,-0.07536555872636559,-0.8904141704104306,0.26817764921315984,0.12601378997657892,-0.8649998540778626,0.38540221118306156,-0.697537532932026,-0.7674601771456385,-0.0059231574273440335,-0.24927805388878208
2018-06-19,-1.200316691593782,1.2533808560399136,-0.7181002374820356,-1.016997210482929,-0.33398527350445273,-0.8115451138561556,-0.38034001158361763,-0.790953517866526,-0.5899629320290685,0.0366584147343328,-0.5669022431997862,-0.5382357799068089,-0.15300398654979216,0.7179465105760766,-0.2437085102673704,-0.5136930304862457,-0.07358162623297303,-0.3728260614263096,-0.1954285447776144,-0.23970114005888757,-1.074323274117762,-0.1915146087736736,-0.48895804230262624,-0.3687222308548267
2018-06-20,-0.21446787100832224,0.7329629143017176,-0.07428723367558683,0.3000446822375266,0.8766544644562295,-0.5589322327192977,0.48056040903668823,-0.16821896558054866,-0.05677750899021741,0.10182169028493114,0.14615351841806698,0.8549195611971526,1.3246489548393332,0.8921888036063501,-0.2754875198552552,0.022374831909183983,-0.32712113897921685,0.31028900146443383,1.3702407395500336,-1.0633628928764343,1.0983401735181617,-0.48597748538789476,0.04271032843948903,-0.7300823671295139
2018-06-21,-0.3528744776328505,-1.2642526467750055,-0.4843509973996954,-0.5387605986018363,-0.03276238372066694,-0.8285166961284501,0.2753650406380686,0.17726285050670987,-2.749665617364256,-1.1648629846116256,-0.8063114277303662,-0.14937004290203265,0.984614800713043,-1.2082570700112485,-0.7117688579184246,-0.35599759780016665,-0.4723593060874294,-0.005075671914953065,-0.4165704577767605,-1.0356025031774436,-1.130802141777064,-1.3934398488986937,-1.0182811953461868,0.1059110018374644
2018-06-22,0.4504692385883937,0.45106117711549865,0.5391539806008938,-0.2270435205705034,0.7845928180799624,-0.23714047178552922,0.2733038684929548,1.4727447330572583,0.6026861060521349,0.38675906224648154,-0.37090217168004797,0.7615209151010676,0.5532403992746477,0.05633247440976967,-0.295887969028815,-0.07620925945231363,2.1633263560449696,0.2565069536452612,1.164576687042042,-1.0185995333953484,0.6745086240303747,0.7080524624467018,0.5659785639058117,0.5820242792604345
2018-06-25,-2.3992273919940184,-0.0924546552948024,-0.5250391048015816,-1.3443655739913847,-0.6160781994959431,-1.1121653575651218,-1.9532370071534642,-0.28718568538226535,0.5523411982421828,-0.3666670547394494,-1.558715387901617,-1.7606689718940234,0.1338843404013855,0.4535284077395644,-1.3964057941071888,-0.8362174990447888,-1.510142613905175,-1.0846081276066932,-0.9404315647182804,-1.502075948985824,-0.46338970348311337,-1.1047125168394338,-0.6783536239167536,-0.25171538765668827
2018-06-26,0.27132390884011237,-0.44041991974364314,-0.07540824452886706,0.06120015230441295,-0.06392628729637327,0.18675684545757518,-0.07738174211392393,0.20213833367023992,-0.15633215161795416,1.1861611117222628,0.9711265677955797,0.22209014677866531,-1.2437966997298764,0.41828522229189347,-0.8414574756439515,-0.580577424979816,0.7029436482303462,-0.4314660073100537,0.44459907187808434,0.36580980833895704,-0.13698501875265795,-0.3530384367551076,0.5677863467527698,1.3973713438209898
2018-06-27,-1.0637298763391418,-1.2140245033468213,-1.1222293272740587,-1.2542834988008005,-0.2668745264470828,-1.9102832703853645,-1.9357825860737192,-0.22590919798580747,-0.7386170614174958,-1.6431611631899259,-0.651762358268599,-1.0176120086671556,-0.9340979988936483,0.10969447129986652,-0.4410044849619001,-0.21622960820386325,0.6208083928805873,-0.24619711398485142,0.25150188417711694,-1.3177574224512418,-1.5307676583531313,-0.8234721152886889,-0.7816511357593401,-0.4806468450689678
2018-06-28,-0.13418247659466662,1.1759824711785603,0.6381667732230317,-0.1263777443527141,0.20651435823524714,0.07590088578926417,-1.1238887145847578,0.9890169356977956,-1.0748302291446779,1.3644135033237208,-0.3337945661436139,0.40652908698340573,0.028748269685643226,0.16420415905030034,0.16653603741909928,-0.895550870969937,0.1092457650419269,-0.24714379496076794,1.404857338104898,1.1930348075242345,0.6095544710062479,-0.9974965671025576,0.7945117704281732,-0.7212052258041536
2018-06-29,1.0362555857213658,0.40364276555880674,-0.28628144731286304,0.13393385235756025,-0.3607055746429549,-0.08603051582787999,0.8008739937036767,1.2359930426889199,0.08592264617872036,0.21035810223911894,0.9711265677955797,0.9156804987294221,0.8385600679038288,0.5156807609521387,-0.5755550467582903,1.2938441938329375,-0.01387476591309525,0.29065687895771786,-0.504291652374157,-0.19693295150143783,0.8917111414546359,1.0626604231119345,0.09272068546831062,-0.1327581727598223
2018-07-02,-0.7264239937482454,-0.14373968432102735,-0.3307130122112004,0.5348194784795184,-0.6416606271004679,-0.6215092155809913,0.13793153279766857,0.48428476319010005,-0.16188376315264014,-0.4354794674271307,-0.8569396757441687,-0.35609950583668215,0.8264519833706907,0.10649270011476696,-0.08079449452722161,-0.19952461842816854,-0.6037769723971036,-1.1144925425480106,-0.3837637934253346,-0.5662635704497272,-0.09115339346321154,1.0354842076310198,-0.8291031972682545,-0.3716872383903965
2018-07-03,-1.004268372706929,1.450879851901743,-0.20543198444137017,0.03298320200774438,0.30931160759401866,-0.22759490997231424,-0.2982000159562932,0.19005391536885732,0.08603407666092446,0.1631244438936437,0.28203398575108796,-0.20815182951286323,0.241400325498661,0.3984512524745592,0.9079398645794047,-0.09346597508102919,0.3582714380642042,-0.1690946883928203,-0.02245769199004472,-0.3530517409964776,-0.28973040261643934,0.10658052263018851,0.14535651042830033,-0.13377498281902436
2018-07-05,1.0803855682576557,0.1495166786567276,0.5993434444775412,-0.3808519257670285,0.7639084891353844,0.5204592643522502,-0.24488794807731393,-1.067139926531901,0.9666471476322765,0.791485790106007,-0.20940659070187492,1.0032432956357245,1.0745842551521019,0.10449324071594483,0.3112009332538404,0.6533988606119252,0.13135128842749372,0.32252652939168686,-2.067829711366331,1.001128127672452,0.24452444512610072,-0.8126620131249529,0.319364349913163,1.406187494658431
2018-07-06,0.27489570329902696,0.5271406291827199,0.04905230091158672,1.2452970924215037,0.03951830379076248,0.16921042606909603,0.19390431299238212,-0.6065481686289504,0.8946398172447912,0.9354289401096824,0.32185094226595834,0.7128161206675764,0.7440535298992885,0.4170429927743476,-0.06308306892462798,0.33802398705500425,0.28272772805121255,-0.14136412286726807,0.5025709964430644,0.27304172779037494,0.9646456496646063,-0.3562901866673214,0.8535721994173502,0.4515769655030764
2018-07-09,0.3851180829252305,0.0529332232675448,0.5076960386775392,1.5911665062273959,0.5524479280875941,0.6074576009690041,0.1928087194177043,0.698444932324489,1.2733168988876558,-0.4075747267658978,-2.284975027383124,0.9132447351847269,0.28354753992282694,0.6901246139803969,1.0152641895520158,1.1477058503369728,0.965135659293622,0.43002785574716734,2.062853694750761,0.6650234557702753,0.7697408547727389,1.2046235188976662,0.3314222358569706,-0.7139360108662782
2018-07-10,0.0241829465481776,0.28653967497479227,-0.4097351109120824,-0.10622852384803644,0.6622420277057106,0.3737058523471034,-0.07996711081507332,1.0656885285555784,-0.9026458719500214,-0.23398157390714225,0.5176611000380151,-0.3844904753204602,1.0361700621145633,-0.05162893336833333,-0.17395574377453593,0.12977782220530987,0.3391223963435125,0.9629594539445675,0.01798460463805617,-0.8931677769930858,0.08633205078652681,-0.20406522028578244,-0.19824619231305193,2.286242792306204
2018-07-11,-1.498710440881829,-0.8905752397878567,-0.11878347707841506,0.0037780540024230733,0.3738958085100935,-1.3808109887190656,-0.629207759042013,-0.10031506817332157,-1.2377340546630344,-0.6218354021538216,0.5930420537083493,0.0023605964637701,-0.884818762609106,-0.8237121552282255,-0.38323229734926273,-0.9743123657089177,-1.4397186504839803,0.3143282729104393,0.2314708514321951,-0.767231160563071,-1.4881153879333144,-0.5241942101285659,-1.0852032486080339,-0.23993207610718129
2018-07-12,1.3665457966221006,0.7157218036523939,0.5496909016894699,1.534655957416309,0.8111071064716046,0.4024810049287361,0.7957148141393559,0.6757140049838242,0.05105188862981882,1.6634788096429642,0.6223155744202723,0.19488269215849005,1.3101797327769173,0.7201691719266085,1.1633859852022332,0.818363044116116,0.1378461653117599,-0.05820652044221624,0.19964438994847988,0.6608622183119822,0.4490546007115338,1.3743004300988544,0.9041018509594607,0.3244374536179264
2018-07-13,-0.08802976400029446,1.1568186089138748,-0.07596857582633752,-0.6284743973172074,-0.4037898906634118,0.28463000096137947,-1.012800483015298,-1.7522945195176547,1.2604553977633954,1.023369633712525,-0.004810118872211031,-0.18585758459381851,-0.06566270142597078,0.1510303598567171,-0.6582228525716565,0.22182028434045964,0.3886475605042836,0.7607281490319827,1.0461372431422482,0.17544255032074782,0.6216447625709023,-0.8290120097674736,0.28366860712825154,-0.014049028677204995
2018-07-16,0.16283610831630127,-0.039347259005864624,0.7893098657652191,-0.012683242810937708,0.026471509381842694,-0.3413107696353999,-1.0355573605820698,0.4845236309743547,-0.6217504335102318,1.6182185638462847,0.3241743283991918,0.250366413980422,-0.49610890101216676,-0.20399504754541117,-5.886915321438995,0.3175757164479809,-0.669586110706807,-1.5461896436493598,-0.0930885121809783,-0.025726150603778017,-0.031202624214953602,-0.6825166778936098,-0.3683382033117924,-0.014049028677204995
2018-07-17,0.970299819773908,1.0766300127790611,-1.0670917061373912,0.4413670388814228,0.07092514160948489,1.136179858061946,0.8178342242962137,0.825279584571244,1.2344373343372113,1.642155706221177,0.642142120524177,-0.282989485596295,0.7422236104576271,0.8758392565216601,0.09316731562658226,0.5227803043974056,-0.21753015415002167,0.7967922154474902,0.3017159615576652,1.1466275646606654,0.30646464397662404,-0.04574275252074292,0.6196474452339881,0.8789102404618535
2018-07-18,3.0695663500616783,-0.6144683292616072,-0.16065329599268005,-0.08513388759881897,0.006518711195744646,-0.2684044208679914,-0.36087787576155533,-0.6776033556934234,-0.5498307227153505,0.8931435713976897,1.8159376145689814,-0.7568781862238654,0.05982971273275492,-0.5740466306447145,-0.032290009919595804,0.14209432536359815,0.09523789699959427,-0.6457562132081859,-0.6071027932334183,0.35724128352156814,0.4783099239000381,1.3743004300988544,0.37296161515975046,-0.12489253334776543
2018-07-19,-0.6464614968056698,0.09529173451084531,-0.8416284127183814,-1.0484541408503096,-0.4396033707356686,-0.3156434188368196,-0.47670273076728453,0.044500399034403,-1.288950077466546,0.46094362501555747,-1.1146379064975878,0.03456770863242921,-0.5561058522705917,0.09949086407290493,-1.0634147196487083,-2.350341321731933,0.1965862905755584,-0.19317701286753777,-0.4926009666847949,-0.21697460736747826,1.9327800718941515,-0.20129726884631577,-1.2788103861199194,0.2074337738830418
2018-07-20,0.9629506241102215,1.9139341296850054,0.5183158983238886,-0.369609395173056,0.5953754035045357,-0.43316806130051416,0.8723343660405837,0.820452205494995,0.3911688207992985,-0.15622855412185968,-0.043849855536089014,0.28165194718036773,0.7501563488899885,1.3923173853046185,0.7293104553966917,-0.5487439834457983,0.2606958017395369,0.5308753774577628,0.2662056861957839,-0.007776201548751444,1.2114626310428658,-0.04574275252074292,0.11637619516624369,0.8634246889826148
2018-07-23,0.1601711084228431,-0.24797733272735878,0.17611519244625656,0.06522764787865205,-1.2265371381289802,0.16882631971362172,0.6360112031223023,0.3557790892926286,-0.6425556675756455,-1.0358097227636827,-0.6766903280241461,-0.48543045673174606,-0.1652914271256154,0.09409867930306852,-0.39399677934311017,0.19660198886129665,-0.09315954094857111,-0.352925380335078,0.1453329226604866,-0.06762306115862385,-0.04699352527615332,1.1835076346558666,0.5746107424316632,-2.007724748230925
2018-07-24,-1.6383700694989096,0.7621463607100866,0.5934640746589286,-0.5994322040310013,-0.20411000332275045,0.903795412579303,0.4100298928038228,0.6338879836751818,0.6889047977843376,-1.0761030907224973,-0.9394188213848257,0.3351015821387876,0.5936327357652942,0.701971895353792,1.1520011865893818,0.2794961288921466,0.5820357442140134,1.3748509537502431,-0.5319790265489103,0.48142447075333633,-0.5411204869598033,-0.5027037356315198,1.4003608928128315,0.32311796804645404
2018-07-25,1.1304232693694738,1.0290183621456077,0.007057437899656059,0.9934894155107485,0.32890953484110946,0.4848167509397839,-0.18830532947492734,0.48736877014893015,0.7122102819995935,1.151460260242609,-0.004810118872211031,0.9346935080631001,0.2434179840993316,0.6164115802202602,0.5506300851502243,0.9604394120936968,0.09326785222741318,0.3874040529231298,0.9286317892534317,-0.24606341502973395,0.6244139457501579,1.1624508747366074,0.5169619393272201,0.8754106513980803
2018-07-26,-0.571700366778522,-1.3930793518523343,-0.32702633209428267,-0.38732837634613293,-0.14827335743276818,0.3008975409332507,1.523580482249675,-0.15367191835971994,-0.7095902653250571,-0.16997712072285664,-0.8853657072653368,-0.4369124313751323,0.15627317252554732,-0.8274709051251409,1.3382730306344786,0.20167875424963466,-1.8718507648216396,-0.5289135872103496,-0.05350253267036531,0.6393956850967832,-0.15608789470275716,-2.0262257838439304,0.2411240882677282,-0.23511300147193553
2018-07-27,-0.8114443282438286,0.7537981394799607,0.46573767057134036,-0.8120393983908512,0.16743194035559544,0.7704916062583057,1.874604246226038,-0.6015186274392382,0.27915980543115426,-0.9604027704817392,-0.5636715087986155,-0.44543407944125174,-0.29878657331716274,0.7348132972074375,-1.4021622091603487,-0.35286396467966086,0.19985327337223877,0.17876707213803214,-0.3096680464270643,0.6397198439751046,0.7921384672802542,-1.1501821312689078,0.7238232249451978,-0.5704886216644839
2018-07-30,0.21883543858258284,0.12903559795294195,0.5427958415235336,-0.5786374880741912,-1.806286035792278,0.2295772341631098,0.42449122625483776,-1.1771883562790806,0.2992483962805204,-1.2092287673494115,-0.17896409558844137,-0.8369647430944706,-0.4361517169969438,-0.11470282739784911,0.0909671978348605,-1.2047144281626567,0.16238073654752985,1.4465114607143026,-1.1109445106914206,0.27860863491814636,-0.5463891054592146,-0.20579204006659835,0.25531816980248556,-0.3505687048289848
2018-07-31,-0.16734311278320887,-0.8229648900309429,0.17054544841534391,-0.6728618271221954,-1.519269078709132,0.5168057710560489,0.073890393269301,0.6409892604658809,-0.15563929540450874,-0.08153269527035432,-0.3121245579015153,-0.28482335074832926,-1.2174457561200973,-0.2988145382440652,1.3194127339821193,-0.40352235637617967,0.088625238573415,0.9610995061516571,1.6127551770423385,-1.881621967966576,0.10169226567721422,0.7488036585277451,0.21013319809531933,-0.014049028677204995
2018-08-01,-0.07432997364982458,0.42294978044685183,-0.4028465766643482,-3.2124137778245827,0.13684253589459183,-0.1262341287114305,-0.3242875035778866,0.4367203974952404,-0.559722218190363,0.29010298585559696,0.25880223880560127,0.07070749339762676,-0.21764294349917288,-0.024079443446374117,0.46249677858228905,-0.06657744390271536,-0.6262514447766525,-0.30856792508139075,0.8946970053929832,-0.1514125028288023,0.6108517470573944,-0.5207500263786307,-1.3250206767030772,-0.014049028677204995
2018-08-02,0.3782643117757971,-0.014789467246276512,-1.0777148963186156,0.42045880640649824,0.24161909131445836,-1.0874604975015418,-0.025491817542465926,0.0416307060724184,-1.4025784904435028,-0.7646994114681789,1.0262428779458184,-0.6062756261655851,0.073518816300752,0.456128139997,1.3747264206424046,-0.22027466035025767,-1.034143943969092,0.7007977228964405,0.21431242168832187,-0.37392565125292226,-0.27469516425195006,-0.20523260216547898,-0.05085082524249454,0.09835487353868104
2018-08-03,-0.28873098009268366,1.8629155145730856,0.3018687717644751,0.89393236315518,-0.14857924251625834,1.23322962358549,0.815857864403509,0.4042245645486974,0.6997319535061545,0.43784998475116815,-0.4299554490087481,0.43758362207970175,0.31278808621152604,1.3473635764555636,1.2589206669913273,0.05524677016671293,0.13677640955736514,1.6523449862123607,-0.35968665924303145,0.12454319560367409,0.12662570764010814,1.0586966262274218,1.2372624528101686,0.21006674525868305
2018-08-06,-0.32851541842452686,-0.5884457900348784,-0.45714847648632767,-0.45511651042210605,-0.48265455833106674,-0.8162813070248242,0.7037084842025817,0.09638279775982748,-0.24889008985878078,0.4344892761843193,0.7976932756495126,-0.0882352909782987,-0.4950056643034987,-0.06579837619586212,-0.5493785674199125,-0.26857008770838176,-0.09771416998811823,0.019332478504563676,-0.5354922029537676,-1.7560631432636877,-0.8949780466025644,-0.04574275252074292,-0.27400470949584604,0.0976646918530919
2018-08-07,-0.05616216597277143,-0.8441537421436012,0.04947190503685032,-1.0902777190464452,0.31701363582111797,0.9838300068007315,0.022699169627831174,-0.014798621259166434,-0.026453923711620555,-0.1593317409085118,-0.08824458784285259,0.5276623699220614,0.7027941900615019,-0.26165989902339837,0.32669452050509046,0.16695488065864544,0.5352201346422495,-1.461700278622061,0.9916495773924779,0.017245956262725428,0.16932492600880097,0.26480333955137036,-0.18590948056719522,-0.014049028677204995
2018-08-08,-0.18152935778099794,-0.6145700085190606,0.596387792999766,-0.8283206579965934,0.39338551427702384,0.006511665790839225,0.8800792397727784,0.37197369142373193,-0.12701694497949415,-0.35587997999606796,-0.5530692631106502,-1.354263642259916,-4.074310198503801,-0.5744976954744868,-0.5676829138066759,0.20868658544259464,0.24716905718285168,0.8631081829853722,-0.7800460882541489,-0.9079698185944787,0.9163479932336775,0.416000559472972,-0.0963046436627727,-0.2377188635007778
2018-08-09,-0.9359694742873838,-0.7113271560039462,0.05361783186849628,-0.37793867520467783,-0.2584740997615887,-1.0827685702032637,2.18225688355937,0.3689620713802243,-0.7700454703443326,3.889162417959492,0.3338080580208802,-4.625422084301252,-0.30806652850818295,-0.36007174093295263,-0.03074304621773037,-0.19364905896633106,-0.42451241400357087,0.4856691414909128,0.5209057849347324,-1.049825984933067,-0.23341623313307325,-0.35303735172380335,-0.7384474022229776,0.2096208061463678
2018-08-10,-1.2967604875793817,-2.1961938016995814,-1.1074777398766378,0.0419337944599946,-1.25075142864475,-0.3304827602493594,-1.207525914719063,-0.31652659779159437,-1.4420008244259528,-1.1868814538364427,-0.7291785574003965,-0.13580244272829825,-0.09413796170084839,-0.9668804751323639,-0.6895305346744627,-1.5375838109037399,-0.6593292257762934,-0.6191060517158541,-0.7628458877283906,-0.7962805282589615,-1.1492234047933867,-0.6668237285825604,-0.5666949306025502,-0.3498785231433957
2018-08-13,0.13884960941930063,0.14220607233935706,-0.693746078711487,-0.45833457980205533,-0.9381513967778333,-0.9003961759872661,-0.7690771783739678,0.012379545739146664,-0.8743740681404522,-1.368949641183766,-0.43954555074882223,-1.6309812561045505,0.5340224109444629,-0.09484051244300432,-0.13050093292678336,0.6510320296762905,-0.582099148350339,-0.4758071780738829,-0.5187783241721612,-0.49043383202177016,-0.4966501776423402,-1.3147859474144092,-0.05310659838423956,0.5445805249652451
2018-08-14,0.1617524763036941,0.9005143759200523,0.13934982061016202,-0.24685622745942976,-0.19674759285216417,0.5747626769463745,0.48707299005433335,0.17657602448440382,0.4797840834543156,0.41555038525903326,-3.6407224139124725,-1.4506699281063353,1.3406605092379358,0.1796811343310087,0.5637505160174441,0.018611583341536602,-0.3365718896650633,0.4409682933116029,0.05348185159212767,-0.057648326670190216,0.21221371324173804,0.4344370844685445,0.6251825623830484,0.09703327993294558
2018-08-15,-2.098899205294828,-0.6627297503676622,-1.063068397111158,-0.5060006139689394,-0.5005053539218137,-1.1577950431211712,-0.2577366743342157,-0.12458276330926664,-0.7973174078558526,-1.9414522092462247,2.2862382304339195,-1.499080104837794,-0.9974448361909647,-1.1722546662808222,-0.5427038056844439,-0.53134350624418,-1.1614223395643974,-0.1039296025092649,-0.610262055761986,-1.0543282735821524,-0.690339782902459,-1.3380374574819287,-1.668915326419257,-0.6837608909298057
2018-08-16,0.12333690137401954,-0.12935801314009798,0.4562505507399631,0.7145568386071196,0.1607401733934466,0.8304442549688488,0.5757927088463862,0.28501426558150583,0.9297945411017897,-1.1000825489155257,-0.004810118872211031,-0.11805017672527698,0.15738179000823543,-0.3204930547882893,1.7963261260310972,1.5106781809682088,0.5133000359090691,2.134272727365931,0.07400138551174434,0.5609340974005578,-0.11574942768480559,0.28089733758526036,-0.4728437469309603,-0.91944133220688
2018-08-17,-0.1744375525168636,-0.9568266294503963,0.4515033724697856,0.9795355076525089,0.22586641424258705,0.48253863226993365,0.9287170519651408,0.20191129632794536,0.9709449288776482,-1.1994019133821334,-1.4635243382719123,1.19860622004735,0.16796922366164244,-0.5503925114474421,0.8132197193897244,0.41263332577608264,0.2549858663853678,-0.9199218546038261,0.9459325876772747,0.3075647355506538,-0.44784145638829326,0.2784955579372117,0.6070225853512718,0.21365841939599506
2018-08-20,0.46551770744661913,-0.18055859981615893,0.18354422550002925,0.19003069774015727,0.34997762324736137,0.501677787140934,-0.1605380829482594,-1.6364038617719172,-0.03866900870693784,-0.541498177527388,-0.0531142619881326,0.5729298814370255,0.9458325937785187,-0.17819830973613807,0.5980248284707707,0.3991970293579832,0.5447827869212664,-0.029332367066643383,-0.3233237292095724,-0.032118590700446946,-0.10234298217640805,0.9129083400587515,0.06683902293219313,0.6636358267792642
2018-08-21,0.18918171686427634,-1.4755356029621647,0.44505550718461895,-0.0999860258709209,0.103407715462553,0.2527391485208001,-0.4786874993904682,-0.0703972007822018,0.5567268617865623,0.9164025987806647,0.23590202784251427,0.21753879311739302,1.2126236102607795,-0.9836037735758113,0.42100676464547054,0.12670125247274053,0.3133824607305533,-0.4188792333921016,-0.21800236994974076,-0.47476181384599536,1.025656913753403,1.2008871136529187,-0.4695970100431028,0.21006674525868305
2018-08-22,0.02363408476282812,0.6351468391152306,0.22435180258928294,-0.014140599185269888,-0.0433926611248531,0.34082993204622797,0.020041032209184552,-0.014650150929823602,-0.2781202686176545,1.7091087869519637,0.7989364459356334,0.02606147689422109,-0.29677654187949726,0.59793211309699,0.26364345860350535,0.550057799925054,0.5818540220335252,-1.0144916473166727,0.1399718033954739,0.7233711326879311,-0.047065375712197544,-0.9773928574603441,0.6750341425023414,0.0976646918530919
2018-08-23,-0.3623040992214798,-1.3140929278549487,-0.7363819717058894,-0.6703489382463225,-1.0133566764297195,-1.1596016314016007,-0.528946916769858,-0.37792019924171466,-0.9395522587940672,0.3056427727602726,0.4118259006080314,-1.0281671910735661,-0.027623191734163752,-0.7055413007597858,0.2315522962557181,0.08905006743452247,-0.11512107392034472,0.0941248031232112,-0.2566735879834298,-0.9744820361920642,-0.36100095308037455,-0.3607225137547991,-0.4663886270589628,-0.5748858602244368
2018-08-24,0.7770630453770588,0.5499632361931246,0.09520441353060748,0.9155544513466538,0.49024537933919987,-0.6298129681554963,-0.34892768948872627,-0.2672180885611426,1.3757153690879744,1.8785044279878642,-0.5148532370250586,0.2930961525281111,0.2414061876342044,0.23585051481482133,0.18461141492259125,0.8030416884474519,0.5612344032558103,1.826362811528893,0.0723581552274035,0.3474424250360717,0.7006108972855422,-0.04574275252074292,0.6942160028938928,1.542572221461641
2018-08-27,1.271450882458851,0.8777848778519941,0.7489664195307195,0.7538479209766594,0.6584876557800282,1.6976968990465033,1.2991360875032087,0.6289189772538273,1.6160025460842617,0.6600220383142916,0.5970074265400558,0.7684392698488636,0.6966146284208916,0.49232759372613766,-0.014376507921402732,0.6418355285003992,0.3355163910288214,-0.3187044288386978,1.3585984040258898,2.270529080066124,0.3295131836165281,-0.04574275252074292,0.8654059639163955,-0.3440436020171011
2018-08-28,-0.49871962339727083,-0.7189980693232699,-0.559116485481189,-0.5047344979310239,-0.2112577243128849,0.11776436367395063,-0.7513630443216684,0.2626233460963818,-0.49051164858695984,0.2710652237944369,-0.5598854989928392,-0.07844780572967507,-0.2049152065665846,-0.3897752330324664,-0.4130962518636875,-0.10937974141580666,-0.2275160519132881,0.2604038216919423,-0.28939867650938317,-0.2755025954055562,1.0280411864064316,-0.3629775407030095,-0.3562717395322858,0.09617301936289024
2018-08-29,-0.023307564069068733,0.5871428737899456,0.0508872343227717,0.030330147920575857,0.1407225339755365,0.13978493784640728,0.3389444030754578,-0.8785733201415541,0.09569886846004265,-0.11622207585230664,-0.14526216280414822,-0.43487664230856293,0.3132080732188929,1.0234400381212505,-1.1500027179915355,-0.008943688958374461,0.3953230406291745,0.3072400190313137,1.1617642095700518,0.8512418476455175,2.2318427162071166,0.5864717968955843,-0.0059231574273440335,-0.12427107671730021
2018-08-30,-0.4361794416740785,-1.516284405415935,-0.7887861467628661,-0.28393314070579234,-0.39592809527426004,-1.1347324641797671,-0.16179374525320497,0.26543821825100544,-2.9215072477895583,-3.7753232761946367,0.22889658756361367,-2.9863631237729744,-0.4828569339838623,-0.6367709726987042,-0.6311242182558425,-0.4323410213185819,0.03839323365550754,-0.7524048259958158,-0.4151434628695275,-1.4109242635275292,-0.9125421399366431,-0.519044981519843,-0.6465120059426939,-0.4570388147526579
2018-08-31,-0.08943931686256477,0.947023905215268,-0.39657423957788346,0.39929090466573247,0.23885007127902733,-0.9022313544948829,-0.025491817542465926,0.8165748805010696,1.3836411464478884,0.19140206473240481,0.5484963467207182,0.6291347630181949,-0.5754910897490597,0.9346314524119531,2.3958108233512543,-0.7773025173738326,-0.8297838489711049,0.5261932453134088,0.0858912200243397,-0.7720295305084027,0.11841296386463236,0.1125797152442966,0.06590085943055748,0.31851608249319807
2018-09-04,-1.3926888448465309,-1.6211938694879957,0.588844872529191,-0.7624079353844947,-0.944151922395317,-1.4966573435015809,-2.314093794846962,-0.07002174446563399,-0.41665233886083475,-0.06066717997774344,-0.14214666259500547,-0.12722968714869662,-0.5155899261512151,-1.1952424721494743,0.15260481644029478,-0.7194195259617329,0.023630479393958848,-0.6091307291330804,-0.6602085706021532,-1.352243646840122,0.5868651069830817,-1.0043938451002374,-1.5998747487962643,0.9721618664710546
2018-09-05,-1.1281981144654514,0.21050262490005714,-0.39486482460831895,-1.0793784529681585,-0.7136375152635464,-0.7223064876121132,0.2612430190570954,-0.1803043316286313,-0.5359991923759989,-1.5727320421397528,-2.345574771579567,-1.5733241803988294,-1.0147207993783398,0.4114580478279314,0.9171630922126687,-1.5769798663660826,-0.20715811556833216,0.043453772923115815,-0.6957687350902811,-1.0272730803501964,0.07801536637057319,-0.20755685106106272,0.16964472424052054,0.7413503017870163
2018-09-06,-2.7877267571782696,1.01049691923251,-0.39871758012288305,-0.21679326614132302,-0.10488143248000956,0.19533520709703495,-0.3601971405974384,0.2052089411883601,-0.23709201105966077,-0.846196184347858,0.6349139945596795,0.2591116291763162,-0.18462520103565166,0.17746729963534932,-0.3430710195790226,-0.061510733937971365,-1.0197265083101448,0.06766620967606408,0.757471439074148,-0.20920362563837297,-0.275171644872888,-0.20816696443837773,0.9062348637596075,0.30666069013634306
2018-09-07,-1.0066864589965931,0.8370530799836241,-0.44843630149118013,0.1873613717818111,-0.09936813726675844,-0.22959439413870006,0.49935026331411925,0.09464205790028268,0.07749259381835398,0.5898615386438862,0.043817175919309684,0.4041441400704502,-0.01421898324291886,1.0214383685673458,0.7888368962944129,0.6104456454687873,-0.2518348796398024,-0.005075671914953065,0.10533418623290093,-0.6117666394601836,0.9787500053891808,-0.866923511682723,0.04263948980325956,-0.4420502508745123
2018-09-10,1.2194010145476903,-0.3337933533745047,0.7335020699757354,-0.45209628578598055,-0.7915930439679326,-0.18298892765712182,-0.5983617028902417,-0.45500631769125743,0.4830431830318629,-0.8308313534046965,-0.6931615270956222,-1.0650301970436589,0.5729918573831908,-0.39545878579920607,-1.526641415463704,0.8898881376589665,-0.31674159009159464,0.2609170295365846,0.08626526433884867,-0.10507378643868615,-0.3841921861905966,-3.3136336967742483,-0.10311250223864864,0.41395219352010226
2018-09-11,-0.6598537143668872,-1.6432023480367337,-0.4455067536565874,0.47075408227591886,-1.0668954404829842,-0.3025564685371309,-0.6059448361505966,0.6978166686865124,0.4556827053063917,-0.1246511621156018,-0.054610166826093466,0.04443378518876137,0.0633710667915591,-1.1163708097543854,-0.2884349323314675,0.512747478007678,0.7588663733818237,2.1064666719733824,0.10443414941078538,0.4623281128776514,-0.14811137898620108,1.0126140305183788,-0.6948510953778564,-0.014049028677204995
2018-09-12,-2.222412955430707,0.2610450605484359,-0.4504153585778895,0.4799833453522664,0.18087034042228298,-0.6639791186485215,0.07178983169544143,0.3105375221838483,-0.10726758561061926,-0.25243522678570857,-0.3558391531671757,0.5417929587095283,0.5532291687360995,0.7643873902095041,0.5776545087309486,0.8790766909071575,0.3521212994199517,-0.005075671914953065,0.518580106123503,-0.03229166049575613,-0.8283711249579712,-1.4626103818007703,0.5610692700937175,0.19874545298527074
2018-09-13,1.7500943353468066,-0.609509351511683,-0.13115098933402294,0.6797696036290621,0.5565056093384191,1.0571833107766695,0.6494710334337275,0.2814732167590674,1.0741033739048542,0.3779727819841299,-0.4112749384484166,2.002139405690544,0.023739961070233503,-0.7664581686161194,0.2717002708166443,0.04175380346801132,0.2723070915956406,0.9441744659065333,0.21196128667837827,1.310891480189052,-0.7107275215289721,1.0211500431261848,-0.20198195910374095,0.51450682552234
2018-09-14,0.5698037824730485,0.6214309339045352,-0.22431360172450873,-0.42804646994678686,0.28513365356904746,0.7136491659746459,0.4503394854589376,-1.6257540087625537,-0.6939519810928597,0.4392525822918408,0.24989955903807265,-0.006041500397415061,-1.4024932305632047,0.38438962449209346,0.7163865503292102,0.09729143370625185,-0.18556996633164172,0.5439716304011986,1.458600643328781,0.18087951803032537,1.1818140887156878,0.12959794668143923,0.9862668479418111,-0.8620929427233914
2018-09-17,-0.38732063850261844,1.3023642503750046,0.33061582381736065,-0.4290890217661973,-1.4810515547158183,0.1938627048627907,-1.273567620757979,-0.4313383078800887,-0.969192891674328,-0.35394294540213944,-1.4076962894303207,-0.7413422058229057,-0.4746847616088437,0.8280209935582636,-0.5652511747853328,-0.8376286202052132,0.23319544125418806,-0.027845475564647653,-0.1867456704684735,0.1031287583650071,-0.8816948843115506,-0.39710881672758097,0.2550395180608392,-0.7666112968811346
2018-09-18,0.8614511140961632,0.005960791196426173,-0.2701227910218312,-0.13971606628612707,-0.7446052227512407,1.6467788250479332,-1.1100504835353469,-0.6589249061705648,0.12324819972447251,-0.8537883042880189,0.20737044249512915,0.08784248013036722,-0.31836140859685447,0.7311921589271309,0.20963177875295977,0.23131549660214076,0.9506612067245016,-0.34780518732621746,0.42465736458123526,1.5990126124828907,-0.3157254613591362,-0.5780993369221133,1.0397938168165857,0.6316030347337597
2018-09-19,0.5880540764436204,0.24966011222743872,1.0598534695001023,1.7226412320708593,0.3077432040449057,1.3399896313459065,1.1077298580350985,-0.779680609008224,0.35318023117657993,0.03696089322283113,-0.0577104507694026,1.0733893212747219,-0.6133387549599222,0.07111466037339696,0.5046969144597776,-0.42305110112531,0.18243613247740412,-1.021347555824725,-0.7902679235915483,0.15696246657217847,0.5242543898099968,0.4866138318806275,0.9175697186084423,-0.014049028677204995
2018-09-20,0.56954092656899,0.48819774778981856,0.7686677005789961,0.7401856786229216,0.5603550489840333,0.7189450413516871,0.4582272059554718,0.29887253414043957,1.0309575727351352,0.7699168839449075,0.4156987019211036,1.5646962164263678,0.6251911718494223,0.2618481679505925,0.7621744769277078,0.30855587332081225,0.42230314600735486,0.36640486472272843,0.035804507319603156,-0.25887580319073594,0.12873070659634858,-0.39993414545267997,0.6531023905664305,0.09286117611576
2018-09-21,-0.8370040694155337,0.7167273336975022,-0.3496351007692183,-0.30417537385440013,-0.7415374552710089,0.6018227452371546,-1.7423714501320153,-0.842325392476967,1.0218975026765738,-0.4252806793296511,0.5123657602215047,0.24848764932712716,0.17107626098068035,0.32989253899590554,-2.1511551823128294,0.7469482974739832,0.3443638666431953,-0.05140043049361278,-1.9616330781666735,-0.17099049263482807,-0.19953212059713196,0.3084486404111942,1.1467016898893436,-0.014049028677204995
2018-09-24,0.7241504144341104,-1.1870427078980421,-0.3075370578284182,-0.38585591732387414,-1.4007433090140422,-0.45605361915320636,-1.1914883036048283,0.07241280666917144,-0.3587691801573109,1.2426425731994557,-0.7840853511084064,-0.9164765657321067,0.3673834401708291,-0.2607089903914966,-0.34848240368427413,0.18230126321447226,0.6590911053013365,0.15687050892715984,-0.19248002983809848,-0.48223566265744067,0.9785162515136212,0.30562331168609513,-0.5769786384045649,-0.12095923347017
2018-09-25,-0.3748554321574882,-0.042640415122300906,0.052135429127986715,-0.0015131488222709236,0.529015798762999,0.16103703398506122,0.8393130962043523,1.0944125756192256,0.21775452031355472,-1.3413809512702841,-1.3521816691953144,0.9846571814283774,0.24737399351577039,0.09368284276597738,0.5915491230359706,2.235197951969332,1.0408316607516672,0.04112354550473901,1.4824831666342158,0.5318590830655033,-0.9610149638393258,-0.22108345172292507,0.9608841997894264,0.5184569806988287
2018-09-26,-0.4155929002529777,0.48889738006828437,-0.4004657068723277,0.32352823991501384,0.22268159479179617,-0.5059501481736449,0.2756997547730736,-0.5513391285806565,-0.004156791171561464,1.181149841765332,2.529017103045678,1.0568439003525614,-0.8814631713301441,0.5140461224881756,0.15106134598416954,-0.23246113602579904,-0.5059030161845119,-0.09750245474120443,0.7690508848071858,0.13826343102610422,0.06523783164370121,0.47818337609325917,-0.5487443171083733,-0.9761713975274949
2018-09-27,-0.06934345840329693,0.9982550914573264,0.052532716034970305,0.3609014383846757,0.32133845429189106,0.11824026750615003,-0.8333256639337313,0.1841635372847498,0.5903436333078753,0.9512786218345345,-0.6694220068086738,0.6562541416430968,0.06529094943225604,1.3116332618721573,-0.9994423102550393,-0.41390742703661737,-0.11590273018258426,0.17962994061967166,0.13464593087874882,0.7551712430093244,0.5522540934521926,0.47203142507524315,-0.3233763006222678,-0.7737801274466636
2018-09-28,-0.23967950576227434,-0.9384319350242095,-1.5201413593877242,-0.3078755881949197,0.3772905934321228,-0.5990531592239084,-0.5896393356035139,0.35205226525448297,0.5620085537542954,-0.0049140440266189364,-0.5266539025305339,0.42862693252573536,-0.690957837644895,-0.35683234897997057,-0.5215277413033697,-1.1843556187099538,-0.43868704262307956,1.700494271387491,0.9295403136165037,-0.19042015083017474,-0.8121321710540839,0.1254974534093712,-0.0059231574273440335,-0.014049028677204995
2018-10-01,0.47583694743401933,-0.18609970870144268,0.33565452111818234,-0.2205787091556517,-0.32422171215563994,0.768212194565915,0.4366276333855204,1.0700560334088973,1.4166298353364182,-0.8962741750154073,-0.3331500366482924,0.9342834950053042,-0.8192063415896256,0.021350067015093944,-1.4225010600014116,0.11546902013505998,0.8608917871442975,-0.38759795341173353,-0.11440961851962492,0.27173792890170684,0.5662267047582797,-0.04574275252074292,0.39565664999782385,0.3127931632658599
2018-10-02,-0.03341445335112861,2.4907578516646955,-0.700250533009698,-1.5189209190551332,-0.15522725684776703,0.09556322658351084,-0.5909679215292123,-0.5961084335376914,-1.3924727447943794,2.1912153836928328,-1.0790662627731298,-2.140722188736627,0.8849143558842444,2.3125042467058066,0.1597283454301683,-0.5485405460996808,-0.18044832856265997,-1.2129529318937078,-0.7193319044586164,0.5344765485543869,-1.3726785938521933,-1.2586832646608497,1.2094848058338683,-0.4502662300215495
2018-10-03,0.3661005203089227,1.8789439682545008,0.6675843942934484,-0.46457545223616015,-0.9255567740759558,-2.4629843540672374,-1.1257265895798108,-1.3364804324236537,-0.2645328880511053,-0.025749079898792177,-0.21562641474642355,0.10814091980518316,-0.7904194159288963,0.788004523900601,-0.4427330737867482,0.2613299283832089,0.29715512435160624,-0.4206703017120404,-1.3928508532888821,-1.936636814034166,0.3716596833152171,-0.39851435276176866,-0.35135118964323603,0.31343099517869966
2018-10-04,-1.169065220488968,0.005960791196426173,0.28700015466671425,-1.1736187872478787,-1.1528358667828944,-0.5030262654467551,0.44942070556028607,-0.27058180670612014,0.3211197807711916,-1.5597192316240303,-0.3521069454661594,-1.4890998215585556,-4.840149228251193,0.2766709458577833,-1.9444165977960366,-0.3746248544854313,-0.1799960825312144,0.8690685435147109,-1.1962130704471456,-0.3605967242147314,-2.0331752009262023,-2.223776111055077,-0.7292243328604177,-1.1130055488972714
2018-10-05,-1.0150633738607104,0.005960791196426173,-0.22610426435184058,-0.8520326197015123,-0.9774278466935116,-0.694545234626431,-0.8733779278087282,0.9204962599785043,0.6403971061636345,-0.4517179847939814,-1.0257181902312895,0.12405360180205365,0.9692689739548528,0.42969626882649675,-0.595566656609271,-1.0167087272455495,-0.6404424325729474,-0.09653425835875867,0.09416293952722078,-0.4657840073724983,-1.1205847593029428,-0.6074936531862196,-0.19462976972828575,-0.014049028677204995
2018-10-08,-0.6152054067342582,2.849621188279966,-0.5104656371914125,-0.31629974659607835,0.16602138482777998,0.21758289675891085,0.6646491189880335,-0.8344130339808201,0.02785166552878517,0.36393364963330627,-0.298189551271642,0.1980753727833774,-1.2249160977084086,2.7131579645619044,-0.19834612040178343,-1.4446742970461892,-0.4930035477452712,-0.005075671914953065,-0.2011680048679514,0.11692273232819848,-0.9641283012411767,-0.04574275252074292,0.41189143946096596,-1.0216005738380907
2018-10-09,0.28473776152792424,0.8145635895627751,-0.3733671973276168,-0.6143071488303504,-0.6709629120627052,-1.556876418001734,-0.6621545645663921,-0.09950801269754561,-0.2501445457415973,0.013080746306510165,-0.6126981469207714,0.013474946069863152,-0.980644788280673,1.2014756441912098,1.732620479342854,1.0430917112751346,0.46486562639496,-0.2801931783052416,0.7717349743650821,-1.2004605603880711,-0.1423009320420056,-0.23459356637036158,0.6716180644332339,-0.3538942012253893
2018-10-10,-3.0768272437280766,-1.7910699101743734,0.43478782658089843,-1.329675577058572,-0.8744744863911853,-1.056156585542691,0.9783515580601694,-1.6616612536177764,-1.339652809807396,-2.3300778945298863,-1.7679711133735485,-1.2559349481510618,-1.1905741332471442,-1.6999517528890091,-0.3886165047815764,-3.381350111284248,-1.0220441684195267,1.1559436754797807,-1.7828496146785624,-1.4454884085143438,-2.211902551837903,-1.3908278728046226,-1.4395617462175683,-1.2778115451556786
2018-10-11,-0.09349432313852946,-0.2760356856003609,-0.8527824101921515,0.7659989804986567,-0.25388908304266056,-1.7192187801719352,-0.5509613502154949,-1.3476962237765702,-1.3182489627528975,-1.679267173375527,-0.6390679502531392,0.12721511536263988,-0.32752661185428,-0.43390361218459705,-0.22706684282766032,-0.07327518474304143,-1.1428331255041073,-4.010096471682024,-0.6016191360840113,-0.7183037204585289,-0.6439096722942463,-0.8331959623007842,0.2059242923602613,0.5638635108178596
2018-10-12,0.6485004958959294,0.8844584848189802,-0.23493312281920659,1.2674897826836835,2.0348122180978288,0.1810787483054534,0.7084118865513266,1.2626488720645448,0.07472449681452745,-0.21574042445806174,2.7755193915885066,1.6921496641222336,1.4411164610666107,0.8754758141041534,0.9280847016406824,0.8545180807042795,-0.12209933392606581,0.9020824914049919,-0.06299546008090894,-0.01896747853281358,0.959502383821854,-0.6457021338619938,0.6419265578103989,1.1244784666816265
2018-10-15,-0.3139763022742451,-0.2313775087768503,-0.1875432676640069,-0.8342426821423505,0.2431591938811726,-0.3931607373207197,0.38843601274470013,0.9459819144338973,-0.015414622107158289,-1.0853205151442589,0.18475996573438164,-0.5681628587492779,-0.3815621054638516,0.10437506395243387,2.0085412485287093,-0.7081349803276008,0.11564489666434306,-0.43313617686246575,0.6449446589304142,-0.7925400752002661,-1.3532149886283906,-0.8586061729755398,0.4050908908611532,-0.3532192391183206
2018-10-16,2.238453764027374,1.6335295174314037,0.007057437899656059,0.6162378189294437,0.4172792019636299,1.6157049961250929,1.2433709923523242,1.7171598805521917,0.46676398542137526,1.6001814398413874,0.9362664349873103,1.2628746357371208,1.5599400312146465,0.9802742665950043,1.1666352261094872,2.198202350327366,0.4505356286532377,0.8481592244424156,1.1056703941907695,1.600765389600052,1.7211027553959588,-0.04574275252074292,0.034882176129110105,0.6622881784875696
2018-10-17,0.8183679972625578,0.41962136036679626,0.3953591341017744,-0.48902021485454983,-1.6077507897650583,-0.2877068697615658,-1.0376300124607802,-2.4398887632551376,-0.1271007865548305,0.5038886402276859,0.20021984675372587,-0.7893317203862937,0.11882581446742421,0.13387975459234128,-0.9169579281551139,-0.8761463574978093,-0.6335376532434596,0.5573430879060843,0.312109384974,-0.23306696782153083,-0.6764377102984832,0.1588821788231076,0.8986076166293839,-0.46404837122810777
2018-10-18,-2.3595741870931577,-1.0956805826462925,-1.1190700722354439,-1.7965211084805852,-0.512780642228589,-1.1083293016937037,-1.1665308171321462,-1.578624827579397,-2.1044021857219195,-1.757637457918301,-0.4739608882944218,-1.6858147302064814,-0.24323992950217627,-1.2578866262145978,-0.7600956836700087,-4.854226325783167,-0.36209236689830016,0.27424558135018634,-1.784984447646007,-0.7388628522650237,-1.529265982889416,-1.2879788974954565,-1.590635249973188,0.09878331715003309
2018-10-19,-0.24159631855419095,0.04455005969963343,0.15565998039444162,0.012108180630280902,0.0686090106965207,0.1063782318290403,0.910285910967039,0.19649381913011835,0.7589399668025949,0.3252544883211093,-0.9904522007672542,-0.3777443009071179,-0.3167047048691342,0.2794836399846168,0.854622192512206,1.1220623631524664,0.6393200142092916,1.259443826862697,-0.39344331211602424,-0.26262987504939544,-0.190870614608663,0.5797513462850804,0.22243877921681748,0.5467878028700268
2018-10-22,0.10350866828988294,0.6553523273655643,-0.1911989437143685,0.8833279573294003,0.7825208097425593,-0.21834459920690671,0.9913434457788569,-0.6419814917868105,0.41880408427689503,1.3160990314562038,-0.8526513612835729,0.7251060663673994,-0.11334898951788366,0.9416331957084391,-0.8521001830038836,-0.24438673169576206,-0.48347225882783745,0.24478449872409724,0.05060144368732126,0.5012390788183183,0.32896858638258625,-1.305727522349149,1.0317763302686112,0.31983333910920514
2018-10-23,-0.994777814481082,0.11927457730796445,0.6480087548404381,-0.5645867100560559,1.6688120549434418,0.25628478744422345,0.47420804753525936,-0.5266805899841784,-0.5765513175107201,-0.8203393374347693,-0.23929567619088762,-0.6593539589704673,-0.5531342247946157,-0.5283064589340678,-0.4382101255434556,-0.5177829084331377,-1.4008364840854883,-0.18670296364367153,-0.7291338284812297,0.5579287672269237,-1.1058439872095709,-1.3427874553704318,-1.1057395104060666,-2.0472957233696896
2018-10-24,-4.399698032148985,-1.2618847995221982,0.29962795415568033,-1.8899089449446798,-1.1861925164910556,-2.8971757955312314,-1.387988397745905,-2.1471845350753576,-0.6644329111330605,-1.89927168469972,-0.9878744185029495,-3.547507790013269,-1.528670240339202,-1.0874926346902563,-2.136305544304798,-2.5579026239712213,-1.4166603717987098,-1.7105479615681272,-1.9946086413967752,-2.3315984604329065,-2.3337237820703733,-1.8367019105783484,-1.556383965544177,-0.8247853599159174
2018-10-25,3.1802625161568354,1.3867393650902462,0.442138428945978,1.27475092225893,1.1281980474649271,1.524821490908208,1.0378691002604103,0.8740935070453,0.3096513189197167,0.7075606107953948,1.0895632782659697,1.2661297251997425,0.6037917416950247,0.8092019683179553,0.19837482846680948,1.8331364017149239,0.4801825240298266,1.609393371438432,0.342459767098607,1.3996719774780764,1.3112701578710364,0.408865326667224,0.46940600921133935,2.7188516886438414
2018-10-26,-0.874629093365868,0.8595762280013869,-0.9659662632874041,-0.40126723010325005,-0.48216005486771796,0.3112026346079669,2.0268298174609374,-0.6097096571631606,-0.6219295615393671,-0.3144475388766215,-0.054228974640502636,0.29369197975856687,0.24213564276504704,1.1372569501546865,1.7527594416943428,-0.6728164461254557,-0.023672626362680662,-2.018002238308052,-1.1194140273022892,0.40565576439897755,-1.1433956643237189,-2.36713989820368,0.7358307335073848,-0.1253372306129968
2018-10-29,-0.8917147114505951,-1.14966716804366,0.9319628321839487,-1.4559007438323264,-1.932714340749894,-0.12027949478870258,0.5907520803447978,-0.360082306427015,-0.1332802870037025,-1.0341310842361395,-1.6717734411365268,-0.8459725966251291,0.29993514828099044,-1.1566825962008844,0.17491667667788846,-0.6798735369795811,-0.5364524073631398,-0.42974526561789034,-1.4918304191463474,-1.3748692882700424,-0.5793499857487097,-0.28474926320367205,-1.7277269696103923,0.9797979782329107
2018-10-30,1.5183425036150715,1.7069101268087077,-0.37990524624389427,0.3584692622130048,-0.07540739729708354,2.766833790254688,-0.07259055043673147,1.3417140400473921,-2.582080870779947,2.722631660353432,0.9486150254613166,0.554922950732461,-0.11431019000891851,1.4359578052243924,-2.545556460611417,0.7464975971841,1.0770060153085699,-1.1759665347486514,2.401398923140188,0.6076480298848879,2.1184845669002206,0.9026035133234505,0.6941133053676558,-0.45361804757606455
2018-10-31,0.978006647355019,-0.8338470946699884,0.5382106716237244,1.4360748938870298,0.6383725374877314,1.6674068379168043,0.8608094230363863,1.6720812700878742,-0.9888890941905806,1.5454417089066483,2.401644735173152,1.4605577411059931,0.8545413213393989,-0.2657529674521939,2.674043048634899,0.9432028165872649,0.4866526696599862,-0.053336392766513314,0.6329713278281439,0.5218157932023662,0.4089986792463443,-0.04574275252074292,1.0786310251038196,0.09617301936289024
2018-11-01,0.8846536449632729,2.119873220414879,1.6077863305353437,2.334085454866352,0.0421313552518722,0.810179083875301,1.1140279621204505,-1.0773767398264273,1.8743174581676711,1.800327810289144,2.010712036486308,2.3141136743283806,0.9280818146364277,-0.16781175984571484,-1.1248445660958397,-0.35720679609657285,-0.04700520706173727,-0.7579060169102437,1.4165370536062902,0.41091489292176697,1.3107017432882513,0.4208881662518995,0.8600711754845802,0.8600505047794005
2018-11-02,-0.2562571133384234,0.3515485990574822,0.05322677962904934,-1.364489034213568,1.3062883601147628,-0.9638230166413748,-0.7056401747144652,-0.3504955686495009,0.6352689269631449,1.2665168314530786,-1.1699959258567103,0.32398417849827543,-0.22720686362573653,-0.03451946366832127,-0.805661407831243,0.5303812554407606,-0.702807641101943,0.5058969868684327,-1.9834739822379441,-1.5407800436778951,-0.447018227542825,-0.747556060414739,-0.14861631490619154,-2.1123938521077004
2018-11-05,-0.6492532921471142,0.12614069011181925,-0.13161972761810264,-0.8469561991313442,-0.35735545987714074,0.4105403328340425,-0.3465354934698766,0.8764449486763577,-0.3047989317012684,0.2792613895488617,-0.22076528155432945,0.5989888874501125,-0.6186269020081756,0.48040418898545906,0.8730120206478681,-0.02469098562823466,0.9099384215851779,1.2900097459557105,-0.38874185371030734,-0.059887362679918704,-0.4931110763202827,-3.9899393957792304,-0.10824684796822606,0.43418436800487165
2018-11-06,1.214645056648405,-0.47737316789667905,-0.1320685297508725,0.3898899963640674,0.07674223879870684,1.6451959685116162,0.3868457157256898,0.4416246375084847,-0.16116916161232345,-2.2613510183429835,-0.6391913045641122,0.36848907416794796,-0.28779171989954117,-0.9215093852679203,0.9999879215936038,-0.4305953333674417,0.048015435875162056,-0.21907054095545836,0.12424712929639978,1.4430618593605888,0.29990905350749314,1.723399064260514,-0.23219799130847985,0.6517408165745073
2018-11-07,-0.05662588609860841,-0.48434216354500315,0.8805417947791805,0.6159463015168443,0.7821287466102748,-0.9484811489287135,0.5633626822887884,0.735563980456907,0.36949225337355457,1.352108928142707,0.6409776650377103,1.0520444272658822,1.9539179509712115,-0.5513906446388113,0.42342371708123505,1.4489061681367845,0.5269348511844268,1.617111906319284,1.6535795949252605,1.1259442160359086,0.5825601854707018,-0.04574275252074292,0.05595019220850418,-0.23511300147193553
2018-11-08,-0.7243082346859445,-0.7430753146023261,0.09795619799199871,-1.4246351816877734,-0.10930994681408908,-1.0097213367663775,-0.4777431612671096,-0.640105679644504,-0.24491728428843848,-1.9510109340816904,-0.6972834560508705,-0.6570014184802473,0.14287509655854094,-1.0822414366840833,-0.8145032068681058,-1.0809937284848299,-1.065662266119775,-0.8461869505791152,-0.8710550978789853,-1.372104914683762,-0.7470545961176148,-1.557765325541233,-0.31650988932191465,-1.0196117326814187
2018-11-09,0.08758084731478165,0.329004859690715,-0.6334094115086225,-1.026945081358201,-0.10345614457230928,0.10169177765138122,0.0199376312922994,-0.16279738515736203,-1.3361836240712142,-0.676656743435238,-1.4907402162200505,-1.6921372285676124,0.3386060780905176,-0.0010353892033076585,-0.8266683763483783,0.37858966990990806,0.18387229027450383,-1.240331719802374,-0.3840966513360266,-0.059348156920924745,-0.9745995027215781,-1.0833484709048036,-1.2148407655936577,0.09855440618794445
2018-11-12,-1.888564256680523,-0.24501334810705408,-1.9748476485272617,-0.725015421202534,-1.4925672331009228,-0.8068010500252702,-1.2224274351848878,-0.9527215541629842,-1.3075260342069666,-0.45449912929322583,0.591530976267433,-1.7346419464720135,-0.6028482007314029,-0.4018380804050111,0.1938502322803914,-4.049215333626073,-0.6719997338838282,-0.6077762028208109,-2.591126953634642,-1.1569409632062293,-1.5578825505674188,-0.04574275252074292,-0.3100628495242577,-0.2394848093695982
2018-11-13,0.48676603390893475,-0.942906068808542,1.988962524326574,0.6432852239197749,1.4702102000084696,-0.041647781262681156,1.8473957457070573,0.32329394586338234,0.19848201945738075,0.6093062894938163,-0.5152031162549058,0.25850728507838394,-0.5367118345095828,-1.5496419987877152,0.9677140317549189,1.3619343042547767,-1.1738693589212046,1.0518046073082572,-0.3511542410052642,-0.34019172485520016,0.44785933574054987,-1.1083580015110617,0.29821653466956966,1.1043460211542466
2018-11-14,0.46673815702816746,0.5930162083216318,-0.690111970931944,0.3770125545311101,0.7595435067162782,0.39073508086832476,1.2525197186350845,-0.961492300388383,0.09687741343360255,0.9160972255350663,0.3848750958744558,0.9650290092467622,0.34270459940888837,0.6518777122799596,0.26739058701928664,0.04010570971459292,0.5096539963021378,0.6582900478297203,-0.15653427325160182,1.1774589759572525,0.5905764240649591,1.5387226898927022,-0.15762381664011732,0.31723699215762075
2018-11-15,1.0755365998063608,1.0094459264055513,-2.2057943450506734,0.7208636658993324,0.9097216408666347,-0.18533060672482318,0.5355240151111659,0.44943112586522393,0.685177553273924,0.3677199374670191,0.0556079237719849,2.0050789103507096,-1.3124270336672406,0.5993847449833165,0.40551717618783,0.9477520072641193,1.0351340886291116,-0.38328919459032984,0.46985937587853505,0.05519460532823757,0.9310688174923817,2.7190386555524695,0.8513035142016189,1.1844040503522977
2018-11-16,-2.24745541453501,0.6703575458753087,-0.43979737666622415,-0.30716333706483256,0.0887011498272384,-0.01749823951171542,-0.2835333510492005,-0.0425236758560127,0.4298302201712196,0.3557176109845111,-0.12577042512689543,0.3037912236664217,0.8198798670301315,0.5499842178241311,0.6475991473548274,-0.5326986721344953,0.2922968325108463,2.070250959283312,-0.9182899163640882,-0.0526905094532223,-2.4984196396609164,-1.2810179742954502,0.0785373940198133,-0.23008473261391357
2018-11-19,-1.6326747285067673,0.07516262856459129,0.3550304332273844,-0.8301410960671185,0.3574016320370135,-0.37896410000696246,-0.4589549773957552,-0.28797693144657366,-0.9134372150959038,-1.0182351793702853,-1.3317858055185978,-0.06128890021762183,1.7842031541578802,-0.01922861814568828,0.48814911009352824,-1.8153990775675974,-0.27484888235012606,-0.8595036638504551,0.1330072320027196,0.09552565874603007,-1.313037237499391,-0.5497005470564148,-0.5375221059545477,0.2019866752595036
2018-11-20,-0.7301578119294573,-1.5859410429736678,-1.4536037249948974,-1.2401001580844604,-0.7447620533561731,-1.0894683522030602,-1.0390601228583307,-1.2858514434663368,-0.4077908567298212,-2.4325575759606317,-0.5427934621605713,-1.1511725226960938,-2.6244616536245675,-1.6321489332273662,1.847379287442086,-0.9924857124328167,-1.4165526239006612,0.3658482728926403,-1.5856627245275303,0.07518290957383233,-0.6975981026639159,-0.04574275252074292,-1.4315112597322632,-2.3243434954647118
2018-11-21,0.7174041223019308,0.8995565175980501,1.1696374479842016,1.434963974748559,0.8000082261389627,0.8119868985900093,0.7697134667863128,-0.1683607204975304,0.4748090655858554,0.5443448214485527,-0.2645555446990778,1.1233376197414844,0.8185027289576168,0.7423649502177525,0.1901549817464431,0.9122373023905636,1.3852255514271419,0.36364418127660136,0.9902662435752633,1.2810009609777377,0.7612724838532283,0.458215042014929,0.616083496551657,0.5445805249652451
2018-11-23,-0.12808855950565196,0.04122589314063902,-0.39369894932153376,-0.28845542094498067,0.007576388067979282,-0.40723860943851947,-0.8206971018712447,0.08331336878550498,-0.2556955333262806,-1.0928170253271672,0.177254947062817,-1.3850678929017903,1.2681828065304643,-0.858021740989178,0.507993634062675,-0.3339117196658502,-2.2097774422203087,0.5212018267514977,-0.9271892214643126,0.2778371205797365,-0.38489924401940856,0.20409698489021777,-2.499550068944959,-0.4605189226770316
2018-11-26,1.0532280298257397,-1.6921645826677738,1.2469652655941865,0.5645482122608366,0.4154475975122974,1.2881412028896992,0.2411816406305029,0.52032696238376,1.6096176272253235,1.3564158081287558,0.8887080416320585,0.6934296049078668,1.3369624332069672,-0.2948189462759125,-0.9319063073183136,1.0344404602068338,1.1511876517633546,-1.0620849148995337,1.3395982215506392,0.9951508437139907,1.2855596404885306,1.4242755471005362,-1.243957206876892,0.2096208061463678
2018-11-27,-0.05967939746337082,1.7744848048800337,-0.1398201720054861,-0.517613908116559,0.018446572889852842,-0.6191881000739613,0.19550095238144263,0.5148392414643898,0.2884057070335322,1.0001363555998217,0.800861488936409,0.02074449755154904,-0.49167464217488616,1.1930949613133974,0.6716236009962014,-0.546457880407731,-0.500061358288321,0.4566958509679295,0.30704903217425633,-0.2014763841444086,-0.12117611325789508,0.6712825148315432,0.3387959872934147,-0.6877182060516807
2018-11-28,1.9095753996298905,0.9424337632620404,0.15393504780479822,1.2205497897461688,1.4636678117593414,0.03068727946705177,1.1490162353572053,3.4824516511929082,0.6481743077221025,1.4421918805237992,0.4800538177777077,0.5171135790551138,0.13767709217558186,0.09300689594064528,0.17382392945166694,1.790079009992919,0.8075231267553775,1.584746170699137,1.5043473063897375,0.3513083535003757,1.7407276574058976,0.6598177947961006,1.5003395203892533,0.8824202078735245
2018-11-29,-0.8382708923502656,0.31243380900746504,-0.33645600631624883,-1.119074735833185,0.9461382822021372,-0.5272961298639396,0.5289760337395223,-1.0950644873877777,-0.6200179900845719,1.1980807067751886,0.6841061283589317,-1.7554115477340722,-0.1089066935367355,-0.11391325284324051,1.8599530382814236,-0.5590847568860554,-0.0985239802859437,0.21879927820292955,-1.090317055553718,0.10389393614931858,-0.17797774716460554,-1.4683285671898767,-0.12287872103554516,-0.3485628083837614
2018-11-30,-0.10208901296608411,-0.12991684336448261,-1.4466624215647834,1.0926776404313245,-0.2160834936272679,0.8537798910467671,-0.7519884906718832,1.0100171356757524,-1.1462629636931918,-0.6539915921637088,0.41468083618331003,0.6339053360712239,0.9112128378953789,0.4291566689410068,0.19451259640201513,-0.20205073650800623,-0.16503396484765817,0.838324343414345,0.8935333835307806,-0.22021273963244814,-0.5620752958883833,-0.28736851737835295,0.5285129929917519,1.421552766078044
2018-12-03,1.7041151564328472,-0.577667035482637,0.31196855708953525,0.6460832856533187,-0.7124415733667856,1.316880739529192,-0.19819431988561206,0.1887857406560107,0.28062993964734656,1.697459673931943,1.073811563924905,1.376020933514371,-0.8279469952421047,0.8752874467954695,-0.293076015895249,0.9258628516257394,1.1811815344638081,-0.982699978241287,1.2775196241730007,1.280984416885738,1.602910487507836,1.1493517134647735,0.8576995090046722,0.20363896259277087
2018-12-04,-2.299480824823288,-0.3597718880448912,-2.228432120971412,-1.8497805132999203,-0.5272455336327322,-2.493008510245528,-0.5915242992741174,-0.33178330363839376,0.5485864492310282,-1.4973170979565775,-0.7498796150469379,-1.0464898165696868,-0.5342721544427247,-0.6740125190649433,0.2643230000524435,-1.420934425508788,-0.9399910972471247,-0.4545686048199092,-2.70904431076392,-1.7228372565615482,-1.9469069255907026,-0.9992114536486495,-1.100795433426583,0.0944863325762859
2018-12-06,-1.0059522318260445,0.4236317106281407,-0.15342823466083014,-0.4274372232676843,1.3631466692258585,-1.0544883892849692,-0.28923606451991063,-0.15863478259272643,-0.2859349010708634,-0.4820623176086322,-0.887252959265228,1.4860481117788553,-0.09556078494780618,-0.9952023166692932,-0.5311295946808696,-0.8588817657858785,-1.253430573398439,0.8239467821149283,0.30364092958398214,0.5915180640527441,-0.9300224926189193,-1.0202884955095792,-0.16881741186639232,-0.4494265818737665
2018-12-07,-2.0889451877028615,-0.48183426658696626,-0.750009598309836,-0.24918640941756315,-0.7967676382452673,-0.8947534258181248,-0.55776402292887,-0.8620150409745425,-2.1609588262849186,-0.45741882447926346,-0.963750536640836,-0.3483429459759075,-0.39982037773516615,0.1893631780037958,-0.4795119218189075,-0.4980676577068891,0.10208001754359496,-0.74393621783855,-0.8011724144430732,-1.2387939164378927,-0.5766843706249942,-0.791055046564146,-0.9291706398170865,-0.6734177318823942
2018-12-10,0.5156746438918647,-0.8109794515937494,-0.4869071599732514,-0.07643939731058465,-2.940580569780852,-0.22067790215691943,-2.598684678641181,-0.7544122825147603,-1.5370212804343584,0.6668439887992319,0.29828934728662154,-0.004278417368409645,0.7447317363632159,-1.3828620608558906,-1.4055253243093144,0.6952079919445959,-0.38952682984706843,-0.005075671914953065,-0.07412580712544127,0.6092263266541101,-0.19806713123300546,0.45252915916217673,-0.6858284505824961,-0.9052436934900583
2018-12-11,-0.035835604364791177,0.43463198118940366,-0.9985728846619142,-0.5238537530580235,0.12292455125345672,-0.06939985726065691,0.06904731683129854,0.669364930802735,0.2719431808372581,0.12799658241230688,0.17553766139812307,0.1419439306192555,-1.0756484533128243,-0.18135367455923299,0.6067970184420288,-0.22393812164714877,-0.3068739169270894,0.28704347244766804,-0.012248667337164646,-0.37202777946664783,0.35048759484865405,-0.7952736263552589,0.3601288002151205,-0.23905636575824615
2018-12-12,1.0622062463453859,0.5343210504278596,2.743333013831245,0.6538999557465287,1.7180056941852113,1.2357334488798744,1.6878615707096203,-0.219664173583281,1.290985759385034,0.5663553493994911,0.7522696955094964,1.455050607864278,1.0768133418472805,0.33855634218979525,-1.8999736139569154,1.046388303015025,0.4186261017102717,-0.6133175669213724,1.440834454252163,0.9375087889628079,0.961610823190904,0.9508285036742562,0.01833661905188951,0.6582996601104889
2018-12-13,-0.38751237403315697,0.8004165417361595,-0.2587173171307804,0.03711785784790096,1.1112665170866913,-0.06810628602617605,0.5609336281811057,1.1860813304881295,1.496404520331684,-2.9212569901537524,1.629435586308931,0.9451068637835238,0.9901313843690734,0.038642315839707606,1.0024692574049292,0.0521737798767632,0.21253320924626964,-0.1864282602146193,-0.4761588201567716,-0.7470543367534475,-0.13522115591637685,0.19991708798702842,0.04252338302979863,2.278520445877905
2018-12-14,-0.9689887726116667,-0.6142033887748164,-0.31409877706053063,-0.5240406494037531,-0.2123728997947439,-0.7946057649733667,0.1087316493912015,0.07314445212354327,0.16958810904057994,-0.8053739620184744,-1.3486237936009406,-0.8785905493354725,-0.4046486209280898,-0.4608282214883447,0.00021650984029210384,-1.5006421056686634,-0.8526235365627675,-0.20973428615634238,-0.9810201773842135,-0.4708933505322008,-1.2669513195975615,-0.04574275252074292,-0.20017215087594556,-1.4223459418811628
2018-12-17,-0.18386907590947477,-0.7321997654207552,-1.4692076971351309,-1.7637700799016767,0.26687440304254545,-0.9317139301133146,0.15284596267480513,-1.7427411333135032,0.07011692318015535,-1.8506877586436843,-0.8969280539363784,-1.5660562800108981,-0.461224826094997,-0.4073302303605525,-0.6603791188142797,-0.8564918731589877,-0.44886688259197577,-0.9459724813911085,-0.8721852948723485,-0.3876375262787857,-0.5352088129148168,0.19856033470278114,0.1641097147834846,-0.1238348017450654
2018-12-18,0.5417816428714212,0.8482781797635348,0.1182027505697221,-0.5292171062318611,0.8184605355708297,0.8691542776902325,1.7189540253677211,-0.4006856185782095,1.1097041353008732,-0.006769026614004903,-0.004810118872211031,-1.0564426630426498,-1.2365794902959837,-0.6640781462761294,1.657851576013713,0.2634866165702922,-0.6109037678464019,-0.936863579119781,-1.2256766368437586,0.27707085526154873,0.7633330999468888,-0.5357056802520428,0.37932932891315024,-0.12403578090914548
2018-12-19,-2.727471160564128,-0.6944881742870698,-0.7771673456765846,-1.2387032700964113,0.23924207791236293,-0.2966963483523362,-0.15394503888888367,-0.7050823754101258,-1.4780367634659684,0.133474434210051,-2.260239148572517,0.10474141287055834,-0.6681636222161645,-0.4451736268126163,-1.0114204744859085,-0.0006193247054861967,-0.09618065922791989,0.29927275890543587,-0.7305658567479938,-0.4407304412109168,-0.8693137740691022,-0.5412153091531853,-1.1264394830319746,0.6427779660374697
2018-12-20,-0.4344751622168494,0.9481919205283281,-0.27659421436490494,-0.5211783701460416,-0.2030669054412294,-0.6295724288583242,-0.06839053522180145,-0.9585595992460995,1.5544395527059012,-0.7401023688206922,-1.7035090099086927,0.37291829307812024,0.6288930214513067,-0.17216994074357578,0.9397062416581109,-0.025119008563346725,-0.4150223705519888,0.2745695136303356,-0.5861806295964482,-0.6423876888081653,-0.6012079467470038,0.9396927318429992,0.5105533482022525,-1.0021620442267054
2018-12-21,-1.4197422488567806,-0.9362703381354759,-0.3358611686998644,-0.7358323448312264,-1.3331807138459617,-1.571065356415629,-1.2440988892123932,-1.1615074332888697,-0.7224517010855172,-2.4459444216413755,-0.9072158738357413,1.3761101974107468,-1.2589507115139482,-0.45548525790631117,-0.6630377382490252,-2.4940110999764253,0.22208925134021845,-0.683011420442322,-1.763543845157039,-3.0726885834196542,-0.3251476587032655,-0.7827460626125262,-0.10364990457180177,-2.3886065232025153
2018-12-24,-1.19364690291553,-0.5650245692855123,-0.5707367904082226,-0.07246835884017812,-0.1472935604139332,-1.1280583365965635,0.19461728848931262,-0.16822229076097697,-0.15147090214796613,-3.8766232105436655,0.2339375892646803,0.057472556572397464,-0.7372493253635837,-0.6191124511376602,0.3181403322130207,-0.7504296035838263,-1.0897032296846518,0.27633435452885424,-1.0216725612578816,-1.527518639381878,-0.7194546839258217,-0.29417492679269747,-0.7486800931915432,0.21641826648505458
2018-12-26,2.528093217308117,0.8045100205191195,0.9846597672911683,1.4821152548048289,0.9328658544655887,1.4282878285922684,1.1443580871214403,1.814476045002796,0.546124575640886,3.185382424996062,2.280111674379011,-0.28327069408320793,1.485250402524131,1.3490394738132554,1.0981315548899622,2.12469508184808,1.984613089512219,0.5771840829306963,1.909686718169667,1.3098302025929525,2.2117393419071343,0.6953896446194707,1.1501010767946245,1.4616454634052911
2018-12-27,0.41118971758490674,0.8561950271849244,0.0638632543054394,-0.3557621500988464,0.10697924784533633,0.9711042714900261,-0.36887257841564813,0.3822259895743552,-1.3346849128317484,0.8695957354688689,1.4689986006315605,0.42316789602982796,0.6811523004827369,0.1683555933603449,-0.3968618888015987,0.360031145797591,0.08737552560706122,0.3186260177301603,0.9448414269042262,1.1852319589102362,-0.030389614809952458,0.19856033470278114,-0.19972921803531954,0.2096208061463678
2018-12-28,0.1660308341201415,0.4922516994081438,0.626923578685587,0.14946126490603265,0.43184839826108556,0.5992813221557246,0.7010048555869512,-0.16355476641727557,0.18266416960510604,0.3228688170262042,0.06878118937933693,-1.587902260045354,0.28982017531351567,0.5350613934774703,0.14178609727699962,0.11095420712773543,0.2686077919161511,-0.6308758758525784,-0.47905541699519527,0.5593033598683357,0.4816932944528827,-0.7827460626125262,0.06689926628249311,0.43067684377977117
2018-12-31,0.11196217764469858,0.21225671404591695,0.007057437899656059,-0.8859574445485365,0.2007220497714098,0.10907588839762977,-0.237918963226319,0.5001364323244445,-0.09125007462883251,0.0471554442426089,0.8758680582755917,-0.29669855821258817,0.2880951237817168,-0.04253108613020979,-0.00020546590471990888,0.19696858409032011,0.13836977995670013,-0.12164533796899718,0.09966139559378334,-0.20212817770433533,-0.406564867217316,0.20129762983974048,0.40355974813252,-0.12489253334776543
2019-01-02,0.15807558484567694,2.38829247796465,0.3413724220646303,0.9132269647831358,0.004368176577009404,0.08332095811604595,0.6926015736847408,0.4950162953068473,-0.10388446849095792,0.5801742334830752,-0.47196895656717786,-0.9948722515623684,0.9350242937823248,1.9996978167499695,-0.19892283597545063,-0.247324980530914,0.9123752806559743,0.20461456615690043,0.42497124709864154,0.10999942070909158,-0.6521682981340498,-0.5412153091531853,0.6571426920231572,-0.23641953922315306
2019-01-03,-2.811709527347453,0.4347987148365044,-0.15977228458448928,-1.8982543793063866,-1.0252270794596337,-0.9211129012364146,-1.3439251817707867,-0.8809033133019026,-0.7835732936416098,-0.21723882812832693,-0.9748914479346289,-1.5880081232520977,0.46835485632683405,0.47682380142644765,-1.1497923216395611,-2.3630991544131565,-0.10929597716503008,-0.23811999761824865,-1.9266773465608693,-1.1388433925858439,-3.4554621220245827,-1.0537000148011175,-1.5425044555620595,-0.6863977174648989
2019-01-04,2.0053511575237186,0.4450063662648475,1.699887434510425,1.5842631991941527,0.9016715062874544,3.025666420602935,1.4602017415352024,0.914625902602869,0.5877461203933128,2.1505020849457797,1.6808864357373539,1.5111544077785124,0.18583338041633943,0.9300511856449436,0.70703953079598,2.0524857523844195,1.121967375305097,1.6764057146605937,2.347460105505762,3.392768250270621,0.9192116046136702,-0.30137588898889955,2.7939165554992518,0.09855440618794445
2019-01-07,1.044274703318746,-0.08763675433058332,0.4331079561283812,0.4114569177130947,-0.3192338178009275,1.260367281651128,-0.2346701076574485,0.4301159500185875,-0.7863890292776609,1.468872196039142,0.9111825473877527,1.5994901942064268,0.35692596944443583,0.5426089619465159,-1.1001811095946115,0.580434785889678,0.06675007642593699,-0.09603441105411979,0.49026411380378,0.9884751968641169,0.3517896984758103,1.2178476462277925,-0.43663300880591244,-0.014049028677204995
2019-01-08,-0.4130572551121079,0.563753752998376,0.2711712482753898,0.19994964622199912,0.36491577214943843,1.5954689137425708,1.2556272967784767,0.1923103792557811,-0.27179421275218685,-0.09508381493631432,0.6273598259255313,0.4390432811061401,0.8770971158080668,0.24895676212932774,0.5240445867209977,0.9329086067543575,-0.3061329162565,-0.27879990102121194,0.12651600599697818,0.6410799234903113,-0.5209531583599645,-0.04574275252074292,0.5147235250730046,0.5456962252453337
2019-01-09,1.9222879898802505,0.8857802657953627,0.007057437899656059,0.788584595339612,-0.5207137363903764,0.5279820235358536,0.05588834191738161,0.6563025945555117,1.208261963819645,1.184431717339966,-0.7513373014601783,2.488088847087289,0.6454685848598407,0.7353826829525439,0.14465592297632546,0.8109307844308373,0.5793149258502647,-0.8335101796255545,-0.011234996073127595,0.36654695498588796,0.9969723945101802,-0.04574275252074292,0.9885266771612605,0.20832148186874305
2019-01-10,-0.14647625755840932,-0.23446279622207844,0.5303650701559531,0.41185233400250043,-0.1553175110008085,0.43020715092147227,-0.06616099552020999,0.015349820994702884,-1.2676841734778759,-0.0850435008111593,-0.5484300611732906,-0.5449807827994616,-0.4666549464086103,-0.24428365936465068,-0.3910410993566099,0.3917966618529715,0.23024060446896963,-0.005075671914953065,-0.9375896760502337,0.9749917610556588,1.191704349296088,0.9396927318429992,-0.24613380617527916,-0.4596451169939177
2019-01-11,-0.23059921889412105,-0.23619315219614753,0.007057437899656059,-0.5316250293775499,-0.05933347393879136,0.9155380559446704,-0.43429734196768965,2.9426826516487057,0.2509918644755797,0.5154285377689182,0.13496019914898574,-1.8968596556640949,-0.027506881691477282,-0.33470011480554956,0.20325565261607625,-0.8313108810065338,-0.5754693298399649,-1.386955692767664,-0.18254939891743532,0.3407800893281561,0.22906769468063073,-0.290045839744267,-0.6481138309663383,0.32046475102935146
2019-01-14,-1.0634352548662855,0.3685240990125038,0.7800540355913387,-0.7443095750981465,-0.9971463384990157,0.37594246235230827,-1.0224689036402876,-0.2624468775814137,-1.2143967637466508,-0.5884412668509175,0.1574086685545536,-0.5846215224808714,-2.551667767342694,0.06955112433327904,-0.8608222081997348,-0.5443406619076337,-0.10712839281046804,0.06593196574605624,-0.6599624370603704,0.17575494829683816,-1.368746253654296,-0.538442975389002,0.0387855135414352,-2.5141259542546037
2019-01-15,0.11126460351842585,-0.14463413856861057,-0.1976920722365368,1.1874224957000203,0.7232078832479663,0.029540498137208764,0.10037879244317688,0.6147605267042895,1.7378973728613896,1.0277083832583733,0.48781261682885435,1.0854943532768673,0.6968432183689899,-0.16011158707917025,0.6580366606703498,0.7763252344926714,0.008897149339282274,-0.07608330957596238,1.4709548952789533,0.5319446201296493,0.37361307265534377,0.4469574703475162,-0.1626803406977983,2.4860278969001937
2019-01-16,-0.6529040011110069,-0.08472877061840146,0.6688976012412203,0.4346433314194613,-0.07549769825270533,0.1674457452231574,0.4329637857814061,0.6073031150113308,1.0558722022779232,-0.5803990475349082,-0.11862708108237409,1.0947177249586386,-0.4817996001654852,0.10511464962741067,0.4196409943533204,-0.1268338250614845,-0.32390312807224475,-0.07616996572858982,-0.29745863639517356,-0.4138046133211125,-0.6821411907433476,0.19856033470278114,0.10612535487433099,0.4289407573982479
2019-01-17,0.026391015645010268,0.1870719741686104,0.10796567089604253,-0.3842649018704939,0.32030254544292824,0.07538213061648068,-0.1500506485676987,-0.2043013707591939,0.1929898225963607,-0.3266936392831408,0.3465718413437855,-0.3572954933390643,0.9977742194949639,0.21004432973092851,0.30167193207896276,0.803024374284402,0.12565405897492127,0.25518754654662323,-0.15991763679579066,-0.49142778181890945,0.9457292246639255,0.1972142978791792,0.7893401915164451,0.8617371915660048
2019-01-18,1.512846969903482,0.27587261467128144,1.0030497187401577,0.7691362079399877,0.21727339172182022,0.5093282327416994,-0.35938858984110517,0.4413975923500239,-0.6600756902675678,0.8263765548775167,0.3979590777668336,0.03888619480534178,0.48538969841265095,-0.03610385824094627,-0.38808403444025513,1.2169448113480743,0.736225486404846,0.1835346492428517,0.655425620436389,0.24522902390923607,0.7768805999660333,0.6751943474248674,0.29801504779678495,1.0620600206005644
2019-01-22,-1.0195136660705488,-1.2413255752986734,-0.7878553139282185,-2.640600309134051,-0.8019024110049595,-0.5651753659856691,-0.5735628736652789,-0.7970754901957219,-1.8677440154700917,-2.1296856439055403,-1.8631725027844723,-1.2430540392666674,0.14255836018056064,-0.38978556919896995,0.6165346694412793,-1.432695892148657,-1.2034811681044195,-1.193281156920983,-1.882092875911261,-1.1342890544659892,-0.7756385279143841,-0.04574275252074292,-0.3535168513970475,0.0924503426205937
2019-01-23,0.738160272549918,1.1335584710369229,0.5056342042642191,0.7126804165907985,-0.8782040306922174,-0.47746361688016636,-0.11041632840521609,-0.0425236758560127,-0.41878875538310767,-0.26118938903634303,-0.01666091784973174,0.15509068982244806,-1.0802162693600772,0.5277079120065619,0.2274159911005672,0.43624091388008696,-0.5997139813622007,1.347681623545824,-0.06438717502135496,-0.7499034565704631,0.12275684243978222,-0.28474926320367205,0.6427044063311578,0.830853468588534
2019-01-24,1.9378045906405892,0.21512150284804563,-0.1419011502773666,-0.13356027162970718,-0.6532156433430969,0.7883636275559304,-0.11058964178410086,-0.27755016647483544,0.3200564570546325,1.0563725220850368,3.306565147974262,-0.9995535605767246,-0.8552350687560598,0.0686858660676295,0.31101548538307516,0.7420002232234131,-0.05898425863348868,0.3227524317283871,-0.1515492720164509,0.20571690844411844,1.667082767447464,1.1365382377433242,0.22860684343651524,-0.014049028677204995
2019-01-25,2.129832990576151,0.39105448009959204,0.6977242054247041,1.0703697037576207,-0.09876151403212052,0.8472319869363841,-1.4979684708374617,0.6109970894759863,1.1719233343224402,0.3461279215308772,0.4669747721564034,0.3219377496774836,-0.6212171046534718,0.5162291851643634,-0.581561000247856,0.33485946807372147,0.28084133148214663,-0.21562285850712362,0.37002959093170407,0.5435256293969538,0.6741250003597907,0.8777718343930853,-2.6637977498923577,0.29959265991755174
2019-01-28,-0.749555631898629,-0.2601560384593156,-0.7333741718007534,0.09934266845349637,-0.5826435747980884,-0.2650131113222916,-1.8236367954829384,-0.20519484811343622,-0.5250157499064605,1.1993336325008863,-2.399497909465768,-0.25463659839170594,0.013787866662917137,-1.2774231096847681,-0.3432519938603189,0.5165757849992333,-0.4758774262649477,0.6244630856323188,0.022163948555802178,-0.8199838065800531,-1.0921470750128968,-0.7365611450818027,-6.2735670997239135,0.511056021713254
2019-01-29,0.07436012879038258,0.3603049762099729,-0.04275999748954927,-0.5319394603013989,-0.9731087508262009,-0.28887352555913837,0.6574877517157789,-0.2601691375659582,0.263267764196976,-0.4287589481977919,-0.5177048970149063,-0.5613271874219649,0.2975579262071907,0.844994788989206,-0.2299450553725359,-2.5056070460533055,0.19682527263148533,-0.7518953465133944,-0.10753586822747939,-0.16102917181413928,-1.7364733679494118,-0.747556060414739,0.7735242615093294,-0.014049028677204995
2019-01-30,0.6591579438382436,0.1232757522302396,0.10663971546422275,0.9761793972136701,-0.4714786083387321,0.5959947620984674,3.821536754864547,0.5539782010600142,0.8525577829396094,1.0387559251419836,1.4527379113993837,0.7728724039755062,0.4966199657204057,0.7349925575185812,0.6866461784551633,-0.12058913638611284,0.6100373465551477,-2.8632679477098124,0.3986491378348997,0.4692694182934382,1.5258286244348929,-0.04574275252074292,2.907489543908578,0.19257141741273553
2019-01-31,-0.6501444225720063,2.380002406078021,-0.5940689084931902,0.7728941511930207,1.364191570971644,0.11929137307517138,-1.6269190335703951,1.079261878635598,1.0718237334058276,0.14953823216126,0.19133438573693332,1.3770429015731984,-0.0805853628215038,0.5008544838196137,0.8316749375690607,0.5169451353639934,1.7937377415515627,-0.15271185720328773,0.9235991371823239,0.057528979782974866,0.2956902855693998,0.42337436102048454,-0.3842644522165442,1.7126135348137301
2019-02-01,0.8759407784461781,-0.5443908526406875,-0.4494803564790723,-0.3123613754122481,0.42894306535893634,-2.1457483074677666,-1.4653191002531158,0.4840012376876818,0.28881547700463234,0.018939985476819493,1.144903512850811,-0.3759948444978926,2.051511489764062,0.2135900247955295,1.1480276216622096,0.2944489942945162,0.8936086964722647,-0.32613495195698605,-4.405813097431497,-0.7782881058673172,-0.1347519237410902,-0.5148598660619703,0.32222749601773365,-0.6174929665206744
2019-02-04,0.2584584027968477,0.4882110375408593,0.21057833479082066,0.6220872884157093,-0.03796625542859337,-1.6656984470910277,0.06312506545261398,-0.19995816193378574,-0.04068660207237435,0.2886517555125913,-1.5041516689314742,0.25038654313857245,-0.1181567021241765,0.09745097177669011,0.8949915918802003,0.13417925523495186,0.4530564665764518,-0.1786483982637827,0.10625586429479038,0.5538054346378672,0.4850230566034743,-0.5199001185606491,-1.0786432018242604,0.1878037622598012
2019-02-05,0.4979892430847112,0.03330078412111538,0.15905466103152988,0.5265724838019583,0.3920610994827523,-0.9298739995606511,-0.33645569882344467,-0.20043005292708477,0.5652572223768106,-0.5195492451689957,0.7331569427896794,0.7557479974270102,0.2826275942291096,0.22737425866845268,0.18710075142603083,1.1812841124111222,0.213508613231521,0.39093618543631353,-0.5457156944293539,0.33912554261940575,0.3924686910421034,-0.28474926320367205,-0.1100192462153172,-0.21590181961421118
2019-02-06,1.331495378438684,-1.7041625115466597,0.007057437899656059,-0.5397024096578634,0.19220408530632088,-1.2378806250017873,0.7259186575318605,0.2728171872928381,0.09213852656468315,-0.47591146855391747,0.39952434084141525,-2.1890179753884476,-0.20825606505383795,-0.6754872937650128,-0.6618220303093345,-0.5987117820184248,0.12632991132699875,0.14279938803703804,-1.9741150908617318,-1.5864901847511783,0.648089493882745,0.43097769042647655,-2.024015976064021,0.1878037622598012
2019-02-07,-1.575984462178758,0.2066405752240805,-0.9649666925214984,-0.5215642192462246,0.14219484699442528,-1.2611292626239603,-0.28923606451991063,-0.30517648036279327,-0.9385581525067574,-0.11799325228871423,-0.34492384236146867,-0.9307504877257419,-0.06629788863153185,-0.573385728928634,0.2698453067292077,-1.0824432290209292,-0.7905094206700575,-0.1776161492223834,-1.455479037055328,-1.9644004240255768,-0.9590240552988945,-0.762768019873029,-0.5383381505863044,0.08660704341834713
2019-02-08,-0.06193150593490526,0.09162165453849046,-0.09657484191843466,-0.3895175160879123,-0.20172870214165958,-0.6236525442683094,-0.691850591421991,0.010115834967920635,-2.204791430280035,-1.1002309470575122,0.39863134899179403,0.3193760241405865,0.2948302267754173,-0.3262529921444072,-1.07776728996287,0.3178856929550079,0.048418597216794465,0.7554322710389956,1.4319087917794189,-0.5616102011943712,-0.5448132738987022,-0.04574275252074292,0.6097421045687622,-0.014049028677204995
2019-02-11,-0.74338192650803,-0.3091399434790125,-0.41003684111980193,-0.43145858159906963,0.10399845881431133,-0.2726358169132802,-0.5206812200918054,-0.25333031002529505,0.05965794496572249,0.26290286359391535,0.2262132582552744,0.005126885456734304,-0.36281622904541094,-0.645787065314501,-3.060085588052647,0.016369704869142198,-0.34312755479924045,-0.20045542025261304,0.30253650951908345,-0.13334140013016163,0.6712208895353879,-3.5552646441453493,-0.480614372648296,-0.21555479443574813
2019-02-12,1.0952081842617107,0.9705751156421467,0.4241517169191141,0.5212720537293023,0.7416768740001115,0.6140611706326419,-0.07078936476908902,-0.3071352323122064,-0.65874031748007,1.2751528178577949,0.7793607885016226,0.6531137184238363,0.908948386775812,1.2397857083786445,2.030582466897282,0.2982875103197572,0.5510158027777838,0.04382651326965934,-0.421453602594899,1.7248367765352104,0.44597736692751266,2.242193013754539,1.7185252096044437,1.0855008120091316
2019-02-13,-0.18170528849999565,-0.8150791603406345,-0.14886673712114462,0.8332608088676595,-0.36147917018764303,0.33334776595388094,-0.8027648236172548,0.11638289490861037,0.2406460129233867,-0.3854251933132151,-0.35299666775413563,-0.6692819639223555,-0.4364170924760684,0.3670101273522983,-0.9484776455652705,0.34910872121754055,-0.08674493605375973,-0.12740290034773813,0.8674397567643505,-0.12453618874987314,-0.80048568614676,-0.04574275252074292,0.3911303357936588,-0.1131382711030848
2019-02-14,0.4817899711283529,1.3818445475146783,-0.2541126660990013,0.06351999081584762,-0.668872451008404,0.7547824932617107,0.6156249194937768,-0.25450366436827093,0.09860730595559329,-0.1186607397640478,0.3331950516273186,0.060687518034648426,0.837530874677084,0.7526853447323273,0.39806947052790675,0.3758508483690499,-0.007482840880786062,-0.2996223414007409,0.016682011462131052,-0.2765729374856897,-0.16302013736290058,0.6912605575710402,0.3602118277082476,0.18395726996968745
2019-02-15,-0.04334914342862615,0.1980460590936276,0.7342909976652908,-0.930079424422968,-0.06531945810645291,0.13044467372459004,-0.5284398173213946,-0.0425236758560127,0.18794410988714527,0.2773220232692205,-0.999281539765106,-2.3167201351331324,0.6757291355454759,0.04740770001810921,-2.5234130696367107,0.48823635163344664,0.3703999546162287,0.19143666269168336,0.7238955694026752,1.2206558478982075,-0.016778497708425637,1.1558653300890798,0.4842821146172856,-0.9105266769752349
2019-02-19,-0.5601197391187746,-0.7689570438115271,0.5697875338584197,0.5616070373589733,-1.0543766901997984,0.4753110682552364,0.3408530261298521,-1.1685144847840228,-0.22192688182335132,0.3575102426179113,0.8160308998029603,0.30945733848112905,-0.07793752139444188,0.07948629226245647,0.6056707278252422,-0.06492611458223235,0.4709459280920659,0.31298182979789413,0.43945958847007044,0.19523364177094016,0.47759268143907735,-0.5224631954679623,-0.3663906600933319,-1.4372251300888503
2019-02-20,0.31504867719991475,-0.4733396717419072,0.46195705879842336,-0.2916730285398292,0.6876008134885385,0.12935475745085886,0.2472676076026907,0.7640056723459706,-0.3389731292254149,0.06414682574863201,0.3818759799878908,0.4662204255789136,-0.8203172959800108,-0.13000015989049135,-0.9471782945313771,0.04990318403425883,0.11156784724265108,-0.27409064846972614,0.6942807301152908,0.8135044835762807,0.7156995061814072,-0.04574275252074292,0.09748860747200054,0.8035482193160274
2019-02-21,-0.4041750592857482,-0.13626357330596192,-0.09360683591642951,0.150614019501876,0.19811160718221493,0.30040423614800593,0.6490817007266176,-0.849053024057996,-1.0348361028067694,-0.3745300336565093,-1.0441981445160995,-2.4335141826026176,-0.09110178493894587,-0.11438020222914519,0.32806658902041397,0.049830830089761094,-0.7411594721804506,-0.2998722327712681,0.794640988042013,-1.0273700551079603,-0.08924297546890883,-0.04574275252074292,-0.526389551797201,0.3903902697948852
2019-02-22,0.5706299149077535,-0.05113389185420355,-1.064694193840833,-1.0905321900906755,0.04962235868931408,1.0733619770629694,0.37431937510633023,0.38905059135896614,0.9877533281271715,0.8349652825829428,0.3596206895273853,0.6293452585768237,0.11134908996401542,-0.03350640091133078,1.275910373627669,0.7442709921886795,0.2490552785205877,0.3631972917933841,0.22254166832918137,0.35057551008567306,0.5219413889963166,0.6674211242020969,1.2038340881877112,0.48748109428407244
2019-02-25,0.49516094607400885,-0.309668575565622,0.5718426360687295,-0.5184673501430924,0.8464311128771432,0.5337040382237355,0.2390440758783501,0.91674363902016,0.45919842257279153,0.05257562772545807,0.45709140172970003,0.23276233525439202,-0.4842896471062471,-0.6421933071321317,0.6907931820978507,-0.5819855084520847,-0.09543221989704244,0.11720985630724647,0.5705226511849475,0.3552465292047668,0.20727978232513453,0.42337436102048454,0.1200923010886323,0.7793480242939642
2019-02-26,-0.47952096299429314,0.6060115606419731,1.9019166823077172,-0.7345820262220242,-0.6060300286331645,0.29235235377523006,-0.7791872964778451,-0.46687257426468887,-0.8177580926251063,-0.5852760072582874,0.24864900115022198,0.07322426093151227,-0.014992479907391942,0.048832817638195386,0.11414282877085807,0.1179660806960314,-0.05550884767388638,0.1900693397791619,-0.3481695066958726,0.5006885866829278,-0.03256275827228496,-0.04574275252074292,-0.08146936841366902,-0.11261852637859111
2019-02-27,-0.38018147585262535,-0.19288655225716736,1.3034885522739976,0.05063594077119964,-0.2996262415525224,-0.13626079455148202,-0.5654193957191594,-0.20248701133650474,-0.44855546826746884,6.7554583217358495,-0.10592571742491101,0.09916192287752029,-0.5257156331439842,0.24690496710413776,-0.40085475015696276,-0.3390354583996476,0.024633253755271402,0.673197759025298,0.2085024432697496,-0.6101568212664055,-0.27199721570585866,-0.7513032998375865,-0.08165060663893588,-1.1097506348127133
2019-02-28,-0.38505376609432673,-1.2121707062054599,-0.24061436753540227,0.09486790961249801,0.38659207436707704,-0.4236137013544785,0.7819275058913359,0.06416829959848717,-0.6646252553079776,0.9129951568824796,-0.32054134140763296,-0.46138820485250565,-0.19448276103787743,-1.1780940285237491,0.6849571054298058,0.049729444173212296,-0.24045456858909492,-0.8784941145493191,-0.5348545986860164,-0.8551647422488153,-0.6281352514358626,-0.2834566847850332,-0.031203826232348485,-0.6206983746186534
2019-03-01,0.5379810443169946,-0.7404564811158872,-0.48281572481067264,-0.10703494127324105,-0.40791447134976805,0.19801813326523435,0.28453801668234086,0.5934098483226162,-0.3910959292672156,-0.6091105152637412,0.7332548361287332,-1.0856600852686877,0.7893459568594952,-0.3992512628640885,-0.0001980979479554062,0.6923073916597754,0.08912763453550439,-0.2989488185396833,-0.1635136524246293,-0.4830538895046004,0.4220307215507958,0.19197117974354738,-0.2343852452463234,0.39109455150569455
2019-03-04,0.09034219662634355,-0.02424452466088369,0.20369472936006566,-0.2857833049993006,-0.03796625542859337,-1.5653311865289787,-0.11385381150981794,-0.6784572000346416,-1.5122080402947624,0.9064630392423589,0.12467322985099862,0.24655065485169977,-0.575388505832244,0.12078680908269393,-0.5271446695893148,-0.621642287470285,-0.023542782226122484,-0.05417672365953679,-0.3516921517193145,-1.2938608250249222,-0.40098811825961944,-0.04574275252074292,0.07040799260427082,-0.11505212595121449
2019-03-05,-0.3506783778207608,0.30677351367722555,0.4461664659192724,1.662867566924715,1.010954955324368,-0.23857971019017993,1.8783089177178574,0.2233192271631381,0.07848109052323894,0.25955762054466447,1.6464980252702075,1.7250870170946941,0.5958510193953391,0.1720413780782476,1.0062852472981918,0.35126433516658506,0.07295421959794679,0.36232574216958724,-0.009220991399113978,-0.13233802233673747,-0.24587308584853393,0.892513989148869,0.5982215846577723,-0.41993529051163286
2019-03-06,-0.9498944179382178,-1.0128985760668638,-0.3340786193257054,0.595103269847043,0.28242302196153957,0.1046453099382019,0.6050708045091844,-0.36168144587728296,-0.4603010965839528,-0.5274605715646911,1.0730255934540294,0.44384669101934715,-0.7023480843650961,-0.6470427425570862,0.627647291885598,-0.23518243162262284,0.008622806545856978,-0.7667972524694521,-0.19756196268969836,-0.2126369221933543,-0.38986006923670913,-0.2784389468735115,-0.4326562929200914,-0.9380018385801777
2019-03-07,-1.0406119000417613,-0.11775925632098742,-0.9830935894546177,-1.071812439741251,-0.16056640676384426,-1.3305539311424888,-0.36066550407199477,-1.2282623749172654,-0.28254110939921784,-0.8614967664540304,-0.8024225848946125,-1.2293081266797121,0.036276031344190225,-0.4464399283037122,-0.8815345340121732,-0.7297958817224346,-0.6623466259827324,-1.3039862571024883,-1.322516001888883,-0.5218385478875792,-0.29083919149019055,0.6486980983242613,0.27085823201140224,-2.5538517443401068
2019-03-08,0.30625328552307696,0.49818638006359517,-0.6492375626631203,-0.4986374721903139,0.6144758545129089,-0.11865724549576841,0.26792766252998146,-0.1515444710637207,-0.6925639968922014,-0.17018332724554935,-0.2287699224711599,0.33352158763382533,0.544705026938555,-0.10903579457425919,-0.5386566989764453,0.907998659032781,-0.6300103516300894,0.12099322548868838,-0.5674935061607413,0.28973547095162183,-0.6839681967946518,-0.974118327785621,-0.030983036546218323,0.20197563345032177
2019-03-11,0.5539116181983547,1.6454521522155476,0.7134145760103684,0.8041607406925037,1.1461212273439425,0.9519079346609377,1.291372961229879,0.3923293617585785,1.1012839639855025,2.3832020113434758,0.6893810921395709,1.0567834193836882,0.03547335764790271,1.5582789385615943,1.0151290159162247,-0.16113208772431184,0.35373714197984707,-0.7143736516514704,0.11838876048825371,0.9197741701593518,0.5770221057009381,-0.28092514164209215,0.98135489530552,1.053993972232893
2019-03-12,0.32582163243008344,0.18012114772615664,0.4054417468368472,0.010959164437091091,0.8120247562759401,-0.21619861271222818,1.1346706397088597,-0.20519484811343622,-0.05958240493859175,0.13016580188167717,-1.3431424699469092,-0.07658110283863945,-0.28119743743347314,-0.08629421725599797,0.11118595326206974,0.14585968867066118,0.09053911016743428,-0.005075671914953065,0.1861932450136624,-0.27100665410142405,0.31276438062125794,0.42337436102048454,0.13954122241084158,0.19716616276487275
2019-03-13,-0.04855798432605162,0.3515781188837625,0.7440249192244628,0.28522620817557315,1.2326718091104922,0.1550625691243944,0.17146868656348918,0.12014749640141079,-0.2820908427674447,1.7226184644106224,-0.33234401968156496,1.315991043608071,0.9295423418232632,0.7235240473973718,0.34670592390229893,0.46165269910178325,1.3306582695409126,-0.8515099915129067,0.34360410916873824,0.33859318097247676,0.3813107076508041,-0.7513032998375865,0.5455659872385104,-0.8636801870796789
2019-03-14,0.14810583004932984,-0.08011191409369506,0.20142936491429145,-0.09855309320368476,-0.033002008525357854,-0.4401451340693032,-0.22245232164842108,0.22759285035598845,0.1627934483602494,-1.058174586319911,-0.43426212543567244,-0.41635405392622027,0.18415167715228672,-0.0010353892033076585,0.16526070242125385,0.3516463503106272,0.04829010990501285,0.09814185596280767,-0.6674465749302042,-1.0969694220575739,-0.6173110076792059,-0.5224631954679623,-0.31644509878845406,-0.4436760626269012
2019-03-15,2.4076827975216757,0.32052419885026745,0.345075044880843,0.6514106729667051,0.7163290173886565,0.5767165241045823,0.7958679774967516,0.49388914613396373,1.5827680424364556,-0.41526678424304525,-0.45072056941535166,0.5811829698998777,0.44347916404265036,0.5584222722595781,0.1784031661737702,1.6216805038140811,0.19097571810695024,1.2708878877731424,0.09495496934553967,0.8205082424074639,1.1173208815913596,-0.28604757692580957,0.11387094794382392,-15.392761054500019
2019-03-18,-0.6041213544269444,0.5144738327478949,0.007057437899656059,0.16522851364415392,0.715748119618465,0.3266957634168864,0.551899179805744,0.06416829959848717,-0.004156791171561464,-0.32288236818425803,-0.4780031694311846,0.1443207191350803,0.6479724103196308,0.8328096850995703,0.27349151012381323,-0.21007367761000234,0.6300028369544249,0.07065468776560584,-0.24772083979765605,0.3313549345908553,0.2194845392238935,0.43356858256725295,0.18480467856259483,-0.29724935376337897
2019-03-19,-0.010536536800202546,-0.6166124885742439,0.3423790236714043,-0.09910070531104229,-0.5376716867599348,0.3496365088823653,-0.025491817542465926,0.908750711471467,-0.7369161317007992,-0.23946484740339044,-0.4137184090354146,0.09180447893467406,0.9060276932253639,0.4064322354303584,0.6243361452845065,0.6877531853560362,-0.10898834590158325,-0.08080603159551197,-0.6867762975257554,0.11928389224487738,-0.18657331853957604,0.19197117974354738,0.9769306472079177,0.12772545795100107
2019-03-20,0.03011553014849122,-0.5991743044830868,-1.153889553117838,-0.12754138417651542,0.6786304324325476,-0.6321193499938574,-0.21711273333349862,0.166756905060217,-0.45705566591040453,1.0943554891894427,-0.8403981577441763,-1.2350654517380526,0.4394596151638343,0.4003732247612924,1.2537827428769812,0.567368278167575,0.4141611663910632,0.020173746710028678,-2.7264359626735564,-0.06525061801786639,0.0652194299243479,-0.04574275252074292,-0.493530042488323,1.1076505394206695
2019-03-21,0.7582459731191258,-1.2980867600352621,-1.136338716545449,0.377840736310939,-0.10534765564470908,0.4982968806415691,-0.17939639915098327,0.5807028921044768,-0.19748799471983142,0.4210709044344858,-0.14290510287836122,0.46048714732258395,-0.5926780956105523,-0.9048255187610278,-0.26560830067647556,-0.07255445955873571,-0.3112172859118909,-0.3341986709729598,0.8286611781467664,0.4799835621965246,1.5777583052750621,0.6598177947961006,-0.07619521058914153,0.12462414966913087
2019-03-22,-1.7359417318818273,-2.08139872230826,-1.0130254436881634,-1.1865705881458883,-0.77496793162435,-0.9309453553237668,-1.1577490630252667,-0.9799348499925731,-2.049743417174317,-0.5548633232895712,-1.9765406989585148,-1.3211617822365314,-0.8549502346140105,-2.0239836706103023,-1.560756996809597,-1.4886233118061172,-0.9466381816784011,-0.20848988828595005,-2.481324167424628,-0.16988652519671762,-0.8945230051947216,-0.2796774769406167,-1.5436764883561696,-1.416196261749627
2019-03-25,-0.4229721004243411,0.45287768322529304,-0.19995778086681024,0.039723859413540945,-0.11123583945098404,-0.39213247288517306,-0.42280371579907083,-0.3584395784483067,0.08210356820555603,-0.4862201734913781,-0.256696655126202,0.19612308613298152,0.9927975295809675,0.10124406681611943,1.146243572215353,-0.0848909103499227,-0.07118154348575291,0.19833854445604393,0.0968653308180036,0.15116310708629557,-0.7675473152031878,-0.04574275252074292,0.09241247217309542,-0.7283031900798554
2019-03-26,0.19592895083039652,0.2587166384476263,-0.044859451768542585,0.08034800131871214,1.304321683960628,0.8755140988095387,1.0001244109586664,-0.0425236758560127,-0.032897685604302424,0.1432179002027925,0.9119479434595867,0.23834981217415316,0.42145534308058624,0.8530105893992799,0.7148797253570234,1.2480149746482505,0.32671122699938904,-0.33593332652398294,0.6672750139582048,0.8074845168012839,0.6048490258379724,-0.28092514164209215,0.38438857669435406,0.41557800527249117
2019-03-27,-0.8995703020319977,-1.8374518854981057,0.5746087904869859,-0.6980064239417924,-0.39207248093328817,-0.24254925992823326,0.013485244380127758,-0.5197067753053649,0.08200230486978194,-0.7023464097302838,0.6560023757092158,-0.06444408594855447,0.22540347845718856,-1.526902991279956,-0.8639216864573739,-0.2184444900945703,-0.4933737222503087,0.8314039907711432,0.020506381278060492,-0.5063561870028316,-0.33702114900148616,-0.2821861862963589,-0.866081805856056,-0.7318988190485267
2019-03-28,-0.016931448266097292,1.5966176206397547,-1.0831506864464853,-0.040036785137148874,-0.31711031648745225,0.3549295468867913,0.5933886173817265,0.7505753261856337,-0.421893336636818,0.8454688277729088,0.21214753823471183,0.13315745111690994,-0.17324479809287613,0.5343283235245508,-0.26919979275140204,0.3309770375596171,0.04860655931367966,-0.8415553346010494,-0.3103663162073859,-1.3130715722834418,0.13290481300615628,0.42588307037622675,-0.10573797771711406,0.2741737277444205
2019-03-29,0.9517259128678672,0.6965630017516684,-0.09826073272449252,0.18360801889917414,1.0512770824214857,-0.31695595744440336,0.16612909824856678,0.21941261568927536,1.295647379028771,0.7089314372885427,0.8995126705132109,0.8167067060127224,0.27298663223475395,0.20338977355784388,0.9977279236726528,0.648461439976516,-0.03941301038398002,-0.056159172948413466,-0.2529061719623752,-0.7241269472000886,0.7886257179135909,-0.04574275252074292,1.0508734321814623,0.2727289721652723
2019-04-01,1.0780468327617416,0.6279086972105283,1.6106026841356282,1.3273038358335219,-0.32726973746737803,1.7789647611882713,-0.025491817542465926,0.7877027879208429,2.770618642632252,0.6795221308238085,-0.0362511476081843,2.271823813445052,-0.2572836174020859,0.03288285481617179,0.07788752385051216,0.1718913573085595,0.5499661100531791,1.0836124381659533,0.8624569970176673,1.2072528650092484,0.49392348971583355,-0.04574275252074292,1.2265305746791924,0.9784436099417325
2019-04-02,0.28838768869344616,-0.3251447246186882,0.41116715765703543,0.13959726613153442,0.09976183484458408,0.27327007367155637,0.2793664691931397,0.41922573248502404,0.18280106272891852,-0.6123110525901868,0.3391667960762351,0.31067374812208154,-0.08873358278432714,0.13422428168539827,0.6920639945803488,-0.024288061536610717,0.1823933220447274,-0.6357109394062105,-1.0569403345565236,0.4791004621436998,-0.1954228560047045,-0.28092514164209215,-0.26265125541383594,-0.014049028677204995
2019-04-03,0.9144948667898353,-0.4406134723284606,1.0007106458894888,0.912107924772759,-0.16618474143348294,0.3444916606463728,-0.6373478030652514,0.059567909755910226,0.5263624330094486,-0.14525951435847048,-0.5487075475826451,1.3539270803188848,-1.2844411458922573,-0.5117863059397223,-0.8262823095038544,0.30840725282377746,0.24457944884990038,-0.5653438211353933,0.22094641274619106,0.24826628799727263,0.6365156454474868,-0.04574275252074292,-0.3120479481123941,-0.014049028677204995
2019-04-04,0.10319336387531178,0.9662026008266651,-0.14050194069338853,0.9566845511893179,-0.6210997016682287,0.725175906280359,-0.9202844070367584,-0.7094938151035678,0.4948897429122813,-0.5500143120597947,-0.6561644717300564,0.28246097803160425,-0.6717860302989833,0.7615179525487396,-0.651523667379748,-0.2723120423756798,0.11824033857453031,-0.3385177139911219,0.10798996016131807,0.6293284475146076,0.2714276803031439,-0.04574275252074292,0.30020163325770605,-0.4372910201077577
2019-04-05,0.6781801655139589,0.31423087869970223,-0.5384748204591373,0.5401535994444286,0.04845568263118719,0.03032797205525087,0.3657971200237769,1.2332940454082923,-0.08263605552026265,0.05180116547605886,-0.16725269204123475,1.3860884448439748,0.20788738733887616,0.5447772431764968,-0.09455342418255058,-0.731747639911061,0.4295563604484186,-0.2111578559938283,0.6243188615180072,0.2708308103878932,0.19042713626621965,-0.04574275252074292,-0.19395893671446002,0.6895924886442301
2019-04-08,0.467120169145482,0.0780823561519821,-0.0428891730761067,0.7064879477225231,-0.05235714756052217,-0.49557197454087487,-0.7323446538358338,-0.09300553560307417,-0.5303981179983495,0.21327842851319662,-0.27759342712514473,-0.17358764235645419,0.6987281287895094,0.7896324254958516,-0.3766810732847407,0.1519799714061613,0.6027398483230806,-0.7056526891998156,4.101078867598352,-0.21901673115935388,0.1498780126769562,0.887549268522313,0.9918369309310465,0.40400902209923434
2019-04-09,-0.531462948833306,-0.2108762542071761,-0.2938554292381058,-0.820205644883379,-0.12922554908171305,-0.3785315128843921,0.6423839568283037,-0.8564911019283379,-0.20287769351401713,-0.13955719117336374,-0.3910837517490669,-0.32493851446612343,-0.28589187514226605,-0.17653625630343672,0.5348308808348365,-2.501423064203318,-0.5627180038416711,-0.3714608903796933,-0.519584025532607,-0.14192132312159886,-0.2976066017092267,1.7635941396360226,-0.5821639567285083,2.1651589337585206
2019-04-10,-0.4850700198592445,-0.0303148095555409,0.30797030503741796,-0.8804241171568676,-0.5353391507273807,0.07886772228996175,0.013485244380127758,-0.40229826111723704,0.4320281069931072,0.5982165197207424,0.2826278293397854,-0.577837205487519,-0.052749109007957734,0.1744654778968214,-0.09440688819284161,1.0275980616714522,0.34088170451697386,0.855123109658917,-0.17926891416544308,0.051762170500369076,0.14998936276051275,-0.26789229755213556,-0.0292034288128082,0.5179468623085303
2019-04-11,-0.5135092738364648,-0.8765516424678967,0.40497499089758665,-1.3369606164834709,-0.091342068028384,-0.8913995926343732,-0.2598449124913263,-0.6125258844550843,-0.017322633230743734,-0.793272187689376,-0.15923048182345798,0.053155807811712516,-0.33629248853604893,-0.840865051823522,0.2519017559790215,0.013765476658541217,-0.06883612695987994,-0.6556524899256063,0.14071645702514485,-0.7648724519891006,-0.41665451640208323,-0.9457044899691439,-0.38059896249010994,0.11817837892072847
2019-04-12,1.137466332404147,-0.5954206854187402,0.7431763128474348,0.44262301048128844,0.20910764001549106,0.420549241291967,0.20886127740639443,-2.2727406131923167,0.7928710953024805,0.010173648745497692,-0.015871922686096454,0.08169303501750538,-0.9113799911637701,-2.635212510137331,0.8158048005598679,-0.02445730965445072,-0.3246094966125369,0.464007687109039,0.7836620861377525,0.8552758321856129,0.5706052680766818,0.6309446210435301,-0.38509761136271037,0.2494879033768693
2019-04-15,-0.7734636241681042,0.04388849968877212,0.3462282031809363,-1.0301601106525329,0.30414639206406663,0.15203232410149284,0.052346927423904246,0.06568379833928865,0.21580554092798016,0.5990496113934373,-0.0712678601922011,-0.6056460401432714,0.14719191436157217,0.14325661758311392,-0.6589502069944848,0.24249030331282537,0.06269969569446593,-0.005075671914953065,0.3044577841042289,-0.30321736373020475,-0.021466122098376637,-0.9503160563499835,0.08930620896998594,0.7693326269342363
2019-04-16,0.8570586379982326,-0.3366923420836664,0.05529061420408093,0.3834977790980901,0.5782270361032391,0.05495868784346034,1.4277818535367222,-1.1338373162881954,0.522607262730896,-0.8734306396928471,0.8689821998341248,-0.7458539789676636,-1.2384365355711482,0.6213104297293228,-0.5063038773492076,-0.8949638657265093,-0.2171328724168501,0.43477195042070843,0.6551727696480887,-0.16807652546381938,0.45960929859208616,0.1821431777442246,0.6759780065589255,-1.9930955642492327
2019-04-17,-0.11599151435559146,-0.6508254745286267,0.5339934159420321,0.015513743326079616,-0.033208744855149123,0.8247487963660721,-0.10079315927945375,0.17739401190724774,-0.016960097772257387,-0.3026052537587472,-0.24248315972609932,0.3361766621679766,-1.1968028312699126,-0.12436412715469854,0.3052298250069404,0.590029329593034,0.22608266157178658,-0.3152276758737699,-0.2849907144572483,1.468993350732107,1.6978611309895189,0.4065378996523042,-0.711606849379261,0.12005412330659514
2019-04-18,0.5518969854108391,0.5093413376175924,-0.5198785401427198,0.1653704011439612,0.18953457685587802,1.3095399594391128,-0.40393288493763335,-0.15236388732665995,-0.4149029010046067,-0.5079038216141937,-0.7186573670962221,-0.37466805450351576,-0.1962535342739948,0.5582172520688375,0.6847082438170625,0.34028942633338577,-0.30287242120841573,-0.8397024690029757,0.07888834793487118,0.6576021001552623,1.1920460596601317,-0.725909334958762,0.11278761705583093,1.8308943549110226
2019-04-22,-0.14841428973627202,0.19762001317244657,-0.23465897257224227,-0.38373153055866177,-0.4271944437090685,-1.2487019054153856,-1.063923246074267,0.28642273503852245,-0.9534815794704226,-0.1357432936766436,-0.06045772004667031,0.2607729411259163,-0.418591665081468,0.11976402335228241,-0.3693731965622083,0.42447762522931315,0.8058109116103052,-0.26822536195867763,-0.32969837461699175,-0.6582452085659273,-0.3681459075276446,-0.7365611450818027,-0.6281593838487503,0.2447028326422327
2019-04-23,-0.1059573585589692,0.799230377835482,-0.5296282732322593,0.9183353109252707,-0.48277699620825026,0.3879036517159253,0.3233880952823411,0.3931521042948467,0.8161309848553976,0.6219760423551688,0.006326274706059809,0.8488924241105915,0.6876801196364466,0.18772430299158951,0.49764915115647435,0.5228595816848909,-0.18407809568229783,0.2842998742527344,0.7053677880745614,0.46807387362527775,0.2713194252005011,0.6450756400403168,0.2588329696286911,0.755204216150933
2019-04-24,-0.025469884911744355,-0.7491285673057638,-0.3875962593078708,-0.9273004024196358,0.8338978726879434,-1.9956716917215946,-0.21897014630926873,0.2281046924273191,-2.369319535433337,-1.0633941300814482,-0.12756623054351116,-0.03353389910559402,-0.41646993615889594,-0.7993009884444774,-0.06667378089594482,7.169910622910103,-1.2008551038452835,-0.8772500667084208,-2.1019396839214863,-1.33662049385215,-0.0729392969482212,1.5252827992736984,-1.5029087870093547,-0.39736326614617934
2019-04-25,0.13507623931980536,0.7236872256081842,-1.1995648001735906,-0.32098718134255333,-0.5890062003488848,0.22648834652803937,-0.14199323501569766,-0.36741671749790594,0.43998850853222554,0.06888330411439322,0.5599954600216794,0.5025730587960504,0.037538132139649565,0.2269594286988088,0.7646462922762864,-0.033251138391701976,0.12677000456381063,0.021533936085417267,0.17304240974980387,0.17295901509450642,-1.212875455347448,2.731220326420521,0.29422628632361936,0.24178252689568575
2019-04-26,0.7447246203094645,0.1923276121668036,0.362573338689361,-0.42937388632760143,0.12887484726420892,0.5170553219278746,1.1636703531041497,0.6591031401277512,0.4229782321084315,0.09708836246687076,2.2213016133675465,0.3506817069080446,0.6056450730165274,-0.15867062632125592,-0.467425211588107,-0.769541796490572,-0.4424267015739558,-0.05831957706685735,3.845293034766637,0.2490101395537187,-0.7408384648254184,0.9774223723355168,0.34068641673519706,0.36756495384570986
2019-04-29,-0.23960208616585355,-0.5562634165261261,1.0065856183565653,-0.06123743497894515,-0.348226567712078,0.07912618301962496,-0.21512272624204878,0.49139491048423173,1.1657593364157925,0.2922086499187833,0.43856332074746573,0.36913097970919795,0.6118087059178366,-0.01861237881754771,0.08952170158565001,0.7315553602823878,0.05618180275988201,0.5515851437974509,-0.04299124078246086,0.09536602024325833,-0.20024848938598527,-0.2484895898983708,-0.10456608577436104,0.49083509306496986
2019-04-30,0.5104270472413445,0.3444194045901628,0.10572991334076659,0.09525226873691911,0.014658951862196724,-0.28442585416368543,-0.33061541541057876,0.010592903005412779,-0.9089002349921605,-0.7804041732591822,-3.963855982769849,0.08297724836162576,-0.5899558682902132,-0.24825841285625436,0.8989233550718941,-0.10934018416689141,0.31709569033548085,-0.2695141832612125,0.07228324922766959,-0.15958025605799864,-0.07337848859573666,-0.04574275252074292,-0.0059231574273440335,0.4863838267968174
2019-05-01,-0.6229008050133288,-0.5219844349326513,-0.3889979306463758,-0.1914643133679836,0.6983205839698416,-0.3833888962000715,-0.2172880457785837,0.010549741891616773,-0.34915871357424116,-0.002342463314743407,0.8204219015158671,0.07705980628845542,0.11337366835811963,-0.5385303862420816,-0.1932282142329969,-0.496694609132864,-0.6423887187836632,-0.11116225675576238,0.9730367359778958,-0.4607143485475297,-0.06067694430761406,-0.04574275252074292,-1.0096914306203446,-0.26370920376356155
2019-05-02,-0.16235842961108896,0.23320766096526316,0.3044403310045774,0.2014272265061127,1.3963888980841312,0.12860535131492082,-0.4504025190170096,-1.113380428336345,0.8934320776895917,-0.22246144986406094,-0.26228307283700525,-0.7327391784063071,-0.37422838425611116,-0.037255565302130526,0.571059902214544,-0.9272686662678509,0.7774857274352752,0.6550884435712465,0.04908119712968011,-0.23768623338778241,0.6714897156835399,-0.04574275252074292,-0.05695908410987458,-0.7697058308070513
2019-05-03,0.5910058413220224,0.5864572714240045,0.35137619547722976,0.19566455709572475,0.24171243636056283,0.4441886041849681,0.5529229601382389,-1.35463062239033,0.13959404429796154,6.497697181250953,0.3749939380368886,0.6638438285383698,-1.842331645452806,0.17956730569215018,-0.027042905463813792,0.6682830287750183,0.4625629789996058,1.6027235845103474,0.7500153307321897,0.6531202042249453,0.32675569320738446,0.9587788766217126,1.0735663176112509,-1.0374335741321685
2019-05-06,-0.8785097944700755,-1.1651179838323646,-0.5849300445001357,-0.6086775693959857,-0.7097540815820155,-0.5776995124086305,-0.4876112818533296,0.6172935174332703,-0.38401326188825,-0.7495063849456391,-0.7011830804785706,-0.5991059254326534,0.30301312882917686,-0.27239271109238783,0.6899504301180891,-0.49247595707681385,-0.13988719016719323,0.14833569712866398,-1.1035553509145297,-0.4541327264001191,-1.2565806366492651,-1.0502643816631985,-0.6794126780722282,1.0093355167777587
2019-05-07,-1.1271584566988149,-0.26415577898058656,-1.0493421282261115,-0.5762760192474291,-0.535589737401481,-0.2874876985258857,-1.642203095030077,-0.6470721456489394,-0.6124130101051366,-1.8779373018709735,-0.718374546250507,-2.5359769572310773,-0.4634336158395206,-0.2751369098291569,-0.5417396869229028,-1.4667998337528128,-1.4907743715645134,-1.165004590919427,-2.5089676500953773,-0.3340849820390546,-0.06067694430761406,-0.454043925174335,-0.08165060663893588,-0.5234383052324265
2019-05-08,0.12503738271840406,0.9609794384337136,-0.09495582514344203,-0.6298796380069166,-0.885403949269728,-2.113353418604254,-0.5508168203323045,0.2330783830423789,0.3669406383092094,-0.2693448099098729,-0.53397598268926,-0.0034447404802198938,1.2460148959885458,0.9907108389333056,-0.7641102795529247,0.3918311540085001,0.38561063815651136,1.8911502975300158,-0.20474756993300663,-0.50347159405813,-0.13705177417747116,0.5653052575104771,-0.15792301465811803,1.2509970500078684
2019-05-09,-0.6463545032367919,-0.7173875893504195,-0.2490261430429208,-0.21724945340267862,0.1231065186750334,-1.868560727902214,0.41942361638528963,-1.0969203212987497,-0.3885574000770124,0.3913700751771914,-0.5559389056243286,-0.4504363381896462,0.011507982860771145,-0.8645299138983878,0.1261960273447822,0.015522340036562174,0.33506638651832965,-0.5373780067042966,-0.05350253267036531,-1.6218566797672596,-0.637048156204246,-1.694401976182826,-0.4663779756161161,-0.6430611670623384
2019-05-10,-0.11499430462683381,-0.18699413645938362,0.36515428188533106,-0.4903942723890354,0.5361580593515987,0.18857354883262176,0.01473339674323157,0.29255183678464075,0.3009212959753858,0.9443970206043711,-0.49274295207713237,0.38081874641976954,-0.2615693619817781,0.05374506788636199,-0.6047318071299467,0.6576351519369162,0.3328648454100013,-0.31128569419689556,0.9643827647020023,-0.05878201989725623,-0.604061482460704,0.3722339675367621,0.5559431920406441,0.11231450364853268
2019-05-13,-2.1277385625317926,-1.2556252307835178,-1.5495356006865695,-1.3473287771810825,-0.8206368946539284,-1.756500754582008,-1.1659530273135637,-0.8839034424227417,-1.6158365276289777,-1.010648812111905,-1.0570869461970565,-1.5451480850548949,-1.2373977748164955,-0.853500984865841,-2.4432971684524283,-1.2552861993876832,-0.1336243221241756,-1.2712757624998297,-1.8561267743356331,-0.6962555517817056,-2.505710852791393,-1.3117534027992452,-1.2713100771369326,-1.419660860328047
2019-05-14,1.8484372482307123,-0.03422907604791136,0.6886428254296105,0.2273509241165401,0.2981537609811986,0.537591279185535,0.4260922686507419,0.5197794500456067,0.45755005871520477,1.2289815853381096,0.6511028827954299,1.1519231370263618,-0.5337275771216144,0.017784448361778917,0.24161033130502027,0.9485241781653125,0.5744351793012203,0.20341080629624067,0.39479398561221074,0.5124830383304108,1.254914580254421,0.16780050667766305,0.1517743396080338,-0.27339684404576403
2019-05-15,0.5777721759614701,-0.6436514198966448,0.26630156423216084,0.032619791481080164,-0.6454282363050885,0.5597250762958943,-0.230179890835753,0.9558740976111806,-0.23451898692908432,0.6005425755464633,0.3299798393358504,-0.0889745771935129,-0.1208002050925208,-0.37997658714945687,0.6269165924960866,0.4542337684073463,0.5833964355402799,0.15082135648710268,1.554908102033629,1.0071379314947615,-0.06067694430761406,-0.4738646824822606,-0.11096257777840776,0.5034508201364549
2019-05-16,0.310609755959572,-0.7400559498135776,0.2133071968753789,0.31706815169191815,0.969209269751798,-0.15108548635621571,0.6261783797823921,0.6134922468227128,0.589971982340825,1.3530141071515707,0.6654043644178812,2.4516177195467574,-0.24180293958962096,-0.5990893467065407,-0.1739753459757312,2.2232536883683878,0.26640781735818875,0.15045323172588462,2.0783278423762335,-0.5108719819561536,-0.6475117539247579,-0.2613706995138613,-1.3219135448286325,1.0070472372027985
2019-05-17,-0.2804706747108726,-0.3309437660139303,-0.9291186547291909,-7.21303165250906,-0.09421508010495251,-0.36264866325864437,0.49694268026731414,-1.9212040692260064,-0.5575512801199758,-1.342548622400911,-0.7367322517979991,-1.859615285800686,-0.04045567536078145,-0.7727354374381369,-0.9957070113314102,-0.8557930821839997,0.008385964933193085,-0.3425179081535349,0.5615869444214858,-1.0183640949898685,-1.8038750545696436,-0.2624340631732356,0.21271709499308783,-0.3948249930487435
2019-05-20,-2.715575867956174,0.8832896553412921,-0.4157894644152573,-3.497053077180545,3.1417827003165444,-0.25842611429027057,2.572511164593157,0.1257441493925126,0.22601416192181717,-0.075965532452936,0.11847139821262784,-1.381301644611402,0.5882462955496425,0.4369876741929779,-3.3305850671669006,-1.0727365714722565,0.12519154285863907,-0.23978934664761578,-0.4661365294403086,-0.21909649886675203,-2.3049113333834064,-1.3687321219916635,-0.5000125667041524,1.36981677810114
2019-05-21,0.7735856783435455,1.6560755246338432,0.27182830408534525,0.9911668396195302,-0.42883972477641613,0.4826390674626488,-0.4036138211311795,-0.15463406451448006,0.5468195254262173,-0.11726602737932619,0.9986260833958928,0.7194233257814379,0.31790077089039215,0.8159720740942801,1.4240994026176916,0.8177134632267081,0.03169288475200984,0.04716782880220433,-1.2490580333949728,0.0676817604540284,0.8535629293884323,0.8406431017076177,0.8133023270659615,-1.270691293849704
2019-05-22,-0.614121447095874,-0.03335219386315033,-1.3882883992609052,-0.6956259622134188,-0.16738726803765588,-0.44307280241203445,-0.2539364828260319,0.18149706020842896,-0.6768628021390721,-0.2631591581789851,-0.5808557515458821,-0.3168060931978992,1.1005556509033458,0.325833068523245,-0.26792197337864554,0.8398120809847925,-0.5857415729981358,-0.7667188410501534,-0.6145821464504746,-0.6482977950134028,-0.6303121924799774,-0.48670469783358283,0.1017226861616289,-0.2687552521791348
2019-05-23,-0.28541096633128693,-0.3498543009522295,-0.8194590982556595,-1.6997000051219393,-1.537230756686614,-0.6868988173641835,0.5810748513298135,-0.37888834115378534,-0.41197341855615605,0.6509731088813354,0.3326087172763273,-0.1317155581227663,-0.0664532047970787,-0.5965386330131147,-0.22658081583203307,-1.0277596220392426,-1.0001624242809637,-0.7226138599611062,-2.34854985399324,0.07502818917347638,-1.261633542890224,0.17528558652893275,0.10135683872898861,-0.526886648289575
2019-05-24,-0.2634511288979993,-0.15339360317958045,0.2843619501997416,0.358014407844998,1.465769823989264,0.4340551579822845,2.8169375797057903,0.34973032527437936,0.5793817738802747,0.6800578198510927,-0.14893557472158372,-0.6801311444146086,0.23198684892158483,0.3655039144203841,0.6477463799717944,0.4201783649274569,0.6699901541109888,0.3945732295746604,0.640177003666659,0.6958773998422287,0.12913927933756592,0.39303676135980137,0.6039261387463921,0.2429570353622743
2019-05-28,0.24996609492354652,1.0673090637361082,-0.32593013100474205,-0.1116179876193629,0.5397874386860019,-0.9052805122422698,-0.9886902315712914,0.3470489468098021,-0.34261893268179217,0.43656264037596393,0.5201788937621162,-0.8414545040129672,-0.8876024844174026,0.41725966124341823,-0.9037922251465071,-0.7494549020823278,-0.5886413808313147,-0.4314660073100537,0.15069172422948351,0.5375992151971054,-0.8682051874444077,-3.212997129529435,0.9765544099643135,-1.310795929547461
2019-05-29,-0.6763755083832776,1.0350658892350408,0.45046368514596347,-0.4151344363880481,-0.3661015041373944,0.14137300673758996,-1.2693127692872486,-0.20917484535533842,-0.715310572018431,-1.6931862221978216,-0.42163658974517876,-0.4171826214245144,-1.2459979957181997,0.42946076567543817,-0.5724723407652065,-0.8765924933938439,-0.15983584999779937,0.3947569269051689,-1.0715372616705356,0.07327409906976735,-0.0015627756564530137,1.5663146380009305,0.14644580887990896,0.767539774708465
2019-05-30,0.28778870400841927,0.7486194171100521,-0.6038302340282161,-0.3981165663239227,0.26363370071972586,0.11419770989386703,0.8561518552618727,1.602387997321211,-0.7390876391431631,0.2453049107925406,-0.2578225528548044,0.19896982822160428,0.15985981177934733,-0.09403570425957106,1.6984901384299071,0.310757691009637,-0.06374675947461492,-0.03166470114900408,0.27355080898579476,0.10606321243772089,0.45402562339267466,0.6274968360046542,0.1709093230419829,0.6291653303479593
2019-05-31,-0.5272252309174391,0.4801383158315311,-0.38634861670749204,-0.6521403939976878,0.05042995318641674,-1.5720987131795492,-0.20771453743111398,-0.5855841876659109,-0.7353854815326735,-0.5309570819077943,-0.48064417654457287,-0.1407632636176034,-0.013791129745772037,-0.1317874658150572,-0.3497835602939574,-0.9288737121476324,-0.3789676811823737,-0.8076296131285804,-0.6326441297791258,-1.4676471981383783,0.39127577653054524,-0.26901711640486653,-0.15743440472499548,-0.3991113542572684
2019-06-03,-0.33127936990285617,0.2585415450055776,0.34449163637097735,-0.8111509051334124,0.7860047602102993,0.6096414691661143,-0.2084717750664667,-0.15175291729114299,1.0056265815660346,-0.1561398709079107,-0.48860742822726855,-0.671446384512273,1.7075223397292634,0.6281775634469267,2.1290417965301476,-0.13868086080296355,0.46056018583203445,1.326858436214609,-0.2958014208097602,0.3422468982761568,0.6175758051638099,1.493937927602675,0.01938449971920948,0.2429570353622743
2019-06-04,0.8425672596754906,0.41711377338345274,1.6009587634498585,1.334974995927317,0.490191067120904,1.7577278017125666,-0.17242641313059606,0.6637804725781843,1.3531855036965283,-1.1377727753714413,-0.18047680966171487,0.9563272083351702,-0.5479958493775643,0.4704165285711379,-0.47426022008019647,1.4556355483333754,0.08086324118021013,1.1181357929239817,0.3314290442315495,0.9098195919498596,0.2825118276540592,-0.4801916707984111,0.396195421856365,0.49648875039761553
2019-06-05,-0.32519286247132784,-0.7123207142924313,-0.5904588188849488,-0.826214704968922,0.292778014374614,0.40428273602331405,-0.32085459764063434,-0.8035272362932416,-1.112080022476615,1.0697075535600313,0.984910942097214,-0.8883717190876006,0.6224392422284007,-0.5824640321334267,-0.05514476995533917,0.19019598044513444,0.22464571349974283,-0.6556524899256063,-0.0754263580899673,0.42153254499634557,-1.2566351182219724,-0.9277001504823601,-0.5855981402225061,-0.3965305462114472
2019-06-06,0.8009567792541676,0.75974468754127,-0.3224681028022382,-0.08788481194633005,-0.16230039802896096,-0.4711133538853031,0.15934763106030927,0.4478515162978845,-0.01797788838819742,0.7353010268241584,0.01950445134018041,1.0513216536480345,0.3591067139377317,0.4362049315443598,-1.405385913671355,0.09259406408663923,0.6825671024417834,0.4120853421370411,-0.7820394120156896,0.6794504745887908,0.2443464615671857,1.2706635637185466,0.2978368362352069,-0.014049028677204995
2019-06-07,0.9099746115992359,0.11230128044809005,0.06215856704315952,0.34006517330823904,0.39384784504478204,0.3518034998403249,0.23196610954105307,0.49745709025782825,-0.031819342726300624,1.3323453038092998,0.5249872658054864,0.8587831049168914,0.43314337064580494,0.765096500302666,-0.8865613386570734,1.4892970494543432,0.6733980784457572,0.17654229143388322,1.4908837037414537,0.6796415399341539,0.4870690517702657,0.1698851944723755,-0.0059231574273440335,0.7483484439484729
2019-06-10,0.3499111071971566,-0.45722425157666385,0.22673829063338596,0.7073449097120101,-0.08909860542997751,0.35003447300818885,-0.17242641313059606,0.7579780940986248,-0.11494731799583614,0.6569597063171324,1.426695923117255,0.6545530735976204,2.3122942945888245,-0.5511723380023595,0.31084325890334247,-0.11840413631027115,-0.1550671059320704,-1.3406126591707095,0.7605368114141073,0.6797718480569287,1.0751691442685094,0.16883591824236435,-0.2842576853658033,-0.26705722474765564
2019-06-11,0.39520998424296216,0.5398453404836392,0.06180099672431271,1.2744657497635077,0.6103478505388408,0.6622858521228737,0.45025715863820576,0.27455513480948307,0.39636466770900397,-0.2302491148246312,0.04057454293322103,0.992272324241446,0.4245952558873978,0.7939208804876484,0.041971324565867635,-0.5184512222594174,0.17956500168013687,0.49583451825278063,0.1586441270980456,0.9262490836174103,0.41511573491453474,0.5918058284329641,2.059866981458363,0.3650364406264752
2019-06-12,-0.8573498121179083,-0.7077710201522788,-0.710191293444233,-0.7940509145670867,-0.8313983530506628,-0.8340314103696345,-0.4644554807409446,-0.2537077262508563,0.05085440058273518,0.5401528273608706,0.006524922630939827,-0.37278552649985436,1.0234938849422988,-0.546156540242759,-0.438509615082491,-0.05243878738894364,-0.7980062431728858,0.9331039447785863,-0.521358884591235,0.4083679419414786,-0.7617877597294733,-0.2572302645437521,-0.07742392874791079,0.1117496237612896
2019-06-13,0.21950201827471635,-0.030134315117836104,0.007057437899656059,0.3276290926274066,-0.3981467497066793,0.27030884210420797,0.04797179076491964,-0.20366717516730332,-0.5013035558616451,0.6476750641580639,0.48957170077848106,-0.06142502531211488,-0.9704225670913372,0.45689890517918397,-1.0607382018323595,0.21948116563082404,0.20537485127462296,-0.13455651610501015,0.2553304498611987,-0.5860858620789262,-0.074804278846782,1.0017242075753798,0.46769402998999793,0.8588486199129695
2019-06-14,-1.5275352238999258,-0.7608266925998053,-0.3281387353167988,-0.3236055959757121,0.32649486727071625,-1.0548696471070802,-0.13574073883204446,-0.15022226210629389,-0.6885277332502733,-1.1683600878939968,-0.5559116418314859,-0.25242466907384137,-0.9473289002782077,-0.12355916533823354,0.2167223811328194,-0.5736905335262238,-0.251564507393215,-0.030988420606019494,1.6802928407478626,-0.2788713534686674,-2.3808037071533517,-0.2532601312690569,-0.7430822525215843,-0.5111975634689391
2019-06-17,-0.6602054688191639,0.005960791196426173,-0.10526920707985618,0.44319247616451823,-0.5747772655762025,0.5923349226998572,-0.5064659314666239,-0.0425236758560127,0.12222476174880251,0.11947691215529949,0.25517971104362097,-0.3656663737883297,0.021227411238129438,0.10402058183406361,-1.2094625117588114,0.36887354817375884,-0.40392314407302726,0.7424358466215275,0.7317797664237118,-0.1652989017803499,-0.32617035179141085,-0.46371947257824786,-0.6132104700140096,-0.7680376004731072
2019-06-18,1.231222747965646,0.5190737603640017,0.5657263192404316,0.9094073632825765,-0.1416311172893224,0.8496629212007899,0.6390718816300789,0.7602366585748274,1.4616668798294985,0.1792164019818443,0.35306627718847167,0.3152722952144993,1.398106541491216,0.5696041612403868,1.1518817880560621,1.5409480075161925,0.7907072721293253,0.7082800185168516,0.05773721931118875,0.7326247093448982,2.1851766715562784,-0.2562281017880289,1.4089562558327131,0.11231450364853268
2019-06-19,0.46758798112464844,0.7257471212455521,0.2836345653968425,0.2932375665933251,0.1728337304802153,-0.17703569206177136,-0.13554889185462177,-0.8452840102868526,0.5789522742381834,1.0113106769026583,-0.11617185776469696,-0.9651294979214763,0.23615725175606392,0.2544048241645508,-0.20216985257147652,0.013562431650888062,0.3599137146319708,-0.4627177790027677,0.718645112098108,-0.1264298307857713,0.2084878194023875,0.7902366955523664,0.18113139939078857,-1.6790086756966116
2019-06-20,1.127101386945953,0.7108018646593596,0.007057437899656059,0.1730730574134669,0.8679512304251925,0.3992117240695058,1.5617054111178048,0.8664338662125831,0.5057959477709656,-0.3237567859170632,0.3720812362933145,0.7543410089465615,-1.620126354849451,0.7181465988530625,-0.15928741342062,1.160223089843119,0.8801032978736902,0.781031022221522,0.8936036800649088,0.3449447354806654,1.4863335368057025,-0.04574275252074292,0.3879314453245882,-0.14415419797848505
2019-06-21,0.09293503541727013,0.005960791196426173,-0.6038302340282161,-0.46864747301656295,-0.8746625637044515,-0.3074599505210471,-0.4884852811973385,-0.3083632735773915,-0.7438578966287196,-0.3736428323684367,-0.2703397351452478,-0.4596693119290644,-0.3859419748153352,0.4084516325745558,-1.143517797499019,-0.041804738293428095,0.1380818298195166,-0.38421302449524564,-0.7424211119848387,-0.636042070067611,-0.046913065388827224,-1.0932097126168658,-0.42309724278090044,-0.6691197605608993
2019-06-24,0.07334082056873291,0.5594665375775243,-0.10497425403092148,-0.06808594007817038,0.2724574030787812,0.006511665790839225,0.1531687137946378,-0.2560970066551696,0.10409413675344888,-0.5526615015907408,0.03961347020559031,-0.11455409327361722,0.5138805894420236,-0.049851594149574706,0.030065589958621183,0.2451382110313613,0.122452000609688,0.24793564019590117,-0.14271558729832995,-0.05101034294960215,0.9739261089998191,1.4138413224004152,0.24967105572620574,0.11756026107087163
2019-06-25,-0.9636613514678649,-0.5824336145152625,-0.4440517731244768,-1.1921563852175494,-0.033664365776437444,-0.22994857801100624,0.40032749392145534,-0.2032262038424895,-0.15305583750941804,-0.4670475224608669,-1.263661822688652,-1.1595876233988316,-0.1755105098369351,-1.013175813871047,0.2662323689186491,-0.8977762473655692,-0.07552088816050077,0.0958454994341356,-0.6522800169381503,-0.5709865441188774,-1.5569339230423587,-0.04574275252074292,-0.7316036781714212,-0.014049028677204995
2019-06-26,1.2355335356259873,0.5256465422769455,0.5701983408543665,0.8799054755136266,0.06940082109999476,-0.07312442394402739,0.326221150580891,0.011092025370878267,1.0160225781500802,-0.3577075014918982,-0.06282744349665317,0.26032158249222254,-0.37317650155283816,-0.20468652032330326,0.8622147026875608,0.44943516290919355,0.1907291349227384,-0.4351198423220485,-0.14390789027911893,-0.4339933346494721,0.167770510806869,0.7671206679340539,0.2534902052016961,0.24828007914635025
2019-06-27,0.08861720462149497,-0.13184597933137332,0.396831374767092,0.09689059008269159,0.38089822510084564,0.8775381840245811,0.28865607901112034,-0.2572828763941943,0.2080972294258852,0.03922152885752357,0.14579121854683347,0.6938987835694423,-0.10227644501971676,-0.5517295477013763,1.1041108338513557,0.277655933920041,-0.7026865875449181,-0.2339488594498369,0.18722829110198916,0.2169481989105497,0.6612887248671511,0.554216628820508,-0.029418292261516234,-0.27637813650076026
2019-06-28,0.6383702097012467,0.005960791196426173,0.007057437899656059,0.4558911549410965,0.500127420864376,0.006511665790839225,-0.060284226332879026,0.386208821185664,-0.017393332143550485,0.018516404560580405,-0.26013473490013056,-0.8911240100336499,0.18177701726979822,0.051073231175442574,-0.27042324215964797,0.9386793478242582,-0.014799383537317237,0.5023797724479332,-0.36465814492002646,0.17801555768718855,-0.6545504465002192,-0.2448247628538035,0.017571977406828167,-0.014049028677204995
2019-07-01,1.564807852040059,-0.10177402702144579,0.393259080710569,0.2245448999483953,0.3527608577435549,0.7369013269890243,0.11351925098375572,-0.0425236758560127,0.5097732221678818,0.3931436308769249,1.3723585990997456,1.0174136642785367,0.5483584666444605,-0.1402184817948663,1.7526660373318108,0.6496847263507896,0.10059424380633118,-0.08092852239757393,1.2588669780788562,1.1107238714075993,2.9955386720012207,1.1354797233938754,1.1244297659347464,-0.14565831842528162
2019-07-02,-0.17843065186074059,-0.046302161557500464,0.11675151202641706,0.45508308621045634,0.10000947133336696,-0.045405689534128824,-0.23417757419389582,0.2769227564209778,-0.5578285409917024,0.39526365545074127,0.5129168090446888,-0.19283886826703053,0.48238440133102056,-0.4583677010760828,-1.4544722693050478,0.44478985621761674,-0.06861854394923037,0.3984539383288441,-0.08296167963412072,0.7290955723648636,-0.8466648889678917,-0.8296959662887721,-1.490556866976442,1.030474687876334
2019-07-03,-0.1878317481751993,0.4219412118613971,0.28006416924921246,-0.26167393650975695,-0.03378444503813622,-0.09743645185288816,0.04418287058273797,-0.14881969232043024,-1.0347128573001065,0.3260128252537335,0.16934302490999267,0.5416253971387812,0.35785241961136355,0.17578094005751152,0.16953815222006718,0.34513131596712676,-0.33141846021284965,-0.5859686905964467,0.9585220165895811,-0.13132426235148142,-0.7058537741064816,-0.24393000433427164,0.18351906706430512,-0.27339684404576403
2019-07-05,-0.9904208892390135,1.3567678078579366,0.49404979919481046,-0.7689339586025383,-0.6763550250955388,0.2660503635732575,-0.13004198479254547,-0.30910767632896563,-1.4569335725159034,0.21673318458040608,0.9976811614980748,-0.6488645529607774,-2.1074705130785283,0.6088705842633034,0.14074841480868558,-0.9089857239232544,-0.06917538363218953,0.5255127699363897,0.24444124332061137,-0.1875457101904468,-0.6156843484216713,-0.2448247628538035,-0.6017388256604013,-1.1959085329427273
2019-07-08,-0.45416511454684255,0.005960791196426173,-0.20869374705092042,-1.0726648713277664,-1.5758976665843183,0.08420037234561123,-0.6580785432714433,-0.7414982921164834,-0.7600544205817666,-0.510201085867211,-1.6658557929255453,-0.603276771820108,-0.5147393900868629,0.5447938430261294,-0.651850953213799,0.12285642095505771,-0.13145996127099094,-1.4043582417709595,-0.4093165495247774,0.16094844141017658,-0.9178922272914679,-0.851182371330138,0.42419493588501367,-1.7657215955479824
2019-07-09,-0.3868478769702779,0.20403139710536472,-0.2641837384449218,0.5647787587701625,-0.8168008783439508,-0.30471830681899625,0.11587346677746825,-0.8049738016205479,-0.443094167615555,0.5516415651964532,0.2824060543071884,-0.07605167748737113,0.10970715110463437,0.08325974388278347,0.43972100945949477,-0.10761742027835931,0.016147489986298714,-1.147491665295785,-0.3243632332631659,-0.007085792193066616,0.43277922184552703,0.3588194952804573,0.13615413018795422,-0.014049028677204995
2019-07-10,0.30009829584125863,0.30088335910081604,0.17000939635060597,-0.13573567668467984,0.9879515645065697,0.833278868515059,0.18570127359204647,0.2854695716433516,0.038490008619000655,-0.4529460610318059,0.43156755095504407,0.7301419662398131,0.13427504672561902,0.38338953511827223,-0.4542273939735037,-0.2945401483506777,0.6188403811640062,0.3867484080366116,0.33302092306258585,0.2719498801539127,1.3802973157737781,2.4970984829442764,1.0397938168165857,0.25896424235321297
2019-07-11,0.09072831835490124,-0.4539417192419066,0.7060197865439518,0.12587817924818306,0.5128663900932371,-0.32814168115146164,-0.3426608523368179,1.2510282643852622,0.052637634346823635,0.008293654249558208,0.5740385240711631,0.07627796034550767,-1.9769019768092801,0.6709582689231627,1.4748722980600253,-0.12598949547041352,0.10800682641677357,0.3066023883973929,0.1770552936880356,-0.41665935039394125,0.19860474997606237,0.14391372341941017,0.06256378123704989,0.5280975407334493
2019-07-12,-0.1844800388102466,-0.19306467706797437,-0.20678285110638278,0.05599347347235044,-0.9445996707934394,0.5718911442494743,-0.2737948370740813,3.471009640303474,0.5885161922731593,0.5425995120406243,0.3852227039629961,-0.5703266439031747,-1.8661449611636998,0.22464286854252782,-0.45309539461331017,-0.30970965551907,-0.2452545887085491,0.43383818120196205,0.660578684821144,0.5692069130782784,0.3867846332189776,-0.6171903034892556,-0.09728158927715481,-0.2844683202157257
2019-07-15,-0.3866109540080304,-0.5305635437663455,-0.3697754038449771,0.2569198209424464,-0.046671834634281796,0.1598838954618285,-0.31098954437944315,0.45641556800917804,0.6512176682353648,-0.02821673670026354,0.03704098432914835,-0.594511546772286,0.1049221020539679,-0.552430333548825,-0.16941906590395273,0.1421945844996111,-0.43256691051857993,0.25168122022899303,-0.05350253267036531,-0.07512254504038908,0.7304856711343002,0.8251335553461254,0.44826359443924985,-0.2857763065493385
2019-07-16,-0.469488614117672,-0.12950216180614668,0.007057437899656059,-0.48311950161371847,-0.33483544283847494,-0.970812632065647,0.1531687137946378,0.10631630201401163,-0.1290103547086159,-0.6716169420321433,-0.0257290950031486,0.44143861316996763,0.051872183510515465,-0.4970881769836625,0.8259013917441591,-0.9244233189477217,-0.530481976105866,-0.5971935975703039,-1.7642542396693566,0.5773869640311998,-0.12728929834631122,-1.2376082776797843,0.061645295095492394,-0.15039026396853655
2019-07-17,2.8614797074311213,-0.061975422924368626,-0.4824469109698215,-0.22431509759850324,0.2545460408643716,-0.7227310066665507,-0.132600708933492,-0.2410613739490439,-0.10148566670797589,-0.17176908184250597,0.32808459902663717,-1.1050420198574988,0.7325147040317639,-0.05114664111247046,-0.014376507921402732,-0.4287728123306441,-0.3856054304356649,-0.05683065091065321,0.3163833591631587,0.43275248278371864,-0.2476177553515274,-0.653979473008062,-0.18642409664214415,-0.4250535142937793
2019-07-18,1.9113960579096512,1.0439930997643116,0.4965617867691337,-0.6311664389933094,0.4648112476632425,-0.30844890383550416,-0.6011814640869867,0.25502188877348275,0.549548249959976,0.902665278789825,-0.004810118872211031,-0.7459577971272675,-0.07953157755212793,-0.051242457791887144,-0.19532026817792136,-3.206973556597243,-0.1579063098726776,0.5875108012442065,-0.4624881036733938,0.2480813183898445,1.9877653943262008,0.3606813895138338,0.12955819754121917,1.6124886502619418
2019-07-19,-0.7081709301744095,-0.9980851809729714,-0.1554791799610746,0.16791316645121737,-1.6669043975887197,0.3214722354171826,-1.0515108295216387,-0.8394388548758906,0.3252613883971743,-1.281264294219155,-0.10842840585236668,-0.7150952005350967,-0.4194325621467454,-0.23655575502983087,-0.8575240745848292,-1.3765199913795876,0.41164514980978045,-0.3393079817250998,-0.33776880471883564,0.1926372885038877,0.758369193972553,-0.6567923649915302,0.061591123590033964,-1.2295822219997716
2019-07-22,0.8336217066837874,0.5785566440244558,0.27760596367551393,-0.19255091987931333,-2.706391184804022,-0.04588123217321714,-0.025491817542465926,0.30749857675284065,0.2823981945816726,0.5108271551388742,0.07811380604995401,-0.1722737008495623,0.4946851596737813,-0.0010353892033076585,0.4931084704363214,0.07932970442058292,0.19703568594275217,-0.3411557004583166,0.08392612024163544,0.5596618285489176,0.9090674595780439,-0.2513153295977839,-0.2768731351513247,0.12229220661412656
2019-07-23,0.4705252800067218,-0.1950265515146106,0.48971866073520076,1.2161668096399363,-1.0695235592830683,0.8917043515768972,-0.14085992455887783,0.10682368592550495,0.8729767508389533,-0.14075222017004507,-0.2021449646101921,0.3003974356591101,1.0546717261329208,0.13379548802200822,-1.3641526271119842,0.37271686815152477,-0.08575224750846497,0.15026012246831466,0.5411088184989838,0.34019535876008083,-0.28587267588223564,-0.2522850797792185,-0.5318440241621532,0.12197674520439782
2019-07-24,0.7523884501450436,0.5723709529999621,0.37866645617137473,0.4319380300252807,0.6894410362805261,0.4191048795122941,-0.17480622154544662,-0.19187103763753038,-0.5286629815241679,1.347944256774345,0.20287375961593143,-0.023178463248952313,0.31615282438472186,-0.3564224136316778,0.572345772306755,0.9398658238111401,-0.48880234139430595,-0.9428843826777401,0.6111309753609283,0.7188359802063446,0.08955107460329567,1.3801275063315555,-0.6346945338408808,-0.1500748025588078
2019-07-25,-0.8939558550875808,-2.036887183525748,-0.7933087640585126,-0.6576490454941037,-0.2448123744780013,-0.8472295494805813,0.23547364181188718,0.2557930310946587,-2.651768578370113,-0.4557261093736016,-0.337822678288762,-0.8657608076277384,-0.8714297607779242,-0.6562464524651818,0.7767328518922326,-1.0951040195344375,-0.23792188332172387,-2.4130084149992705,-0.582604079572146,-0.32270567429430597,-1.2228703844511308,-1.4716130113730412,-0.38452902070428907,-0.5613947495851166
2019-07-26,0.11487817228623133,-0.20525840345008697,0.22197433258005883,-0.08361209659468666,-0.6298925378944948,-0.7264110403787678,0.23392881359946863,-0.2412282956530951,0.23699636029437718,0.07521513250338246,0.09966748030817227,-0.22384216909979926,-0.09196202434834737,-0.7262669467896602,1.2330051642962039,0.7584748331140876,0.11999947113165371,-0.36069098193271376,0.18765898748635565,-0.3537083637021184,-0.2652980835387035,-1.305727433839704,0.01786886987044646,0.26028342120028297
2019-07-29,-0.028627459376647364,-0.20658264954187985,-0.5323120217057119,-0.26659192791545255,-0.11419496360109416,-0.5749712818286367,2.557334587535185,0.10656384347321736,-0.3164535251863727,-0.11835784983537742,0.28573938891985295,-1.4072163115559302,0.319155058456914,0.28430628906126393,-1.6841101003471206,-0.28999003844872423,0.3492321573753194,0.24132999176067113,-0.14983294365828484,-0.157306334769487,0.5509333710740923,1.2142419287982182,-0.07736999585902343,0.12262300706188138
2019-07-30,-0.6106108113245807,-0.9308103775182702,-0.7598545121528946,-0.2436075500765997,-0.5649367560699825,-0.553217527091129,-1.4415608026795235,-0.49098153287549273,-0.6920972819706126,-1.1384430504081646,-2.280961891255571,0.2944425600531509,-0.9433523960411325,-0.17901939498433747,-1.5922035400611583,-1.7054899480302979,0.26833747743337444,0.13139122248869187,2.2111984972959813,-0.38567994917664966,-1.1225363021835346,0.3663721518147736,-0.19722476194816738,-1.1167250567697022
2019-07-31,-1.2457087221155196,-0.8823120833919615,-0.8303964761757621,-0.37019784156741287,0.5845095533171583,-1.1814783600470442,0.08231747495982923,-0.5449735090581216,-0.10523292184993181,-0.7520672700172975,-0.33058338371383017,-0.3730183442462801,-0.6933856636501624,-0.14427396187439367,0.1455207430119522,-0.004034690222631692,-0.7192571974463629,-0.08691048153531443,-0.27565319391405757,-1.2864369878149624,-0.6841343917862687,0.5653068599500444,-0.41634571101323065,-0.014049028677204995
2019-08-01,-0.3537132434532569,-0.5994342933889742,-0.6750881540462905,-0.8973188238257497,-0.22904133689917347,-0.1570995931423175,-1.078908575213018,-0.34613083545300166,-0.7465952934136373,0.24301373099919008,-1.0398615594074725,-1.0578060863598524,0.8070482210467799,-0.6000375614035527,-0.34925396759615274,0.0009372840806490749,-3.385956104651911,-1.2736865313933832,-0.9987451678910294,0.32175431791322073,-1.0623235686609218,-1.904888903686406,-1.169195271268488,0.8149574681278643
2019-08-02,-0.3909351092791709,-0.3974997502068851,0.1786265642677338,-0.530470490351631,-0.4028505642119319,-0.9836357922641613,-0.8793503250207633,-0.9631597523520432,-2.2203410542692685,-0.7242314126946297,-0.2871990122836178,-0.9696148293297377,0.1535239687598622,0.4178527424775626,-0.8979746754571775,-0.7154722869958792,-0.31580778483597977,0.8526714381060714,-0.8815348622383204,-0.434350137115431,-0.35402681585529006,-0.4697457994803444,-0.6168982742769246,-1.6843279961428423
2019-08-05,-1.8048985831449318,-1.1740347916272815,-1.6221094613083145,-2.9235598073058076,-2.189528651013742,-0.998291250839789,-1.862905608238177,-0.9782272145253113,-1.9361675347835794,-2.4868967860324194,-1.273764598484976,-1.4697907121476466,-1.1081913787029196,-1.429691706229313,-1.170166176494035,-1.5238826759148516,-1.162352240619746,0.2964898719669554,-1.3450194018798118,-0.42417130312027745,-2.4927224215567843,-1.3427875174028239,-1.9131546142514366,-1.5894231483142112
2019-08-06,0.5745440575881552,0.522351318262262,0.4789911195415726,-0.18424390772607097,1.1268973417323114,0.11889353347121732,1.473220580537509,0.47920451382979734,0.2807642903494476,1.5886444631890146,-0.07903122318573375,0.10760989280980832,1.2206576109530152,0.2644006163697368,0.6341402022669435,-0.5793061470810155,0.20215203501726622,-1.0530611032421011,1.2571944316031745,-0.7976976987541875,1.8475024763723211,0.1730999265957636,0.508670581882515,0.4199452901683295
2019-08-07,0.12901558760553486,0.6308736530955225,-0.11042829749261358,-0.19318976269584331,-0.4663353185858783,-0.44417132563418155,-0.44303904602814814,0.7824605356634736,-0.7513973673304863,0.6919356181886926,-0.3161351310208637,0.5501763092366251,0.7525720495559353,-0.2474335022014965,0.06052942437736624,1.4334133198484154,-0.2009592497848067,-0.901383735214662,0.4522919234259791,0.6970595134104944,-0.06067694430761406,0.17201558789487467,-0.30282628612169343,0.2734458794043619
2019-08-08,0.9123144877835582,0.46720357231147797,-0.022975638129032007,0.28486442308342774,0.7813724740137059,0.5693904663845094,1.2154157025123284,0.4163344105872858,-0.004156791171561464,4.065612612550207,0.1325868707678003,3.8160610505859904,1.44176702924765,0.8240002827898868,0.8321473355594677,0.5131213507130352,0.8278552591859125,-0.2311794593573876,0.6259460366106943,0.6661286761796239,0.7964170450898652,1.0272156668921983,0.8765280941276467,0.6984100255747262
2019-08-09,-0.9547869593303917,-0.6104273578621134,-0.4763633917466733,-1.0216297130038183,0.09821294316147819,-0.6694928981713959,-0.36045745891079806,-0.65516303626886,-0.9738777187264639,0.05804482967172618,-0.3810775320406556,0.7617712781998377,-0.5390136367083438,-0.22355021724964536,-0.07333705471503528,-0.9186785237320964,-0.6251068315524165,-0.03337487840534869,-0.1849425835639554,-0.2515991354678207,-0.7156805433786968,-0.6863806229398862,-1.1333755533575884,-0.7265080829291363
2019-08-12,-0.40173678893887965,-1.0603258133570699,-0.8525067873166469,-0.9433944191098974,0.015450277221475144,-0.5905567415625339,-0.4006936562564057,-0.196708197309122,-0.7434326282113137,-3.6757378948580355,-0.9674749319189845,-1.3208425297480189,0.04707464857894554,-0.9677520201096139,0.01511189887391235,-0.3527283394068013,-0.11322169312442983,-0.8320208273409573,-0.5350613011758814,-0.48555947234049734,-0.669096956807873,-0.4780633015145409,-0.6966737117237733,-0.014049028677204995
2019-08-13,1.0111331881828416,0.4839919547709483,0.007057437899656059,0.9591591711014131,-0.9580005607627942,-0.05062349860845046,-0.2900583808962811,-0.24877820386640473,0.3750020919538886,0.7453796887979469,-0.08322545879129782,4.0562868374667,1.830809457594425,0.1720947407672839,-1.3428351719156795,0.9159979017605456,0.4629802553162844,-0.2639317109350439,0.5688614008770481,0.7026283995356517,1.1229504085229565,0.17094913020377295,1.0921252712670055,-0.8809303907795433
2019-08-14,-2.4354919720284576,-1.448892544849124,-1.1244798600939316,-1.048410852513481,-1.0339740235618309,-2.2899329954749637,-0.6362854947959848,-1.4544729412662627,-1.673065263352572,-1.0478254440443429,-0.7605663865725296,0.15391158513694858,-1.9242034121864642,-1.3777753845381286,-0.8214773729396305,-2.112957386983946,-1.1590213187053218,0.023740678506698983,-1.904227134343038,-1.837557026451629,-1.9695054811642383,-0.26243463524525884,-1.7816156605105993,-2.0896545364822043
2019-08-15,0.21090944303034428,0.1707262382797432,-0.18452024480543455,-0.20748296755996257,0.2827336605704791,0.21316984960084356,0.3572544359954965,0.6939552706458505,0.6865461723655428,-0.43844984837062917,-0.41065869158961504,-1.1711119838001134,0.46989987581918047,-0.08186808713470783,0.09292576586304381,0.13296653260433192,-0.3167589874086101,0.5113468374149641,0.6217917968242596,0.5209598218747818,0.5284056334875334,-0.7022779493509217,-0.26384540895743325,0.13673895528952584
2019-08-16,0.6338593723018557,0.08807049434379002,0.9563499029278603,0.9871366948931569,0.3404332334250261,0.9723365297341104,0.6926307506558058,0.684563825276309,1.3015263788310456,0.6074278767547332,0.27988126167063293,0.539086654331459,1.6489983109556592,-0.2449865008645179,0.5189067526715005,0.9262100180728778,0.4262827005215962,-1.7139778680180817,0.6227273871150162,0.854662760886621,0.8583808192398448,1.4712361896593884,-0.2659599746544429,0.286352883455203
2019-08-19,0.5904535761406231,-0.9502487482955065,0.3808799535701342,2.997195760146083,-0.8477393700783612,-0.022552153432674943,-0.2886963802075487,0.266298191383554,0.24012061590255232,-1.2829092801230508,0.976610761494569,0.5322283195558467,-0.5785277979974064,-0.22661154857295782,-0.07504842447508243,0.3509403766871705,0.4495150072110102,0.34630660535736474,-0.06296608921516339,0.4929565800837517,0.2601062617600735,0.3782602944388586,-0.5915772734404144,-0.616431224310675
2019-08-20,-0.2797955545068244,-0.1207623325138939,-0.6808204578955604,1.693399477612527,0.21825989323892764,-0.3140498126022119,-0.328247676246665,0.9749299087360779,0.22280883507457036,0.4818871275446677,0.7036292946240054,-2.0681860198199065,0.033192078842266035,-0.08352911665202026,0.19768399494056146,-0.9012746375671515,-0.3582242643691849,0.2571569885324494,-0.11033363110530404,-0.39761185572325164,0.15214490089131363,0.3742291097342698,0.31753157790294745,-0.014049028677204995
2019-08-21,0.4731045988677603,0.6764422374654973,0.1329610849657036,-0.29883432749869837,-0.058022194277273315,0.23980003048639773,-0.3303500532321478,-0.1940003143804031,0.5749789475715,0.965962473310615,0.18542738762256633,0.6284278558118391,0.6184850494622144,1.466252736975389,-0.45459830142828306,1.647139065793689,0.5200480458550579,1.6873737396339343,0.8763325687289695,0.4919949740865244,0.7826307776094014,-0.04574275252074292,0.19819762211969383,0.28793125482385695
2019-08-22,-0.4519815850935444,-0.6222289686561234,0.5069544844051675,-0.91426453331323,-2.07596876967768,-0.1975819167329651,-3.114621612302576,-0.4993316105651365,-0.7777672860928311,-0.6446556273066606,-0.09343298724780043,-0.8628154112190921,1.0187899548624235,-0.4150321121543335,0.1834133779948551,-0.9207760481447385,-0.3122171835602278,-1.0610746553080657,-1.8334584142062857,-0.16549693444332847,-0.6522898948377315,-1.1032614750354397,-0.2686152103551615,-0.7720422436450125
2019-08-23,-1.140918590756129,-1.2864974964917164,-0.6818494247926369,-1.384626960778649,0.36643952508377925,-0.9047098911204192,1.940385605668923,-0.5544459627550578,-1.4862829669819135,-1.2957297719954446,-0.7627530339727278,-0.02012798826083671,-0.5558064968998652,-1.2825074855136178,-0.19692605983021827,-1.0280768061325194,-0.685447995593484,-1.0792031396702921,-0.9567404000594804,-1.1404099941481751,-1.642510459455037,-0.6926426845706173,-0.9278271765532016,-0.320099847088122
2019-08-26,0.7454984887977706,-0.4360421717100577,0.07016360702038572,0.761813328306676,0.40449418929384595,1.4702401663050395,0.44279833850941736,0.060229599684467366,0.9721871223362869,0.21911166086199624,0.549545090520908,0.23118869078626378,-0.16092014698794718,-0.3786097100472473,0.5917220511747288,0.645250040092144,0.1639372157018309,0.4035243184999771,1.5670350922110792,1.7732146784503064,0.4671243101291397,0.17094913020377295,-0.5538524685777659,-0.6311160291116262
2019-08-27,-0.03571635099832316,0.18344717148827588,-0.18251492750332118,0.019175389113938207,0.47206570316680996,-0.25462858159079876,0.8583154772516648,0.06003923079684847,-0.08619573324919064,-0.5546710666654984,-0.10714415348874541,1.1492611617156387,-0.06456247268241293,0.272190801084083,-0.6204750670175342,0.5717126802287116,-0.3266012352632954,0.08213682364040881,-0.06299718547088068,-0.2188822403244761,-0.047222337720613586,-0.04574275252074292,0.14723712991390706,0.6030179717572162
2019-08-28,0.32612272927444313,-0.03833245538412741,-0.24702959889573375,-0.0925689361851838,-0.5787465626596374,0.44118578344540127,-0.9092991123365968,0.21309261871411433,-0.135688194112652,-0.4086692393385804,-0.004810118872211031,-0.9812561052194102,0.1402025830128729,0.33149343443587825,-0.09062554352924394,-0.8113242875468406,0.6618677660688905,0.4580004111275937,0.041428195225158226,-0.1285492225627424,0.34185740858906355,-0.04574275252074292,0.29818047867791797,-0.6311160291116262
2019-08-29,0.8369492592749717,0.6207928317345912,0.38761067097729346,0.4793966547235108,-0.03796625542859337,0.06426890557664237,-0.29805451215131085,0.9184986015774749,0.6827049460817436,0.27802010409955663,0.237645249545094,0.46018293901766955,0.35521974197633255,0.6519838765316478,0.2596061053222722,0.7375410641647582,0.018602673355800826,0.7402024365154936,0.9888451234714492,0.10126595602548649,0.7752737258082327,1.022012157064295,0.8597655882196187,0.9090687901681332
2019-08-30,0.5769377676063333,0.865335973729239,-0.2462628339785077,-0.13372233153937593,0.40118484182243436,0.5240366756094809,0.01355130201524415,0.45684593853436406,0.529255676248545,0.020982238311956287,0.2734089908238594,0.16555749155428737,-0.6650731892108386,0.2997248956599096,0.8291485066188607,-0.39352178848220853,-0.08945027586791239,-0.14771175835023692,0.12288314051127319,0.05277755853873092,0.398368881477523,0.3742291097342698,0.8079785168255955,1.343155967241176
2019-09-03,-0.622804909133031,-1.3143139956633447,-0.12017552329981754,-0.7337571036346481,-1.4756802972324796,1.114453186436539,-1.9398407878379038,-1.0963064499613935,-0.3753530944164757,-0.8755114462286842,-0.2957397248198892,0.48808123532940206,0.9060380971076476,-0.30179567406652497,-0.7365805923204147,-0.45280397999801386,-0.2976964853201877,0.1660700808592003,0.4262039943238551,0.5396334074721776,-1.2621665746461301,-1.1032614750354397,-0.26525292510187937,-1.6773048430065087
2019-09-04,1.522169379746524,0.8774951717406768,0.4507168400980273,-0.0040159553772439105,0.1340617793091754,0.7909431353043898,0.33987525614263564,1.948229352296671,1.5594844267003443,0.5050772300284961,0.411703838926187,1.4518414868427194,0.586639494013198,1.1437868381533112,2.268926801941304,1.131097134307787,0.5595594778481953,0.5901776109132332,0.9290986111080506,0.29126050094049843,1.8159060530321731,1.8399006464338172,0.9346998520682799,0.7480147212004576
2019-09-05,2.0025098885901995,0.7716417856496559,0.9423162029287371,0.6149720858031178,-0.9670557460771015,1.248475396668264,-0.7593017896487515,1.8338607128985094,-0.20890211283554178,0.8949123591373093,0.5782362462903838,0.3529007860288722,-0.846178112578783,0.3064216164496632,0.8494618611688391,1.3640659236569774,-0.1340654125422369,-0.48652707927951455,0.8668457459513761,-0.582804036196267,1.3284289444433237,-0.04574275252074292,0.2458207023965613,1.0359674665642746
2019-09-06,0.24659818938682365,1.3663157583015244,0.191637351949245,-0.5879323169474451,0.3523865600061698,1.1992601134921719,0.7890952806401134,-1.286577791340782,1.0116797072939792,-0.5166760708365378,0.33702603481805077,1.073374527852786,-0.2794013537642465,0.3029651718718053,0.9480391341311475,-0.699082016134454,-0.1254120095208466,0.13690568073262493,-0.3555274778473454,0.501489050708129,-0.7317856784360113,-0.2513153295977839,0.021927316353269583,-1.3676640395002462
2019-09-09,0.5073302871887224,0.32767742340085115,0.5560320120205723,0.9547226497776842,-0.027455003846479333,0.9140053812010228,0.33619765072948155,-0.8708431678604482,0.8250059797540157,-1.6815863711148271,-0.5438144942279182,0.17672298988003776,-2.344532041364554,0.4114508051543962,0.4882020100613262,-0.21037638689761,0.591889400443289,0.3061760690857641,0.6368492295546884,0.43863983711667953,0.1173822588958683,0.15982982455629807,0.7368362032913478,0.7419269860794647
2019-09-10,0.0145436722266259,-0.4371993805021271,2.076499282393617,1.985457284464621,-0.3541923861375887,1.084932046007831,-0.5084028777154963,-0.1407597076125177,2.0129834723865274,-1.4516510262359283,0.7638753358180793,-1.1269813042749726,-1.3706165898441105,0.16591063745838128,0.3042663026294912,-0.4137083225235585,0.48807755880608095,0.3888268704691358,-0.7082341203638345,0.4418375646244813,0.25587460750451063,0.1588827179154676,0.3186580998293384,-0.16444624435123983
2019-09-11,0.6589942271776902,0.1274043306905511,0.29457351613948884,0.5038877178437954,0.629238067591582,1.477813615938129,1.093125010730901,-0.23953229955419444,1.0693915398792764,0.7103983758334069,0.5792369732549845,0.3867944227188031,1.5128145701707676,-0.07509699877840563,0.21992422575595474,-0.45204316777082226,-0.2735821859732596,0.4977523834677615,0.6627516746525863,1.1050076738519605,0.09065063624415687,0.3606813895138338,0.20863273664459908,-1.5402650806615878
2019-09-12,0.26028963873898975,-0.23735709813679476,0.007057437899656059,-0.1000464399161457,-0.07975489156182183,1.1207979287513696,0.795134013527299,0.44871019833336223,0.5812926360667682,0.6408797155846931,-0.6974259563092946,-0.3468759179890303,-1.5050124797078916,0.2573323919708632,0.4920425940498862,0.4648027864006906,0.044922769558786595,-0.08860711524157217,0.12184915096429742,0.11375646361677406,-0.24987059561245706,-0.04574275252074292,0.9419138749862448,0.14042952159495878
2019-09-13,0.36967273683982704,-0.734629128903506,2.293571213380093,-0.34185223121959485,-0.011846770653195025,0.3072675357511071,0.5513957222768743,0.3959895435789823,0.42008348722746636,-0.35458029080111503,-0.3085464844021463,0.20955578896908028,-0.25611923095895045,-0.31509189872681265,-0.6171506367673857,-1.0007397763301686,0.28334370369992445,0.21740186840777373,0.042699233932653326,0.47784057456710805,0.7794935641470304,0.7560309385408281,-0.057840456077272256,0.7521096739523795
2019-09-16,-0.599710176126561,-0.496902442697267,-0.8705496957908395,0.16256404778458747,-0.6261161952009446,-0.21892708252981688,-1.3048229158469329,-0.09108085626805633,0.41670034069887374,-0.8635532164758415,0.45561592680467194,-0.7467552780989247,-0.06587423335357749,0.9841760907832026,-0.5822416791507242,-0.7709877163574848,0.9778356553387291,-0.36699498087667387,-0.39537589727208333,-0.4422354605751292,-0.23519387663741315,-0.847516443582314,-0.7418764528179886,-1.0895812634077215
2019-09-17,0.317863143396905,0.7987530001575481,-0.7197017854506613,-0.7011111324812693,-0.03268492969879742,-0.043682634465054326,0.13158267077718314,-0.48141120893729344,-0.7074558005241728,-0.31032971621778865,0.4365637584974151,-0.07140513434951316,1.8258249262948423,-0.25303727793826686,-0.2376275324934441,1.2718405669746693,0.08692214288991726,-0.03302520380296063,-0.07989451384907037,1.0572431786372798,0.597118359107627,-0.24848997478542637,0.15322967240338287,0.14084595315155768
2019-09-18,0.2761245428395715,0.005960791196426173,-0.675089980539964,-0.23151594712822557,-0.541780605413436,-1.1328974185534093,-0.8564840054380904,0.10414525409030713,-0.14595519208841312,-0.5356074400196907,-0.2664342637136498,-0.0597511937287035,-0.04045567536078145,-0.5859990054049286,-0.19645517803581827,-0.18783690896456293,0.11260959277339391,-0.005075671914953065,-0.7889073137450753,-0.4674783439088485,-0.17183596676071422,-0.04574275252074292,-0.43213332807928445,0.2944860983439908
2019-09-19,-0.0928215010233294,-0.6604153415429442,0.46304710246795255,-0.22920225201021596,-0.2301105117707324,0.2868085773448868,-0.8318390445038385,-0.5328972648358964,-1.1236233120444794,0.39989886558404814,-0.706117067559172,0.13718988858620998,1.0727099963322297,-0.16786981086556738,-0.11267813619240664,0.04757528070170037,0.07800285141884607,-0.4817642950960113,0.16020474839192317,-0.313918728095147,0.165493304998125,0.3588170481966874,-0.5196425314778068,-0.9447130807919633
2019-09-20,-0.7997132752882968,0.2991102299499635,0.3458426194838671,-0.9761489409436611,4.883123226042625,0.08276681262060025,4.088414479800372,-1.2872154611010533,0.8733495263335799,-0.13356720822198825,0.803811733408526,-0.300645247505073,1.2318190681697745,0.017553057409024582,1.5098395287975361,-0.2291849397644422,0.1464593645743096,0.19164682419121104,-0.2582845373483059,-0.019952696912496234,-1.3529096682427486,-1.8962155784920836,-0.0059231574273440335,1.2234868784255948
2019-09-23,0.47526324334305475,-0.03575602007626355,-0.5591046761704483,-1.071000762127171,2.9022653171731965,-0.01890311318703127,2.5637017087393854,-1.8319400221631887,0.05287963816015623,-0.5652826176252953,-0.5454132149041878,-0.4427125061089597,-0.004825266208843331,0.03610318073379796,-0.4533179178339621,-0.2763014101022513,0.017744965348961715,0.5536089782627337,-0.05350253267036531,-0.1355098497805395,0.19259993393493816,0.9918678825270683,-0.3072009749084965,-1.2515849357800048
2019-09-24,-0.4644986550802693,-0.24547183628441802,-0.8567020314933008,-1.8993679118369078,-1.2273911427267397,-1.04337732174473,-0.6231756379051949,0.1648478913959913,-0.2326606054532832,-0.23235051064836068,-0.7541500621145876,-0.575693906879564,-0.08796563003201557,-0.2995862983655059,0.1506429102357247,-0.1325597480910532,-0.5246482591956892,-1.042588596559223,-0.24118478696735227,0.5733196165145689,0.002466755286557954,-1.0833533875685541,-0.729686179019224,-0.6430564099999428
2019-09-25,0.1705092147714293,0.3824079488683678,0.0651986649683474,2.0744665285781125,-0.42275571341644175,0.6230577768589048,-0.1673163257854014,0.06086864497841373,-0.1761786300921103,0.913869468254548,0.1441445961954852,0.2923464562332347,-0.48172048464797546,0.1113070351016232,0.04052728734766097,-0.7570692953553784,-0.051370568098330086,-0.17496757780888578,1.4208075766478514,-0.4803459075748976,1.051383208741938,1.4001702727331677,0.7178398641645359,-0.17239892964747378
2019-09-26,0.04617071155285809,0.3782883009317654,0.2965468699016816,0.8767899121800716,1.3878132176102693,0.8006185649924474,0.9577742321007453,0.3179153736074943,0.5954820859099071,-0.17681605077217175,0.3642496325625582,1.1375688370091648,-0.4848484016294254,0.20372325406618544,0.40916288254497746,0.18981046372339433,0.6206024880487473,-0.09019855497210542,-1.082057692950128,0.9493394146215828,1.7048330869860144,-0.6596177198038833,-0.0885920257799736,0.4596693842581929
2019-09-27,-0.9100072760067895,0.04706458019164075,0.3518463707660614,-1.492286854240657,-0.7579885781858701,-0.8907500870747908,-0.5494982033352165,0.36664533550255224,-2.0745887558991725,-0.5939266703186276,-0.9112112146946895,-1.9109914374897046,-0.719055451538038,0.05452984242453439,-0.2462319673907212,-0.13374880586549504,0.477580921425188,0.39114397838069315,-0.4611414613026113,-0.14712728013457385,-1.2110606514339306,-1.0882667141385782,-0.03352762916230494,-0.1715148876596649
2019-09-30,0.8766558125012941,-0.4490819125174729,-0.16498130524220717,0.6112750013505108,-1.1792746610730558,-0.45961113784326774,-1.056684368043984,0.7671089169029625,0.46633093000815135,0.5911283027802346,-0.2963775895196108,0.7832883872410447,0.04477206429908499,-0.2426778494570175,-1.6802018753457766,0.2051088948733416,-0.22028387204132993,0.07949589282756472,0.26857517654944885,-1.0682501482751694,1.1136785429826854,-0.04574275252074292,0.18680797317880476,0.6132215888246396
2019-10-01,-0.6504704648886273,-0.7095674615257984,-0.4551821838269158,-0.29293808366232676,0.31647414859098666,0.188168812096645,-1.0078814048796687,-1.7251566502714977,-0.6373580138285979,-0.09807112344529414,-0.2736185449885743,-0.5511958046162636,-1.4554679904774186,-0.22602697390709045,-0.7098055498861556,-0.3946968134173654,-0.39261935349445326,-0.45746784957257547,-1.1075369929844787,-0.7324111697560618,0.7834516431584291,0.7902388818386165,-0.14346458095849696,-1.4352659404159822
2019-10-02,-1.0748733762281506,-0.8343252640038226,-1.2309774239632933,0.24600159102956937,-0.952671924344551,-1.143456574961127,-0.357909303898441,0.16408010587546606,-1.0818737695918228,-0.46133158427669285,-0.1336978604336981,-0.431804123934039,-0.9050059092014282,-0.6295964313840245,-0.3152162436991928,-1.8734461931688813,-1.5506831186911711,-1.4113053059632015,-1.0918971421893473,-1.1097654152646181,-0.9647310799360089,-0.8817243868801025,-1.6468118199625987,0.3048651611297163
2019-10-03,0.7606369440124269,0.26672359890379993,-0.11276919769984468,0.660502143139629,1.0673826621160218,0.05920903123308315,0.3069256688135092,0.3684851866799851,0.7317010394254864,0.8712123329604852,0.583371830053388,0.3862675384964848,0.6246560308961953,0.24832425583527395,0.8689692523828135,0.7582990227062621,0.3358196868746849,0.19776037882628264,0.9575883381620046,-0.1878196830277172,0.7725547606807465,0.16474315112632204,0.5410618543779913,0.14473052179986268
2019-10-04,0.2811813843196568,0.6917392064876277,0.4843278507451942,0.06121026563196627,-2.370617541573394,0.5834941317643108,-0.9927782470695571,0.26379085457807766,0.35251695970661234,0.02008495820860483,-0.042807964458294816,0.05965417431819306,1.1099314169582506,0.0752244987391666,-0.6254596879157333,0.11935301152057466,0.27242392746932,0.9708852414789781,0.6877975974814656,0.3460039984469152,0.28088693448676527,0.5797529781915473,1.0879804933025723,0.9294741427775776
2019-10-07,0.21801513172634565,-0.550146147205219,-0.2905968881463461,-1.1608325748916477,0.5447483687661253,-0.9666973921332841,0.34907599823510504,0.3127913686707194,-1.0664465333673099,-0.715733412724606,-0.29779081480511926,0.07433240837610212,0.7028241986410841,-0.7148588373197021,-0.27227197226748695,-0.4670740274883396,-0.10445457020370462,-0.8654249276542113,-0.6675044820258395,-0.4275239664453348,0.558226832679386,-0.25326052236542507,-0.5902422760867795,-0.014049028677204995
2019-10-08,-1.1145766353216666,0.04904497655278198,-0.35293573777519494,-0.7678165655240219,0.07980097206851351,-1.0884772763331558,-0.32488655013499584,-0.9092851098825699,0.17689713919016115,-1.597031300536383,-0.6914649261063192,-1.5223532164403084,-0.5634904801317172,-0.09895710902943375,-0.7956210448201055,-0.8979380474042611,-0.6521185585509558,-0.12068732956961982,-0.8404035790653305,0.1424398233165449,-0.1652960703577373,-0.674206617035416,-0.544068611206713,-0.014049028677204995
2019-10-09,0.7803304682394577,0.730466941926132,0.12739330920374806,0.15209283728248557,0.7890139343633974,1.2073832646842824,1.1600032814529861,0.16260818320971632,0.3561079686758598,0.3878685202827879,0.758560623380877,0.23411786812769125,0.04498706196236228,0.6579679704646326,0.8959731800398774,1.6683810251053344,0.09816446012196219,0.22593433592822665,0.5514459162046306,0.9165021036084595,0.8852696697524339,0.5827211119939302,0.16501324844193715,-0.17021491783897524
2019-10-10,0.9657529890971513,0.34162395975108206,2.2875351090055234,1.553747169564806,-0.3867003816435323,0.37581880173735893,-0.35568295831189367,0.059769635840520655,0.13030757124649994,0.6467003426383172,0.2241261406644012,0.3512941412349059,0.05705279927195572,-0.0393592379175798,-0.014376507921402732,-0.443151291749343,0.6257988031643584,0.5401631878366224,-0.5479532966441492,-0.23941844797057704,0.22454375177349872,0.7785153920956706,0.8627866689127287,-0.17065245538577303
2019-10-11,1.5638919125783146,0.6264908303749417,3.291091392575604,0.31432880058294577,-0.4084841394211014,1.489692646313789,-0.17305026202981796,-1.1258163846827736,1.6118845808067679,0.7255494443874033,0.43521958010449635,1.4312383291788096,-0.5540616433476863,0.5869395227404298,0.057202755367784804,5.5464236560502345,0.5142542065474733,1.1555738853802378,0.6864415979754206,1.6213000538872067,0.4941711418938809,0.5624939679665762,1.0540669097945168,0.45447073088009216
2019-10-14,0.2518047383010598,0.046927804653814235,-0.6296148973237488,0.3081409360398402,-0.263461662510244,-0.2255233804352572,-0.025491817542465926,-1.8949286575470765,-0.29429201791190474,0.04250695851221816,-0.3815655033025464,1.0897813718134024,0.9342545611061421,-0.05737620298054716,0.014238480979710168,-0.09191666047825121,-0.0253874985852437,-0.08927477179791408,-0.3263421117452281,-0.24724426179892012,0.48870646748069313,-0.653979473008062,-0.6267334339260042,0.4506421138397865
2019-10-15,1.030160775092099,0.005960791196426173,2.3971291281336993,0.6578749536037741,1.1476588614160586,1.386969843094678,0.671012307681304,0.22580710488622882,0.6894946954858332,0.6549632007285962,-0.5664231073369125,1.3212005253940717,0.48926963951733804,0.05530542457393185,1.1595819764968538,0.528245919363163,-0.24265163454499042,0.47056773643985345,0.5448895900725239,1.0180911701793178,0.4722746788465829,0.7633871315598239,-0.38986984326112606,-0.014049028677204995
2019-10-16,-2.488736738585924,0.8550464693820016,0.007057437899656059,0.40445158691022587,0.24970329832381394,0.10765329173256624,0.30060432065825343,-0.4185530428485354,-0.29205521953755703,-1.1754068383286747,-0.8284212707874602,1.1128372390200723,-0.25662739680131463,0.4639983210239984,-0.09838515902169183,0.7190323215438995,-0.13018576434716267,-0.7339844680377339,0.32380609234468544,-0.08912029444541772,-0.3487298961547376,-0.04574275252074292,-0.6470173106665944,1.3576884730350143
2019-10-17,-0.18971675337906896,-0.5171559841421915,0.15832697325292447,-0.22945837754310366,0.31474859491310625,-0.044043206364296365,-0.061607104428465946,-0.09644920199688264,0.067964947116499,-0.02837584022396167,0.2460612538192061,-0.8400401864385307,0.42696877377165826,-0.40983647817657426,-0.3235243523431027,-0.07618577705646332,0.6684078185755898,1.0296676221896532,0.9396243876979599,-0.49411561328494213,-0.4843899021219377,-0.2466359161139861,-0.1187562086755979,0.286352883455203
2019-10-18,0.07239040339636928,0.19784813415205332,0.5073947880448463,-1.4750297948521351,-0.6399095060069993,-0.27221040691505344,0.11878754454279848,-0.15050904850614844,-0.13405548547827284,-0.9033956368534317,-0.6159670544355982,-0.42652723068303555,-0.231796993154026,0.1855558821554105,1.101334735995021,0.23320031290341456,-0.3799270576214271,-0.11612730770898962,-0.7876785228637428,-0.13018413629428777,-0.5892169977373509,1.3416706467162056,-0.0624925451683432,-0.014049028677204995
2019-10-21,1.0811163984746406,-0.03564980471447394,0.20555285880385515,0.24195093312066773,1.4219445769005312,0.08263626371405393,0.11831055627666043,-7.416767695575895,0.8842025330145528,0.5578927382791483,-0.11242990955131023,-0.6862230151947226,0.055279839796835165,0.20272857106397257,0.0683744021088394,1.6578309273584755,0.4844068132818307,0.10597596387908348,-0.08023850024307104,0.2930286262939327,0.7469792533163112,0.14894501810616367,0.6385784219344492,0.13554630016619046
2019-10-22,-1.022939474961301,1.5527387215368114,-0.4909258255758701,-0.27679998484268986,0.12082612224228174,-0.2475840042787591,1.2130437909641623,-1.0917150283463095,0.7714455127745158,-0.6084787034622439,0.2634906073930712,-1.0508760187910908,0.7793616876027011,1.1195907661086018,-0.0005983018569486127,-0.4408972798042862,0.5648428235395244,0.3268733630755616,-0.2409906308514005,-0.008364211124780403,0.6475336367243165,-0.8296950380420735,0.5167455277543207,0.2839899420873979
2019-10-23,0.39534210802408365,0.71471131317413,0.5545145339191434,0.20384418079806443,0.5096320140901728,0.1844827379372161,0.5292464316873664,0.14739516105608602,-0.25672207801115804,0.25454714901999625,0.14170239989773661,-0.533117060063069,0.20693329957183923,0.5596534363463265,1.479991274549085,-0.08416548935392633,0.5669988102516398,-0.08789964465325592,-0.4034532575166888,0.5332196955744393,-0.5798748215951245,0.3479738882957738,0.21158239864409614,0.1343835766235427
2019-10-24,1.3061129878348487,-0.03301504028102493,-0.2906775354394938,-0.17315053727303809,0.4767671561980662,0.3610460614048758,0.146435304603229,-0.7419480237431268,-0.6837110511355662,0.6237707766330393,-0.01809902876423907,1.6759714082128936,0.9163657300900017,-0.5794438974210189,-0.9877674348040076,0.04151310589354676,-0.033042448961323724,0.07774830082334978,-0.00850286463911655,0.44941036717761695,0.7983647182689497,1.49489113582533,-0.38754407067459,-0.16248163397795268
2019-10-25,-0.23401469252196147,0.6244688166971712,1.0886222737609492,0.0731045360515752,0.11734856723267864,0.5599232146566738,0.8578038102198665,1.6591741119557302,-0.5628787525250608,-0.16383132152826316,0.6002292564395008,-0.2800034799011042,-0.1911784601813367,1.0415788833223707,0.10827420675101103,0.018216991392574357,0.09303424540712779,-0.39252936098031027,-0.16155652346686827,0.048446453392988885,0.13567663840427582,-0.04574275252074292,1.4151066503250114,1.5978212953224393
2019-10-28,0.40796104767533425,1.247061485169206,0.10401481272694886,0.38293770880214056,-0.047089591347532135,0.40617566581695086,0.309553663965311,-0.29144747505846036,0.29744220641039654,-0.6894451123315534,0.9930465657966357,0.3115195969379931,0.22596285334384195,0.2534533361717776,-0.42430273213591657,0.3980799470999832,0.20169166961799007,0.29955404441209504,0.4399418493726388,0.008461093019847191,0.13500537788003092,-0.42588284383856473,0.48832194163517023,-0.3037459054037557
2019-10-29,-0.4035430542227457,-0.3653670623611175,0.15208261226227737,-0.7504041790405933,0.5609558762395551,0.6756493595452303,0.5712097040562227,0.8854054581619398,-0.11885525245919272,0.08519719231157417,-0.28278602073138137,-0.08942189408206556,0.028858751571344654,0.06642337302751583,0.9776768946732248,-0.4965359822742514,0.008969531199512102,-0.5321829285647341,0.10699143980987505,0.16783735273783262,0.11269523145313856,0.5232486482509215,-0.23907269170533038,-0.45136275935151166
2019-10-30,0.13865146810932027,0.0805560555367547,-0.18642432492946825,0.015429085953616457,0.39354461353374204,-0.141622659801925,-0.4888923809094603,0.01880355257340737,-0.2198709015185344,0.5469961011493684,0.19761930081089626,0.3530303951050294,1.3074590368196752,0.3337628513960349,-0.5965036863015164,0.6706272091252323,0.10082754667409177,-0.005075671914953065,1.5510684402352892,0.16735319339989058,0.41331675087163244,-0.6147341532924073,-0.0319352830353624,-0.6024258301895503
2019-10-31,-0.732028796479531,-1.2849300384610032,-0.33367738904169136,-0.4178315231043358,-0.16347623736529354,-1.1148663522202205,-0.4938382572819327,1.5889661290202697,-0.8174522754341055,-2.0205590485139795,0.10843689849159692,-0.077937776596001,-0.5396904501400409,-0.0010353892033076585,-0.1506751575393656,-0.31888672835524756,-1.7657997901396028,1.6445681454067749,-0.2611805823485546,-0.2927538809755198,-0.3618505459999439,-1.0106886754710822,-1.0374853457285005,1.8763391375001064
2019-11-01,1.5217603864201519,-0.18811223144110195,0.20210492962861717,1.0839707637225993,0.39114874873736327,1.2513583831148796,0.17583939543379423,-0.4610264804744258,1.5105446715641007,-2.2809897072541245,0.3198775447735282,0.4655865102947,1.356467497211664,0.3296568667507866,0.9190530976769806,0.49223912200940795,0.5763963294778774,-1.182889209080835,0.4727373566138223,0.6993774564978882,0.4439330847005262,1.4881945712012654,1.0516511564818343,-0.30082702951968227
2019-11-04,0.618050261884525,-0.2089033800369134,0.15274477311204238,1.8621654021408434,0.024339064835253325,0.5226081749308668,0.4407258285697806,1.379834988145486,0.7020047241546162,-0.35535427025585703,4.0442556711896795,2.3642979557538752,0.27073155076889904,-0.08333308322617136,-0.7434900273274796,0.33772009569159045,0.6795790718592676,0.5180797913388924,0.057980902465197416,0.38483152652846314,1.4054201796750205,0.8865660398939192,0.4842821146172856,0.1295205651017202
2019-11-05,-0.30007853420914843,0.5887934642097865,-0.04144334846113376,-0.5728264039359184,-0.6192001401664102,0.32403929168092854,-0.42479968257763495,-0.27714224176950514,0.7340743646122818,-0.09991841073670912,0.7200921506829402,-1.8341633100933157,-0.351642901490462,-0.05053194227982093,1.1953417385884693,-0.4353564439139128,0.6039179210068693,0.8662787920805569,-0.16498596780592803,0.07518442849971464,0.001738340911008828,-0.6027643511543459,0.12181717586968546,-0.15761862245613018
2019-11-06,-0.6042970215423062,-0.7339977756669388,-0.38304545227188086,-0.2522901938671022,0.9597455080863695,-0.33550333377212926,0.9333439887475556,0.8902110292352269,-1.0378193831483467,-0.20229147729726094,0.5478480722550415,0.6618615854571335,0.2152730962364593,-0.6867575485313457,0.11836651074187361,0.6885072821754336,-0.24153149569372823,-0.41199837985893223,-0.6665211693988771,-0.23329402486001358,0.0328306616234295,-0.04574275252074292,-0.5459584556989978,-1.029282392499688
2019-11-07,-0.25146098728146604,-0.23110612174423148,0.2025540873141978,5.070727211989146,0.10308978978804959,0.6160514527659388,-0.4197077336947786,0.7613157816393169,0.6825737463165572,0.6188457002078092,-1.3688607953806537,0.06869111937068341,-0.39654445628487484,0.6350967059684731,0.06510192093333066,-0.03260640769038928,0.4173233260119048,1.0207120403414196,-0.3408647097055208,1.3606961613828648,-0.02954111409046075,-0.4210299463017977,0.09765368008870186,1.1447539289242088
2019-11-08,-0.11931343727433359,-1.4110219515117828,-0.631640016409449,0.8764371112110124,-0.4444954239901977,2.3678389374033286,0.9534792033551228,-2.0146772235028787,-0.22740025717981466,0.13062993163316364,-0.23308709036906722,-0.18289537819913987,1.6115333562611174,-0.8582735295080623,-0.6268005015139958,0.5952658303517819,-0.09910710228793741,-0.27339151611009976,-0.04476906392768775,0.8142374438197517,-0.939065884785185,-0.23459406197458105,-1.1644279298051794,-0.5905055289581397
2019-11-11,-0.15766722972049396,-0.03541500744904442,1.3229515706712103,-1.1982104651864662,-0.0024932997255282473,0.6596883832353956,0.2639887128102214,0.603004720752417,-0.32676886398602367,0.18527729872532672,-0.05942740347551022,-0.5400412769919795,-0.6740791738941673,0.3046378035728184,-0.24250164391767748,0.13361581639198006,-0.05764602498377354,0.2096878381239481,1.077952995207904,0.3392988911742531,-0.30362372013087513,-0.04574275252074292,-0.4379694063077753,-0.30447389049860857
2019-11-12,0.1044376060027166,-0.4944209678451647,0.05501816430768103,0.31014266825191816,-0.2867492868276897,0.0761198676407236,-0.2182683341147505,-0.2764284663207439,0.22048769558219736,0.08918204291693434,0.09342848349593165,0.1221262702533412,-0.2604472244170535,-0.44818511747960743,-0.0009277880873538352,-0.6543651397522968,-0.24144248699107285,-0.1123652471916712,0.29569353992652486,-0.30889031326029226,-0.5390854444605369,0.33115764906908646,-0.3064163095599665,0.42103998322457686
2019-11-13,0.36755640484752095,-0.4593197936556866,-0.4265363513865341,-1.1650045277660463,-0.10033513577168456,0.14554074096728428,-0.5437386769328583,-0.27736338692621487,-0.5109510927934725,0.9610355475263621,-0.721928708527634,-0.2354713684150223,0.5626506261896977,-0.4188465814797545,-1.5832632514174354,-0.5055910791648516,0.33414530504067214,-0.5984298531825701,0.08214937438457935,-0.014820712692204425,0.7133568230317242,-0.6123003999358975,-0.7840029740108883,-1.181777643738756
2019-11-14,-0.08810335090343258,-0.2076473649335545,0.10380105608614558,-0.026646090977374085,0.48552464870389633,-1.0196012857877728,0.4283115357084679,0.891150529262192,0.6425386871365119,1.5114470110182532,0.18446819257031347,-0.7589125725178446,0.23178229563662678,-0.4967848188967975,-0.4452991542780092,0.031217564453195037,-0.18549908634931217,0.1302554144732341,-0.4273680960942138,-0.40297293866606704,-0.4834657749469084,0.8945149315385558,-0.062242738150438376,-0.014049028677204995
2019-11-15,0.8814611634466829,0.5164027286659373,0.24793441276410055,-0.3870078121454941,-0.15288278508485756,0.3814437776264432,0.4555623221376596,-0.10043831775643344,0.3300877668357583,0.8487798720657295,-0.2164365305613516,0.17133744146021782,-0.7068051923568607,0.5648018125553361,0.29179529219644285,0.46720017578436857,0.37207395324998555,0.6137893323974405,0.12525326120519945,0.1931975258938928,0.7921879109699514,-0.7963431907547122,0.7184837697245173,0.13323890309746642
2019-11-18,-0.3197969287818779,-0.7194586480792939,0.05506990772687885,-0.17762069657740737,-0.5446961043240827,-0.39192816485355464,-0.37774722917709863,-0.0425236758560127,0.6168786618839819,-1.177432038803234,-0.41008886043195736,-0.17369016642828355,-0.27148904910735927,-0.6026282679403863,-0.2647554869043829,-0.15491979396410002,-0.12572077614573343,-0.3002736912453611,0.2684546419076117,-0.3927448408989996,0.07497217165706235,0.33115764906908646,-0.4497316871447301,-1.2031176654563414
2019-11-19,-0.39641826832922455,-0.16700697265733563,-0.04095503192756673,-0.2819582852153241,-0.01117281695277404,-0.2053654949253368,-0.057654441924306965,-0.21660092070144443,0.6908463465308139,0.1766063071908327,0.3333140670581811,-0.2766294354493452,-0.07353536863396554,-0.4520917465404345,0.19435287111609156,0.23449855994044472,-0.584668302964672,0.290122347415455,-0.5116024145334586,-0.4386143950377035,0.2926070650510192,0.32795728412339686,0.43788537229004204,-0.16444624435123983
2019-11-20,-0.5360415636203624,-0.21148984456175643,-0.7197545705591285,-0.3049024880458899,0.2735824608103669,-0.752268284704133,0.19916190133006986,0.4781444042420364,0.36009745086847,0.7158775796666967,-0.6277579035924605,-0.13379905500402378,-2.9520541617946185,0.035324741177278914,1.9087941731216667,-0.35419047401875325,-0.24745564587560998,-0.27339151611009976,-0.41258047057601793,-0.8469144768872955,-0.3306247160291926,0.6922915921675804,-0.5616694221426342,-0.16483701264393585
2019-11-21,-0.38770035701227595,0.5255327685616407,0.10468523772321847,0.29863602973297093,-0.10901980738401836,0.0541858197080541,0.4203899267235679,-0.33119986920820926,-0.3413397679740872,0.8681894671271975,-0.48972300639591176,0.8529300443829713,-0.5274477994671022,0.5919935173844926,0.5453619816158928,0.1760014465713355,0.19740958104684805,-0.8987766184001121,-0.019199111025028148,0.40257433387471264,-0.6045442061316467,-0.41321743357453505,0.577357786924165,-1.6996896889396849
2019-11-22,-0.20158182182567672,0.4753348853897718,0.2501644650174411,0.8044451629131562,-0.10911566160358577,0.24438065305987597,-0.5033983327445545,-1.6270885840493308,0.40019653872042854,0.17656954532386931,0.6513330113599045,2.050889388266593,0.4465364487455392,0.0876886326480285,-0.8158034946655915,-0.028036564670942395,-0.19621679581438853,0.4839706632600279,-0.32855666982137055,0.19029139155576347,-0.26072371019162965,-0.6027643511543459,1.129269960664199,-0.3259653615259341
2019-11-25,0.8381284119176611,-0.29198807687411665,0.5848602885454303,0.7854010432601248,0.6518161512442567,0.9731272789487925,0.35725380411234514,1.5420412323373054,0.5168768338774651,1.1693738844518342,0.25578894361008675,-0.7850790577167821,1.9938275136610075,-0.05423596830994907,1.17013165096548,0.1302527197019916,0.1717936003911,0.15710724454915498,0.46104864408563795,-0.020169130835414408,0.9531848551220182,1.6046325574478784,0.3635816837126418,0.6080798964163519
2019-11-26,0.0034544984239979985,-0.6850364122915945,-0.13665576140145405,-0.5717324311938893,0.26002002016501097,-0.9363629056204136,0.5110629658711064,-1.3303144247323617,-0.3241834907682288,-0.1595553643566611,-0.0951871671256814,1.2256944245633772,-0.04045567536078145,-0.8301884616794724,1.2473741166894605,-0.19995952985609897,-0.5752089198541269,-0.656304923554042,1.0861954786057966,-0.34167219000532517,-0.1954805287050465,0.4909348151429469,-0.0059231574273440335,-0.6361779537707618
2019-11-27,-0.05209118299027948,0.35322140395505947,0.76791588338472,0.3092962658869914,0.5358851644566155,0.38522513773448525,0.5974573527421471,0.7219359793687337,0.5016415007140768,0.33618127948433285,0.6219771951316984,0.5498820134844662,0.08244731420704873,0.0720843690475919,0.2676952808084181,0.012727155841824832,-0.14657269470550444,0.348501911035566,0.42040319265685366,-0.1980726613155318,0.208622477342144,-0.04574275252074292,-0.42856658430604083,0.6080798964163519
2019-11-29,-0.20813935483922014,0.005960791196426173,-0.657928339359377,-0.3253383725877676,-1.4751381567934052,-1.4006412431730793,-0.27360988085655824,0.24881553104973184,-0.6170634067405253,-0.5865358202324815,-0.09352314020529409,-0.5269506113192245,-0.2752772418584707,-0.12912953128640506,-1.3873550057334132,0.2250382673432561,-0.26886013544569026,-0.3859360825478674,-0.2525232268909917,-0.8369553198008225,-0.8934929610357795,-0.7627752094521578,-0.2998106832514162,-0.7927813804793298
2019-12-02,-0.9659625868935164,0.43510661880541107,-0.3777046750180464,-0.3654892181052733,0.15702420584703805,-0.1140893022353663,-0.08774452505612043,-0.8620122697992549,-0.1921290256858127,-0.08183806273537134,-1.114234278834719,-0.2337654319235266,-0.18626545470210806,-0.0010353892033076585,-0.4358975893616373,-1.1570563551797273,-0.3141867787899908,-0.9675575377573206,-0.2199280539767709,0.008005688162649557,-0.17617179837738545,0.13461213674697764,0.9979246553672957,0.14255439803136305
2019-12-03,-0.1913523974144212,0.2398276651964088,-0.43002529750776536,-0.9049940478869325,-0.35740491749108155,0.07889576432895103,-0.2753753040107135,-0.16054656818055715,-0.7765220208616945,-0.3414384187955139,-0.22491693198611135,0.4047542452104898,0.5184987117380032,-0.092890985700034,-0.559347535321094,0.3337821685195163,-0.8128724368862935,-0.1715688408239341,1.027163113609736,0.23241967200847613,-0.27127337962310444,0.8451241839492457,-0.3720581425629357,-0.4851537570172793
2019-12-04,0.8409454726338037,0.677287305270997,0.25043918029329515,-0.20217627607807526,0.6430277095893698,1.0119198809405168,2.352175466008025,1.0690650552572114,0.4985154935089259,-0.04600468632850142,-0.27352068416206377,0.08118221790563998,0.8985038625908057,0.29183092026871593,0.26544749458387934,0.5810867829628392,0.5590829906904123,-0.36731747962881445,0.5149971988818636,1.4452046143198236,0.359726942374021,1.34322461734782,0.25603215370543614,1.079184624756426
2019-12-05,0.6758583895431036,0.33670233146097733,0.4416354057778871,0.8829708056607628,0.005965479248456011,0.36199993161933697,-0.025491817542465926,0.1310444127005744,0.3864647141937739,0.15783343357210924,0.4609183875809179,0.4028501931402755,-0.37024625345472256,0.682081354129755,-0.147443426719528,-0.33193554483556886,-0.3088964193408279,-0.5947452635285424,-0.12624904461079772,-0.3287651944452245,1.2023048972399641,2.122006814219795,0.046210812098257496,-0.16894401050596766
2019-12-06,1.0431647919272744,0.17013217530021482,0.5796254995435449,-0.3055399441089456,-0.07310954845075045,0.8054379549579949,-0.23367950667430054,0.24555712768636198,1.281580418376337,0.2305452537616752,0.4762601601508268,-0.6124941179286331,-0.4052438057417135,0.5089128856592056,0.41027556873884974,0.04917405445654203,0.7052269053515939,0.24831083170009277,0.01924397927006712,-0.05884833770014389,0.48932330995604345,-1.1997329502377192,0.6895619742671232,-0.32511708278022894
2019-12-09,-0.5020024712639235,0.12856547096233553,0.3845030047954793,-0.26972113347893106,-0.117116603710083,-0.6035777119985868,0.15301651138391822,-0.0425236758560127,0.1918935599870838,0.0497956346544813,-0.19856576267047293,-0.24758750861002737,-0.09591412989322122,0.08592093369743682,0.0912653818265528,-0.08260820041029655,-0.016899466312684533,-0.061296706194495544,0.4609704542516194,-0.5132346057201326,-0.5493010121669619,0.12097745787186724,-0.031416979302942113,-0.32681834454754327
2019-12-10,0.22383791117406684,-0.15760236861399093,-0.22845097911066836,-0.0936087765440716,0.557245946200524,0.030079324231493756,0.44700294732597184,0.5293419645675501,0.1781504731477981,0.08438807063133827,-0.6290279523331626,0.11417180520308763,0.23633921869988023,0.05100937983543039,0.7453219109461652,-0.09179254305931528,0.07928828439560318,-0.061340224234598374,0.2496064590221688,-0.4212539960963554,0.00063166432916927,0.28580472098082854,-0.21056837826840663,0.6097883412961572
2019-12-11,0.7972831325718568,-0.11725211286285811,0.19556701792560455,0.5536741575352425,0.14454330677968324,0.24172768053856233,0.15038674772335023,0.12793082748646264,0.1645482149776785,-0.43799602936957377,-0.11016949736793245,0.12121000230854034,-0.12890363462599708,0.20613311836415243,-0.24898614729090154,0.07652748663421656,0.03550995524445524,0.6111519482088631,0.12910805001274792,0.2196331465937682,1.331212743225948,-0.3772902260223144,0.7045981403149908,-0.16936663909327004
2019-12-12,0.4907325869569343,0.81898110881732,0.5211534465928344,1.4110136324142282,0.17853206235134406,0.24092492856043296,0.29513699884891786,-0.26990524434089297,1.43989646557198,-0.06639819232735189,0.12391089573369422,-0.841881347890004,-0.43999080239843735,0.5942761581154733,0.4538235927124778,0.7892239661247277,0.31388637103200173,0.3284961714144641,0.561140559905058,-0.036877920244329246,2.5753742043736385,0.9415272348036231,0.811435735724966,0.2961635635676227
2019-12-13,0.3925690947333111,0.005960791196426173,2.9666002128355937,-0.46317276012449055,-0.029328195314174823,0.6122021674744621,0.23510741897492243,0.24155250990894367,0.7093812710309721,-0.815112405357601,0.7329481682672565,-0.07173594088985696,0.789058922781411,-1.2931678393832189,-1.0736662521444702,0.783130658766794,-0.2777871774472547,0.21631204498965467,0.14200167986903203,0.2522088583360361,-0.4037496235434644,-0.701465266343533,0.35872355867155925,0.4481229899284478
2019-12-16,0.4598799321520789,-0.11476037256029038,1.704608162195296,1.3399368966322966,-0.20239019145932458,0.3073575923750299,0.003366645396569489,0.24015970833994693,-0.24091866920781305,0.8588348581398099,-0.2448170089357549,0.04631370373708378,0.9191000464730374,0.13976553162565086,-0.30574480899899914,0.37377888569357043,0.6247847303218432,0.4902378274080451,0.4746005477331021,0.21248511768586262,0.21584771194219612,1.0954529981936312,0.23485385155838134,0.7480147212004576
2019-12-17,0.2554193029201642,0.40668482686804036,-1.3884458754518296,0.21412202563359725,0.9157465169641484,-0.38715750856479925,0.06097540355281245,0.8527539263930575,-0.129201192937264,0.1786721345598428,-0.5961193113502302,-0.05094838748978721,0.0028105152578614847,0.1565043081038448,0.31660676196776055,-2.418804080633283,0.2669781666946515,0.15915868876655073,-0.4490890270957221,0.10695634521870416,0.5918096678355613,0.9094446717586363,-0.1742697542108423,0.588333166956265
2019-12-18,-0.4977806151943605,0.9100537041237455,-0.5120745740281049,0.9132185196100032,0.284747907607096,-0.24943948887320316,-0.43046650707535616,0.1791237071153532,0.7540104162161588,-0.28176704328762486,-0.9332275665541346,-0.4234464448776955,-1.4843321536776526,0.6882272901545562,0.20951754233626457,-0.3170583042896538,0.04342331309901538,0.4307722635078261,-0.08465906960278544,-0.23588152068318455,-0.18302153499151227,-0.6802387796304268,-0.03005315314664046,-0.314450940809613
2019-12-19,-0.11049588814404802,0.5064885290682081,-0.562633055407288,0.4368131533730945,-0.5483952980069472,-0.2504044334572866,-0.025491817542465926,-0.3753243785100691,0.11910064252748623,-0.012142348234189413,-0.1503260498880059,0.6829522223774075,0.882199201326451,-0.035081486638971066,-0.1064479225598358,-0.16166476473374264,0.324922049522445,0.21172818564272383,0.0865437465714503,0.1789157362612398,-0.7576159564793118,-0.6894856855934693,0.3301408624223158,0.13634818699682985
2019-12-20,0.24009827245253268,-0.5181877755411598,-1.2922267737382591,-0.17765333269626132,0.17529145927254194,-0.11058275181997193,0.4657769888038595,0.06862964382667781,-0.6981296249080619,0.5635692690960362,0.043775849497677724,-0.29839621345767076,0.2966668032041521,-0.5169849630066895,0.06455392964583817,0.5907733747077384,-0.6157055494807767,0.34562461083746965,-0.03796902438456203,-0.4632841828450542,-0.089505051174239,-0.04574275252074292,0.11323785817829674,1.02773167632726
2019-12-23,0.36650385005528174,0.5145816008115301,0.1433384759094934,0.42170178461376895,-0.5769725366759259,-0.20479454918493895,-0.5458325301197068,-0.0425236758560127,1.0211431071941786,0.05127526968270034,0.6313783685957614,-0.27408129972614054,-0.41028784447639755,0.5489602820357404,0.18245581610270314,-0.31164640009606154,0.5317486051014522,0.31691155174975244,0.08612795387517438,-0.031260767139408424,0.21737153426293668,0.11607211959560013,0.06536022958975166,-0.4581907376152926
2019-12-24,-0.25291795109639537,0.08354696538792883,0.3683353830370857,-0.10184784592089664,-0.029372892148015712,-0.3707796325643631,0.11966952121179486,-0.3208008692155412,-0.40940678788630813,-0.023083018708412884,0.2081079371177858,-0.36589545607752044,0.2968273512017903,-0.018050348305589336,0.32509611108394326,-0.09697703348682721,-0.08469828096244078,-0.08541721040549614,-0.3019829803476472,-0.3708609090836866,-0.5023672134872507,-0.20755762463708594,0.3949936377373702,-0.16287345946704362
2019-12-26,0.17798699081966635,0.7342213270240049,0.18653457747878105,-0.28031181047584736,-0.45215949307805936,0.24257431921532077,-0.08349523121081255,-0.43438911651936046,0.4744402360237499,0.11703499484069994,-0.7811893162939578,0.6641217614404709,0.08963042948651213,0.43800709599689946,-0.7218589007058474,0.429146238051975,0.14550813744718935,0.31566643396690847,0.14847548205133698,0.0802096250797093,0.4096937830139028,-0.2081644535092868,0.04090610793077301,-0.3128588974953704
2019-12-27,0.00021444341545686548,-0.14608048114335503,0.1411744990784677,-0.3518267863108111,-0.20278041687756876,0.053938696953549546,0.49381832561693034,0.46082041014086383,-1.0778458014033887,0.07384777515086188,-0.3580349160766178,-0.061196840118749166,0.14335862694414703,-0.3550910051971997,0.09103090712254816,0.16298184839957916,0.1875038854891062,0.7369895811436051,-0.23992337436232059,-0.16512836693965247,0.1397144679103329,0.11667894846780096,0.1784732589756643,-0.616431224310675
2019-12-30,-0.3464548010037325,0.1958957894107628,-0.1270596232791556,-0.04682826860200101,-0.18585983980058074,-0.7325564921941634,-0.4578256040297661,-0.6020604057673626,-1.1386108018540808,-0.9787600491023307,-0.6366664655148143,-0.3655597887309829,-0.6153141601991711,-0.035001329281798194,0.1958065492514494,-0.745565789571306,-0.34830257512536084,-2.06734186410952,-0.10020319816054053,-0.40055584707647673,-0.6447452914547431,-0.5348055129304786,-0.07763340964751987,-0.16565164824656162
2019-12-31,0.11892343388643738,0.005960791196426173,0.4524517154197838,0.03857783797174893,0.3353449333718392,0.10233210012707508,-0.14150442408837688,0.850118284390851,0.4273210672714002,-0.7848767126569868,-0.23115724869588888,0.35525691383212477,0.12277771915109295,0.06684841381470748,-0.23771996795045927,0.2561912384142888,0.25612458515886843,0.3749650399901081,0.16410522011973483,-0.06497196566406263,0.17943743816814658,-0.20997375482185468,0.017988737053281148,-0.014049028677204995
2020-01-02,1.0649370777010583,1.0502822079455205,1.057202143111796,3.576945493670712,0.2468141485475936,0.7918851923339825,0.37921290931404594,-0.20883035816552684,-0.6399064942559615,2.2748065869446172,0.7920546550719927,2.7027281159318384,0.47905235350669473,0.5525904469722855,-0.1594019811635056,1.2581165507669207,0.6421555908202963,-1.1522102514899284,0.7622834903505231,0.9222987784842862,1.7682208484818052,0.4451293092015608,0.5863271877479417,0.13755359089215163
2020-01-03,-0.8436715772331939,0.09772174895657776,-1.0874135359620667,-1.2952811887057554,-1.5122493890276616,-1.2111220334008481,-0.9267039260561821,0.06840750873286484,-0.5700650117643803,-0.18669992322218884,-0.763826286282708,-0.5274137259906951,-1.4024181225148151,-0.4700388595387046,-0.29233882611533196,-1.3006809208906414,0.39325938008429995,-0.5310303154337621,-0.8072723683436437,-0.8560371104434709,-1.927922868828389,-0.8669260211749608,-0.3836793214313917,0.43832847049789747
2020-01-06,-0.44211572157406337,-0.8852441214791433,-0.08173773541780564,0.6380082054374872,-1.0192963257309082,-0.18648823852921675,-0.616908370773887,-0.5993399157350838,-0.2764224865128852,-0.11981011245143128,-0.04265872540591779,-0.11230029469080509,-0.15071169030467244,0.38480692445617454,-0.28044114850632623,0.08161509070404127,0.6209122455970634,-0.7883011287414861,0.7384444185249219,-0.014507039237825085,-0.7069780184810723,-0.5458998286920045,-0.3642129876867087,0.8800728824756026
2020-01-07,0.4712141347582205,-0.6014540339386257,0.09585261121711776,0.226617202984897,-0.2363636332339286,0.39196890405600926,-0.44429130886549867,-0.6613660480714304,-0.043172938043593984,1.0282298259369078,0.3963666160045373,0.4413073678756464,-0.10668757860438051,-0.2688606890606077,0.2649665325747374,-0.2845723636495734,-0.4618338081052689,-0.03323754005812935,0.7718295118313789,0.38765963447879426,0.8344121140222827,0.12160739458776032,0.20953673797143324,-0.014049028677204995
2020-01-08,0.447892614744501,-0.5346143157214245,0.09566607036428028,0.3328284743155621,0.5461329546865696,-0.18594566815426808,0.36352453089270415,-0.09909955068655961,-0.3434982597775338,0.4348773600169444,-0.12957906615942455,0.3176593936025497,-0.15101686841157516,-0.6135543388811299,0.7888406398651161,0.6473570594123029,-0.5919083218292289,-0.005075671914953065,0.14146812991937674,-0.22097500919914673,0.3483710761434419,-0.5497106633755903,-0.02978904599844082,0.13360976517444667
2020-01-09,-0.136083207463951,-0.582965108228577,-0.08155119456496816,0.8729539269279789,1.0067568973027687,-0.23482283071933377,1.2371845224262192,2.124007325866988,0.07436578937284893,0.6817413923790345,-0.07993365076573208,0.8287183211013321,0.6090153646183668,0.08486751070999314,0.4540648476079109,0.9045819530285985,-0.007799039637388481,-0.005075671914953065,0.371445512282064,-0.389645438633754,0.3924083611469842,0.1228901384535667,-0.5599289140444786,-0.16170782252885665
2020-01-10,-0.8999731371510024,-0.7549928427431104,-0.4388156328113444,1.0263102703806963,-0.5844050117783585,-0.7471560709704417,-0.3159114943364923,0.8767508462187014,-0.22689889712633038,1.2100569133615977,0.8718607433320952,0.02364552566000701,1.3030551347490567,-0.19038858455461155,-0.2480804964530235,-0.08610491207129821,-0.5651262457739158,-0.11781472078762859,-0.17988479258967674,-0.46464193905598666,-0.40960097075047097,0.28959226735979043,-0.054570573652157006,0.28089769694912375
2020-01-13,0.8034942616085833,-0.07513284438590856,0.05186249974011167,-0.6234525141351317,0.7971073490765459,0.7843565661623462,0.09090882807818394,1.1781110478086576,0.5184203497168071,1.0934316743316723,1.2913645175545814,1.1785393166337128,0.2696560172888139,-0.2788579761312799,0.6965382758607468,0.5823574320604405,-0.041878935476227674,1.3622475183068348,0.5238692971395175,0.4412446832597091,1.0631207091808261,0.12097745787186724,0.834609402689679,0.7166947778831182
2020-01-14,0.12318416523281772,0.12753822517506372,-0.26246020193438624,-0.6248891312161989,-0.07286387432736435,-0.3813003590924365,-0.1418924631631158,-0.1476378596625143,0.744395523926953,-2.130070812776196,0.4451943045961261,-0.10935081714347808,0.6068996802025035,-0.1937058810559317,0.3439274079576783,-0.4995994785815885,-0.03340145057010775,0.2703290886082015,0.5540234121031943,-0.132383445756513,0.17985613497726713,0.4506551730813151,0.30064944273331545,0.1309836979689617
2020-01-15,-0.45239431877167136,-1.0625317725683059,-0.5828540566513566,-0.17931052400798303,-0.34434913763572716,-0.6529709392801452,-0.20067021933201604,-0.09515637126863684,0.16217692901278852,0.3862621157119422,-0.2231691045029627,-0.4063835245067797,2.8584734871168824,-0.8945548363276205,-0.3983817367101337,-0.39992307354040557,-0.08453277810394634,0.4603656391012992,-0.690488413551245,-0.5951149566707645,-1.8714076564745188,-0.5421406781228009,-0.4550093958393862,-2.531271697837945
2020-01-16,0.10785068095999376,0.503291576074474,0.14392811588731985,0.029578964041505437,-0.7625414681590524,0.0801140089765349,-0.05475208800936289,-0.0425236758560127,0.23797802065645401,0.3042755433332365,-0.25972318184455406,0.46556484610965854,-1.1388811378353592,0.03527587371241587,-0.43998296226102673,0.3797986871500425,-0.04201201012542393,-0.5805292630076273,0.6925378398536297,0.3918563602670598,0.28156175607421646,-0.2124629629133531,-0.2448788998573702,0.588333166956265
2020-01-17,-0.22209476446664064,0.818979913168881,-0.635504193217201,0.038147556061642156,0.050915578669731655,0.3488838683971705,-0.34870610619479897,0.115223203363113,-0.1314600114467992,0.3046122937814287,0.6396921724392983,-0.07423405231614053,-0.04045567536078145,0.48448637648897136,1.5047296831033368,1.1620603838389802,-0.19588121578803236,0.10493660816146272,-0.15528521102920484,-0.059503968614717684,-0.22203141227717138,-0.21309289962924613,1.1017651724734552,0.43358527093079907
2020-01-21,-0.3203302261476404,-2.149859899866609,-0.3645656539570823,-0.7213743700082538,-2.443308491001505,-0.4585736740412072,-0.47009551980833586,-0.2002705550751384,-1.1510044198170999,-0.8295615427342227,-1.7524499348695273,-1.0692000475270294,-0.21512659023717118,-0.7051691759898205,0.1489931288553242,-0.20329357215435498,-0.9324701038012785,-0.3080884167067119,-0.30879487137428524,1.2809137211298338,-0.3847994869049938,0.28832760498037047,-0.8984696709493518,-0.762085240417617
2020-01-22,-0.4054183863101976,0.4313361019249713,0.5632686593192463,-0.6724591093128215,-0.21454570648219803,-0.36292689215083207,-0.5047748428157276,0.949234094899917,0.5788633021360214,0.20844009890880202,-1.942405126643623,-0.11580333479549602,0.14447119148578969,-0.0010353892033076585,-0.014376507921402732,-0.0014054614003168187,-0.016860559151080444,0.5995026167587142,0.12897257937902534,-0.4811447213208473,0.04438333960887686,0.12034396614940093,0.39649439009891935,0.13634818699682985
2020-01-23,-0.371627329039103,1.0875520778113288,-0.6425734237017603,-0.17453108119223765,-0.18710770887425082,-0.06761606856184349,0.244749382406514,0.060872374735162355,-1.0977668023659362,-0.036275509202371194,0.5838901573633131,-0.6485109429816781,0.23590576639074048,0.25384496313264165,-0.30373581160764895,-0.6548775870444573,-0.034310015736052746,-0.33412787501774205,0.09929590161539364,0.8053558739624501,-0.8971408656346723,-0.5458998286920045,-0.2894503267063597,-0.014049028677204995
2020-01-24,0.19487747423841786,-0.4889583413331186,-0.0865584353401188,-1.2671537279150713,0.4175038898367088,-1.2914688958335137,0.03433286752847133,-0.19770564414385178,-0.004156791171561464,-0.19493970997528318,0.3101784169387349,-0.8476592949793851,-0.5635042600257638,-0.255915741539257,-0.4577687544584041,0.38802944886869456,-0.20058872617376758,0.10477790144366031,-0.5718919649037314,-0.1912244728673387,0.18097557544512388,-0.7215648564427443,-1.1169985106253384,0.34661982156894666
2020-01-27,-1.989916673184287,-1.0060866736174734,-0.7495330014053253,-1.1566770914768243,-1.1318596746753524,-1.0859412385712548,0.36141102424687277,-0.2500554718322799,-1.0002963898230741,-0.4125741925457648,-0.1429832033936936,-0.772548671249225,-1.204606130958361,-1.0453321025961568,2.7375147699312365,-1.2707355016013242,-0.9550357801464141,-1.2244199190534224,-0.4733945112988393,-0.9703019529945628,-2.4955355271466755,-1.4292710367603154,-2.1416189469024225,-0.9200289489557442
2020-01-28,0.9447152791462645,0.2193242775929494,0.3870476763802007,0.20899062604297008,-0.09466196601941088,0.08330521273982949,0.18142618318740558,0.5264341549970544,-0.692533234712574,1.0798542734787637,-0.23234250310883808,0.6626983600240431,0.34651273844448416,0.5448005641000945,0.310857122560811,-1.7487926070052728,-0.15149973139006093,-0.8219230568976589,0.46901367127090765,0.8193579395137827,1.7534319879072493,0.4781818486559713,0.46404349597888056,0.2895454039966946
2020-01-29,0.9344533992308819,-0.8120122409961005,-0.1350362663272641,-0.1413396225614427,0.06592855442015551,0.1598323173557458,-0.4105582639158696,-0.24876774244496766,-1.1025631885163234,-0.37212845954686335,0.8578450078022829,0.6125381005577223,0.3130594832063373,-0.24435723832557335,-0.17072831409583797,-0.3951072935343879,-0.16994204338097813,-0.5461088136887315,-0.21485895384089398,-0.5973887179557806,0.03678306710372602,0.6432738125490541,-0.6076868972172254,-0.014049028677204995
2020-01-30,-0.34365437945615385,0.13644616661942857,0.6193672161907919,-0.22760590876340586,-0.5308131939946539,-0.3517756400987212,-0.025491817542465926,-0.0425236758560127,-0.3242719440765854,0.08619204086808828,0.2527099136466779,-0.6778864110660023,0.16656691955146632,0.2236396460860783,-0.26789985428728813,-0.3365232025382079,-1.72822123658876,-0.6952370040060509,-0.5405477570896333,-0.28797821405723156,-1.4307598924847034,-2.1459568207464974,0.15216743932433865,-0.9297411529640845
2020-01-31,-2.3740707068153517,-0.7845297573625534,-1.0344369382946568,-0.695282567960944,-0.33389277008650725,-2.1044743877577607,-0.47404542187010223,-0.5614032402276211,-1.3045817741509256,-0.4802725625653442,-0.8471308207415206,-0.9202620409829636,-0.08180208220741739,-0.71901937562925,-0.5861718183184461,-0.11270715199195037,-1.5974729602448545,-1.2315050479142866,-0.7700511338095146,-1.287686993016144,-1.9483918043856598,-0.7686527858660581,-0.7505559521914348,-1.1013174399132237
2020-02-03,1.228133886515346,0.5349912504532743,-0.18509638736559897,2.184959357154297,0.22938838023894445,0.7698658703609963,-0.47869006692802546,-0.14686990131879954,0.551069198063071,0.7549888526422143,0.007756724607265067,1.0217865321288102,0.09382771505813417,0.17074414746060707,0.4968836149716968,0.8516359388193413,-0.8814829679931052,-0.0640886486870338,0.17146853266718354,0.019696843277432995,0.7896037858146596,0.4975470427117751,0.44826248560915344,-0.014049028677204995
2020-02-04,1.7786712724193101,0.07155731817078435,0.5333953761817788,0.2724235148436888,1.2703368062750449,0.4760417127364821,1.172768192232033,0.7869461805673433,0.03831040562466891,1.6013131025364573,0.861544105846845,1.5144957646704733,0.6063002140448625,0.32049402526933124,2.0531039933133655,1.2800305485125507,0.39993937402261076,0.46543230794170853,1.7992944646609832,1.1181168616982067,2.6671997686937257,0.8451241839492457,0.8575150122317619,1.0732193825588139
2020-02-05,1.0845347219062553,0.48314299397700616,0.5269137571872528,-0.18530752734037245,-0.010071728270043278,0.6275258417724728,0.6198521826889809,-0.3521637930361485,0.9770460376503293,-1.806657928815395,0.08041637484626099,-0.6053189739584856,2.7757223932077184,0.11153867271090744,-1.599454866615183,0.8528081111511248,1.246173600887848,-0.15171758262731488,-1.8838528991932257,0.40386210452932786,0.3252060137963786,1.513811735340877,0.5314902288148385,0.5980486629357751
2020-02-06,0.4560210564526677,-0.38397013849902445,0.4741546096084542,0.7338125928856335,0.5169835025258431,0.6218865977315595,-0.05462456655302316,-0.4580071896364405,-0.1432179320542716,-0.303669799151017,0.6562091812067665,1.0017933064599032,0.21294789998054825,0.3708565091129066,0.3684587336943798,-0.43537197489714013,-0.7718538222272218,0.46298939822487895,0.7187182497877269,1.1505086725140439,0.0353876654672377,2.1138413972152863,-0.10758520299960747,0.13794484171874558
2020-02-07,-0.7784977217824965,0.09301460762603939,-0.03942626966465397,-0.6773730045057027,-0.7978177017991366,-0.14680898577406737,-0.3178431682762113,-0.6187979328315146,-0.7332252321884924,-1.4061139514636223,0.14924610962838153,-0.8590256475075934,-1.4370656384832936,-0.09353178403938898,-0.8069762264081275,-0.6648005862421753,-0.3368936342449789,-1.0928725863903552,-1.1408265715051973,-0.857774446709701,-1.8353319843444673,-0.5348055129304786,-0.9359138790994238,-0.16604289907315556
2020-02-10,0.691149799067713,0.1793595989451799,0.146346895783917,0.04650094921641007,0.045952694070175513,0.5923616422734774,0.20854738099747014,0.32487312843502514,-0.8152026634920537,0.6252512060013851,-0.3137479323820623,1.4147988670584104,0.3462215453446655,-0.33666079356463624,-0.18402440153308178,0.058132606105865854,-0.38791125505991275,-0.4514889590487521,0.006665461663732664,-0.6150936013501426,0.7458918328262011,0.4433200078889929,-1.1810943907843336,-0.3192867309422319
2020-02-11,0.9297790880710085,0.17848887216028606,0.5596197074419436,0.8905737023155433,0.6011488730679526,0.5118756713046874,0.5541956698048836,0.11420152761423166,-0.004156791171561464,-0.40783472729062986,5.543393636159418,-0.2109755456252725,-0.5864533623427977,0.7757086565172322,0.6010436161359124,0.5766382028714119,0.5822364397633902,-0.06485366436222696,0.05911528874956316,0.4361364336189701,1.518259240120762,0.7574901055776013,0.8530557832219212,0.4431825439837725
2020-02-12,0.1655983647768666,-0.4706145219964389,-0.03871189648555185,1.034457783334609,0.21010548046860167,0.6080040438778697,0.3472301473862422,1.3490369010647802,0.6938158342266865,2.5123256499856876,0.6097879712900504,-0.3395610781717367,0.208307182066974,0.18065529011711767,0.15334357154352235,0.6997534323696075,0.632698142449065,1.1208474520016964,0.282933617717246,0.15161176117600958,0.8525527071075671,0.5864710377194088,0.5193142503246844,0.8895341387451943
2020-02-13,-0.08298692578926736,-0.6994135415266585,-0.2686338692721297,-0.6734842597596984,-0.11135735616454559,-0.1933970260668648,-0.774138703022885,-0.6568083726020223,-0.7595128598646357,0.8998797077572499,-0.4816980799927594,0.6370580008329808,-0.6391590636367743,-0.5313483150468629,1.3786244706027204,-0.3349143099773004,-0.7020064001609067,0.0829404238154365,-0.9327265815611467,-0.7654312749206823,-0.34152294299113445,-0.04574275252074292,-0.504686093058724,-0.31364879841067594
2020-02-14,-0.19969390586618282,-0.2623978270375947,-0.3168499404055845,-0.17699270350910046,-0.9543338767512707,-0.7484278137609104,-0.025491817542465926,-0.5076154829263465,-0.5235340050513272,0.7669574099230068,-1.0947248900487832,-0.004767147450043451,0.667396672346711,0.01743008853013367,-0.4825242692916193,-0.023459725072082577,-0.4931777320238348,-0.4464518713225275,-0.6402318468278484,-0.5584227599068609,-1.1410132595557358,-0.9974966285235144,-0.16508343335036968,0.1359536235164495
2020-02-18,-1.160682286272285,-0.9754157969645884,0.007057437899656059,-0.11223376491439356,-0.02863709185544467,0.6863258866134894,-0.08361349275456517,0.9859211945536978,-1.2958565144170924,-0.36740605176170255,-0.363682870483384,-0.25132255056718134,0.590852520860468,-0.149078130370007,-0.2381864240402806,0.12359867241997785,-0.27804833428164466,-0.3901680767449404,-1.7588467215419723,-0.4601198768540967,-2.0180355168859245,-1.1827292875673192,0.3904726630961613,-0.014049028677204995
2020-02-19,1.2201769724339417,0.5572004937558926,0.007057437899656059,0.4864099321885565,-0.32804201645294623,0.08163692451993204,0.23545224363754017,0.4142976985468301,-0.2872927029044921,0.6504589542826141,-0.23269001034849343,0.4102104257602158,0.00860190517863529,0.6044705443054649,0.4440230043175395,0.838479785929361,0.010575233932175484,-0.005075671914953065,0.2857171878661777,-0.9017699635964012,1.3678967990599677,-0.3760539594526527,0.07276983092149367,0.43358303223991285
2020-02-20,-0.658040581925037,-0.5916263798714753,1.1074211995696364,-0.9945276776564135,-0.48070072979374223,0.6292712219788639,-0.025491817542465926,0.26001656532659445,-0.24378121300760533,-0.05324378097674505,0.7749078969442558,-0.8157504201287472,-0.6613626113760833,-0.9050858584762347,-0.9589611670439735,-0.5789677623577275,-0.6016746990826407,-1.722051512651178,-0.31364156253280145,0.6974320648575267,-1.1927123146517526,-0.04574275252074292,-0.5342373341980559,-0.16286769453157024
2020-02-21,-1.2263835756864405,-0.32025154627458363,-0.21982285476285732,-0.8070607786363775,-0.46524588548349005,-0.6913731491262849,-0.3446318691016448,0.20836651234719525,-1.2651373560972123,-0.385063729209432,-0.37152865772745053,-0.5891737434863298,0.2953971333285372,-0.7043171158491515,-0.07397839740161079,-0.8215253059134469,-0.45588470668224956,-1.11430466088744,-0.6895130235888778,-0.06542568637607128,-0.9450977381778615,-0.713884701464039,-1.1726476456704904,-0.16326530620014112
2020-02-24,-2.597590374653455,-1.1368869996743682,-2.815301348086153,-1.2378262704134237,-0.9316921615536348,-2.5722546526565675,-1.9603018093149178,-1.0018438462380435,-3.5015543689581055,-3.210068358145687,-3.0735056283156994,-1.201470773836754,-2.6247437170014347,-1.895330567773354,-1.4527239823854174,-2.636635026847914,-1.96346161538976,-1.7705656669722918,-1.686165109488465,-2.6491513992501665,-1.5529361514791755,-1.0673282050507937,-2.4773021614314943,-1.5280850580391991
2020-02-25,-1.036363635252257,-0.580233062565935,-1.0271423938559079,-0.44343150792307556,-0.8874280732854807,-0.46354911947799404,0.035332257247487675,-1.0700496623292217,-0.03703787291912596,-2.4375313730979484,-0.627037468449588,0.30445707313745296,-0.7216269160851768,-0.5435014217385685,-1.1785715695832888,-1.5075595113825122,-1.4837069550188848,-0.35780508255056126,-0.343031556923364,-0.2958540782855853,-0.3288187357701907,-0.21832996727196669,-0.762207438423526,-0.786438787358917
2020-02-26,0.24074973821464488,-0.4404295013939136,-0.19284314003480996,-0.28314266780299224,-0.3240742661692276,1.2528491096636518,0.03525094794363024,-0.14628360016631634,0.48706347386143545,0.07046075963800068,-1.1572972542862938,0.8774125288675824,0.4556768597364027,-0.5761155692951619,0.4965356860525467,-0.4427353383017677,-0.1634153051300862,0.5392146214748137,0.24428183599602293,0.6187310765295029,1.1359493841845556,0.12684446223048082,-0.40646771439869206,-0.3259690225502906
2020-02-27,-1.6222836423524973,-0.34535018993052996,-1.4106650437531578,-1.1882821314688736,-0.4749260214611558,-1.0827923271320332,-1.1318971064820964,-2.0509544227966545,-0.5777039012108479,-1.9116089494105408,-0.6916997300354092,-2.8681261158006968,-1.7202112657905395,-1.032286366549678,-1.2564744974765896,-1.0372820926895197,-2.0220810247094594,-0.036978444618830035,-2.631258096224162,-2.2327815391549253,-1.849738147654294,-1.2682954706564615,-0.8225985185323341,-1.2790989533522532
2020-02-28,-0.14515626641826432,0.3073106994353523,-0.7529369093777103,0.027104763831427188,-0.17772847221798965,-0.676693335386303,-0.6840315132511133,-3.0805352724461463,0.8781303450137538,0.89922459845649,-0.3544748935518473,-0.43606604808010513,-1.4952077227962977,0.04365897495960806,-2.522174849678605,-0.6312272784992635,0.10311554311843435,-1.2940469417369986,1.06912792106581,-0.4167272619456713,0.5110600063046442,-0.2231856696728548,-0.32574257096923265,-1.8006924877497925
2020-03-02,1.8039997076737915,0.5515542574037615,-1.0467661302663638,0.2660960878868416,-0.2382507295834631,0.7681211707126457,0.7263214464343712,1.5794429409898887,0.1737584177402803,1.4404856487283209,1.5125758690533793,-1.1253212339385084,3.1146417390411223,0.8560412825815653,-0.054300526884280415,1.432481866850599,0.9028443746160723,0.9961968075933894,1.5827760781528442,1.1474713513206358,2.1097127017295705,0.8344485680970423,1.40841562147226,0.6421530299130473
2020-03-03,-0.5963030268742807,-1.176281355988701,-2.2422272818632805,-0.9338304434275182,-0.979036173408149,-0.9666986568961607,-0.6196166284964078,-0.8757197442669958,-1.2624643659532457,-1.0297380061806105,-1.8126174076013508,1.1407557982879957,0.34942547740833835,-0.7244726614229108,1.3655648265919031,-1.3564456443876243,-0.981373630668636,-1.0714919569930823,-0.8653046185773691,-1.0784081446318432,-1.1657384149869858,0.30147434739807416,-0.1599786179093441,-0.014049028677204995
2020-03-04,2.81939416920089,0.10776472996482452,0.4783242603771188,1.1526463969082936,-0.7984864580114317,1.0580178893898662,-1.1091854159981662,1.3940594127080184,2.261606410005922,1.5752119012123706,-1.3956408398965254,2.034021821547249,3.228013221356906,0.37406551658344195,1.9221417941498458,0.8953976528200499,1.50516371100155,5.093915838461332,1.273642874452035,0.514336387515627,2.127916186479907,1.316414787532566,1.027117136769464,1.11639237180513
2020-03-05,-2.2563909837878318,-1.4479149462481384,-1.849216243583701,-1.053714790056066,-1.602047537214759,-0.5171959840563325,-1.7701093908067236,-1.9284993113789202,-1.6288137959222504,-1.4869107978550598,-0.2858093023668387,0.45464754204179453,-1.8430437071432617,-1.3258041704492975,-0.37846329426461106,-2.1944000294363506,-1.7668406710148745,-1.4331803182672698,-1.1640459455275818,-1.626611617661588,-1.3934451999370736,-1.2353130778228283,-1.3493511623038505,-0.6572629665253036
2020-03-06,-0.07749651012619055,-1.4576072728433156,-0.9213502613948512,-1.5471296220865067,-0.1338823440504135,-1.886049628912687,-0.49817151991262215,-2.0512871649482416,-1.6134837778509137,-0.8176399320701498,-0.8368905990153782,-0.5907054947062591,-0.4414327506089183,-2.965505070782457,0.13658988501528432,0.08708367054065533,-2.1773076178986264,0.5457195870838318,-0.32019874094687584,-1.3116468750991226,-0.7240512208032712,-1.0915490190022745,-1.9020403623247095,-0.17599662403383096
2020-03-09,-4.318948125949596,-3.676847560905486,-4.757954494090717,-2.5688292606642156,-2.447560383409807,-4.955357209929483,-3.338501693702589,-4.285194324327388,-3.903335341327103,-4.703772542435624,-2.7311183708251363,-1.8358040581182258,-3.2379011407703997,-10.021827727885208,-3.1576729913329866,-5.280466593101695,-9.440039333153084,-2.7452050300332624,-4.035317684619037,-2.752084380389518,-3.4370135880359696,-1.4798994842232538,-5.648631514732707,-4.395021037587041
2020-03-10,2.781446401405884,1.8096163147141702,1.1134433672733128,1.928059456784931,1.6089884990933192,2.7706223411051027,1.8029975969481362,0.645408585668079,1.3576271535630409,3.6994911050058192,-0.264499769952477,0.38354708575813945,1.6198143465805261,2.6550920890853686,1.379558872843021,3.450041948791306,3.1911082815953757,2.0611932462204297,1.5440051477016332,2.6261589361410866,2.7465385965388163,1.0342246103754649,5.203222598987684,0.855040485561105
2020-03-11,-2.8468620293448694,-3.24856253998891,-2.163597757195608,-1.325306449553699,-2.583955915596692,-2.0055765138381645,-1.7808197201577678,-1.874334387906349,-0.9861013830447395,-3.0628737870078813,-2.704978938726265,-0.11351460517513902,-3.373415240828337,-4.2277263949592125,-1.3151292501351424,-2.8751786621152315,-3.465188687014157,-1.5325344550048445,-2.3220724559799035,-2.6776112373486427,-2.429158456453783,-2.420033731798126,-3.1828118902066453,-2.8431710049904817
2020-03-12,-4.5613308777186665,-5.663236414034492,-6.759092649892921,-3.5665268204788867,-4.3256343460912,-6.351832142481922,-6.049976627085814,-5.77705647590776,-6.317823697618302,-3.366680682686401,-3.6063550868040024,-3.27905948725586,-5.0953827719404465,-6.178159626950044,-3.6748193042003887,-6.429834650208143,-8.11980251118372,-4.688768093481238,-5.04644419451661,-7.137278237356492,-3.9793174123177737,-1.37921263114058,-5.421232919173181,-4.9341745634932135
2020-03-13,3.111938259590661,5.2862094376368916,3.253157714847246,0.5212419574594481,3.4277715587565547,1.6605786461128083,3.7107147613348928,2.252667270118343,4.55011050711077,2.2826659397325764,0.22327440576960142,2.810073005539523,3.7301258143832223,5.089608335113686,1.874692179025727,4.021766538739406,1.2657946732185468,0.6041339447305458,3.580529063364605,2.756692927095518,3.8472991563802448,1.2877271260990941,6.143507314725107,3.4369746252565294
2020-03-16,-5.575804704305804,-5.426978409722396,-10.392644391374597,-4.465651010109268,-5.512669750367574,-5.515489843428861,-4.480480922873527,-7.379575963404639,-6.823339683612432,-4.941045028804471,-1.4209837483644878,-4.827987287699181,-4.796065681573264,-6.101797508459288,-4.515852625422842,-6.495142784266631,-8.631262593757096,-5.973024491953582,-4.588069934867361,-5.452148450060852,-8.48092270126819,-2.159702512157336,-3.0507620553333306,-5.887758909819981
2020-03-17,1.8131138769282615,2.3703849489887214,0.30584131207121584,0.6448746093434607,4.356516376182231,3.3352188374324614,-1.3673540061328562,3.7074330091418837,-0.1956256093925185,1.703425991922818,-1.306155101648197,1.6539379254143418,2.9950202417057987,0.7600678228839827,1.9964382093346311,3.32837503142997,0.6689708869038978,1.1695387752455095,3.421682337441362,7.184856404526752,4.27978915670828,1.1198704653707627,1.0548737916098174,0.39694990113633344
2020-03-18,-9.316915919027764,-6.246398394736016,-3.943568206398285,-3.4338548800607303,-6.9286274323312265,-0.9879952991864746,-3.834652654850396,-3.947723791845234,-3.6219405014593473,-2.9769163497883038,-7.03342921587875,-3.5745536948036816,-3.1836674281151724,-6.092454469615905,-3.496101942413029,-3.706937102631456,-8.583587043009905,-5.078077173847826,-0.4467064357938717,-1.9185105254039183,-5.062312407499074,-1.805917448220198,-3.130578670752637,-3.171487408993845
2020-03-19,3.9792349970020413,1.2695013321476845,0.6559678610974214,2.773564494525381,-6.946585814449079,0.5536932972503887,-5.808886065506032,-1.7786066020063511,-3.1337991338787585,0.8435421649756205,0.7801081566504227,2.878646909001695,-1.0063725372347974,4.333365794255652,1.0963492024737316,-1.8289940662408344,5.317038333151421,-1.360498958391769,0.530439023156891,1.4281146026627387,-0.14055905519403206,0.35152755417137616,-0.9586038761269627,-1.3277562766910578
2020-03-20,0.4140185431708206,-2.838724373039884,0.8570407825631217,-0.426690925438499,-0.8894550908504981,-1.2880570044688076,0.029188034531592202,-1.585543401597343,2.319890914305246,-0.8793041154493028,2.6094110487902267,-0.8776997857012953,-2.826696408048454,-1.146250645460982,2.009782054815662,0.09165523750763559,2.122738347527577,-0.8571422091286651,-2.3295897438625897,-1.2150694300971878,0.74540049574235,-0.04574275252074292,-0.8976650647404449,1.9453175535338687
2020-03-23,3.6378570680192897,-3.4960260965663634,-1.820075691700051,1.1415506494315104,-9.771433709770124,-2.9316487686387562,-6.61731513226213,1.420314221294064,-3.356745964727817,0.3296156410972828,-2.2599032847009264,1.8187424805171417,1.1563158038260313,-2.2659236386403636,-0.26141948086901284,2.5407718326379234,3.3803732203413324,-3.5776593616167705,-0.2127725918452788,-3.740832515538519,0.8447653890615412,-0.04574275252074292,-1.8687527117713714,0.6243583826735792
2020-03-24,5.284189400487001,5.768851148408745,5.940200741215831,2.223866063780504,5.244281352358126,6.135855696811061,1.4728953265155005,4.727378455977786,6.608010103364321,2.402591576962333,2.461730302104687,3.135828136364259,0.12154904176292398,5.315773156234233,2.1269892047535017,4.575432569872649,9.002290456192382,4.8212937400387705,3.8834705497379844,3.614864733592406,4.212395729598522,1.3171616364865932,4.125031484287672,0.617283265581957
2020-03-25,0.29236835977850156,2.7518295310236756,4.441464506759616,0.20636918484067113,6.251584301299374,3.1732309937824916,4.848822521024107,3.185940335903078,3.7581892809049333,-0.5878325963332549,5.226948810666162,-2.0302841098102116,2.9728997769179437,1.779940689775717,2.4735922442033544,0.22930634764872687,3.3649935034246026,0.19481547017566828,0.5719527061553442,3.2529153234055252,0.08724519548018578,-0.2378823744612836,2.188723647954292,1.432397746577675
2020-03-26,2.446149031979581,0.6970572251664376,2.1834129600766903,1.9751494160734486,5.883811428840634,2.632364405663915,4.65764277016912,5.9765850202976925,3.4675878959520237,0.4636165355343461,0.5561786193829851,1.2272073741113285,4.2472525913577295,0.04550120486787604,0.477553216329372,4.880146124684393,0.854205781608517,0.9848934938923012,2.4639613069497672,3.190667092395335,0.9192977433825265,-0.23872646745495202,1.074672537404678,4.116994282740111
2020-03-27,-4.33926203941733,-3.096185715815549,-2.949599291231352,-1.6758519656094386,-2.639265549975432,-1.099668306195064,-1.327773668815291,-3.871980510775441,-0.004156791171561464,-1.3988638396608424,-1.9460315705327953,-2.1544950262946205,0.8045789035887013,-3.049892601242452,-2.4236024785729477,-2.7219258020296078,-4.956263029493171,-0.9152769170188353,-0.8932001490243164,0.5339728990675998,-3.467825056544974,-2.429909409483173,-1.8816683958349767,-0.5861549780346784
2020-03-30,2.8246283235056144,0.5020884887224875,-1.5074300953969495,0.5405756046103353,-0.8105230023647217,0.9392341943516976,-1.1063407626654267,-0.17696524940942507,0.39285563822249936,0.09516325928548465,-2.754020107956277,0.6823088335538084,3.673205314603681,0.15468687255553523,2.249065194325173,1.4207231962572475,2.7730975471438515,2.3421228084032317,0.6968613623964554,0.10346846144352298,1.0091624460838071,1.1624550805754048,0.7892263861482636,0.7474946198121617
2020-03-31,-1.226883798849091,-0.573563484789587,-1.0957123010920995,0.7402148655667863,-0.4639897515075447,-2.8009237717443987,0.440995660341878,-1.9583935339885872,-1.0888604612447665,1.0938488789161145,-2.0347798297323045,1.7274599872994916,-0.01955522374436141,1.4106559396498917,0.07844283472299314,-1.3365108957446261,2.1275398707940014,-0.08191338410433281,-0.9284775978265216,-3.415984770247931,-0.09561741855757479,-1.0502636658469975,0.9606494417137436,1.6630635884079503
2020-04-01,-2.459105420379899,-2.4165737315312525,-4.7171523387566445,-1.2489899047277415,-3.5708008739652737,-4.290727648768857,-4.243599853968583,-3.1158494589634405,-4.772293968183693,-3.207431554081122,-1.3657935075607,0.25719948261600734,-0.5124380130782901,-0.44680299951373365,-1.0578094126066364,-2.840839338149367,0.6001714050309751,-2.7556224930308986,-2.17195880531055,-2.1848231409603867,-1.5724084423501616,-0.24941967229063178,-0.543548948623202,-1.502366535960536
2020-04-02,-0.3928055824204678,0.12243900048253477,-0.4115915487781328,0.7778021566354997,2.2111819368653247,-0.6395265119613273,0.8178389308342485,0.9041747268058703,1.4499661190010062,1.1774671179610812,-0.36171878797145834,0.8942751369740634,-0.5053977121211898,1.9261758425342197,1.2009932712104674,-0.33354977516925677,4.929676709764283,3.471641271304224,1.8237799575969005,0.7206543382513351,1.8457979877394943,0.7633871315598239,-0.0059231574273440335,-0.014049028677204995
2020-04-03,-0.5816344537857036,-2.211798103880732,-1.2744175657902106,-0.9671467999449833,-4.569049138718881,-3.387577445850141,-3.7425726329878803,-2.627974687241253,-1.3320448746354896,-0.7025773153455247,-0.8111524467087958,-0.7756227189633864,0.5191711282057015,-0.23454851336508364,0.8890783295903263,0.09770003079382139,-3.6258131315436932,0.3359812107398405,-1.3495358688580066,-1.9358988576129192,-1.3125326252670049,-1.4716130113730412,-2.2945954151336223,-1.9308668506568514
2020-04-06,4.950029571359092,3.711228619531786,3.5413227830081033,2.2971105047126383,3.58076467967004,5.320498758734762,4.573603178124996,4.947216192473494,3.823851584737446,3.8158156980131297,4.481717542538004,1.4620041347449606,0.8156815666738726,1.7250393334556842,1.5087491078997584,3.8329578507557187,1.4854933121322587,3.7711405937864844,2.9686973347450243,4.897870794148688,3.280218279344507,3.1481479941476285,2.1274356187268464,2.651796189535221
2020-04-07,0.2072013429312916,1.3487613726345584,2.8971258598151644,-0.4452680947461753,0.06580201500335234,0.697066780723333,1.42379973042648,0.8506687477856238,0.5205136955315838,1.3098789533403503,0.6207640158411014,-1.3020592093902454,-2.278222076846227,0.7796242676356364,2.7519303856407498,-0.11762298152390532,-0.09346384785181054,0.030496545542806737,-0.23576770544896866,-0.354929352044331,-0.33995514972707624,0.14639686941979776,1.0278636562358172,0.5413120832426903
2020-04-08,1.0027913645050022,2.080560403783688,0.37786017604968997,-1.7870834817983725,2.593389510638826,1.3362344059526825,1.733907631673671,0.6351698661721946,-1.2366920554106668,1.1827850362921326,0.7155055250341287,-0.23895790439054906,1.130580708278364,2.0164495545895926,4.133798930541396,1.7056341293755162,1.0782041053998332,0.9126526007615663,1.1923667511998177,1.0280042740418462,0.5518918832825539,-0.2378823744612836,0.21927332008667522,0.7181049424932788
2020-04-09,-0.36373737371039633,-0.07154098178841416,2.7753249515104788,0.6837786355039757,2.607520346063617,0.6162293846880408,1.9578063241559378,0.22631410935767074,0.3706300250255901,-0.7595167478793564,-1.3055653922483361,0.20623124798490727,0.33810334612384374,-0.3604752352214568,-1.4982496759229775,3.296264118058969,-0.2104150779222528,-0.46225880972821665,-0.5054909367755984,-0.10873810325370852,-2.252108206937396,0.14639686941979776,0.21768771004993123,-0.5622740007170327
2020-04-13,-0.5321603060900674,0.08346256418126649,-1.3990290457674954,-0.2513912735243754,-1.551779023901558,-1.2802760868197591,-0.7094834071630935,-0.17678824399990115,0.38746337527568636,0.6015455639695266,-0.027367487143100826,1.2873881335748254,-1.2685030933240111,-0.04127029803729197,2.4689809455283354,0.46894882319646164,-0.7182853301637621,-0.8579785032267915,-1.3453088063041267,-1.4115053665953263,0.42113916640293,1.4619744463153002,0.25296868740645784,-1.1266161398124752
2020-04-14,2.5076242146313708,-2.6495779037464433,-0.2618846643515083,1.0267107961322282,1.7977537705936721,0.40743538265987345,0.6584997720781616,1.0887838374139902,0.5392592805412654,1.1882526031853062,1.1672015061906043,0.34589635232732563,0.9670445045703863,-0.12210087920860004,0.8598118331127702,0.4551590161262276,-0.4844547379593496,1.828392461546342,1.1096868043603578,2.142027233998679,2.04629002762422,1.2325000020019907,0.06764945485703235,1.0985180824580651
2020-04-15,-1.1496876639945346,-1.2734700467151814,-3.3615363463661168,-0.01602809734959721,-3.3594191108910616,-1.9588212964090272,-2.4164655854709314,-2.3279834533128385,-1.9112744730662925,1.6130489762635791,-1.5630430876375565,0.8692071223455626,0.022638068256851517,-1.497780088138777,-0.6280550228494807,-2.3910947994233798,-3.7221581082374575,-2.1973852532515394,0.4931239487757217,-1.0765124425150867,-1.1378323568317819,-0.5890325477532609,-1.2424756711835518,-0.5676145427103019
2020-04-16,1.622262709764294,-1.143348049915607,-0.28618409968004105,0.7691049421427549,-1.317289087947638,-1.2715598198064801,1.036654686867941,-0.8019490967106255,-1.5279424433436242,1.3907637348258868,-0.48914269526026294,1.3344725501979346,1.843896293421155,-0.7816950460422516,1.4910098719765787,0.3057248507417134,-2.634111808905862,0.9945330140963449,0.09074730180059988,-0.7729195857399647,2.9298465174520585,-0.04574275252074292,-0.5066719699895527,-0.19977362569465387
2020-04-17,0.4834689604021911,0.7178158868788636,2.3906572879429957,0.8423776136101867,3.167804283917004,5.04013816380612,3.616592945711097,2.406225521948475,2.09711664336336,-0.9471896949645392,0.7753314277018265,-1.5464070604305715,1.3715947418492105,1.329726973967138,0.24816267408492318,2.0681564127309864,4.242571628884907,1.222376370822209,1.7785273184902184,1.7532698952553498,1.29351998853847,0.31719215344405005,0.8746813463419737,-0.5748864573669312
2020-04-20,-0.7277528819761293,-1.617255264838309,-1.025171979207516,-0.11822266156910634,1.8761016898614677,-0.8978463486856915,-1.5222811057416337,-0.5105044161714448,-1.9613145600076398,0.20154119331764067,-1.5867312044070436,-0.017787673315071924,0.9883497058811351,-0.7657308631519961,-0.901676789693409,-0.442782413988057,-2.9067098467836683,-0.14413512218015484,-0.7869970033824921,-1.882425902283876,-1.213340910088553,-0.7746245063965783,-1.434833188718815,-1.3445759588602617
2020-04-21,-1.8350574468285288,-1.4087685097623583,-1.738513486713805,-1.2647390105849474,-3.341220867879756,-1.6835503852225584,-3.6961342094008844,-1.8151736310432716,-1.1683513802782302,-1.7707810563243507,-0.9774637819597672,-0.5437470705145827,-0.05026129845855211,-0.9660553457255168,0.7365659010773496,-3.3920928667800005,-0.8294089442632497,1.4058971650536256,-1.3132874792912177,-0.7023700729370534,-1.3676364854982836,0.1376148603415912,-0.8061156392423244,-1.3764010149392367
2020-04-22,2.2892217757760154,0.767803414169241,0.1059492533008583,0.13756259037438545,2.4512194327423353,0.2549686847042645,2.6343513414805093,1.9980071182353527,1.24221027219751,1.6435961976033167,1.4186336847824461,0.4470513870200745,0.4385568497452634,1.2639415083611822,2.0155932499847693,0.5597208443324789,2.8545417850208246,3.1145577301862937,0.4792811385712465,0.4693069704892581,1.62614709304714,0.8597565158732761,0.7151546974743015,0.9623772173160539
2020-04-23,-0.9806507910473676,-1.1433160930740474,1.1760582549552325,-0.7496569085700454,0.09632524372158859,1.9018111420099193,0.16883920375664038,1.53898815058961,-1.6938574152618069,-0.9116949107895256,2.19304291711135,-0.7025137580012296,-0.6373489520304709,-0.12917443339345594,-0.08520095428269156,-1.0486721886677175,0.42996617089064854,0.05963001437957659,-0.5777835641929021,0.136449600894427,-0.3876309999582686,2.054471315705012,-0.444621820389885,1.1359808652978536
2020-04-24,0.5998067427169287,-3.6960311354249114,0.294310363505483,0.44170554977111265,-1.299697561995077,0.7559974465608871,-1.6048916897484278,-0.23782747130226156,1.3767311810270015,-1.0020842241312342,0.5355675102800721,0.6556380884409138,0.8673286799422573,-2.9381779215371266,-0.9849591256051768,0.6904290306404809,-0.1850044613962589,-1.1144175083094587,0.7058463117799524,0.5424570504993748,0.03444876994593639,-0.21698377168151353,-0.7783342165195201,-1.1640789226522636
2020-04-27,-0.21071774870771431,1.2853921186711454,1.0439060275172727,-0.15093870655769756,0.8334199452024817,2.4657384873639026,2.4654339531867406,1.0555158048875517,5.255966937625626,1.0783228932201547,1.5785193425443391,1.1077765206975334,0.18203838730631836,1.5750634300730133,0.8142698041427328,0.1754664095869884,1.118072445608112,0.8125252697435079,0.3553802008384866,1.022361749119219,0.7569646955891961,0.6352897248087418,0.8467117841310929,0.9459154349672871
2020-04-28,0.03293446386707221,3.5777982746135213,3.059600154331363,-1.3833691123420595,0.2986950989881111,-0.6870674698730606,0.11672322521682718,-0.9452593611533282,-0.02282178631827569,0.501411950853888,-0.6402071363326215,-0.6895380756844582,-0.5738408166612305,2.4097702641698926,-1.3506369041585753,-0.01899321810409214,0.25177534462150375,0.027403190556547656,-0.4959011273184119,0.7890077488116749,-0.8466639933489533,-2.298690949364319,0.9022144880502068,-0.014049028677204995
2020-04-29,1.954219316974855,2.1939026315598213,5.291348567151989,1.0355943692979621,5.170660152789713,1.6139656993789677,3.9529866193537373,4.3349013963003635,1.6142797121204144,0.18564261688051362,3.1899212326214306,-0.03817936866770375,-1.5683920056368554,2.2879594335741955,0.0896141673054065,1.1709601810874655,2.7229663180214163,0.12468358094457901,1.3198999442031838,1.449506157419781,1.725648235456352,1.0083974210843176,2.4277335165770597,3.1338008003706253
2020-04-30,-2.5633420143396144,-2.943823672139784,-1.788052021636161,0.5059073411920765,-1.9763686736260682,0.4588431072451383,-1.6993569213044402,-1.6295333901564326,-1.3431600789989884,-1.1893848782589291,-1.567858370247445,-0.9911270335199854,0.248264411692528,-0.8856808016801841,-0.26428025211944917,-0.33371684727557605,-6.8847063730022375,-0.5584224108629496,-0.32368946641218416,-2.703913126231005,-1.4578590692162519,-0.7456935573195046,-1.8993214978496373,2.2808944799755397
2020-05-01,-1.6593778500243026,-1.8751597567554867,-1.2883455907011245,-1.9895800247168656,-1.6421858851745061,-3.1956944166471057,-1.859393080931209,-1.1045437264375164,-1.722823464344422,1.2813867693776229,-1.7195064396103619,-2.350549043823466,0.05878685273246063,-1.3642272930860886,-0.7076981573988625,-0.8365358176478875,-2.8626012678292567,-2.0995406278422615,-1.3162223272451208,-1.6174900406445827,-2.2299106751087856,-1.2980571279827489,-1.056267375859964,-1.7711188408549687
2020-05-04,0.6585856524817758,-0.19826782676065444,-1.0755731283900671,-0.5241948196954876,-1.892234505703067,-0.6763690936900629,-1.9394917446913196,-0.8681832978331329,-1.2083414037442268,0.06512987666009541,0.8147884306170431,0.47178278452523764,0.1476770007866027,-0.1246898635006277,1.2189265455659415,0.09623199390517918,2.2857268417089673,0.533519154117333,-0.7219116641197635,-0.2996180248455492,1.071885051339744,1.3825978265633105,-0.0059231574273440335,0.34173499094949344
2020-05-05,0.8256577168845726,-0.4061968661841931,0.25938451191316647,0.42754707029834305,0.042788757016275984,0.48228399674226335,-0.6163777735854358,-0.17061324164127334,0.152783669126675,0.7443807700165364,0.1965082137746111,1.0997896094982031,-0.526812846435906,0.772697901549175,-1.1526105370853614,-0.34426043919938626,0.4878173943977724,0.19571811477979037,1.1669120701089215,0.793111674521958,-0.5324743726996004,-0.22176895614278602,-0.685637639086273,-1.632869963340902
2020-05-06,0.540940836886857,-1.2615273524051653,-0.839949096444108,0.546815203637651,-0.06486401032053303,-0.052769922448694474,-0.323956938261729,-0.3640152079758775,-0.7737502514398394,6.3819447620280085,-0.6950948414863458,0.28169000311763254,-1.1969054295197257,-1.6565361443834343,0.8129947628587554,-1.844875215919795,-1.5536048578066206,-0.9815690351236596,0.41036710010939903,-0.27178996245887216,0.3897680302509509,-0.39993212132704176,-0.1274063994486046,-1.3057472432342425
2020-05-07,1.2102425784376611,-1.9888070822449342,1.6020654861660335,0.4541308595317907,-0.6197509170658434,-0.17167199592743473,0.32252208841052876,1.1064817699362326,0.8632995884191508,1.3333671676974563,1.0046975498799893,0.5699513551311342,0.2935735933168275,-0.0010353892033076585,-1.0638535024979014,1.09262394650539,0.7298288232972159,1.2048729301710808,0.2917477823264929,-0.06464262041491554,0.15254319683666429,1.1816656680158637,0.5968744052725676,-0.765534295143521
2020-05-08,0.7204184416841141,2.3677366006299296,1.2249995905718003,0.6459028637666915,0.3415636842385829,3.4274966593907688,0.8083344759983617,0.7731533696513667,0.3466011461007461,0.5298077583459859,0.9898094725579258,1.3507821132513902,0.41220927719400996,2.1713703544177667,2.0133585479093146,0.7898759717426157,2.082446473568278,0.09470090548665686,0.8723690309146074,0.9928433177562547,0.5530902793808558,0.2987645464567372,2.259347633469436,1.4791345892772942
2020-05-11,-0.05547786925796057,-1.4090439775655843,-1.7080835382917965,-0.0844544923970463,-2.907902082273093,0.03479007200062569,-3.407927791851911,-1.111539989229126,-0.885514919588504,-0.20217276851379468,-2.9698862297094193,-0.4428710956585028,1.1706047909533233,-1.2091767005172611,-0.826616388551689,-0.7959387874538634,-1.7282115171250345,-0.8414910287546916,0.3155307476419365,0.30664854684405096,-0.6000068876960579,-0.39025005149822306,-1.0990612552632357,-1.31843753682988
2020-05-12,-1.3092899657014905,-1.4707109361653476,-1.3481882037544486,-0.8402152754080219,2.547577060895625,-3.681058815012493,3.3083297349026086,0.9017555844614407,-1.7310017690871125,-0.9297585652168786,-0.3466835419306422,0.46071941564288293,-1.4724070065163188,-0.41606422210730093,-0.7655522166994462,-0.4781456633750007,-0.8477948373282647,1.162788908996685,-0.35817704514814697,-2.257534536704012,-1.4595439075658552,-0.7429356006290032,-0.5085086278803037,0.17414093886584828
2020-05-13,-0.4488063697767351,-0.5795580317137046,-1.6609949414055507,-0.8165420718454903,-3.3975756649978073,1.0135645430278237,-1.2586528223880726,-3.917135527937796,-0.45521731572759244,0.25613708366011545,-0.6789201317162067,1.0742895760934568,0.6696485109476378,-1.4618043580891584,-1.0326751637147351,-0.20146039791793158,-1.8534026648498054,-1.375337388866256,-2.3628358190530014,-1.6230856143814767,-0.2571665188995544,-0.04574275252074292,0.30430398479988674,-3.102243832996637
2020-05-14,1.301674762651687,1.9568166632981998,0.45245783022694175,0.22501314813337367,-0.6038918919077021,-1.1200131520651422,-0.2763463690266662,0.8195638752148688,-0.1278529650880798,0.3589317047665808,-0.8531768192537265,0.07331818662956428,0.9854456045357061,-0.3565317452664262,0.4972041895424136,-0.5317571292226799,-0.9046452739915666,-0.1742643835665438,0.6806458004906852,-0.56995160185202,1.2149577365427588,0.4781818486559713,0.2247692143378723,0.9691379861195215
2020-05-15,-1.689482545854608,-1.1279665810274266,-0.4383429544276296,1.5711306697915903,-1.741540433697306,0.8088643658907386,-1.3017461882276855,0.08895606524603365,0.3660525741495187,-0.14854631674097118,1.2151755744270945,0.21241246937408284,-0.41336790292922276,0.26602133694330904,-0.7728370753517121,0.024352382823819574,-0.06588852362098926,-0.1747105018153969,0.2356624144830325,-0.06619555903481004,-2.5747251114730214,-0.3943264439818794,0.10878068150003964,-0.20934050306042826
2020-05-18,1.9562519982974755,1.9116380698523343,3.937448904603815,2.983916407296565,0.09728467425205223,2.699623908903376,-1.4469320486332584,1.6397558197162638,1.9469944625749196,0.8452669703619364,1.784835856117098,0.7404465511776743,-0.16853775766416929,3.0924593938425717,-0.3922587283986644,2.2511984684141506,4.28565298849386,1.2394881305261554,-0.004092280427388292,1.6956977938368556,2.207019577065764,0.1288920859531183,2.6992903569953026,0.375856426825955
2020-05-19,0.16248202763224642,-1.2148244117317475,-1.31889051846092,0.7982866795180111,-1.0376214656591307,-0.47786216950994803,-1.7164635688832022,-1.1368586371555998,-1.061202731153852,0.46470489919998,0.48107248482869974,1.3628692906750968,0.6364132841585818,-0.4792347123187406,-0.7123412099870939,-0.14961947132221065,-1.017328042859407,-0.2052352562035483,-0.8998914003589057,-0.8550559238460157,-1.2103771029748673,-1.8240590797942349,0.2035852147783522,-0.7965341367195247
2020-05-20,2.9305232509489825,1.0080302524183034,1.3330053942602325,-0.44671317252851545,2.7919356048426804,1.168852291588048,1.5583366561605254,1.3062970894626886,0.7360127611558809,0.9346188453937013,1.059458289684441,-0.5796365111586556,0.3486266444730385,1.0632549418968695,3.2536578179426803,1.5661121422189042,1.9712621835162079,1.1863066201107741,0.0467865539532896,1.0342580775042531,1.056798006130639,0.3157046864712698,0.6825643632084631,0.7684360793651147
2020-05-21,-1.0569098983630274,2.337596137758209,-0.900036007845187,0.5561138065929819,-0.8717115623136055,-1.0700962027891796,-1.056683466801568,-0.4886087558773929,-0.9057673212254302,-0.6395135190357077,0.8718758942147535,1.1019317751772697,-0.08895797779221094,0.723542489611074,-1.2363825065063847,-1.2716203177575958,-1.5356950513267007,-0.1692033921343449,-0.4137341377941812,-1.2659967640495449,-1.2439388121469244,0.31276903328137146,-0.4862807084845175,1.329922003248787
2020-05-22,0.0024623023838586805,0.4131757616074418,-0.24374525250364873,-2.511248395680203,-0.7500295057952431,-0.33703933810467734,-1.2506260398059474,0.7200513854475704,-1.8554312535118624,1.1057898230981462,-1.2515090387966437,-3.050419972567675,-0.030758961745950594,-0.4563951845602512,0.8657781412563855,-0.08235015343038161,-0.30928469601166436,-1.0991759181268674,0.3651359167221871,-0.2868710457255419,-1.1128863896126764,-0.2246343002100601,-0.5288409755873603,-0.7781531823834908
2020-05-26,0.02217323801630224,2.2570923450187155,3.312117298280039,1.9074949285168998,1.260508395819002,6.515021216994097,0.758092419377672,0.08358300848911682,3.262673123424056,-0.35155623043645734,2.364903493063398,1.4270929389563973,-1.4435001047263236,2.0257696610410965,-0.5050627598651745,2.7693414843809143,0.6951522877857251,0.6271856178388424,-0.9450011221624287,4.2493930121172845,1.0682902907331422,0.13314879516857422,0.4477693748869233,-0.014049028677204995
2020-05-27,-0.2564473257460616,1.031918500358423,2.9274109230350813,-0.04789657115114243,4.467188108198323,1.5022112706250685,3.2340790065656644,1.694429929258729,1.2589971556990127,-0.6239518256183009,0.655696108348024,-0.9947489751751283,-0.6486197089464134,0.8034328847549239,-0.21402575155361084,0.7385485786729306,0.44316094246625,-0.23725947098422578,0.6123469828701874,1.6712178977994243,0.9383387714575931,-0.2246343002100601,1.5490223439935025,2.982676305184333
2020-05-28,0.16539039549493045,-1.2099242887952923,0.5104752291357231,-0.704210947965361,0.33683797657155157,0.7421702089372925,-0.1802626546814425,-1.0285923426844177,0.3212259690831482,0.2293993210214495,-1.0653269541362118,-1.191544664335239,2.0967498939157485,-0.770021187286687,0.6863577964746039,0.3042378055459507,-0.5647382449448449,0.028145068945518003,1.278000209693081,0.9322017772503006,-1.654530423541947,0.841530149458496,-0.8753686472295183,-1.11941000366596
2020-05-29,1.3743409696229254,-0.959942641708002,-1.7445567944013003,0.09015331309691903,0.9273264739661337,-2.068594049208901,1.0969470060825952,0.1902266274704857,-0.09964299147344798,1.0008577750697225,-0.5593548727226432,1.7154279081436135,0.9014622295556757,0.03439487685547165,2.0442848119928,2.1588786057230847,-1.0239469144991475,1.374656737762875,0.09329628943224755,-1.482651191425167,-0.005332170228750704,0.30423299566869594,1.4840719200804378,4.4564212901310025
2020-06-01,-0.4657649229478362,1.7252465310936806,2.3972172610383704,0.20956916849382276,0.8461606340545385,0.8339308901143161,1.0689100403777936,0.953214178110958,1.6515625306986395,-0.3669291976941662,0.7322445305003797,1.4466466901464738,-0.2698415710327955,0.6289404014095362,-0.993040907385711,0.17693912205228368,1.8934233116076182,2.66631331516685,0.5376740619128864,0.24911735734529042,0.7084288252984212,0.8172226655363293,0.2517685759735892,0.49955071480305246
2020-06-02,1.122082574778905,2.9759361324689064,-0.2755590903856672,0.052267389767834266,2.5935072373567367,0.26300338890226677,2.96526599571958,0.6930471543970541,2.667391994846161,0.6142719245348579,0.6250473458080745,1.0436848034854778,-0.5692544227412738,1.9021656335421169,-0.024567201219967718,0.9044461227896341,1.223892191912215,0.36739548923109805,0.9515646155401245,-0.007024151828119792,0.998536906246457,0.8006664693943107,1.3134343173737515,0.8318035484623116
2020-06-03,1.5980369584531504,2.156501714506878,2.2165944365989176,1.9036778326261177,1.7638061103438636,1.349991381852525,1.017433268304248,-0.7164258557451829,3.286423143841548,-0.30756572176600167,1.7226667878887312,0.5293550703501213,-0.46673399314445135,1.2279639530740425,-0.20823050441777693,1.4209954710982455,2.375122780459189,1.6742917596837787,-0.021905294975873818,1.364602590727692,1.0522699267046463,2.7162582534757,0.9336920191664937,-0.5200482882137885
2020-06-04,0.892823206710411,0.2455493471987609,-0.2628939315384648,-1.219738045295365,-0.8891443624789329,-0.16940189345129722,-2.1838168125520063,-0.0425236758560127,-2.6476357472685295,-0.6188563828462375,0.6418835323898161,-0.961081524142161,-0.40116559450897565,-0.15550619513885885,0.6963581945900271,0.3380511249687213,-0.11196534347720746,-1.2219336019724816,-0.5373932458898045,-0.3756302894622099,1.2050937146636267,-1.8130444731128976,0.7902712561778721,-0.8675020897603956
2020-06-05,0.5086851852053422,1.8640159519419568,2.4404872632150245,1.9144844722994994,2.592225826120406,2.598559357108369,2.0880029129619535,0.6313785040331575,2.506954529907325,1.0857245270389793,1.605667606781293,1.8966117929731583,0.10603112525955935,1.7096971242069996,0.05619089524025617,0.6528459449878001,3.0076916524201835,0.2707987409913033,0.8394157471630774,1.762632712684284,0.8751989403028885,1.8787666562274934,0.5711511763799576,0.32886660132381884
2020-06-08,-1.1507948124986636,2.193888191385085,0.7670517851770308,0.9122757299347226,-2.127140727728745,0.27241652802635924,-0.3858123678174094,1.0433770487129814,0.1447267185264164,-0.38128738678876295,0.10355126959842295,-1.5756953153045195,-0.20649786778361948,1.2214267316977467,-0.7548052223874865,0.3366327498200557,1.9776005025628098,0.8454771456214447,0.9169511162953504,0.5555209737955333,0.311305089073896,0.8859073156309286,0.644946764711694,2.3302298221627877
2020-06-09,-0.04274880877370459,-0.9975161647625597,-1.8535963463265301,-0.40818529214038185,-2.4344264624710905,-0.6967552408716134,-2.156871386262767,-1.4337609484911902,-0.2691215627368532,0.2685955040937356,-1.268116944765137,0.00023405015283107123,0.26199508830512164,-1.2234975101043621,2.3236754182863537,0.03933196841926993,-2.6576170813759674,-0.7639452051624696,-0.13819520102376037,-0.9143178673968061,0.9718038355858926,-1.609606610912566,-0.14627867674428963,-2.529529638858621
2020-06-10,-0.2504921838869489,-1.7865831110712787,-1.3257129504669005,0.340531344783111,-0.3387305444812319,0.32267265048574467,0.6342328443401384,-0.22650239288341897,-1.1794726331649452,0.7862816211234254,-0.6082979074237185,1.421390691492684,1.8105031554028868,-1.1901219136173977,-0.22989401017097133,-0.09079118897743405,-1.3764000387186415,-0.2805335480530132,1.5103086086964455,0.22745631617515233,0.8563200372267825,-0.2052326775463562,-0.5736681092893827,-0.7040519274787189
2020-06-11,-2.200686870604973,-2.957772791059746,-4.189371963054964,-1.7376876943263972,-3.8090719070212544,-5.395575251676211,-3.428140857402218,-2.8114216418511084,-4.821060744037783,-1.3543765032124087,-2.4813231492901893,-1.2093893742887074,-2.0961320921782174,-2.548747234279374,-1.9228666913650452,-3.282896029663554,-4.418461442792498,-3.9293057508184,-2.456085755461089,-4.0824646581021415,-2.5437684255045085,-2.679134438705651,-2.2923623029763447,-2.8608693443547435
2020-06-12,1.4104749532803054,1.7992296424714695,2.050704400251427,1.5600357947373007,2.0746331051308107,1.6164096241655845,1.6115756406123212,1.54712970711136,1.337662879000123,1.6503829234553027,2.5211045492060875,-0.22776771430269577,0.14479428060544136,1.2710007675918962,-0.1365839512286818,0.2832950913208808,1.8676412253155146,-0.33253361556007505,0.6618496929137687,2.0873560762614964,0.9021537772369657,0.2921590820053719,1.1431475473559458,0.5306967068555344
2020-06-15,0.9197125755327813,-1.2063814806863546,-0.13567481531106632,0.19240848429009857,-0.7550328146696045,-0.19909296143766525,-0.4659374504816755,0.6431610203886016,-1.8135429232944684,1.039965995191937,-0.7379984008665039,0.3176630995462159,0.7047765321570643,-0.32153422626045813,1.4439655231971669,0.11278851154277128,0.10230010456303057,-2.4830981940428454,1.0470442840699856,-0.2852322365191524,-0.040795619154487005,-0.04574275252074292,-0.06537086849041453,3.6597676406926922
2020-06-16,0.22861964894789039,0.8992175353504992,1.5511993018401105,1.9927033222646569,1.1819341393707044,2.458204596630146,0.21973792057502506,-0.6655353923349596,1.841511250730864,0.9586468639945408,-0.1401378567565462,-0.09089920132160789,-0.1270992271306437,0.5099484813988392,-0.7939097788322392,1.4260262511498918,0.6495906922380429,2.2756451664211683,-0.3416996049739948,1.324241531355878,-0.2797798492226822,-0.21437564349505256,0.14248544782981956,-0.18371563664004056
2020-06-17,1.3560424858908342,0.005960791196426173,-1.6086402836405536,-0.24112993811518796,-0.03796625542859337,-0.1923745975964548,0.07222483032817958,1.258026644433455,-1.1407759085743558,-0.5984098038591187,-0.12374337802401679,-0.5485306257166583,1.3224064998835785,-0.09611257434243099,0.3568136327158561,0.4339394143075922,-1.1296984454977723,-0.900740403217991,1.6157133099572252,-0.46499133610637383,0.731976414365802,-0.5555342106894525,0.23008826151021566,0.32478850550269717
2020-06-18,-0.5297105305789309,-0.7231073825858639,-0.4972119634219353,0.4694464083986742,1.2682894301218677,0.13089387834557256,1.2253206610051235,-0.7200622796665277,0.9508087054395554,-0.4199620179162523,0.3168795355690178,0.1472653847904536,-0.6658020070939861,-0.2562199823810649,-0.16455789326760947,0.2629631649175286,0.16153714199368316,0.12843519856771143,-0.07560630761239656,0.12095512881762532,-0.0904254541841982,-0.04574275252074292,-0.5693455381974877,-0.523073272497199
2020-06-19,0.18798176610362444,-0.32319310880897917,-1.2433071714092896,-0.11943675082666477,1.1275834347393212,-1.298213844094736,1.0520056158987743,-0.41551132329880386,0.5569587000325261,0.9820760439800039,1.118025149722339,0.33597467227771716,1.3625964725795137,-0.06521314138500293,-0.1247666062289458,0.8326258493417823,-0.5280873579645663,-0.2723704148018432,-0.47534630521624843,-0.842109755123186,-0.8999761688232395,-0.73475931759054,-0.7323070002744574,-0.6998952337701129
2020-06-22,0.4315994889741742,-0.24300356918509558,0.526402214721381,0.0037780540024230733,-0.0011739312774091324,0.5113102500819114,0.7087404721707886,-0.10492980390541287,-1.0773134647041291,1.1227685765925108,-1.3813114267275541,0.4344981141515694,0.3216869520409525,-0.25927144022263626,0.045865928911507085,1.7235300939679468,0.689723020452371,0.5615535141787352,0.4861404191225654,0.18378249356221293,0.6296701602379854,0.472032793388279,0.4500172286703948,-0.883138542915515
2020-06-23,0.25871956178545774,0.910043211823205,0.3009941794013627,0.08488374107906564,0.8256855993124368,0.1070125629183454,1.0088707295635497,1.6188537344979779,0.2707660687014078,-0.3036407123229394,0.6667493100791142,1.5216311902239796,-0.04045567536078145,1.3279737764057646,1.0782424063881817,0.02013714445714594,0.6372588018224071,-0.33775484579179815,-0.10501092070222322,0.5628346047298707,0.6899218909776711,0.12549826664002772,1.0037947104526155,-0.18946705714998366
2020-06-24,-0.7294811862074893,-2.5188579375658566,-1.941147704016455,-0.636547249701619,-1.6546352201316894,-1.7742673320138773,-3.2526577509319163,-2.2055878479352677,-0.8518956658115866,-0.9266828615373751,-0.8125739600369178,0.1769473743923638,-1.3596831476995996,-1.6891875544847514,-1.227548299846096,-2.3309543058549704,-2.550681172992635,-0.2390256841317899,-0.787412775103313,-0.8176191994455849,-0.23754039429166157,-0.21698377168151353,-1.1972308093480335,-0.8993674531359136
2020-06-25,0.6097640236780028,0.8686250002319686,1.1419810614923316,0.7735316039487381,1.84358128262615,-0.09668485574824262,1.0145978251251282,1.3266436981957157,-0.17163237803669862,0.6120957899216263,0.5529439127865033,-0.1658066190188348,0.6366547537730562,0.5842065419760242,0.07607125047293087,0.7925701552343748,1.1522134622381943,-0.20628746234857656,0.20712713660157345,-0.04423495950673812,0.39020661713649996,-0.04574275252074292,0.47601052151182616,1.2215709484472193
2020-06-26,-0.6933308556208464,-1.8317066329848322,-2.0583085139036235,-0.6246147928630089,-0.7147181464398629,-2.204355226107033,-1.595036825054735,1.4146131623897849,0.20046425109627233,0.017782110995175873,-5.018961868389569,0.14041207950216583,-1.1825754233148436,-1.2181027433981793,-1.048486970393715,-0.41222663936701853,-1.4697505579107135,-0.03866696504749879,-1.0432528798228127,-1.025590029303719,-0.7581364119652643,-0.39025005149822306,-1.1317626596754422,0.16030325188729241
2020-06-29,0.35425081787851254,1.1552677937118727,1.7727479257211964,-0.1639381471623712,0.6027381761601269,0.6720802006376951,0.3121744730187979,0.19675629977952835,-0.15289300863824767,0.23507558681083415,1.507895343772469,-0.5297737739487437,-0.49933522930192453,0.8272756602756302,0.838685057094244,0.7162642348409934,0.801131757241914,1.3118641721994915,-0.7851697754958014,0.42919238789288855,-0.0013940814378430493,0.47000556561750795,0.055972395251696436,-0.014049028677204995
2020-06-30,0.3733058403846229,-0.7855350149645789,0.3813085378107355,-0.4602685309005276,-0.23060415109964852,-0.046488140830624296,0.7838707174321046,0.49223473258770717,-0.49051929055528914,0.13410373854281932,0.03295428194590412,-0.33781520485189437,-0.11726488974544473,-0.03367738112717067,-0.03452418778095079,0.6725306610472623,-1.1360311717136917,1.3365019697954679,0.26022037863189335,-0.8125962928618894,0.3132895320154911,0.9680166165028141,0.30173651114553185,0.6780511424163209
2020-07-01,-0.1120282007389388,1.1433781168013681,-0.2920824641745934,0.2497299260026473,2.862944278553585,-0.4991314330068338,1.413004720798691,0.07563479649260031,1.1298416399594466,-0.36124041812779006,-0.09931468215587824,-0.19034549175827312,0.15139179344256432,0.5806957627614926,-0.7347981693909583,0.01602822883529939,0.12307737482693328,3.0588615382956474,0.8991182553509596,-0.9664752275454178,-0.011648812301735081,0.6173753834739297,-0.09790316622536083,-0.8805014803352283
2020-07-02,0.6850327291393221,-0.13212728081834044,1.336793243587904,0.8788299670419897,-0.23277807909567458,1.2242558384060458,0.11124156970863915,1.3566060119478318,0.6173957294769759,0.365474937868162,1.471417847124258,0.2521586135714057,0.6074588428413528,0.09472337193763664,0.5748588802306351,1.1816882840831893,0.19899074641176537,0.7913039969839274,-0.17352434508640535,1.390581446971196,1.675922821982432,0.9306025460931445,0.39074941500045873,1.7058564840640145
2020-07-06,1.5148356872468776,2.101882480026797,0.22465797535054288,3.0096463111294423,1.1655950864267586,0.8409042768620801,0.6966413971951837,1.0413265460319983,1.6591490066014845,0.22535560644681224,1.0202011469667573,0.7882488307818977,-0.4589394794987448,0.5976227722941378,-0.5831907528108062,1.9701230769640183,0.8313376940113151,0.9313807396896805,0.17130145046217496,0.341494646097164,2.952903988749475,1.0666523599147175,0.5650161479531169,-0.18371563664004056
2020-07-07,-0.48968503016259085,-1.320425671071289,-1.3157146390945693,-1.5599214680857605,-1.0581652726939115,-1.248976696087629,0.5084080535104202,0.687385203394602,-0.26887947202824647,0.35882403458904,-1.5929486227941478,0.34009083848272165,-0.866505103377639,-0.663492441477,-0.9102537523823714,-1.4909202627584945,-1.2430686815838838,-2.9518092747832396,-1.0880281061599022,-1.2901363542533624,-1.1235673199083323,-0.20295044067682408,-0.39544924526996084,0.32478850550269717
2020-07-08,1.1911208763334786,1.3323472534641414,0.8934916428072769,0.8729033573433878,0.7684439633480565,-0.7901367560171398,-0.11402028282280756,0.5126699333307739,-0.1636409964784982,0.2291352922514379,-0.11508195089291495,0.8626996257370224,0.7474147463732819,0.9404419006275,0.8201983822212682,1.1989235763900334,0.1845391059359961,0.6203680043502772,0.42475581636670295,0.257705751455415,1.637469619535013,-0.5207488546048135,0.856498485350725,-1.3816756325821462
2020-07-09,0.29094051184254716,-0.8169178559226622,-1.254297424869415,0.5778974751317558,-0.12824380928154244,-0.9349026614588825,-0.6952534034538865,-0.6535226839144656,-1.2978036407504814,0.04042652101386389,-0.7320095850239202,2.377243330562718,-0.298778097559148,-0.7198814517315223,-0.3939881554150024,2.322495037623227,-2.3005537360537853,-1.0088358730494877,1.2452955294795873,-1.025414518729237,1.854314758710244,-0.36528283828335834,-0.389616670887439,0.3309535879274789
2020-07-10,0.08509368347094222,0.5840624035455958,2.987304813441829,-0.05658574451434325,-0.21895922312213487,0.707094980488751,-0.1155714747976152,0.8440710626663802,-0.9217426150095801,0.5958394890386899,0.051781945339303005,0.058592976739121096,-0.20366806346982277,0.5321185479510682,0.44990027334790594,0.3094579972425246,1.4686527279622985,-0.06834162186016667,1.6941576718445601,0.6968465379339274,-0.8658582255380434,-0.04574275252074292,0.4656579384582983,0.8394040324059856
2020-07-13,-0.9499999712423572,-0.7391481616031444,-0.7006488260137417,-1.3759778642893354,-1.6126532173588037,1.438836685091972,-1.3528850455087875,0.39566067465165816,1.4563519686037585,-1.960319225554453,0.31380533230788404,-0.6526272493478814,-0.319833261598399,-0.5658766103195445,-0.6550940791043806,-1.0503030235408288,0.31076887615201904,-0.25880914085404844,0.24522950982528172,0.02472446458840536,0.9932205537636792,0.5910306463565871,-0.03519099532753542,0.4919502308593785
2020-07-14,0.962419716470282,0.8328512828930249,0.5036966528819756,-0.7378103155858192,-0.8840159686778154,0.3468664384429974,-0.5397031512075346,0.6085088000155666,0.17556100688748874,-0.3886246758773483,-1.0679144440045223,-0.11714137215840138,0.2869732084439878,1.0561651491488513,1.6438431339273176,1.1559719332736478,1.673034015680598,0.40672452121800534,0.059856876379912605,0.8396505768829924,1.5336144486785885,1.681198558590654,2.3082496783965594,1.6408548164842804
2020-07-15,-2.7488069970539524,0.08755375368846059,0.7065478605960195,-0.1366133162129984,0.4688878813438925,1.4278142489303016,0.3024380418542115,6.668293904898018,0.6909359496705785,-0.08288271425003546,2.11964297212066,-0.3589574818503222,1.0073191890566664,0.39251210139634957,0.6666160176984014,1.071259970123959,0.6985117439859809,0.21553227510670062,1.5565461352270908,0.5335774888711158,-0.8141722475381555,-0.6894997735447217,-0.16962537691177723,5.574309419619263
2020-07-16,1.1975397045971674,-0.15741371019263983,-1.2605027853160513,-0.5174165914278079,-0.3556762726806366,-0.14711081013659608,-0.6364514848207399,1.4721647771909312,0.34874515269967943,-0.6041514373261768,0.8450049174755442,-1.9407887286331407,-0.9251592527406367,-0.4862129545877732,1.0984055898709753,-0.6051652629973245,-0.7421976090090573,-0.1310420598753758,-0.07409897784951744,-0.5476297901245821,0.384266662799201,0.5980142685032358,-0.7252398192846015,-0.6085703698994814
2020-07-17,-0.26000861588589363,-0.07603233600840646,-0.859647141954935,-0.2105252306782243,0.9212957009312206,-0.5338820942841246,0.6321067572826691,0.14402213804309075,-0.6767160304294745,0.2562715876454912,-0.19736593337511818,0.593265530854803,1.38977993398409,-0.15445848757844222,0.13160906262927663,0.43783497539408,-0.8598433472212007,0.08941896553939405,-0.5502832317336371,0.32879821323547254,-0.2197682504113895,-0.3664414037839354,0.07791823163972353,-0.014049028677204995
2020-07-20,0.9358841720705426,0.6563705986849875,0.3703442265181801,0.5149006803298962,4.660201384781041,-0.019332246456484903,2.77367501369958,1.382896023355323,1.7819468007215948,2.120234689712354,-0.3404533054078621,1.1191708369887456,1.1561544093950982,0.1217702558685678,0.005065933670282788,1.3352713234933964,-0.7665228403551673,0.1835059747510683,1.382533461765644,0.11067972482875602,0.3487280806999456,0.5933390410059359,0.3548277212840447,2.0401522510560848
2020-07-21,-1.0145210908178715,1.3479650371988325,0.3672624333053086,0.28245400357048667,0.5338294549489976,-0.904177945647188,2.4405052622503427,-0.45269983699958605,0.6799591625137514,-0.2533498498642235,1.5685236232563617,0.0419303251504543,-0.16000507354850302,1.0798110651893122,-0.42400866658812947,1.0236573070705868,1.5532645950477442,-0.3512343534927499,-0.6436907189849357,-0.6539094668475428,0.6999470938317236,1.6654451462457567,0.0492199879767477,-0.44803748690408307
2020-07-22,1.0456352596905405,0.5434795876485317,0.3641960327647849,-0.7925314021969775,-2.1096495234093693,0.26796242747184545,-0.8602590426279807,-0.9182617142984058,-1.137795932187151,-0.028768410126530575,-0.9628401762648757,-0.6079931906096946,0.12502609392395078,0.3498515943025614,0.16155645028343868,0.7161198372974691,-1.0291505000271326,-0.25804738900792545,-0.026223492961753095,-0.03196636609082647,0.5274372079611163,1.3065484045101434,0.3228856119580811,-0.1594429011956399
2020-07-23,-1.1015092340056307,-1.1564736578418062,-0.5658348067297059,-0.5371477534430533,-0.005149834444428286,-0.22875750793193392,-0.23668471512732173,-0.3218970676202054,-1.5191830607554806,-1.374720281262479,0.40966769917594015,-0.8702637643854929,-1.989308765572239,-0.7533491297391611,-0.28830255313865855,-1.2237685431850855,-0.5532625617077807,-1.870308471412525,-0.6914559418161368,-0.27592230223387015,-1.0112738789468654,5.377643757587578,-0.8064938514800024,-0.3059777461891298
2020-07-24,-2.194245647144609,0.005960791196426173,-0.646884466412557,-0.68871550703977,0.07125926473148586,-0.3874039084888094,-0.32289316838795507,0.376015379611567,-0.3988809761954492,0.19732742457414154,-1.1414021748845382,-0.6586006363547099,-0.27767562915925087,0.11930947962121602,0.024843281530722176,-1.03493981531276,-0.15433450857754863,-0.5954437644813072,-0.025909271354061857,-0.43398126912573265,5.090673863595876,-0.44005573619353944,-0.08991326557411392,1.0011962980683733
2020-07-27,1.775510102893431,1.772427861490831,-0.5086712586074894,-1.071785788626054,-1.9249647121865703,1.025987994494094,-1.8980168596322429,1.5114820407499028,0.6935523019868657,2.7912112738123955,-0.21961560095313737,0.27464254291958484,1.1274415551379562,0.8848655669707747,-0.8640151608602598,2.3506700273291536,0.2482645331912449,1.1054138384129761,1.3553528713206604,1.4465872169649008,6.573061405036806,6.448936811232791,1.7656037360119259,0.12952222816537526
2020-07-28,-0.7489780274102866,0.22974129742648974,0.5227861344068016,-0.0549126090294352,-0.0944641436955913,-0.8025926439184016,-1.3351105512828805,-0.44978085657934874,0.12009031102773894,-1.0954170859796015,-0.2212253539699376,-0.1819031876452164,-0.1618933306062779,-0.46990006755835295,0.8058389268614876,-1.719694191542034,-0.5427921412663956,0.35002424801943144,-0.6682223833628258,-1.3407659371841116,-4.464178411564195,-2.505943185995974,-0.45973391609236364,0.6984039647668744
2020-07-29,-1.5944597521393045,0.5224175573328608,-1.8645312621888588,1.4057987238284548,0.19892447123306523,-0.01974691173805981,-0.025491817542465926,1.1706303284906319,1.3261703774392237,1.5508090746432353,0.049445331274205445,0.1461002950426859,-0.37794281082768505,0.3805361549181786,3.898757133700726,1.6035600857773755,0.4821853316534769,0.6354319728853505,0.4401953879624966,-0.9550582089930113,3.9535073636163798,0.4335763571343928,0.9213791237740209,2.0713286965138855
2020-07-30,-0.3065253137759918,-0.6595103445544198,-1.7913713415477441,-0.6080098762232276,-1.3825327002016978,-1.2929242114134019,-0.9988753152726657,0.40032394080380873,-0.8053031173231462,0.6267745579818379,-0.29535863207136287,-0.14236786929009293,0.19410247300992406,-0.560549792692463,1.157509427372076,-1.7142396191065443,-2.4874820986875417,1.8161614466116431,0.06080672287044144,-1.0047319281096925,-1.9374711624908907,-0.284749146813729,-0.6388383034812908,1.3349402727819404
2020-07-31,-1.2766612564650555,-2.4719430626558805,-0.3136935003630326,0.4752135852581273,-0.9452078675270766,-2.6139146050809767,0.16159411095207754,-0.48537129251583416,-0.9427044981524303,0.5039369592676174,-0.5018322850655207,0.5855413805664752,-1.787635206793525,-1.2493896414911354,0.7645487456458492,-0.3837570408167528,-1.701490258478967,0.24201685503435086,-0.43098532875386614,-2.0606390485965256,-0.7899414872986172,0.19326364177224312,-0.5703344485799454,0.6486455857842659
2020-08-03,1.686124204057887,-0.5610922966643006,1.1191783855715405,0.38691185173544584,-1.2115156413724641,2.0082969474305368,-0.4475604415387689,0.2678386385072894,0.5998660468972692,1.452368793820711,-1.4320180828300981,0.8604601303366626,0.0461390348120225,-0.8879766248398718,-0.615270429636515,1.0991187008092018,0.8175391956680603,0.0873478261985418,2.1394937236148244,1.024387582530363,-0.018334690273467954,5.8573938111149415,-0.6082363545178858,-0.8102093609015708
2020-08-04,0.4369038269269168,-0.7964277752700113,0.629630226790468,1.983142182440467,0.6171187692164116,2.3435571407219067,0.34987438772908935,-1.2942196248866735,0.4180398742550957,-0.0059749307828674755,-0.18090859956804461,0.8584995478317933,-0.804699499356533,0.09539984824461518,1.1285813325252423,-0.7378946210524729,1.7075966788783767,1.0932903305164665,1.2919954367608497,1.2482861690515243,0.8070729899250905,-0.7815754104203677,0.18696446285045124,0.2525769194112986
2020-08-05,-0.2933699570890494,0.339157163846256,0.9240097006833095,-0.2558125252928778,0.08029669374865114,-0.9133670099573848,0.48544480376304566,0.0026559286148913203,0.5535374201396825,1.4937967004497577,0.2297515223725759,0.046990457750665696,0.4056785316470601,1.5877730261116594,-0.10143179016235249,0.5067527305009293,0.2715787901055111,1.4891672193727405,-1.4119771793112308,1.190134494399715,0.9303549912890152,1.1051195595360692,0.727252544718379,-0.2806749767657086
2020-08-06,0.041003876402115925,0.005960791196426173,-0.29638667273606867,-0.08206613869255173,-0.1562292046058379,-0.9797030347117365,0.5707608851275618,0.7646434078915533,0.9406747447207376,-0.20697382766200612,-0.7142791057068024,0.05909407103122513,-1.4082002864523813,-0.1223305533338104,-0.1364935806890944,0.1098531827679814,-0.4304762519321135,-1.985105315708625,-0.5622607489059009,2.167070629998531,-0.8230520760565544,3.236896571956751,-0.6293968380226727,0.38541969267562637
2020-08-07,-0.47172909056383633,-0.6637136908520238,0.007057437899656059,-0.18125666177053354,0.22187149724055988,-1.5414418799479457,-0.025491817542465926,-1.075941855871863,-0.2772569215668371,-0.8180098989025506,-0.4876494693842817,-1.3318493393709416,0.8908841727274581,-0.8343112789320619,-0.3648302453341933,-0.326398193646763,-0.6611697985434943,3.260973690958466,-0.34266719594654776,0.9633278328502911,-0.40054774244133123,-3.2252354168284545,-1.0354779997072456,-1.0856014081994123
2020-08-10,-0.14162304516695048,0.09039463716379365,0.31050154853538076,0.022958506536170886,-0.4994529492100729,0.5809201760274626,1.4966206047075177,-0.08788771248156581,1.9607567022749561,-2.201116362309141,1.3815203952342938,-0.904947633737199,-0.05990761714303033,0.6492766340904901,1.3052952312098198,-0.6038590986639977,0.9820294241583647,2.18372273496459,-0.04032482143197423,0.34351038371573483,-0.17209590381322243,-0.04574275252074292,0.5547599468913015,0.2557360228759718
2020-08-11,-0.602412717437996,-0.07847305477094131,1.2728874859458208,-0.14351354764116248,1.0212123251295924,1.9133457381035404,0.7594276245746752,0.13870155193621383,1.889584293828476,-0.829342584905495,-0.2183068821503111,-0.20134605716402765,0.5119663537912044,-0.15445709065001312,-0.9137822777947429,-0.20748756551109288,0.6338800995985974,-1.0472717441516832,-0.5300194922184074,1.871577341205798,-1.422738572841392,-0.9828854001098182,-0.5383418724241885,0.2544634469207882
2020-08-12,1.7293847310591153,-0.5910531074003528,-0.06636671626920664,0.4852607050453695,0.09009752092927541,0.8486752634339356,-0.15533361543575533,0.5424878924757931,2.448966501356522,0.3310371046506362,-0.47616838699710895,1.6620519015170616,1.7667145063251743,0.029716776854641743,-0.3292678539589587,1.2997896656286225,1.5801493945578584,2.034776939292465,0.8756729644334587,1.5443656307115434,0.965718901478655,-0.8958201135183297,0.3872568807225615,-0.5523465558283807
2020-08-13,-0.06036424071709715,0.09189282606415612,-0.8840718219937455,-0.4873290780778615,-0.03796625542859337,-0.8356519318522571,-0.1557280328885728,0.04694105634955002,0.29831574581063863,1.3893415089808099,0.38852021112722795,-0.8510714387496118,-0.25647171671478075,-0.3101608949409694,-0.1901283006782379,-0.6862761670906921,-1.3727391964807159,-0.060088952513693776,1.1923604403237775,-0.48940509403011206,-0.8304531690704694,-1.57399136987721,-0.0897645464944116,1.0575033508450025
2020-08-14,-0.530981951171314,-0.6002002938543655,0.23162170404456525,-2.59104962034542,-0.5989967505280188,-0.41855180016747084,-1.4392789080650397,-0.3113543618585294,-1.271017519296826,-0.06491334348551869,-0.6167765810630832,-0.3358619689509061,-0.5851746181527483,-0.2509138584902898,0.06478908732171575,-0.30940109306929425,-0.8933514916014391,-1.6499963050742468,0.11211004212954416,-0.8555302554117532,0.017487338413821708,-0.15695738258774475,0.1336898306980489,-1.0856014081994123
2020-08-17,0.9072333842884263,-1.421670714345245,-0.29261802608208315,2.3894951806321685,-0.9859626754874237,0.8276274219042089,0.6871005431968532,0.6272182282045435,0.3653408576537236,0.9756475239716372,-0.004810118872211031,1.0723982166049466,0.9935125245094868,-0.5078240861969836,0.27486421525605553,0.13021495674124733,-0.2739577462301632,0.19235927046604942,0.2761643802525269,0.7401028938626307,1.1892337342729453,0.9452297720865402,0.07754392036126645,1.3222624675960752
2020-08-18,-0.2198570797814708,0.6379518856777899,0.30673290188139524,0.09398999840501991,1.9573039801253074,-0.4425377680501234,1.2801735704559107,0.44369360616012543,-2.3254221586663584,0.5151131180572488,-0.3661805377951355,0.3949514102900482,-0.40846309679959597,0.6621979685548333,-0.18072202012036767,0.47570163569463425,-0.6514397430546504,-1.2853383762505912,-0.35137656233830267,0.2936058754657221,-0.6049370814091957,-0.5935263763744405,0.6540156580003431,-0.14627466103921116
2020-08-19,-0.3485959194273295,-0.3537230600776386,0.1560983658446863,-0.4786379759696904,-0.4777214989086607,-0.12613564802543,-0.7605825836156591,-0.8403023548895304,-0.6821153871933785,0.06682650269488785,-0.5348983432624298,-0.3780046336530825,0.11077788937235382,-0.4413711680477301,-1.1935130852476339,-0.1973778355914868,-0.19668053210795347,-0.1201417301491141,-1.2621448876369747,-0.5314370389656831,-0.6741025206695896,-1.6167720526321927,-0.7772061416306278,-0.41258551665620247
2020-08-20,-0.414362176002039,-0.5408617921141802,-0.3665477561902876,0.2538089191632955,0.5743991056866982,-1.3344035310080227,-0.025491817542465926,0.0466616849640244,-1.9067472706274622,0.1265575077252887,0.28182771009260527,0.25580609444829794,-0.17276616718664634,-0.4486771053192633,0.03042951154098975,0.6125378120312643,-0.49601502451905677,-0.8749767842677405,-1.1641450292775648,-0.6816004160367765,-1.3009006554339442,-2.3918510847705283,0.16094256935079304,-0.41541571607804867
2020-08-21,-0.06042280392421818,-0.08603432985233346,-0.0680537599371697,-0.33103350346246146,0.7378118068892868,-0.23770051463559305,0.49466878899795264,-1.0313963494207574,-0.3252686171006463,-0.5205436982593418,-0.9154156145781568,0.4265300551683991,-0.2014978350567262,-0.4234475478655463,0.3338017722998236,-1.031838907662427,-0.821284660454089,1.5236451233564512,-0.493674891780918,-0.17876065322625206,1.0375919595612324,0.07458302519832317,-0.849227507003743,-0.2831759655408916
2020-08-24,0.7069798264380969,0.7350464760479928,0.9732978956298876,0.14389415546637774,1.4262933910255158,0.6557904266982536,0.8702091205561799,0.8125086936555997,0.7364885767075616,0.2453263515362101,1.887227214738729,0.5992730522195361,-0.3828350985839633,0.646120906661171,0.03898169293524821,1.3352743115675696,1.4999527639680912,1.431523668882024,0.6252264508475502,0.52031272507431,0.3359296766860471,1.3730248261629432,0.6146921364873954,0.6564445955873252
2020-08-25,0.3100034675018073,0.4538020641769063,-0.28789865456045133,0.9107022834709079,0.37956718352965096,0.8094588642226712,1.2231280805790699,0.046736360748031155,1.0056087540997256,0.3045414132331831,2.139010809753407,1.6282423157190213,0.434564894131018,0.12655577382619826,-0.2013951636161675,0.6100563152872356,-0.7767898413353289,1.779305293550305,-0.3186368977997358,-0.008182425814747759,0.7381007132158852,-0.7494226870742673,-0.23018954552214285,-0.5498133530562991
2020-08-26,0.5915606221218335,-1.2631960615516054,0.5949338249869768,0.5626838811040141,-0.44447149542574743,0.6684336083648252,-0.6453549706417253,0.268805143086222,-0.88037512427536,-0.2831512551624021,0.3224679851637604,0.06336768570429421,0.2522886076141289,-1.2049148871257749,-0.05006299693026861,1.038353685482838,-0.04944966285260681,-0.0863170234854609,1.0967311659551788,0.032753868181575774,1.116429944585907,0.3075027058923304,-0.4878488260736673,-0.014049028677204995
2020-08-27,-1.2913900688421591,0.7370083904717769,0.007057437899656059,-0.06526685087481321,-0.38087613071654225,-0.9487177327012004,0.5943713355567934,-0.48780740920986737,-0.4730702205052436,-0.47698532310018193,0.03132741472479775,-0.20319545430734484,-0.5227689525632284,0.19787305847084402,-0.1484483535407848,-0.9764360774001215,-0.4182966119397465,-0.5494187840248783,-0.5105953030414164,-0.807009649932307,-0.8495482318022503,-1.3550489796185161,-0.3505967000765826,0.38824957793899423
2020-08-28,0.36424516485942887,1.8531580231498275,1.2296910803066818,0.5497249632064451,1.7952697609678352,0.9353845953324414,2.214156862581811,0.09143123855560727,1.8792095667685556,-0.7237799928603875,1.2323297660393373,-0.6383053234887573,-0.4500095055316548,1.0357426770430922,-0.3015280053873444,0.3018142523714173,0.6857696566866027,-0.36146346346854097,-0.7333463846226317,0.18651596096975098,-0.17132462988190889,-0.2880245512450147,1.04494244196302,0.6501788094266991
2020-08-31,-0.7363478208997373,-1.6609159822964388,-0.9246968835741212,-1.3929747827667747,-1.6607774123386139,-0.33701035407665136,-2.019628715043657,-0.9868160819716746,-2.1066559539561602,-0.3609115820924805,0.28781482111226264,-1.389873296612902,0.15989347176277174,-1.070860274530453,-1.114313757513413,-0.5026934375920359,-0.8531235372590842,0.5968573742693256,-0.5541169779877149,-0.9079184788559781,-0.8905821435387025,-1.1528278731975916,-0.8552689971764588,-0.14627466103921116
2020-09-01,1.5712299566150791,1.3286646109306852,-1.618227829270744,0.7539422957452944,1.777674888652079,-0.3654027673560554,0.5420760875789359,0.2739846269854069,0.6338487335247255,1.1804585643216743,-0.5232212973556714,0.33000836270888717,-0.1834970659642759,1.6349472993335685,0.8511234008624601,0.33216559129297873,-0.8163925091558902,-0.33268630870270166,0.5201321543708394,-0.10316278967291699,1.532344581956933,1.182653507470262,1.3972294538227108,-0.27942528633058805
2020-09-02,1.3810054620832302,-0.05468300219361937,-0.5235037314901847,-0.8459783681549794,0.48355088031353727,0.086382645181676,-0.14649025631773535,0.22735532766515118,0.6261606213573443,-0.44248794560874993,-0.6038070131260856,0.10731685362757326,0.2738112214410422,0.06115365880874088,0.46245283959782724,0.953686786104352,-0.27471637109552566,-0.059834408355831425,-0.0601332986664061,0.10528158550984547,0.36105400315167036,-0.04574275252074292,-0.1986520114905017,0.6470995237608408
2020-09-03,-2.857324340976974,1.7795213927256497,-0.06928602295781329,-0.9203623829043842,-0.9673756873136291,-0.47412019990424037,-1.839715369845898,-1.2213950112100274,-1.5095224567076562,-3.466733101817542,0.6638495137862412,-0.7077944818059027,-1.1328050552226046,0.3077367626303896,-0.07711186090345055,-2.6504115642272903,-0.1722403014446186,-0.7214680644758403,-1.4723742822965944,-1.5698846848048031,-0.7356255094968676,-2.027937011575552,-0.5350488892653167,-0.40982132346186767
2020-09-04,-1.1967303527754858,0.005960791196426173,1.2122364681287794,0.4782802947924361,-0.8957803040390792,1.9088890481291698,-0.40602077431128686,-0.1801301782348158,0.4352037283249874,-0.1695519416962718,2.3492859869710947,-0.045799585337500025,-0.011460896651887174,0.0296493546491036,-0.71845130527027,-0.9692595652563069,-0.05138338556212889,-0.9825927435950443,0.13699295825144206,1.9042121556110723,-1.639883833014144,0.9564912496833574,0.38481371263450925,0.11817660368480117
2020-09-08,-2.784628341840425,-0.9114591547282342,-2.438756476555886,-1.171425578357173,-0.7317886714865484,-1.7352719910255618,-0.45221123412683834,1.0040751583556413,-0.004156791171561464,-2.1183565606843358,-1.7564293835590914,-2.3428560587686835,-0.3115613311978817,-1.2885763899832645,-0.13262283707572245,-1.869652930442972,-1.5483435663400322,0.33177773241659975,-1.186126655440876,-1.182823014139551,-1.1940939385380542,2.1293083772142505,-0.963393004005898,-0.4116509186925999
2020-09-09,1.5999213320610508,0.2586446275828957,0.24246646889432913,0.0339192546326821,0.3815714708111116,-0.15408205973108335,-0.1973498353494658,0.31705080665588764,0.9793433521147773,1.154128903714022,-0.7992615441273212,1.1723965023607343,1.7011418975477133,0.8225370433993094,1.873326892742573,2.982307602830032,0.868974935536248,0.60786457342018,0.95674232387177,-0.08582194997823415,1.417443464841916,2.585947742515216,0.7846809623730729,0.9094250527235501
2020-09-10,-0.3755419923000069,-1.1896620839916348,-0.7031619930961943,-0.0766447798488141,-0.6796232365713983,-0.9650824278533207,-0.5887245658086593,-0.7186064612093382,-0.9708419207990753,-0.6046988199984699,-0.28633963115078426,-1.0977732891195982,-0.8287212710019703,-1.0182880066827094,-0.8649849393866077,-1.3352373742092307,-1.1546239184652691,-0.6180159172500861,-0.7248466693858436,-0.5990441406225896,-0.41243775317174164,-0.9433996667411104,-0.682361780225606,-0.2763745576399086
2020-09-11,0.24883747563338016,-0.7855609276501136,-0.39273989338067333,0.4905375899628342,0.02876451197550042,0.33192863023065694,0.19199827687846086,0.6783490836424665,0.2810482418401331,-0.3229249491303892,-0.02249749944279053,-0.3679088662554508,0.5587658713583934,-0.1961166218009196,0.05703080010538911,0.20043449920632703,0.3767449972880151,0.7739934626624313,0.30378673193593714,0.6737580976478488,-0.11716237335886281,-0.5015325618257178,1.6317042873508651,1.2856609165148056
2020-09-14,1.1107307628621357,0.8842808932399944,0.32719059387175997,0.4191434399876909,-0.6077719648476178,0.7865473656826218,-0.6372032329830667,2.0670873762153503,1.529061330488805,0.08529033990484197,0.9351297981545177,0.7954106866106304,0.1580230370172549,-0.0010353892033076585,-0.20201171371201782,0.41369686069981887,-0.6459666934296916,1.2540784841249564,0.4236638953771382,1.4197721708260511,1.113683248376204,2.1874618655448854,0.20972489474149886,2.2531505559240093
2020-09-15,0.2503670109067566,-0.5182923727019121,-0.5547941610143001,0.8506905226931153,0.7093845412012421,0.5392752592514849,0.8888901100176265,0.38733785270556503,0.15805937300363077,-0.2812197182269057,0.588484694553733,0.9678935780602174,1.137458348656489,-0.03367508359438036,0.6969291120566202,-0.030433278585704934,0.21703011860195856,-0.1678824233851273,-0.9155438362058548,0.1273872480386202,3.522169905527384,2.8001748796086225,0.23493974404373527,0.4777426990772776
2020-09-16,-1.098344503736269,0.4434155718977361,0.5689090368136124,0.4951988573252473,1.0262640786806172,-1.5230523847022717,0.14653909611582785,0.8919448785139508,-0.24766832749884188,-0.9979565714763619,0.9360852463120493,-0.30386245132963796,-0.0034268134753402866,0.4846176201642117,1.8430789865352888,-0.6712398488971023,0.37715314516110454,-0.44131942964838317,0.31081998082492157,-0.025726150603778017,-1.8534187248840097,-0.2503643319385485,-0.6795631971340389,0.8364843937324534
2020-09-17,0.5275156180887236,0.09275917439345116,-0.7978918926980553,-0.42989108734052955,-0.2884456749362014,-0.10214054150829564,-0.5001932433202515,0.41904275009845615,0.4172149504052168,-0.8721784221459666,-0.2494600035681361,-0.39708977486836594,1.432401197589976,0.5075370078177122,3.2291405847687384,0.5415786325409608,-0.8097882039399997,0.295176979809423,0.36951912982869467,0.5428498583839181,-0.597159343846604,0.36255205662572754,0.7741791717707217,1.2973627646240502
2020-09-18,-0.10693184852774879,-2.1415083804107025,-1.3976539842762568,0.000573583231483071,-1.4084694075232442,-0.5667522935688658,-0.28661578268007704,-0.7574416345592333,-0.7028977182181884,0.6031622581174113,-0.3674169067868309,-0.37155282800619344,-0.1581161020296994,-1.1919940455321105,4.494373658589211,-0.1261055757097694,-1.1378445857838626,0.10374085721152901,0.8560093344183072,-0.46499436393042504,-1.2146025145817116,-0.04574275252074292,-1.004667937617227,-0.9647942038999625
2020-09-21,-0.5500563428820446,-0.45909823830055235,-2.4136952023379106,-0.03150767801029211,-1.0546012774985467,-1.3782515250165268,-1.490111026065145,0.42109062331363367,-0.16799971045792483,0.4508998676437791,-0.4729892965824219,1.1140694732861391,-0.4494393801904717,-1.075175717422237,-1.9910206570398086,-1.6760467256891558,-1.259456481062044,-1.0466055013285291,-0.51639711033026,-1.8257099136215469,0.18860064249851394,-0.6596228829759212,-1.0656516304692556,-0.254237335502331
2020-09-22,0.21617769677116483,-0.08782909342220858,-0.5302511424281231,-0.1634506575732957,0.16687998578560284,0.42492926698963357,0.06467606790197318,0.9148479465253981,0.4533230315273503,1.6484522163080173,1.2164286205038348,0.32013336232308415,0.023346853513407814,-0.172790972112117,0.16143470390231895,0.5097635587815261,0.6251824774669922,0.18808398586700567,0.23544553241026422,0.5907778425203783,-0.13672274210370475,0.057169717618374895,-0.10367007867223389,0.34585746674226586
2020-09-23,-1.0070652370412079,-1.6293013772609632,-0.354984648145156,-0.35554625779707444,-0.2542051681679128,-0.8892490959895067,-1.1199930696872313,-1.0839000357864792,-1.2553100044049499,-1.4240939217844366,-1.2429109316043,-1.1384299140211316,0.2684665590178417,-1.3433610890571948,-1.132538740203668,-2.048957883233151,-0.9871515585591983,-2.1919865598362622,-0.9796930243826876,0.5918908102705802,-1.8606717509638218,0.5667098315103919,0.023726497727689942,-0.4944338353500417
2020-09-24,0.2983218034038794,1.1684151175383093,0.9953062905390117,0.27599713330146836,-0.5420414786408615,-2.0242381965828096,-0.9117946441195371,-2.358877200925304,0.5757596167524,0.43082124532387317,-1.457500227418123,-0.1038618355351507,-1.0731155008752729,0.6077326262895835,-0.6414630134684276,0.47483706985300705,0.7998940594813604,-0.005075671914953065,0.25252058788353865,-0.8821951775137276,0.267093486122207,0.5583294073569101,0.14193565278184186,-1.6038788148087317
2020-09-25,-0.010719489308984451,-0.37712182306029185,-0.43928059197286795,0.013465518728917592,1.0897493037532964,0.29624255882402656,1.3658547440938205,2.1896825601217134,1.522206542107319,0.8900464807404181,-0.7049147231233718,0.122376113680122,0.6832819157750869,-0.6098034046961988,1.4170714743403394,-0.5329843216954736,-1.5330362817051253,0.05194819686306117,-0.4072855930249999,0.641217627376649,0.2933824035312594,-1.8833562808956268,0.11185313554123232,1.6962590687076877
2020-09-28,1.3523712255363283,-0.38146413909224347,2.5324331016542883,0.7237559352620426,-0.13953316403856925,1.074647482963538,0.9674629828713102,0.20951912622048038,0.09178115411147314,0.9995914438365617,-0.13228411928299338,-0.7308022150259766,0.05965920736643332,-0.9594647308447122,-0.4692106316599956,1.9726010512041001,0.6773319394775812,0.7599329721721602,0.12355018492583637,1.7566418808994737,0.5640655691046179,6.974563698823935,-0.7493847834814745,-0.7407490638712666
2020-09-29,0.32977665116279037,-1.082936252651305,-0.2472839004453917,-1.1088178128372594,0.4344035149769758,-0.8002555816366983,0.10819174737984505,-0.3366772177127855,-1.5441312247271868,-0.3939195304038405,-0.856781272276078,-1.1768160285745555,0.9072481285483152,-0.8007753345668673,-0.2938120930810523,-0.2183931907171048,-0.8516487708328369,0.6114205217674202,0.08281385432224987,0.12417634969958423,0.4534972153329357,-2.1394602406773062,-0.2475777441143086,-0.380920188897065
2020-09-30,-0.6726262945060034,0.6042263260108484,0.4301180080176051,1.2904120190244084,1.0706090134739572,0.9277559330035312,-0.11456886768014611,1.0011450768875385,0.5522053038992342,-0.0589191037082358,-0.04242889233713683,0.3015950423837786,-0.7521618158915061,0.4968252877212169,0.6891791132635076,-0.3173656319501245,-0.945968355054883,-0.032972172829128094,-0.5527677530739028,-1.0960104904869166,0.3252800015233603,0.510097904666514,0.5054009112756905,0.7173256689018069
2020-10-01,1.5950055239923604,0.10464551843323994,-0.07721781590142594,-0.040450883282105256,1.9238610308579074,0.006511665790839225,1.80803512321924,-0.24974046538573424,0.6589887273809042,1.0260812835685176,1.1572539077780064,0.7275709393285399,-0.20374282047274364,-0.19143424593902264,0.1466825522018107,0.37720439996973015,-1.8859111450681096,0.022820828999221963,-0.2600576894107863,-0.03169060113499322,0.9938836298418585,1.3139715211227356,-0.5172472261303787,-0.25679186746019134
2020-10-02,-1.6067723577205875,0.045408684592418744,0.6765722114388563,-0.5789045706795812,-0.04855132093012723,1.1969495965515506,-0.06826544106491234,-0.4174092131153676,-0.3589419287054176,-1.2225671796403883,-0.368683193318962,-1.6103182995750436,-0.5786825044928122,-0.8945828270091465,-0.36779872584134926,-1.0163135756116906,0.7393115683332261,-0.005075671914953065,-1.7713555363339684,-0.44360100909028577,-1.3009871721475652,-1.2217210293347347,-0.06662195115737267,-0.625492393935144
2020-10-05,1.5117281271510792,1.263504357174037,0.42017323065017886,0.02942708077848437,0.7506481994136233,0.844196255478258,0.864139483899434,1.5238707460566114,2.399337793849916,0.32573309628366776,-0.6341043241993061,0.6283729896282266,1.2831284225329938,1.4222771247210062,0.8648128243433646,0.8922481465654706,1.6238969071394629,1.8358373940910495,0.7036323419141914,0.19543524199425102,2.4588238057021004,2.013952735790139,1.0692679950565969,3.212348257279491
2020-10-06,-1.6050455008490325,-0.28013401458803977,1.2226592529325433,0.045427231015180904,0.7600423185349411,0.17280064758145894,-0.27783234007184604,-0.6968243726294765,-0.7356186258890876,-0.019385812458976418,1.3477088535578106,-0.5786947072601393,-0.9076157409424277,-0.1513411275027477,-1.0325000697771174,-1.0256695832063578,-0.21678524710023933,-1.0149992408250441,-1.1395132928741527,-0.528727747663337,-1.0039009384311157,-1.5587766300053243,-0.7486850147554479,-1.6641571173385838
2020-10-07,0.6877950388352615,-0.9654879689967186,0.8767422577716211,0.48754073083566885,0.636911980552606,0.9139552411862919,0.9752758095874756,2.5702145441391018,1.5704630554988546,1.6731040468848477,0.42059546944877996,-1.13617517654396,-0.4785601235204982,-0.22806905336391275,-0.38663474171863804,0.0883682615083872,0.571673401683115,0.4609577105627451,-0.1755605170469419,0.6739889123442596,2.428469002698128,3.0990907243409516,0.7368386999007599,2.443498373720066
2020-10-08,0.6001460905127701,2.2923031722863523,1.1648235684756232,0.13011761173948064,0.8691426055074973,-0.3495081135162976,0.710375859470418,0.9700030288514426,-0.2786151560973557,0.43203232439278205,3.095590590028964,0.6269561629808773,2.2616055582311625,1.0059452801798232,1.3304844568479002,0.6920719742309236,1.6379516589540248,0.07683109415873729,0.4900032894268718,0.283279106710677,0.5002349503395459,1.4463731849512245,0.8629151363791068,2.8886265469367567
2020-10-09,0.9690742128594864,0.6447644175790896,0.08313424291900293,-0.07829758126413076,1.3146775157803396,-0.8223063848485337,0.8971452509218455,1.4810015029760988,0.6189135039873477,1.1531594988788711,-0.8223739069005339,0.9220451667192714,0.6881914748232851,-0.4811936126882707,-0.2959083806921997,0.38032415941858594,0.4158018629651031,0.375631215128657,0.24445869305600176,-0.5433945940721319,0.55740377688913,2.256844220818029,0.39149772991891313,1.8068319383679607
2020-10-12,1.1861494534262094,0.0962398174613359,0.007057437899656059,0.3905781222490815,-0.4982689392564488,-0.46768272266491107,0.01419149555129949,1.2580230604994374,1.175800656781113,0.4262498843344046,-0.5629868541590384,0.3508544293758379,1.2980632891494552,0.18465841297888377,0.5472228561079713,0.6137751651689504,-0.6806399501640609,0.18440553940016188,-0.025204289864171937,-0.1930469121412888,1.2594730095887543,-0.8262334977849801,0.07858038672514044,0.09127195124002571
2020-10-13,0.6848241088656186,-0.44787935036148224,-2.3368022599718463,-0.20645248696579763,-0.07731386973264445,-0.35834888073412785,-0.7452447774917289,0.5786468237661391,-0.9580276626970701,1.4956273699975249,0.259203890529655,-0.311968702376772,-0.41754534384627817,-0.2613673307831383,-0.5683443631754052,-0.8628292857450482,-0.9223711906296611,0.4527573702512151,0.01715595336771294,0.4811451430250891,-0.8440409506061702,-1.243000845662042,-0.03406820703374371,-1.2909146118855617
2020-10-14,-0.9157923202716821,0.005960791196426173,-0.15392956217080833,2.7453052775435243,0.6466628278348375,-0.21902028539786628,1.0103862524036542,2.237228409278559,-1.3602392302897073,-0.9171931629768574,0.5644508737299164,-0.6080408093603378,-1.29934662332964,-0.3016491420444987,-0.19011228777994194,0.309023301973843,-0.057654319780954894,-2.915978867718816,-0.25159159047010743,-0.6942994526567005,-0.7104785419185334,0.3569761264285494,0.3580333176160658,-1.9847105754117427
2020-10-15,-1.4740929414907922,-0.5467803454557416,-0.31677173665548275,-1.8079831731319251,-1.028544274728173,0.1757325462595206,-1.0613698874885862,-4.018925321538912,0.7924269320137354,0.5051325294371799,-0.23117302426142455,-0.5895251296432771,-1.0660509953224864,-0.5352962775245708,-1.167047431322465,-1.453285190251768,-0.8221421729696808,0.6103176344116452,-0.8677642995690764,-0.24181995129906897,-0.3442078377887901,-0.7732997664032749,-0.45446332939955114,-0.9122909276841876
2020-10-16,-0.012414580191105336,-0.555942108130494,0.5721303950911134,0.10508248209077317,0.5526523717700876,0.511615771697078,0.33586228469777935,0.88581298001939,0.3292553483341166,0.3364170343905902,0.30196707952041146,0.045527846063360806,0.3593888302549202,-0.5854399376172892,0.3674414911604432,0.5050206893118002,-0.19729211797725363,0.5491559368926705,-0.4871690518377137,-0.34496869796615387,-0.9842154589940805,-1.706813958390019,-0.26105919927240634,-0.2408346098025653
2020-10-19,-0.25407167507557904,0.8453623160858524,0.24693381130590994,-0.34108778037571164,1.3158876779902493,0.5078788383457726,1.2745376760198104,-1.4218901037174057,0.7606281897893721,0.30949537164405255,1.0981342520677944,-0.5644604784536345,-0.2533688220669033,0.38996572098424587,-0.6941792416585396,-1.0594765988132868,-0.45757294725371517,-0.838279220682924,0.13485511532392544,0.11899331765572696,0.48891818841768925,0.5427807688864688,0.1077258264373338,-0.35594205348976987
2020-10-20,-0.09807019144782671,1.4487699385521546,0.6401522607175129,0.2596350258061212,1.3764365197744561,0.2558017375450296,0.3224689623100986,0.8188370948701807,0.7496053749380237,1.3130018630144242,0.7429528669573627,0.4189527076785716,0.37584961689937957,1.0272426901855773,0.40858017213622233,-0.7673449219968657,0.5578076768009471,0.5793405684115636,1.8219096807217434,0.23289310669574573,0.38271012691569195,1.0268049319413217,-0.11957214129202187,0.7805266018960877
2020-10-21,-0.3020218064021828,0.18207567434381314,-0.07156280960879795,1.4402856783030844,0.7751361533131754,0.8309541512227211,0.28150961810179415,-0.15414546522817416,1.0993200995739774,-0.9864371618322174,0.10045119052879688,-0.09740820490647031,-0.3945941520907796,-0.15092118618035152,-0.6974802047297869,-0.9581642047986113,-0.9786134304045097,1.3105532265550168,-0.7065793861633708,1.065577807820636,-0.4532039400097878,-0.3729863864475805,0.4742785066739862,-0.5804641424127247
2020-10-22,-1.0152833653281776,1.7185028869016579,1.094593986642164,-0.5875020855116714,0.18171444862429662,-0.541998648369341,-0.4481722022732672,-0.005297728078796716,0.8084210658109171,-0.17898733767495542,1.1284589852341402,-0.34011404226812203,-0.01382554359090718,0.9587065528656666,0.1434353181198247,-0.32141818045971626,1.2364121376062325,0.3195525185794461,-0.0817679586645245,0.13991234807431033,0.30027673049738923,3.6540649079214678,0.10601534897474184,0.21318920813701372
2020-10-23,0.3406654355754099,-0.49877649310165484,2.4647531384865613,0.32439231416344416,0.2717533783205039,0.5003807940592182,0.4354106133677184,0.08523894613280882,0.9212229517521557,0.4447578158465654,2.296958022782921,-0.813061366502481,-0.16482874383310134,-0.476642063598401,-0.4256608586586752,0.8224474587174949,0.3146281790940415,-0.03206263626219358,0.530053545011059,-0.10851214972353498,0.00240955968664821,-2.0539802303501626,0.022000131847923276,0.21228569654531632
2020-10-26,-1.496661439560362,0.3432971809287844,-0.649149645346077,-0.289770271567789,-0.8708615743493394,-0.9016688030934057,-1.541495330900806,-1.179833108321316,-0.6755300942477377,-0.8953060754335838,-2.2489051354997778,0.3449465333807204,-1.017261748472102,-0.48517065687718863,-0.3249319410764252,-16.169579047108584,-1.5492511388515897,-1.4247590983578258,0.48214426976925595,-0.2805165745526211,-1.0659199421596246,-0.5224570459959159,-0.4839856902838113,-1.2702054358791515
2020-10-27,-0.20227950780029885,-1.1896776753263651,-1.8711870467292526,0.5828118682687152,0.3754866196974855,-0.9420838263066121,0.28978821570797636,-0.3111737981964189,-0.8270626397240026,-0.017199623059103414,-1.6648485535836044,0.7315094530379967,-1.5948438535125442,-0.8018920976815842,0.8726645486501887,-0.2968374415904794,-1.3078850982797343,0.13283461422346396,0.8182585303017421,-0.25754237842425576,-0.07352367962395812,1.6776008664682875,-0.2905690662028337,-0.24544993151128944
2020-10-28,-0.5218623565977123,-2.7075768299839384,-1.24046258408741,-1.2574919941107348,-1.2690840300479775,-2.4538842584302674,-2.4473007558773836,-1.8798781149102797,-0.6227264454375099,-0.2951002039063189,-1.2995917535260268,-1.0246093641060607,-1.3500280219736527,-2.050947612821579,-2.531231331122651,-3.5401751720273946,-2.3097099782867474,-1.9357308173532048,2.685749185589708,-1.4613799256921842,-1.9282388926241776,-1.7690863715097733,-1.4988793023394218,-0.9491755009730952
2020-10-29,1.00625826002827,0.005960791196426173,0.8686755426259426,0.38726693971699466,-0.953605910446137,1.5902815524366036,0.42863809954317283,-0.4411921377457394,-0.12005639324012701,0.7168221246865328,0.642029049832961,0.8521801264807984,-0.24875130284393226,0.9023800681044407,1.0776727268099429,0.2752340502139164,3.2141392182175044,-1.3260937038113538,1.1162213444868159,0.7464103659387405,0.625709100047597,-0.6894997735447217,0.7054504362074939,0.4554403002943052
2020-10-30,-1.3356008725584205,-0.9490603329859015,0.6991570187895566,0.3325802390318185,-0.19047453583204763,-0.5364350185618638,-0.52114319073184,-0.08253332700453238,-0.4703085636410536,-2.525259669510188,0.36721860308318016,-0.679839576211262,-2.398055986898126,-0.24444165858294362,-1.17233021047436,-1.0435301931617582,1.838162774157136,-1.443633561212256,0.09169224125005851,-0.06175951932833034,-0.7338059254727809,-1.1954313993897752,-0.5976052958682451,-0.3658010303202647
2020-11-02,0.669752406693804,0.2952983849440637,-0.14576791661412805,0.3030717823963271,1.4684064379010278,1.7344253321863727,3.9810835234009545,-0.12265820740216314,2.258145316142804,0.007401949739947265,0.22529951339102094,-1.1741847960303002,1.0720481900008871,0.3632470215702252,0.892918894294596,-0.5956736174100121,2.1503108610156,0.1432342987333256,1.0938923453012297,1.136767136049617,1.1477382709963446,-0.7164260109580898,0.43887556026746805,-0.8433524222126919
2020-11-03,0.8494802444846226,0.8594645461919974,2.7483416920646175,0.021663882747429097,0.9832764824496122,0.7298288677904164,1.5018799530276976,0.1575823837794645,1.2830728552909036,0.484039485318422,0.5100901984352832,0.6933704927217507,0.18163815141439496,0.6347127415761047,0.42953369353149007,2.1888230902927432,0.3749595651325957,1.40115241892984,0.504863030881281,1.5154829090683832,1.211008969190605,1.2855730463331265,0.7792621781634969,0.9327486779443139
2020-11-04,1.3549131046856577,0.22085066287803395,-1.8254976499294608,1.8101996434985088,1.125477471319454,-0.35416619883208905,0.08419929621389485,1.455762775173596,-1.6993567774689506,2.2528775366825724,1.0127636519818946,3.378186171909895,4.3431537002032305,0.35009559444571603,1.0204468537344273,1.4935944400796455,0.0565115141832844,0.4854762538321109,-0.05350253267036531,-1.0243707333224892,1.0458426972470467,1.563784668430923,-0.4397187312640168,1.6058584531811024
2020-11-05,1.8368984029136064,1.2854018937214406,1.0430696582365115,1.024717142016739,0.7505599818358631,1.3833775208319257,0.3381963343209718,1.2274833833479277,1.909347055931823,3.135811274080324,0.8518240491033042,-0.9341402626680918,1.3729761045350968,0.8385628297631589,-0.1722776603852419,1.7174551810214922,-0.11129631574800318,1.443923351939675,2.3214121149860802,1.666249239083879,0.5460541340463101,-1.4916463444638859,1.389631773631505,1.5610444149430192
2020-11-06,0.9190938286943233,0.9784142010122446,0.15300829590250964,0.02043521817023733,0.9384933308518146,3.9768735675577545,0.08302581999473678,-0.3478219003147006,-0.12683860365202573,1.1327337312382224,-0.7890814962334598,0.15847614747737,-1.104256487051556,0.6670152064718288,-0.7067477558622989,-0.31654175363912396,-0.3177891931029529,0.7209046274775213,-0.6402199306268775,0.04902483144176601,0.5395091112211255,-0.5384470085893747,1.1967264142523653,-0.23641078616790306
2020-11-09,-0.04311759800696747,3.1657123221097803,7.28228676176683,0.05648281142849971,2.750161893832526,2.9987816143485317,4.4687823686627945,-0.42645199508087434,2.5265547875767957,-3.999338804932239,4.285918403278306,-1.8827917786063877,-2.242076974554784,2.849218906139246,-1.8891998332096926,0.03424357041355371,6.278882082983655,0.40995845485820903,-1.7197668420356096,1.3641999405095917,-1.5296742059124047,2.6761286143254974,0.07443039334229809,-0.3492316495757987
2020-11-10,-0.9023177413083465,2.0097787323691105,1.0365834223840973,-0.2576503713774214,0.42003940788070976,1.2495429889306,-0.6494430556329752,-1.1707383496539396,0.26818233044374656,-2.983529728232173,0.4157872419035481,-0.16980115305156562,-0.4212263574952621,1.9091307230634134,-1.2225755533089468,0.8056358282909488,2.474555780227453,-0.032657718414628764,-0.4814978508023462,0.14350475405813834,-0.9241686833845612,-2.3566536685096118,-0.19373321174733868,-1.8357897939549015
2020-11-11,2.1768843786501972,-0.21930258512418965,0.007057437899656059,-0.04927278016267725,-0.7181761099900806,0.727202669138372,-0.1911755873406929,2.0785887166590036,2.2241996567915425,2.177814793952099,0.3127420991091111,0.8698385180359974,0.11770856395980651,-0.03178755526125706,1.2684346543475635,1.3979368231184366,-0.5865847652486221,1.1972268555111492,1.2681050664167408,1.3925631105745166,1.9480208448495493,1.1646667449932921,0.28870703124353086,1.5831370452173423
2020-11-12,-0.6776609210763858,-1.772593773655639,-1.4538105145432199,-0.16140583086183555,0.052680128429908865,-1.3937977767435568,-1.1350077501904672,-0.5750186004347353,-1.233205913033362,-0.280090740621662,-0.4577701773219731,-1.0432053580356968,0.44085197090673844,-1.5851763874825537,-0.19694643363835337,-1.0955834313933899,-0.6931071738079424,-0.8771868746537612,-0.6435308806953467,-1.5850118573994105,-0.7139632150204741,-0.8489761673795266,-0.9531076755781979,-1.0356621090289257
2020-11-13,0.7486495795233632,1.1764124392483408,1.5874080350273478,0.7293970516832731,1.0380905397394142,1.0474390687839323,1.0175741607343254,1.2421654710843952,0.09726365445781146,0.11022351131712657,0.9896531764046584,0.378766654661055,-0.16967129430923217,0.8026502215967579,0.052085519965420615,1.4666918482172058,0.9405450610394442,0.7044539393987641,1.5035135954681829,1.0562146339752432,2.0081890190485754,0.8370181362624917,0.5117946371571097,1.0075640516745157
2020-11-16,0.7413162701829359,1.943685370184052,0.8925856398313962,0.7570322038335185,0.604056314007339,2.9907053606722,0.8631863615397573,0.5891574639647895,0.1602343993020751,-0.471285238189568,1.7527178876806235,-0.5659501405711032,-0.7746562559886763,0.9634271046102352,-0.3976650712643463,-0.7160828217068073,3.097824754440806,0.5352767345354535,0.3738685994377142,1.348566119217372,3.440682798918697,1.5919765340250778,1.0046865040504689,0.4341780149345331
2020-11-17,-0.057299965144637026,0.651725757912034,0.47183615525547823,-1.0703492142893465,-0.06987224862347562,-0.6634321802635835,-0.0907057281961198,-0.711574855059391,0.7230389324050261,0.3558582477278031,-1.0557600715569913,-0.1527421946352273,-0.566150426606911,0.841450334098803,-0.48472913766480635,-1.0377689246290351,0.82390227823915,0.2097541969825552,-0.4867683578975266,-0.7788919435998247,-2.094221783581989,-1.0523832661589563,1.2763740443558766,-0.23772138090579972
2020-11-18,-0.35918889996819814,-0.9307867532430943,0.29496178875388074,-0.5133454362722851,-1.2650416308330674,-1.4246840311275255,-0.5507199403147689,-1.137196044887973,0.3309512749308774,0.42709295558116117,0.08810867051880424,-0.6576110271491346,-0.23873805411991897,-0.14956510087301436,-0.6252658050436584,0.4717158896467083,-1.1406559462139156,-0.4895184449654484,-0.9188799473329499,-0.5300310355011508,0.644607462153809,-0.2813414203238516,-0.4106206678064336,-0.23860372006034844
2020-11-19,-0.10553397270578219,0.2969433689203353,0.007057437899656059,-1.6007131422981518,-0.4805988723996007,-0.3024435645271502,-0.8253388435951504,-0.6555732085202562,-1.0285992017194912,1.3466348240755597,0.3409988847815594,1.6416747827230391,0.7209009162991107,0.38346479859002414,0.3512989878978997,0.369729691757391,0.28835556802819723,-0.6022789700686548,0.3038527804370537,-0.533253060864036,-0.24480070296271242,0.18985591528236576,0.8974551987652772,-0.807043402524988
2020-11-20,-0.02748279501304644,-1.0236327489899972,-0.28084691295456865,-0.10472846493570262,-0.13682262387827931,0.7880548916090604,-0.2953881470352618,0.2648191757224002,-0.054640915418002416,1.1551634018736967,0.4724780101857849,1.8143394139297955,0.2019829304797188,-0.38553557699663954,-0.03134007407812239,-0.8827011383532363,0.7202858192168123,-0.005075671914953065,0.6130203441638287,0.6484069148444966,-0.8033507908048336,1.1137456478423664,-0.20445399537705397,0.778945345170578
2020-11-23,0.3529712403313102,0.22923343153296216,1.0908038754672509,-0.9080928490840866,0.05265635144495738,0.7791390266617838,-0.5018381344560389,1.7305178462069895,0.4860444520219197,0.8233139675539096,0.7406333222460648,0.49732312876275014,-0.21753563334700848,0.8204101265096068,0.8601280489743175,0.17457272024592896,2.256432608936198,0.4839697153664202,-0.16498510436298716,0.598675256115377,1.551241076787326,8.082888103533419,1.2388153447346892,0.6569749348009126
2020-11-24,-0.38275792892608074,1.8115679276112049,2.890802795621965,0.39840611254778496,2.3616635390173846,1.4347068022716112,1.2888116636315394,0.5119512590441203,0.8397293448081949,-0.35576885822200427,1.263065138049604,1.0814046673064193,-1.4371246251999144,1.8147892408271504,1.1977707239529902,-0.32794671397480385,2.6340810127099883,0.9350906585794744,0.5364403071064374,0.2928511626827213,-0.9126529314655143,-1.793008925108489,1.8978826225645267,0.09702607761711268
2020-11-25,-0.1444904360303434,-0.13501038447561256,-2.0403360086975395,0.4887047124423832,-1.1361839818308186,-0.865261467217429,-0.6945695016913989,-1.6466364736607937,1.1163229154424292,0.9629027402490385,-1.8495610591200753,-1.5743909892128638,0.1691292262801102,0.07989272962094679,-1.0018154093591234,0.6545109599027497,-1.0500303315747332,-0.8911396676872018,1.3393864823363317,-1.4249145288485365,0.4269517639814753,0.5444081844488478,0.6408014350449657,-0.5715934070665024
2020-11-27,1.5594589530386431,-1.1433368474203351,-1.0551377628154863,0.9964876287445938,-0.3523350824331801,-1.3932283826518335,-0.025491817542465926,-0.7276260067991808,0.26025143823828667,0.7460467987888443,-0.24108072783785994,-0.23331774975001007,1.2771543283708573,-0.2445614105158988,0.8424494527006778,0.5803951961231443,-0.09600508713924256,1.8597109733176356,0.4195631866738626,-0.6700394092120182,0.648739160981863,1.2380828427114403,0.9292694530594171,0.2096233235513897
2020-11-30,-0.05832578476484789,-0.7326501712660848,-1.9038981440425133,-0.11968756913173598,0.9077956297427212,-2.4658922832136887,-0.499999418009417,1.094785756609291,-2.483739890968406,0.8869027216017975,-0.89969593157272,-1.3155996103146048,-0.42348432076419584,-1.025919228540642,0.16513050344521085,0.9553298694335185,-3.474258979514541,-0.8506512480148369,-0.49262765854820717,-3.2993483688030585,-1.0391956954534471,0.9550695568288656,-0.37234596072639536,0.5413083862744101
2020-12-01,1.2078665590985609,2.662002324213978,3.310165725828612,0.36734070509347044,0.9307991269179552,1.5533461910270896,1.7443977851674004,0.5549070855264888,0.5584894046901688,-0.7844879139486312,0.018485630549996475,-0.20997717717096787,0.31462562719027876,1.4552792443384548,0.18887190935672696,0.915170870499647,1.7752919967344154,0.2604042174690411,0.726513858617064,0.9533400753510463,2.1007125497742893,1.712282033491322,2.2527246851766005,0.8634290080216769
2020-12-02,0.13620074151799821,0.3770763671415029,0.6593159791774759,0.9722617821783733,-0.4297118930255914,1.821928959459459,-0.42000994435139183,0.06880185217039525,0.8714518168140758,-0.017745037770147534,0.16930778281900974,-0.8592672655905733,0.5438427867459205,0.2386456257298198,-0.2991494739869957,-0.2787266766695057,1.8662609712627287,1.1237743163509697,-1.2136700892512062,0.09002584271265837,-0.7942354941557694,-0.8856952560514747,-0.6378726857920259,1.4897000905740043
2020-12-03,0.1504869584814979,0.548384703107728,0.4897206897464846,0.1537011777296425,-1.3912530008432322,0.516403844333163,-0.39027882888251525,-0.6762575166113406,0.543307477221667,0.8256431435154774,0.7716336616840764,-0.08643118210903203,-0.9049085790952547,0.9369855711406003,0.2947400903664031,-0.06406183109598707,0.4392906238167859,-0.21354365186735488,0.6310524244995399,0.2686723401825554,-0.08305641994341055,2.713009425988494,0.014660257407594052,-1.0840961810095036
2020-12-04,1.1640436919905515,0.3406198823848447,0.7994154971140975,-0.04335809019379931,-0.4667760826289541,1.896350855437757,2.1507121472766997,1.8379737572179475,0.7527957954947165,-0.11407707641770151,1.0244168544865848,-0.2420335027745681,0.5186230062798972,0.930261370893661,0.09905088531731317,1.087997295475182,2.033544919490242,1.4654256962769188,0.2659087301323924,0.7939171179473686,2.2576042562124528,5.9064653938843374,1.4222685215702984,0.5234942011225634
2020-12-07,0.501921415894683,0.07249843815019487,-1.6472227262289547,0.0675367245340648,-0.1762291483587191,-0.8294524683715672,0.35311733835044196,-0.5160202367213825,-0.7006311623171931,0.3709769647823173,-2.1597717267879686,0.867174621231969,0.32950463070795244,-0.3747272904688098,1.2572876022487498,-0.7215705873314686,-1.072481472905185,-0.46570650039549705,-0.6377616575737033,-0.09989797496466533,1.3492002959159444,0.7914048396120508,0.44321444844212776,0.1995571213713364
2020-12-08,-0.17407957284957323,-0.462568747629119,0.2783014989131292,0.19445030857943987,0.002733541517689984,-0.28966261669845345,-0.27752790244573444,1.3663488730944287,-1.5250287095804171,0.8589830808008218,0.666722968381195,0.9201470671938036,0.2998537849948412,-0.35453185975021373,0.10404451530929157,0.362983382646621,-0.03958359458805479,0.09755327364886816,-0.04786597075317693,0.3103088162001005,-0.45460362217892397,-1.433158772470484,-0.1809112486856826,0.41075223262504357
2020-12-09,-1.7085076975270097,-0.061521864149706104,0.007057437899656059,1.7830513526797611,0.018966090091171582,0.6654436493251226,0.28932900133418515,-1.7815138493859917,0.417273643835046,-1.8509400159664153,-0.5477783156945761,-1.1756937134461622,1.4729649896139052,-0.1795424449480676,0.18240386259749958,-0.5205174923404465,0.25458441758801376,-0.13342026710214497,0.3740567325403132,1.1812013194964242,-0.7074716946440126,-1.167331315924518,-0.20150144324996308,-0.7595608484140496
2020-12-10,0.47032203698384256,2.1643448555914215,-1.3669533445723958,1.7400507916652648,-0.02170500240006684,-0.9269747894415091,-0.21411962164940215,-0.15298407563629648,1.1919023740165946,1.1692800862676334,0.6181599661901512,-0.773304811153685,-0.9150764866445501,1.7330489533849531,0.2442742370969538,-0.009026210063125572,1.108278200122687,-0.5729677093085745,-0.07591424148641948,1.1905342455359276,-0.16209233067590376,-1.2496292208015638,1.7306822776805066,0.09305537970884957
2020-12-11,-0.6059976721075008,-0.31235145911742423,-2.112342656805366,0.7342637597062147,-0.6179988664018281,-0.499723771579965,0.5690603167869224,0.8352686470082432,-0.3917089543621723,0.337833893675555,0.7943715864445381,0.36073751167071094,0.1951718630450072,-0.31477591177950087,-0.08479674361909967,-1.100279094051603,-0.8013528838093747,1.6076052024412701,0.2761738105293276,4.227828784065264,-0.16761598774174835,-1.0656741208097011,-0.2669529972886844,-0.12115343706325958
2020-12-14,-0.015239159568401947,-0.5096762815888233,1.9024009976867542,0.4278985769368283,-0.1695240628222698,-0.22486049510567996,0.5610928513391756,-0.3336304669209057,-0.6770376663351181,0.20814179699762334,-0.10490049990550873,-0.6612943248256422,-0.7866164789983137,-0.5652026957422879,-0.18689743033606832,0.21396271572348832,-1.8762253877899095,0.5484434364980079,-0.7883264322646878,1.3100686100011354,-0.31282367371507475,0.4940017356321523,-0.7638461174963184,-0.6609312599938947
2020-12-15,1.6656658297341203,0.3291456717019191,1.2794231795300046,5.18195799392907,1.7359424193762887,0.9501328774380278,0.09700949749203429,-0.2252236118654744,0.5226557495365655,1.0650195362275727,1.7877555709463282,-0.6343457667964368,0.6514027293543927,0.5873900996467355,0.3301139603200825,0.8642253102831633,1.5716856419415164,-0.08026800397205473,0.3852590165713494,-0.4013887262078578,0.7559708546143301,-1.5739913698772188,0.3942537667610452,1.6948943612692566
2020-12-16,0.17657278304189525,0.7692514474729638,0.061514952645805844,1.0458970345901566,0.24821763756412835,-0.4291336612915849,-0.5175529613964467,0.140176260153449,-0.34659685531978973,-0.03419147550140815,-0.5758265450326269,1.235869306753507,2.0606893294515043,0.360327412872975,-0.3117580335299933,0.9351268062728778,0.3328299184326294,-0.030176588038868923,0.4815421277788203,1.1213912866174036,-0.0024258265643614333,-0.2684461338564103,0.5012447930291125,-0.33059836757012667
2020-12-17,0.5373654717231566,-0.30999092309351367,0.6015103463512591,-0.05714637171271274,0.9053441555181962,-0.31630959988209395,-0.30472211099508256,1.929478559444336,-0.9076198528136216,0.17768903199171943,-0.4026751584903792,1.0615739227328873,-0.1368355234429954,0.18973999716802217,0.5243882840381632,1.755362160504809,0.35696088707244594,-0.5594554254172737,0.9951386025069714,-0.2548161783240367,-0.5186122350306617,2.8698822962534587,0.5298883121660818,0.617283265581957
2020-12-18,-0.059991118832045956,0.005960791196426173,-0.3161514095384737,0.5425737811160593,0.03212647337128951,0.9931667106481338,0.09883091690259606,-0.007293068638023674,-1.2549182440939222,0.8744047690132772,0.7433469680710317,1.6189978010834136,1.7491313726911037,-0.1918107755746375,1.343322877143785,-0.6560960825504923,-1.0627484513470264,0.19707508312287214,0.8572839701316248,-0.4705937874422537,0.14259650600509655,-1.695889295817135,0.24952389768115565,-0.4341529639606817
2020-12-21,-0.5638311949697892,-1.1564790529046816,-0.8671438165959402,0.08459549683112404,-1.6893795440898605,-1.7238324399385514,-1.4128338338879118,-1.0731646952380143,-0.19628740507186754,-0.5864562537450823,-0.6448963498362938,-0.8214744375875452,-1.681132298921446,-1.3000826469721722,-1.8324271476523561,-0.9994722870113497,-2.421341785771541,-0.08079541074559787,0.31386375177378695,-1.0579790775996263,0.23224914726982787,1.499788849571453,-0.6855737568437974,-1.509344133200901
2020-12-22,0.3479621823599731,0.46278073848619455,0.5010291998583747,-0.37477807804763225,0.01815524289548496,-0.43894618301025695,-0.08961165273085477,2.242216423330622,-1.1852232565177772,0.6751462276168466,0.252929153207633,-0.22234796061369227,-1.1703902044964818,0.1741564735683544,0.8638582307113348,0.2787483303131794,-0.8525668894107573,-0.818715268306167,-1.0930083087481735,-0.5469785297665837,-0.5354452428490033,-1.4288541274144888,-0.3794893331288725,2.318376272072309
2020-12-23,-0.21340790348195166,0.6480427021675434,2.4966568047464905,0.4402561958825373,0.4804563900408891,-0.2763457669488225,0.6431076038376552,-0.008082853498227176,0.15313437491724535,-1.360716889148942,-0.04760808764105956,-0.005160869748608604,-0.9375782427978427,0.2719965822383373,0.8041211914401457,0.015083843980149671,1.4145757924265843,0.6061425838461106,-0.05350253267036531,0.17797841800445208,-0.1571915143016367,0.16988884518215275,0.050395161412395945,1.0153714856353395
2020-12-24,0.8060208278175063,0.06949877703664155,-0.4584444939613017,-0.4828859669939761,0.3417389399916011,-0.30125631259286,0.3520239143227994,-0.00809217358312023,1.1989831926021997,0.39075443193987947,0.19791424227922932,-0.0051976149619846,-0.21236134501953852,0.07295450998338478,0.023565269137364987,0.01019476495225559,-0.15300886047731144,-0.05575978759808964,-0.39008947816021766,-0.38647985456949774,1.1128564613268737,0.43560220442145653,0.10640983880450282,0.18960653530272645
2020-12-28,-0.3415357243078492,-0.1850179618465781,0.3179661282119528,0.4325200651687635,0.7836045940750331,-0.3742110695798052,0.8122278568338748,0.5395571425511938,0.1108093105516163,-0.6180474916814056,-0.2825816746341509,-0.6964567677407619,0.6981271814497773,0.048173677885954606,-0.02196194641385426,2.295865861900458,0.09839935936105158,1.0761092597578605,0.5475796583796597,1.0825951041531423,0.03383527426895764,1.7777608681632173,-0.30637180065372194,-0.21770459265713643
2020-12-29,0.3262484343802275,0.25129086945122964,-0.669483551547972,0.41363090919190304,0.055144470123553495,0.030542626864739346,0.8868990201317596,-0.0766060347287861,-1.9145233159767716,0.1639062836763824,0.44258030778401813,0.9487334884446701,0.25434063394150175,0.14606795783073823,-0.22723397939745443,-0.47030416957792776,0.33446875691038414,-0.606226395510975,1.2652093623064191,0.3557152524506308,-0.37104964926012474,-1.7629827816978507,0.2009481251451226,0.08786726202894586
2020-12-30,0.5351221421014997,0.005960791196426173,-0.0454375974446966,4.743711914319653,0.9455237450142233,-0.13773192390504543,0.27446352224781756,0.5340319957506222,0.18081072029785095,0.7893021139241758,1.1452915179444778,0.9987448416761356,-0.38005803982569814,0.3873670405716446,0.4407127373852242,0.3057216647173375,-0.15216075707391682,-1.2763547339544918,0.1299861049519666,0.3590008224449755,1.6738675056497203,1.7734547123639957,0.19959502084255762,0.49285394356052475
2020-12-31,-0.27167987314330033,-0.05844441664331123,-0.20356642070057643,-0.6179792180751238,0.1596624212233959,0.22274862962622663,0.5683290249767443,0.024921928880020986,-0.05694644642855865,-0.8442702310626178,1.0621522660195701,-0.10517087855657827,-0.354855234049985,0.04712489318461395,0.3994113955740758,-0.13644515844263777,-1.2526866345198877,0.32793108072090893,0.11369541029685959,0.21949957110995943,0.010869033578959405,-1.232727176544108,-0.3617619881239697,0.08678909437418711
2021-01-04,1.154960402589175,-1.375260934015808,-1.6071144235060917,0.10715598555047245,-1.780161728793584,-1.1792413865198537,-1.2819492591195176,0.9597643076832981,-0.6283825025512878,-0.8077590907545392,-1.4295013901372602,0.35845788422761543,1.3665777680326006,-0.09744578643829627,-0.06686736913125872,-0.5621920540989401,1.2538794197523473,-0.44092501383248567,-0.5935769854676006,-0.6813906156626877,1.2813543567221934,-2.2993289813459503,1.1770061225855821,0.7863092066152114
2021-01-05,0.46447560168936725,-0.3112168949607641,0.6601576126037055,-0.5158091029794946,1.155195182552891,-0.38521319022733996,1.053672643839869,1.2670760977501887,1.0539503851881369,0.17193053984350148,0.7664227274333536,1.8837463686359943,-0.6243863965526243,0.7842167849581039,0.6269043345031962,0.3310908187853164,3.3360676370048776,1.2178369664734028,1.524834088698525,0.03082512029947033,0.4701902976500663,1.5225289641451816,0.515842589020276,1.4569487674773525
2021-01-06,-1.5325477280454889,0.8099712947777024,3.229146926188221,-1.9149288442550727,-0.6235547632444243,1.5599948976517386,1.0277269241307756,0.21581766630051122,1.4166465848820349,-1.7825659824739648,-0.09507374367050056,0.7455832591415686,-1.6975744286691388,0.2324700587162892,0.06709278444471613,-0.13230974340572255,2.264757792963904,1.2685949304710409,-1.1022019349749803,0.041066239145469564,1.324251244726058,0.5348259324836296,0.8217874979780068,1.7962681972630385
2021-01-07,1.0452441202950928,0.4009256330219917,-0.34464041205742224,0.7646627483450584,0.8685536154595814,-0.1616677929793113,-0.81302627463571,-0.6254693845737787,1.30456299539644,0.5418709157386291,0.7193251939135403,2.9952442206519923,1.0093228157764877,0.1612385365009221,-0.5872990194235238,-0.46487108188167164,0.06273121001819262,4.062430914959157,0.4243584622485857,-0.46862291719336535,2.6741869651956183,0.7853126830852861,1.3048950232552572,-1.0550991423677007
2021-01-08,0.6497066354898291,-0.4552892577835528,-0.500512442010379,5.786347328392737,0.68114783041054,0.030560559659608133,0.23859143719148307,3.246375895039462,0.34265298865096855,2.5713732763123973,-0.7892794148366613,0.8949561724220713,0.11194254715660759,-0.0010353892033076585,0.23191331539338977,1.0943498247115107,-0.1237678775249889,-2.1254737584650125,0.9655321442957685,0.06717073667209145,-1.3315048341118174,-0.407402195718893,-0.022604739452214438,3.144080668736092
2021-01-11,-0.12944105330727593,-1.0040694773178094,-0.3004395088792103,-3.5975647143827376,0.1946556887918529,-0.06567683181717131,-0.3484808571314002,0.4775130250745987,-0.47539732195839446,0.8305838980889023,0.005254293305671557,-1.9340257429304923,0.10261768677274745,-0.6797330287873725,0.9669162274413219,-0.8947694883807844,0.025485793597127958,-0.825198171668207,-0.12962139466177275,0.252345226996639,1.7441074092065658,2.7190328899730924,-0.5274009651893508,0.7042421508270486
2021-01-12,0.515080108609158,0.8164049404352771,1.0736354892567406,3.4718018934880317,1.1399066335210921,-0.3555508129158945,0.9652522400328993,-0.5318389906567317,0.528786250559142,0.9284913643291631,1.628590160349597,-0.6769542341637078,-1.021731446732116,0.7469020772175119,-0.772748014780671,0.02840748649720328,1.1449248010753712,-1.4294045015337227,0.042904765416826564,-0.8733005672456666,0.12069354480350161,-1.6331830094530173,0.1632396885282866,1.2215709484472193
2021-01-13,-0.041586472912371227,-0.060857862014673046,-0.6500169587752955,-0.41741736490153747,0.5814895416474691,0.07908124693065041,0.1757283738957067,-0.5670680198656836,0.8519482320994256,-0.2824720453762625,-0.28191308693858674,-0.18648815139280023,1.3681362010271814,-1.2030566489782362,-0.22984542174447523,-0.6572693251743187,-0.6483496305154941,0.4897481478782472,-0.12452135080621925,-0.5993543926200974,-1.7940648112367306,0.7551219171909824,-0.965133884509276,-0.6285087181256032
2021-01-14,2.756138133628006,1.5739395783868708,0.5134114781406809,1.988150746300467,-0.03072325361804226,0.5363183023351269,-0.42886894838348866,-0.6972201057872353,-0.3327186685578193,1.0213183563162662,1.2631401854282651,-0.8890166218831329,0.07478407462588665,0.7594021051655094,0.1714267371349928,-0.9647368988812189,1.2060153072541884,0.5347504439098748,-0.2926411360688394,0.33457946800136534,3.213028445014312,2.9270930868889495,1.3389541266042129,0.6876579483280674
2021-01-15,-1.6092381301108165,-1.7632033751745189,-1.7924295233641478,-1.656334200384177,-0.6133965207496713,-2.063818445945134,-0.5203501665929394,-0.19950762047593829,-2.35095950685302,-0.06052165476184981,-0.5053364630165477,0.07732933350895983,0.8389595363331649,-1.5191424940278564,-0.7239080778676584,-0.5562228290389932,-1.7874011406841526,-1.3884476569473485,-0.7568218690478518,-1.567220962916078,-0.6005041662490774,-3.567604471471468,-2.250470370827156,-1.2477649693472934
2021-01-19,1.9324338429662502,-0.6049026619339485,-0.25639318480477813,1.891186684268537,-0.015995811910191057,0.20408398261844243,0.2953475003346311,-0.19995763832516478,-0.06802233688853535,1.1239707482925516,0.2094373552878475,1.8026528857870816,0.8182227134105202,-0.050653110361994554,-1.092823261010082,0.9929417563066402,0.570860053885785,-0.6579153259500572,0.03943657398459767,-0.17460949293868694,2.5749135572562203,5.647451540930256,-0.059647297227440506,-0.5510770203230387
2021-01-20,-0.06449270215221493,-0.13128341204670796,-0.2048894328687876,1.642474990578529,0.17388419283614392,1.1557673558000183,0.666470621289186,0.833515303447724,0.44132969554063994,1.262668992981633,0.34572347276227866,0.9694028311447069,-0.9428136759730327,-0.12548477211548947,-0.014376507921402732,0.24580710366816105,0.13599259615167172,0.8472548652512859,0.28589990743965027,0.9528844684042139,-0.3412622870279071,-1.9858438808911347,-0.2940403963343808,2.104326736376592
2021-01-21,1.8003830483460612,-1.0415267572428295,-0.20596900929828454,-1.3977981592507416,-1.3364409066761886,0.7300137706900235,-0.025491817542465926,-0.6668969959259101,-0.5776436851815334,-0.8526518686631573,0.05015017092247352,1.0225987336670697,0.42969637004555067,-0.7600115115111487,-0.7326775032164125,0.11058936126174954,-1.2566654105257091,1.7866311958222076,-0.22807480134715852,0.686041385035439,1.4197825166076248,1.9384784135283557,0.0302363903958556,0.07252168608139076
2021-01-22,-0.16387781118800482,-1.3690998148251192,-0.4762141667314522,0.1368383215791557,0.563444696361688,-1.5955206045889372,-1.0382935742512147,-0.10532405463863914,-1.1965706597927301,0.41043472185284097,-0.2991488608270558,0.2082553795575307,0.2278556947152175,-0.8877909691813831,0.07884717566028251,-0.22067741202781666,-0.5953987868889072,-0.36906548702504366,-0.7993266410774381,-1.8119907182583417,-2.1841874488021205,1.1290682587292284,-0.4792350807977868,-0.15293237407348975
2021-01-25,-0.21122765816863603,-0.7407715471201796,-1.5889307319736137,0.3376409454131492,-0.4604971363403889,-0.8586784356830816,-0.5259990863895158,-0.8654501254639868,0.0351625330474581,-1.6322319411791235,-0.21823236080236658,2.4274569239234816,0.26112145636964246,-0.2674779394721243,0.3800367958966769,1.006520423517215,-1.370196379656101,1.5096502056495908,-1.0168011481462498,-0.6839747075428632,0.5311820711216406,-0.34732851525823916,-0.4864372347434006,-0.9781489733019102
2021-01-26,-1.674482086745843,0.6046635766181292,0.4533922385056003,-1.0400867987416829,-0.6967513839498654,0.353922101819194,0.18128668218254215,-0.26611427907430796,-1.1564698275509397,-1.4511308125470195,-1.047898270362162,-0.7959384060990472,0.03686361499879432,0.6863353326214318,-0.5953962174911809,2.4153819497392064,0.2229908657860944,-1.3739586062045712,0.17443075523020068,-0.4244217428451981,-1.7366648940031362,-1.2731564485412123,0.4011419827728084,0.33842088368047707
2021-01-27,-2.2611613589170894,0.15399034409132548,-1.6916338586887028,-1.8276054838767657,-3.104572531445037,-1.3939115918702174,-1.6771456438746988,-1.2718493161265885,-2.4860997610385565,-1.8567741451846027,-0.4622320569201785,-0.9694947735340977,-2.939361465109236,-0.02714812630577368,-2.265534779475235,-1.2542472041134436,-0.5374370815585551,-2.0033365494466806,-1.5067640924965418,-1.8507225829141902,-2.262347091462613,-3.224819465071866,-1.2432199313862862,1.1166631438807864
2021-01-28,1.995539622637816,0.6642609105273213,1.3714420080188514,1.2791613710339647,2.422795380779453,0.33419973519794743,1.8319780994345145,0.5107060720654946,0.42937333175788805,2.490928254710066,0.9219141671150268,-0.657252122091823,0.5233918424252829,0.5421701366871435,0.2288123481939079,-0.8361638063870757,0.3424552499208483,0.29501409893689284,0.298732886303157,0.33828125279937,1.7793147954380946,0.1924874023051627,0.44963069017079876,-0.8818226531641857
2021-01-29,-1.228165866467508,-1.023643358956059,-1.4730466927494086,-1.6372825228140002,0.038141590895802845,-1.1857595679359587,0.441346197666928,-2.5584454690856457,-1.817922569593781,-1.3364289849507824,-1.8686771525879864,-0.8041294082202178,-0.9378226230046008,-1.3128237068825221,-4.0272783294512795,-2.0452502224910325,-1.8003514941663754,-2.317586852910032,-1.1118415556434451,-1.5704178050282562,-2.001381591877676,-1.1524206116556501,-1.1573837913249045,-3.252338969672284
2021-02-01,1.7532060965075313,0.5246799568022339,0.6966468685409477,1.1554254348346784,4.274541057267555,0.08323304474113467,5.168424918135537,1.6251101518403597,2.6386319675540704,2.2421348443700966,1.7257466366520098,1.0641229112308903,0.6873873775987883,0.6103095576488747,-1.8864004159384933,1.5921866489373193,-0.3674904251876871,0.7667564185638392,1.4779968649944883,-0.08744832496476355,2.24611317578174,1.2505950808814643,1.1266872709031412,1.9866935631208464
2021-02-02,-0.13198507438034524,0.5462723126741761,1.1318788643765925,1.404971610639909,1.4049759482647064,0.8701340993697142,0.8423357340597772,0.15435465593270978,-0.5138328368890798,0.20261658164340374,0.5247835795434683,1.633721623915579,0.4578796942936586,1.4071187235657359,1.5866902903239974,-0.01899321810409214,-0.6189656943829827,0.47890041581153525,0.3251758355820026,1.4815768702620817,0.7164028463210455,0.7048524084471964,-0.6921670536988005,0.6964099340454013
2021-02-03,-0.9929947814797311,0.0783290942565495,0.7224362519627239,0.12485169721424902,0.07830912064580987,1.9961688259200083,-0.2789579019060878,0.6412757131785017,-0.21220884505237794,-0.7946122075409692,0.6713001619630062,-0.18031204954934937,1.2231041626584764,0.29668566539885743,1.4122672032084749,0.4759444750938914,0.9882452974193588,-0.38683292852743867,5.999938769989125,2.655267360595865,-0.4696916474546874,-0.37255698520545144,0.9619079129558447,0.33788053871653373
2021-02-04,1.055319279033182,0.7212020154612688,1.0844704107918754,1.1252295578987395,-0.38064540014567055,0.3975247109370357,0.2532414284023501,-0.2370627271617929,-0.11545167187663372,0.3889036990559237,-3.2876612914882073,-0.24854251221255996,-0.7217531807140197,-0.22401607243341964,0.7396259150748287,0.7739550588017952,-0.3948705111494303,-0.28654201233244386,-0.25763607756661105,-0.05237163299583145,0.22246698855876773,0.1413055664945565,-0.7433446101682526,-0.36597859607094374
2021-02-05,-0.28461182880087893,0.3579941478076851,0.5356145655136211,1.7736117366764546,1.4540474589091434,0.9262311270414081,0.5017415074471714,0.0872354285883725,2.2314172422732805,0.4201566881771342,0.37216201911451746,0.5183960934616847,-0.2427405560303254,0.5164116515794867,1.7073601326840597,-0.9623614335818009,1.1911212602418526,2.3354817286786624,2.6491108865166577,1.472775551686824,-0.22168451540070938,0.7404737494988245,1.4155307296117552,-0.1908353285703331
2021-02-08,0.9203133562985738,-0.5590649475656313,0.32104909393997866,0.9498435610576822,0.32877706322221223,1.3631048203677512,0.19854492575419505,1.0169217338481635,0.8035697587961089,-0.36968033322376714,1.3400544411693143,-0.004298792233934507,-0.4914072128882679,-1.1477124203614288,0.2537541368365432,0.5478432329497116,1.3850567374756069,-0.82560833812314,-0.5483724892785939,1.0488097422515597,1.9800900950359905,1.9263726157505918,0.6993788309620609,1.3850900577791125
2021-02-09,0.07523861526745318,0.077104696855838,0.26693986329766933,2.583414745637125,-0.7267973066398815,2.048988030318106,0.14796841537727612,-1.0695788939887818,0.5187945911644414,-0.48032398211325544,0.8519669219457578,2.5124062884134184,0.2958538473951706,-0.8546998829690744,0.0018286947152107121,-0.0003559962406658066,-0.39107457135508683,-0.4572093753770637,-1.4306635302988588,0.5240431318086066,-0.006106984019949172,1.207452059386098,-0.023808930928503575,0.41622187062151833
2021-02-10,0.06546304778573271,-0.4231714104916336,-0.14868930905899166,1.206136490385265,-0.5246624056728731,0.006511665790839225,-0.2983771107006213,-0.49772752099427153,0.25537913471330886,0.4708252076430695,0.4419624719718232,-0.44976151689698607,-0.11994228128818163,0.36442370791915946,-0.1929291359194685,-0.896948077028487,0.14455715348242865,0.19626789176190862,0.25926890578570305,3.7529873280478543,0.3615759867204361,-0.8627688575816178,0.011962616073815508,-0.5307666300055913
2021-02-11,2.0128250207316176,0.14961242570341243,-0.4636183124477434,0.7255135573718732,0.13829301435065083,-0.13080419513288014,-0.1750634879511901,1.024722342675182,0.13803603042056362,0.6431570506922146,-0.97214438301019,0.3860972614448345,2.3440381105460406,0.28268350413542487,0.35828043968053935,1.3141076509753822,-1.350511488895539,0.39570229115650224,0.25281220839711566,-1.3148840504153343,2.172240002486098,1.8237507848396735,-0.5106921200685444,0.3309528816276971
2021-02-12,0.475764762455602,-0.2819513893959596,0.26918914021337537,0.4416292448390985,1.3190196769440392,-0.9626063779025702,1.3268193450148724,0.7213338022348431,0.5352227219502137,-0.032163787513446236,-0.5738535932636674,-0.14371322865924857,1.5474508892820413,0.050229991162522046,-0.2409002189893082,-0.29260985241053084,1.5733889738567715,0.04483837023317967,-0.25750241632912796,0.7394908294276418,-0.5025693549729239,0.6967698116930465,0.22944146739235266,0.9240557889084566
2021-02-16,0.36299604784890904,0.22211494721785527,3.0319106905784037,1.654860616785893,-0.018176056525129762,-0.41309982483544566,0.022907852172521496,-1.063273876497841,-0.711621302306548,-0.10380287831645896,0.2569907875218106,-1.6054841176277006,-0.6741546160448966,0.38040237519271036,-1.5607095687907635,-0.5652015930612195,2.0903260426282952,0.5661094341941244,0.6112323791366697,-2.0208606699345473,0.7362133760991858,-0.41543490318839044,0.9358803784586411,-1.2971557565677745
2021-02-17,-1.32448597247292,-0.21019336482500292,-0.630171086037742,-2.202817305810763,-0.8759670315164635,0.5190212541236193,-0.4141749378314323,-0.5273657864650615,0.33146872972955393,-0.9749510298563855,-0.14996350588413893,-0.06417199159511243,0.3854915648636283,0.5488236064976403,-1.1701124123130269,-2.142064107888203,0.5096977263011448,0.3646704655900604,-0.07644821552731822,-0.0005297302616578319,-1.584236558397168,-1.6417850116676913,-0.2872929953077199,-0.7980255458169814
2021-02-18,-0.47768959004191847,-0.4749147361463774,-1.7065213109470514,-1.402305581839261,-0.27977679754670787,-1.163945453964639,-0.9626723412089339,0.6992111573040145,-1.5981003248612788,-0.03007754291823043,0.13068889420225696,-0.8500077114394907,-0.44127695906211895,-0.2495822022041872,0.04529066958178585,1.1208591506014673,-1.4489021782156737,0.1667101986608888,-0.6999501390451458,-1.5926715739279136,-0.7348786246110643,-0.08853283420664766,0.1877826424722168,0.7699274884625714
2021-02-19,0.9309107757817158,-0.2888327736118308,1.7699981043970507,5.262048577557202,0.8037211321500571,-0.4911845994289041,-0.501699068667971,0.3088493176953298,0.43181369932859576,0.3180204938769511,2.790895882339626,-0.17605170723523,-0.8922844300165442,-1.9955736539786115,0.43520294788482317,-0.9117593486070309,0.5996238300903138,0.14181917687630652,0.8767155779987239,0.02562652575816833,0.7726433320842235,0.29543435336268925,0.41263731469996817,-0.18733290566096655
2021-02-22,-1.3719803529460324,-2.7693072040447717,0.10560830446404941,-0.48365799167074336,-1.7960181413108551,-1.4359298471495556,-1.1485843380544225,-1.1031753372558961,-1.0942553528635408,-2.4032028631690756,-0.6250170368362689,-2.142880344106412,-1.1800834579908244,-6.367985378107113,-1.8445708369262201,-0.5482843084334312,1.0908959653042427,-2.1946521670743473,-1.0953395623289546,-0.5977649284819374,-1.334125748727814,-2.0890207323833074,-1.2245556193703901,-1.0649913101812356
2021-02-23,-0.25849885658121863,2.108420456261775,1.9311504809813553,-1.5967152566719842,-0.19561984359949436,0.3700255019649335,0.7687618090417586,-0.7935751469336562,0.34396761104139484,-0.3080963650581536,-0.38342104892843354,0.8872683634230776,-0.9725049105055347,1.744761385176338,-0.014376507921402732,-0.44476116835165924,0.7999670331242517,0.24762711757701228,-0.45074085055678237,0.12412814839575614,-1.956023650808508,-0.4929678266523438,0.6533920054479873,-1.2651832997008845
2021-02-24,1.5187012341161683,-0.14538465239397044,1.34911413700859,-2.369809242099382,1.7383549496521307,1.8188361498232182,1.0281322472636192,0.9351596125891308,0.14241521361674628,-1.3156621065121517,-0.15035773020131907,-0.9524073696256992,0.40552076394376774,0.7848789345212612,-0.11937586440415021,0.8102257447092563,1.5739075227990682,-0.6897386461317806,-1.3980336362589918,-0.17039441795337806,1.3026982740203996,1.0200816777224768,0.25748890105613675,0.6149463535781451
2021-02-25,-3.0218546345986117,-1.5458373983039282,-1.083725208740046,-1.3072851696174526,-0.5051581995470759,-1.396199537300926,-1.3082230676656728,-0.9873619102874812,0.26130317622593463,-2.2219987443108007,-1.2820079497431058,-3.1263923770099264,0.09010049359284222,-1.4325570040980975,-0.3570621183801416,-1.4254905431613247,-0.17706106954154055,0.325538353567244,-1.2803059561140806,-1.693152142495891,-2.777431326664563,-1.5179857716213943,-1.1636167048093897,-1.0056306934726809
2021-02-26,0.5776995754598906,-1.042201443547278,-0.6564414352386319,-1.4826789643031721,-1.8505215557096342,-1.3032824628417279,-1.4786320927529601,-0.9364649460059037,-1.5765735594260635,0.5064508930281146,2.9121306160966673,0.3906088927661142,-0.9954808190027308,-1.1352793206035678,-0.5815169355898218,-0.18778080291104748,-1.4438790407956792,-1.4937393545557274,-0.6827549098952368,-0.73146949780114,-0.0872078284710142,0.31570084900549417,-0.9262684867845873,-1.2086340289060713
2021-03-01,1.3370522595631826,-1.4155057046345143,0.7644902115312503,1.6772822916972978,2.002008252231419,1.9618276808849304,0.810769721445562,1.7316001741951443,1.196231436972686,1.562471633059056,1.9523680271799104,0.22570522573192758,1.339216809669624,-0.41300107495354244,0.3938661436668198,0.5106181197429037,-0.02385219864098036,1.1784777616747473,1.0659980492193653,0.7222696623986706,1.3321700290723175,1.1089078660015095,1.1493884979531332,2.350570991854215
2021-03-02,-1.7845992031022726,0.800093064756305,0.24098632074651574,0.8533786645958923,0.4008146794056078,-0.18411367140685575,-0.2590817819879563,1.1103298877985142,0.7241283867696626,-1.5604972193833446,-0.053168126975520806,-0.20380622864561596,-0.17013628618714352,-0.24428239547097078,-0.005532747312726407,0.4327303648450085,0.6319776926293935,-0.10711499084530186,-1.1929452905376734,-0.09438418335603989,-1.4269930335241456,-2.944287910587445,0.7414356385408788,0.6941911192843898
2021-03-03,-1.7706485373237368,0.17254368610208473,1.8779205176253178,-3.325515749865104,-0.2303210095373091,1.142318283433275,0.7738927059321826,1.3356485001263454,0.5712293777508263,-2.634571048466901,-0.9393018569893656,-1.0925467869407022,-1.1053052166864819,-1.1053980506531305,0.4170169622926336,-1.1147670622038466,0.6360277353873229,0.42741159297486087,-0.6805049114371863,-0.2267933855345025,-1.4523135348639549,-1.7153530730368318,-0.12926013048503684,-0.014049028677204995
2021-03-04,-3.1079227789969375,1.1497251379934508,-1.0779825444288225,-2.552459169577171,-0.8277472943992122,-0.6537199680667879,-0.5137108166926262,-0.9471074566812951,-0.36957984726969856,-1.7114339872939839,-2.193405601064244,-0.3979554065985612,-2.0438319974779513,0.7165970502356803,0.725799123684462,-0.5592347722666331,0.43945748733270557,-1.1048623158190813,-1.423463320045183,-1.0817437819910218,-3.470669208714489,-3.4297208962155747,-0.684012488427307,-0.27860364337754295
2021-03-05,1.496179731890169,1.4219898881269588,1.5360853414450675,0.1767286823266823,0.5987615384690379,1.8530262810760103,-0.025491817542465926,0.30227681312458,2.1887530099708457,0.23797008653987953,-0.004810118872211031,0.696690292641072,0.3129529123700254,0.45541576294463776,-0.431095682308851,0.5013279309949862,1.6500885738645439,0.5088391350028507,1.1243487391783304,0.8658886308174979,2.394183134017759,1.0431119398297457,1.83874851958812,-0.5468935547004175
2021-03-08,-2.4017956220926124,-2.140894736244254,0.8812587151138905,-4.697197311442026,-0.7691475017168803,0.21372304014558854,-0.4930802973255056,-0.9878602309443073,2.43717237843007,-2.589603925715702,-1.0478536274595205,-2.3592756766689895,-0.7492814112891825,-1.9871969475418267,-0.49589938494110036,-0.023977482791477742,-0.5740348009790888,-0.9851722252498932,-2.0612831079686056,-0.17984163444143267,-3.320993679862051,-3.121011728332923,-0.9450220480585859,-1.3683804422082173
2021-03-09,3.431748611016486,0.8170202460653821,-0.25331068936297085,5.093822502330141,1.3424052839613418,1.2366230582449533,1.4131654814171497,1.894237108812508,1.2862444793449614,2.050297060133582,1.7746495651863423,3.1532826348831184,1.6635395119565277,0.22287427160930778,0.029568448884679986,1.5355444168625199,-0.17310042916193924,1.1028600266300586,0.6104456643560036,1.7156121887107765,1.1240391588865721,2.097880394480124,-0.3932335616599195,2.2255968232347074
2021-03-10,-1.535006925219628,1.1098090505348357,0.22414069706115125,-1.4030525792344002,-0.21606361605448893,-0.0838573509323323,-0.25354421985415376,0.2026612476154591,0.32224387993257214,-0.45422645321936705,0.5934244564409414,-1.8564148203062325,0.8515589435503078,2.0383230405356434,0.3621600321036785,-0.16489583502121277,1.350932548060126,0.12250907390183502,-0.32957532946442514,0.15096726122432816,-1.2942933479889451,-0.5190540994765688,0.38138724680523145,0.5975810035898125
2021-03-11,1.864960043858901,1.2997688584808653,-0.21002582126183914,2.6172788779158975,0.46185287757000437,-0.6978632292277802,0.4545591920171363,1.1678740202829048,0.1930162638621265,3.1808886859542005,2.120436793462996,0.9750416098345369,0.08219871435979492,1.3761776627101647,0.3074955488763211,0.4273417100106916,-0.5100758297867517,1.2064916369394978,1.0881921203856466,-0.8187979572323627,3.147038946208054,2.421825896072227,1.4275069801940747,1.529183913076457
2021-03-12,-0.6622202002831848,-0.4450425898817066,1.754982596386777,-1.2074294986385172,-2.024439189146136,0.2345347285139882,-1.5857625107640896,-0.5538194353535186,-0.891494287370301,-0.5199667863210625,0.5870495612202461,-0.19984718743782912,-0.7977124819026621,-0.43016742823178783,-0.5986636417490093,-1.5014260082598645,0.47737649789848274,-0.055108231560906405,0.6369882434092866,0.06337245336304656,-1.1236320441694727,-0.24617571317266565,-0.7144980044316461,-1.6442526147905459
2021-03-15,0.8029473962817609,-0.06980988632246551,-0.07654754889396968,0.19692343551069158,-0.004039530458235325,1.7370390898686583,-0.4441097977259629,0.6779784928034628,0.7324651620109193,0.6677086302433735,0.8873824336270759,-0.35866984048208567,0.9090500284430784,0.2308795054412524,-0.6228660591974218,-0.5411838274546792,-0.7965691445124273,0.6668093301789456,0.3634989493213532,1.20600854671341,0.3052594899416304,0.05458760723847846,-0.6941363231119779,0.15976395256179898
2021-03-16,0.1403082302353667,-0.2987638582640922,0.2989598220130159,0.1915002705584106,0.9769721773633745,0.07303867617815277,0.07953815927870332,0.4919467382511307,-0.24853905232070303,-0.7518564941123911,-0.1566829164909203,0.40786455831394597,0.44631495938201726,-0.2662414477292949,1.2304164644224165,-0.31940035263630556,-0.9847846542036091,0.14324601934346787,0.5287779736632451,-0.43935879843640535,0.06543212743964803,-0.49904766762921304,-0.09760398811977859,0.6759524496349486
2021-03-17,0.839551210225457,1.5029442066599425,0.04858053891096822,1.5251502395879737,-1.818026778405149,0.16151761083110347,-0.8194165511629672,-0.7263509154540997,0.8290280655502635,-0.3448250093877908,0.3207408869514507,-0.053870472493391025,-0.7983053564800169,1.0445180436178954,-1.7044703825428222,0.7044848928987494,0.4899084073547189,0.26595566936527865,-0.3662293800706193,0.7686012835070437,-0.1272152567465658,-0.4526344274908576,0.6662969999251995,-1.3147431471453679
2021-03-18,-1.8574812917596562,0.5867215631493476,-0.6624599044701751,-1.8078076040945017,-1.3608674898315958,0.11700220984884481,-1.4642460607139793,-2.2377101709329974,-1.0009142080417295,-2.492994143123645,-1.353259222313207,-1.2498540804809917,-0.8075280669276873,-0.6497483140359201,-1.6120365320545766,-0.933488990517685,-1.8534780374139024,-0.8217063351356426,-0.34807342253519413,2.0358045455230847,-2.094758827112777,-2.0849435607061895,-0.5133055924177042,-1.7958666381392259
2021-03-19,0.6825170887986399,0.3639483735196535,0.6765747802694871,-1.1258055385525891,-0.03796625542859337,2.520738374225801,0.7675972143919946,1.0960798772086768,-0.9845289658851979,0.27011828895620243,-0.06007836962385515,1.465494301957725,-0.5392067474762099,0.8392947646119936,0.9264080315975891,0.6718884588389127,0.3721569584249489,-0.1547108942115229,-0.0935823042407734,0.40805810024855127,-0.4853709119104801,-0.09928881432018677,-0.060776372520573156,0.794674413413582
2021-03-22,2.4192782139817868,0.2896407077239642,-0.7046573149776338,1.3260705187626889,0.3132802241873124,-1.9798173585974466,-0.7083296822455188,0.9242613616962511,1.8465461530932987,0.6212571930234869,-1.2482422508789095,0.3173505844552592,0.582370577607434,-0.3856257642820134,0.9546015569324615,-0.12861841108073427,-0.6847619835852591,0.6160234763422572,0.7569603381916964,-2.0911321327170875,1.65230671653871,1.7393556152494172,-0.4481793631689123,0.6953032595597917
2021-03-23,-1.5207205681936933,-0.49205725341793555,-0.716863339372296,-0.6900899506047427,0.5678682478242317,-1.9946540434038715,0.029525859681854005,-1.1312950938964066,-0.8043284051200459,-0.7687340706523352,-1.6514022342488581,-1.3259599770033128,-2.809700533095547,-0.720680663818656,-0.2996503711400112,-0.33398582398770876,-2.5575046669310244,-1.7853821021065979,-0.9391750369822297,-1.6449413393687327,-1.1596226046641254,-0.7197792318872395,-0.8141432482958738,-0.7234013169142017
2021-03-24,1.6310467607445398,-0.7917530251968666,0.5617506736347436,-3.5682727718110994,-0.812121500894808,0.25429551813258383,-0.8581373555272503,-0.19540436726523785,-0.1211428431650082,-1.5336024877369723,-2.540903669882666,-1.4883017173301192,-0.9068330553058948,-0.46917660212380047,-0.1575934365849084,-0.6386963961766953,1.2835641092062318,-0.2344146072346691,-1.4568773074922934,-0.3755458806433739,-3.0115289893673967,-1.6416781402158684,0.2028101203044914,-0.37206096089914437
2021-03-25,0.39940644950938875,0.3708895764595817,0.679917291962794,-6.245527340452075,0.06026539581094703,0.2533878049338523,0.8071537204423184,-0.6581468029633195,2.4104564587828694,0.3304438869629802,0.9886071782617443,-0.4799080425810476,0.32432341296791384,0.33417081160735024,0.5207021667650368,0.1781768547086459,-0.5990715690218298,1.1834213378559206,0.10086210018246644,0.18331969542918905,0.6956101198462233,1.914412568556038,-0.6749182218575055,-0.7369131239958526
2021-03-26,3.296635607964221,-0.13953582744949444,-0.2020518729818417,0.7854502597183564,0.8384293051824486,0.4530874747935412,0.7916307197033039,0.7564842727221659,0.7067235889286017,0.6994916050467822,0.7139796326639739,0.878869495416124,1.1578778086689028,-0.0010353892033076585,0.8918624022194098,0.5987220192723318,1.1559891680549714,5.414090536103701,1.350831639445662,1.1656626428758803,2.9374375755078623,1.5819940350960238,0.7574952058981604,1.3338727238884844
2021-03-29,-1.446570810377823,-0.21347137542080538,-0.24526815323765697,-0.7525038260430312,-0.49526782897365074,0.4110910901257305,-0.6505838061429206,-0.9344350307083257,0.5336531470799595,-0.7679908336702544,-1.574348897823209,-0.3633893086256655,0.5599144047958265,0.13189962290652732,-0.2241692718363754,-0.1490483984983447,-0.3444524404176646,-1.5632487797818087,0.670316528769822,0.7569527887399232,-1.1070835637111867,-1.1583267737924734,0.40621510495672974,-1.0898181957930888
2021-03-30,-0.5933731744511822,0.7319247834496383,1.4987977781723194,2.562051601926968,1.4040492785154632,0.2079041505420561,0.4644707499489186,1.0930245275138046,0.32241146572377033,0.5772066974442157,0.7536665021547945,-0.11209235271906422,-0.5110262325297783,-0.0010353892033076585,0.09062284856134475,-0.47637528503364035,-0.5214964882475531,-0.5015748870849726,-1.0978113761896704,0.7053160970116341,0.26935888112906087,1.3654616391941983,0.10555905785605327,0.8838334061755376
2021-03-31,1.2282997569954661,-0.13799840987776904,-0.5255631027787825,-0.12096224459133556,-2.257803572859644,-0.2845650515676395,-0.460740402332986,-0.2861605243735172,1.3349863285419437,1.0446039604865078,0.27113172445034306,0.09855987788113225,-0.505253119095205,1.0713557549238226,0.22112136298496496,0.6084110832058737,-1.124058719046149,2.049596651121922,0.6980836324219207,1.0885917170913613,1.4713632624816102,1.0322240218750895,0.6547803012295044,-0.4612199536610999
2021-04-01,1.4761718197544353,-1.522002561129891,-0.1581827556736169,0.39685755331358447,-0.0027007462646444465,-0.28584064063790887,0.46385481340759704,0.8357099348459804,-1.1807824387139345,0.8761919495686805,0.4493222311831636,1.2171636042118807,0.1830770137704219,-0.6785222333758381,1.130740494370816,1.4416025948315896,1.2375754163206725,0.6347887629507774,0.36769609119897817,-0.9915821427890877,2.9271074742317915,0.6744056420178428,-0.48170704753963856,1.4047060546530037
2021-04-05,0.20410053788261143,0.30662508608554595,0.5826088535256844,0.4722258200803203,-1.3946367526174104,0.8130125986367829,-1.0650549341416542,1.0292325230300214,0.12549052913879077,-0.21372237733115848,-0.6518244984789467,-0.43371928347881733,0.5793826399634768,0.3559606603044035,-0.5279299279880483,2.862300743842551,-0.4754266708335496,0.5832820828637154,2.136175156751067,0.5958342357841737,-0.19468206267496355,-0.33239539008446933,2.0635313908046977,0.3351816465027591
2021-04-06,-1.0112447828702034,-0.21928583159123327,-0.2797272075398037,0.7625330626841343,-0.3351788105182861,-1.8446859814785506,-1.0053018364005413,-0.1310689081318412,-0.7103232850630666,0.9960073830900764,-0.45057980357482685,0.6024456706295329,-0.3172449226368086,0.09550707596903658,0.6862635982593288,-1.5976696092092237,0.0634835249325537,0.1748375449978278,-0.7637456288130265,-0.9085620290684956,-0.9897134355016726,-1.458114958974342,0.04583365533745903,-0.10115713790695031
2021-04-07,-0.16548524023941244,-0.5255331626270653,0.4161514019647991,-0.8071553787905363,-0.6519737233195175,0.7123052679370728,0.284817349893762,-0.4278398544056024,0.17055919129730573,-0.1803662431710214,-0.9175120527405127,-1.4933843485177867,-0.17003332014955902,0.03107910548415363,-0.3379268244322604,0.6173589607007242,0.6624809625380089,-0.297698023028015,0.40519946511873695,0.5112607073527283,-1.2325934205504026,0.20101948199526756,0.5748504625773561,0.07305908055254032
2021-04-08,0.9687525482580742,0.3864537405351623,-0.07444268710882969,0.853507734430637,-0.26631278850651424,-1.0204614596813673,-0.4775754219481764,0.2836860121954053,-1.0057081775042092,1.0078160944688075,-0.10156212216469938,0.5442832512706894,1.2072056534005051,-0.16194742391007844,0.18168773813522832,1.5620018445940744,-1.651528341251803,0.24261125838908967,-0.5505963035928158,-0.7013989997738451,1.5596510602432974,2.3487872039702693,0.29726988232224316,0.4194945315752293
2021-04-09,-0.47813224251757214,-0.3745321581423099,-0.5266045052340328,-1.267679083287043,-0.4231384476900023,0.4877068673801305,-0.19623667041464604,0.6043214282409732,-0.14880465511994853,-0.11990382593377147,0.42804556596754983,-0.4134581395209789,0.7448962407290596,-0.26051826025451547,0.9385704085920555,0.26121247697511757,-0.2178713871650158,-0.4561692452312235,0.8841847439490842,0.43559757348116407,-0.3456095653180371,-0.3263127721027272,-1.0454237659749552,1.0979596743768993
2021-04-12,-0.3529412786747404,0.2347621305116193,0.5814844930855393,-1.0153259078277252,-3.767141604611228,0.23446068514467347,-2.9737217156583435,-1.2838547250989187,0.45071654467677674,0.155221412825095,-2.010946162491065,0.2671187910516794,-0.6353408907570821,-0.06629349281284844,1.57492684309561,-0.6593739552260743,-0.2576202741162886,0.7822353195980951,-0.24255494001380012,-0.12290655084475235,-0.928947318121983,-0.4226418282401128,-0.23195325126461944,-2.9695751182719885
2021-04-13,-0.1549976799180449,-0.07013905254140591,-0.40244309634762804,0.45295165544706284,0.20020394669415734,0.3016946811021533,0.8201997258095108,-2.2043308655887857,-0.1368759215371199,0.056203156807606285,-0.2721107649801361,0.5070296584825285,1.1348414858580822,-0.0010353892033076585,-2.6247410857445446,0.9140060091193408,-0.07712037044541277,2.5356376509449916,0.17798940347631914,0.8293039308741138,0.10945546030193849,1.075411112396066,0.16808602530718197,-1.094925056217798
2021-04-14,0.09040075423081764,0.6099998722302193,0.25324198157995087,-0.0516319159426428,0.997901672981145,1.085422906598371,0.30233533821673875,-3.562196173086485,0.3820110937491849,-1.2234991016907433,0.28295055843576,0.21630721237381131,-0.2363041874756519,0.7082959605361494,0.2999256998976788,0.679454959187193,1.6582547317427558,-0.048026515120537586,-0.10065608572250566,0.20172530630240873,-0.2584554036788791,-2.0268665770589522,1.2194287039631428,-1.4879028752806345
2021-04-15,0.7938581696045119,0.08073294868261326,-0.15690738819449287,-1.1265559897301,0.7186207827295511,0.45103724996780936,1.6921572144635995,2.190502740392085,0.43372036870594716,1.1601913837576165,-2.369117404633536,-0.43260997378081056,0.8097322361890528,-0.3457137509963463,0.8676252119091845,1.420592316634053,-0.250898838718022,1.2284306836744354,0.4115470494004876,0.5225081553900113,-1.220046971259212,0.5294289554123196,0.6384659677857141,4.124467652994066
2021-04-16,0.21790727412376404,0.5981389458162755,0.9412388355623605,0.6319408315206417,0.19156252363412504,0.18350865283690823,-0.398213782471174,0.5259170417696153,-0.6513260828905374,-0.21675409833874992,0.32621798562718307,0.31709455055052643,0.5374650217120194,0.06558090813325379,0.7137690110807597,0.02503380526114828,-0.46799224527111877,0.519202642939047,-0.8403860366651665,0.10449200891821706,0.16938831521191894,0.9896506601355348,0.368030570829624,3.3552476978792583
2021-04-19,-1.2412677424134295,-2.9038298555678175,-0.2346641676317805,-0.6871764234635376,-2.8257816317344133,0.0286062655256907,-0.8098966049555607,0.20831318104725172,-0.5031867497336202,-0.5195763545118691,-0.7268869834669401,-0.028201740281130434,0.41979904491857856,1.361491831350876,0.7931031828997955,0.08216061926103375,0.0641815800017132,-0.36108490864915815,-0.5878674903290446,-0.6083396336897055,-1.6962629849164461,-0.09227824812694098,-0.1679701285767079,-0.014049028677204995
2021-04-20,-1.080729469116974,-0.8851545919682299,-1.2643348133405925,-0.36159899317054167,0.1945034435666926,-1.7613513192942956,-1.0636617075957173,-0.7666873565563888,0.3290618680148037,-0.9140088311874993,-1.3753975876461098,-0.07624859548027771,0.45940604396285606,-0.6737106970630541,1.075353249110515,-0.20384515271082634,-1.430234262660764,0.8086791949075569,-0.714607273506118,-1.1989101083409546,-0.278236967299776,-0.09233332258112566,-0.44764143106687165,-0.014049028677204995
2021-04-21,2.8926249220652607,-0.0762297370564042,0.21473477509887737,1.261736369602908,-0.08598263290948331,0.3683069618144405,0.273647463920143,0.17885658015796496,-0.3596684112975833,0.9586595819238105,0.6367383723275211,0.7660229740322331,0.7697860515891538,-0.0010353892033076585,0.3649815876488109,1.1986180293678075,0.417309895269368,0.16056003067434307,-0.13611476770835326,0.5046134070412522,1.1136411668298,0.8768103974845536,0.41954559979358635,0.3934299432292095
2021-04-22,-0.6808815974448975,0.7385434194782732,-0.7454119508458142,-0.011122750166696876,0.5909286952935218,0.4336364836179265,0.9182560911139216,-0.8370941608991538,0.006990877497931405,-0.35491438341154935,1.369404806333395,0.8279734782582697,-0.1082781355061436,0.5129908037313601,0.6586623890438698,0.7752590476113532,-1.1405145239514294,0.6530794780496373,0.18910532973970248,-0.20889916241838158,-1.0560584080139632,0.1364718576037111,0.04280288624571581,1.2706267878705175
2021-04-23,1.7034670043369158,0.24668407433206216,0.5101891365545634,1.1749843786531173,0.08853950818749089,0.430976059600766,0.14922098027198885,0.0853510321594406,2.232104803306189,0.8026044152310722,-0.037831279213079896,0.4083378882314513,-0.1168632915813474,-0.1606240610135737,-0.5222752305170544,0.061997846821009006,0.3443605426862653,1.470943170311611,0.4284281525585093,0.08118370538501288,1.5197596207515134,3.949966440590046,0.33305907488778197,-0.014049028677204995
2021-04-26,-0.08795241979538355,0.0858279062812362,0.7097006813369042,-0.8150325993575479,1.280625625496239,0.2066436075191745,2.405068266920451,0.33939901030545083,1.4802525605757377,0.4455098069247093,0.8416963601779661,-0.12348041954037005,-0.006494088631234014,0.31720239753203705,-0.16376214373724834,-0.32647339865899716,0.36816663292739965,-0.025065414324121533,-0.5451036378914863,-0.7668725952920914,1.2748583058410008,2.2596809181335367,0.45629460560282004,0.14451292750574687
2021-04-27,0.11766407674759326,0.08562447360575541,1.0995280707181703,-0.007305168398144325,0.7123932378649424,-0.7526679953086456,0.5209432078947196,0.2737952729532884,-0.07686830801640035,-0.4473882030943997,0.5355677369427467,-0.27885495768486795,-0.39799551359304164,-0.7386530424191422,-0.07740277272822073,-0.2635135785328368,0.27451232264733416,0.49265226992109923,-1.1543952891067235,-0.4015093347645098,-0.17535611654209182,-1.5284556972388565,0.5430665503131341,0.22297081954228545
2021-04-28,-0.5966372065563104,2.2386353736914266,0.2857216786225432,-0.10164209955683544,1.5509329053207954,0.4987237630341004,1.6525552050339634,0.3347782202073709,-0.36921531771640836,0.33306205002351824,0.016175193048495483,0.8585529615907308,0.33407610323558296,1.5468592315330436,0.1587622013753535,0.5926286628976895,0.7238156936804265,-0.30323290369542977,-1.1425175304707353,0.20614227565002607,-0.8048636906369089,-1.2856453709735465,1.0040124037596745,-0.09294736480389286
2021-04-29,-0.26331605736576885,-0.9767580738019713,0.20498020622982321,-0.6572473981168059,-0.8491472032221226,-0.060399818785844064,-0.025491817542465926,0.6737276007638772,-1.0614721248378522,-0.8002857068209709,0.47373031293240225,0.2463551146215024,0.06128454645759581,-0.7481169976296925,0.7346106410163618,-0.14681196065742827,-0.5538048169591767,-1.64020989847925,0.12788116960154003,-0.4539044581452953,-0.32187869548295983,-1.7115619840265752,0.1443207741813511,0.7700444064289961
2021-04-30,-1.1207197335527943,-0.5352301438422412,-4.62160162666783,-0.3669681697576474,-2.217489764883245,-1.2320158704873863,-1.271239338493557,-1.2307807214875681,-0.03621246280620083,-0.4375093316710605,-0.6305786967899838,-1.095757489137114,-0.2866474729319713,-0.25472325051132144,0.03209056769562267,-1.678885543929929,-0.8492582300715356,-1.119403852980657,-2.466999061218127,-0.8890953421534307,-1.175122825728174,-0.9694910935822527,-1.447244670208219,-1.194282844346927
2021-05-03,0.5590803837387498,0.8525663086066004,0.44550948587342704,-1.0338746660149734,-0.421566120236256,0.6398591037778679,0.055087259355588364,0.3353812857149471,-0.7359956709418018,-0.03345460406558116,-0.49391097714972204,-0.624775262685022,1.130941006593305,-0.0010353892033076585,1.1039942058037386,0.4524172437980445,1.1735314852138294,0.4719632258607701,-0.47113296492610107,0.7341272596978885,-0.4435593107452926,-1.721918416896091,-0.05302291545868876,0.3030835095696722
2021-05-04,-1.9805892741466793,-0.8882543854639867,-0.08026910784695383,-0.9754959960737067,-0.5113807400495274,-0.4679456368740142,-1.0298540206331026,-0.3257247644786906,-0.7134083982094258,-1.0786197052498416,-0.4914189416104641,-0.5067800215043892,-1.0589173430892167,-0.7439370071846149,-1.1095288302327382,-1.9177890630401795,-0.3224840772936044,-0.14986832564497565,-1.440924068898519,-0.8797942622408705,-0.3399317898321834,0.9134110865557218,0.44646454929779206,-0.5701877954464237
2021-05-05,0.9315109674569703,0.5483992355708318,0.8294565275131371,-0.8752607971916806,0.474710704608077,0.8850222567719669,0.9251701166796265,0.5224953583954431,0.21510217225914155,0.039122843865770744,-1.4011294703428594,-0.5563371464708106,-0.09138790231185168,1.3716770666447655,0.9061351292965109,0.6190191921445161,1.44458394480309,0.2841906554602865,0.40223577442807906,0.40766957514070135,-0.051032965420406744,-1.749946140977211,0.5315741948245006,0.8574613258795226
2021-05-06,0.13206547326284743,0.7661006643970096,0.5606402347199274,-0.6762194882090168,0.5166090483724287,0.8516725483135213,0.9049768330790351,0.9176514003113415,4.087175321755207,-2.0745699737500365,-0.3154813999951374,0.7122041583494446,0.06984300836009204,0.24683621548976767,0.3192126154246233,1.5237594881214749,0.43952765518629794,0.5899216413908425,0.011280388024313923,0.7721576589623179,0.7156977161173085,-0.3757041222232999,1.6550377673452834,2.145952120626092
2021-05-07,1.0080552579134072,0.6020360419800134,1.216422906050008,-0.15865279497397566,0.6109947707855702,0.6006768361682753,0.02708875023744584,-0.7222779676515708,1.0771777435775913,0.8092700393275204,0.7375207797235838,-0.003353174734209528,1.1852650684324537,0.9385397195388236,0.2344545780629303,0.011302358259758456,0.940682996790688,1.3283061409327364,-0.4379738111908751,0.32914741958109206,-0.1416328059344523,1.4886057751861115,0.3246092741494206,0.2879342191011873
2021-05-10,-2.4218279852110767,0.6642566358242283,0.29384208333911577,-1.7253947842932218,-1.5090655640688568,0.8123790158772701,-0.05177421552079963,-0.10470524905018805,-0.182838484659174,-2.4688689139237883,-0.7471410174680058,-1.622681742518755,0.47290839504442506,0.44212576529448444,0.8660220056958762,-0.9869743559697525,-1.0645247344072963,-0.16519900756831885,0.14178599077392623,0.6945370215004636,-2.2577389425214633,-1.9602365418353174,-0.04883459667677909,0.28634819188779126
2021-05-11,0.20888971903168668,0.005960791196426173,0.007057437899656059,1.3492509752836417,-0.2751534773548993,-1.70367587878788,-0.28917073381253267,-0.5739706540994711,0.0951936830370368,-0.12480910309207853,0.08758895033698785,0.29957445828848356,0.23930758739436028,0.3772473612475137,-0.3335199976936639,-0.7662573335232739,-0.9981622527174523,0.7320483633820996,-0.7896120467152133,-1.472910304637422,0.2064105689998095,-1.3534661898598737,0.9250376059051051,-0.3897976950349853
2021-05-12,-2.32453983865788,-1.4746570587978167,-0.9844513859002786,-1.37439434691082,-0.635439556233643,-1.4977449076065183,-1.779210734011837,-1.1524603048781024,-1.7396717969093778,-2.155223747953882,-0.8353596551416927,-0.719959914884411,1.114670582290187,-0.6739520447204909,-0.2381767456443159,-1.0644185099384393,0.4581996782110168,-2.9241119653967176,-1.7270616485950243,0.6344427632127727,-2.3985442583601397,-3.4689522068821814,-1.485615939118727,-2.008907760914169
2021-05-13,1.6297366153038269,0.9020706437796019,0.4230148460735581,-0.8759390393520678,0.8045921498600808,1.4885725425900607,0.6302344497735579,0.08540847016185935,1.7710366270255908,-0.207107585071967,-0.9088662987806941,-1.2341463627399138,0.6409834247908834,0.2935985158630514,0.7795708507266632,0.8573657695748773,-0.23355352047086655,1.2277960274857134,-0.0988605752193334,0.8476905404042101,0.21649668063160607,1.1078599713397599,-0.5940292742852379,0.45254919116746545
2021-05-14,1.8337255857500514,0.807091997479111,0.8268876962988064,1.5152505026053864,0.40979661256990096,-0.5734703273130234,0.993087314465849,0.8451798626893463,-1.1470995288898487,0.6779339862726097,1.2179055730410366,1.4225066284888763,0.12676774764229362,1.3143765904687224,-0.41358316567329756,1.5875980936875622,1.6779450726529488,1.243852562526462,0.6116678467653417,0.2885815882011518,1.8072481204100432,0.21227864422915146,-0.36411960519490166,0.29490770914405146
2021-05-17,-0.9942736239701103,-0.13828967969049347,-0.1964122112562685,0.6404894122144603,1.1768054330185789,-0.7821509980906787,1.3053584153231954,-0.011064606724786836,-0.24798732680557647,0.3227619153335438,0.43780885590733865,-0.20449614603583224,1.125641639534356,0.3593819116574366,-0.014376507921402732,-0.6672988902217535,0.7270923943495499,-2.2383628635497406,-0.18248965370070883,1.3931807955387319,-1.3935554757864017,-2.153497002539027,0.8236305599652998,-0.6336485157597427
2021-05-18,-0.296274147275908,0.6503527794117556,-0.23841543277909674,-0.06388087083063214,1.7240371303372097,1.375156322776227,0.3073920661588368,0.23974449902930653,0.3611707648883727,0.20201050697929726,0.3170477132719513,1.3325282891712853,-0.7785839706618257,-0.250048483609983,-0.20020935134365783,0.2660346717171715,-0.8873905703431224,-0.17064107163757938,0.5495089543991906,0.9520447333233664,0.4642479982828553,2.2673477178577315,0.44408689137591695,1.0658524997798007
2021-05-19,-0.16241550546507752,-0.06505018713152846,0.08904211833969564,0.06298708291527184,-0.36499235365700966,-0.32749185101745554,0.12729048109924443,0.5178765456594322,0.08676962440611741,-0.6841961756179133,0.052288299252054686,0.5558300044976755,0.282555616285666,-0.4494698648788377,0.3196593620998609,-0.4201955317434614,-1.246649154654031,-0.025807372932818994,0.11831286301709215,-0.7009700497959515,0.7175593447402148,0.4634612043039123,-1.165639852181524,0.13856538809963967
2021-05-20,1.313158814090318,0.49984535019427423,-0.07492724254038352,0.8712123930045723,-0.15737178618101733,0.6065221070456309,-0.07636845704190809,0.6043854719519925,-0.16591833306647058,1.354527730457881,1.0481855844128525,2.994773426382713,0.569502101214178,-0.19958886461887823,0.2513573400786559,1.33889271888153,0.5713638876339678,0.26386068139695323,0.8190718064425497,0.43330126482792175,0.37356801012660923,-1.1219423729037474,-0.06579218503228293,0.667689733535292
2021-05-21,-0.7748033637012506,-0.2048259230252779,0.04806503540639101,-0.7855507563172127,2.1945716738775625,0.7764798469413374,1.0305554605634455,0.17149050933867344,-1.5664843179834849,-0.2517892428216959,-0.4482156178508427,-0.6001561077342731,0.3242641025551246,-0.20106324866694567,-0.17661415705238712,-0.1591280416967221,0.1517147864857912,-0.21183752638430206,-0.33728285895944826,0.43551427006246957,-0.7680568947630257,-0.4103929177737066,-0.9487029367524865,-0.1648404010746365
2021-05-24,1.4239116237917473,0.07638186028642348,0.2930228360801596,-0.11661022546163916,-0.7018642027237991,0.2685052971909919,0.3209451127950065,-0.1953090975556583,0.7314256913306527,-0.04049926552880972,-0.027158219118824205,-1.369378973326452,0.268267339695319,0.4540122321936352,0.1699433129083825,0.6742115800631339,0.5757036753905976,1.4685581391227702,0.16493689687125837,0.762917287623485,0.8184865747657424,1.4962427982937818,0.24008145422134367,0.7359561239052275
2021-05-25,0.9204288708113749,-0.347558122669715,-0.732213513627533,0.801685098867377,-1.8912262933405932,-1.580837484928416,-0.297463111488455,0.14079011932164331,0.35467823461178927,-0.0961159718584655,0.658276016062162,0.29660486228756827,-1.0650767994367922,-0.5422618328729271,0.10325961009547847,-0.2187387456072323,-1.6805783279341142,-0.24827348305979793,0.7952001233161035,-0.2877373469955024,0.2569313539130373,1.3463666198540478,-0.7341027878714381,-0.23801332349329182
2021-05-26,-0.5276422978143172,1.1244495920628694,0.5422773859035643,0.438905579089655,0.6708478376056433,0.22921211115080503,0.7122917376290115,1.5515790576001036,-0.17814687059565787,0.47659512439467094,0.7819626102690633,0.5934927220831343,-0.0717698672918997,0.45545164554597056,-0.5902948320827778,0.22841941955134729,0.19305830834985555,1.2414487590553176,-0.01597333713639485,0.8346397451532493,0.7711409075142132,0.3925466179183989,0.8597982779718042,1.6082612164181074
2021-05-27,-0.10356669907716025,0.6192694566855694,1.2962779167838387,-0.01058324434299486,1.18628334785556,1.1091667397499692,0.4595715986444823,0.28283502679788186,-0.6540171183997129,-0.8432406471529099,0.1965005352220486,-0.025712696922626434,-1.2419737758802463,0.08370401971703084,0.17088553879735965,-1.421089849681149,-0.4108674216938263,0.27297880863016344,0.5591729197689693,0.7063687256742505,-0.17118767394228893,0.3882331411906091,0.6580119195668193,0.636527424661705
2021-05-28,0.6989515635284107,0.4087370115057208,-0.19180299786693777,0.3022206075099302,0.610645612730267,0.616250754617166,-0.41311016457512756,0.46186792210846944,1.1456356257366704,0.05096510987061965,0.12161674757638616,0.489704028675147,0.023363966386150205,1.719718356810322,-0.6469174737945339,0.6772916106446835,-0.25828893308639383,0.9390455688845558,-0.03232193395762093,0.17881021002879466,0.6988637155631815,0.9974416295716855,0.5564372382306008,0.057777194312720624
2021-06-01,-0.3187231952217453,0.9924948580847517,0.32478475024005476,1.118353743360892,-0.39737494375077576,-0.27589695589277896,-0.17172634839685377,-0.24967223203339595,1.6547995774019204,0.2221287516858268,0.2568148470582073,0.17765195296005487,0.19031890011421163,1.0881181995590845,1.0308452468004787,0.02482009511292396,1.2565673872749326,1.67059911706974,-0.28167086356529325,2.93913078243562,0.4822957117023322,-0.13956231110141676,0.9760767321419943,0.5573391347267495
2021-06-02,0.1115396774495261,1.58893830936419,0.28312062431898294,-0.7903176467365075,0.24257205998119502,2.527803887832169,-0.04991897868747262,0.016741091934311215,-0.3396866267111134,-0.2145389540626917,0.6237916534727922,-1.0088038919581437,-0.31112010221072756,1.6503425315219775,-0.30144282848941095,-0.4099606237377322,0.8663783925181576,-0.1573025562773491,-0.652461630993074,1.9129945861210473,0.1456697380694109,0.32835554313843696,0.6553826210977465,0.6922237492884011
2021-06-03,-0.6488689516066494,-0.4051193888569132,-0.4673052304399384,-1.620743726580682,0.2125612027107782,1.561600104896477,-0.24589303020013292,-0.4885055097259256,-0.4615613498971184,-1.0682293480116232,-0.07625398305953504,-0.642374725771125,0.6182387420922032,-0.04889368483196659,-0.3252530229209071,-0.594580887836468,-0.09902251505656562,-0.6369514962603676,0.3163124959526153,1.3197855978007054,-1.0667962707664311,0.6930623152463539,-0.3841267227488981,-0.7203218066428112
2021-06-04,1.200794748550465,0.872096980271419,0.04679469825815138,0.6342018873231895,0.012005676664669614,0.2928832159764754,0.1704782528791447,0.4034581580139002,-0.20428492791710912,-0.011636468031982471,-0.813082168269793,0.23065863826493757,0.9542446030203917,0.7314419185247187,0.2078646942927947,0.8818446938708332,-0.06175178631890621,-0.10138310249701603,0.9725607630706253,1.1676477321721375,1.2069843757215826,0.6808821081157835,0.06446189115713412,0.5516748547107805
2021-06-07,-0.14789462528807332,0.3100039181897625,0.4809759101938538,-0.8481836697434547,0.01908546420201744,-0.6910773648737554,-0.049946234934032364,0.2823090792295241,-0.04427360158812178,-0.05222908750801889,-0.966407040252337,-0.22943932596885042,0.1535157102097327,-0.3766113532140886,-0.37040678319560666,0.43085190474589197,-0.5894452843376357,0.5131828486458446,-0.3371010142838229,-0.724749752577445,-0.6649842592582298,-1.0019225937975054,-0.2458570458304583,0.6852752072073227
2021-06-08,-0.14305763732844856,0.06645388902535285,-0.4271656894065784,-0.06822101586257663,-0.016578378159990317,0.027133964940210413,-0.2953221146691075,0.2511980019484954,-0.5386277041561096,-0.41746273747767654,1.9281009929367035,-0.2686783717896805,0.7906870205838773,0.7449688648299981,0.2380572309875992,0.3108323033928146,0.07630195307771719,-0.043316146918079376,-0.338654946203237,-0.5464160124499639,-1.1546804345109083,-1.2117594504243983,-0.5777944610530564,0.05541423460490241
2021-06-09,0.07875558862274375,-0.7888764824052339,-1.3231003527084446,-0.39027620933227625,0.17538494080635234,-0.07601064041785885,-0.9706462536252916,0.42431361922904864,-0.6980028409802093,0.09394874637252604,0.18761444708839842,-1.0669230075447873,0.8778707887915668,-0.09316166451248045,-0.2668102468304047,-0.7592265673392932,0.10137305850574543,0.09049124963726282,-1.0638102245960477,0.38148116493199374,0.5175436842018956,-0.5687255884491798,0.3812184524591438,-0.29242264683375757
2021-06-10,1.1663195529009716,0.12945099161319004,-0.239362176047262,0.7418355757962456,-0.045072764882215836,-0.1795145730720033,0.42475352196301597,0.6219337694320489,0.6795463982656511,1.4652526147662879,-0.2582692388946441,0.9464949028183107,0.9091993538756465,-0.09348042694916923,0.5924222303030415,0.8423142500034887,0.36419838156816886,0.56524646309299,0.4193146185908438,-0.18309555095991822,0.46451660686099056,1.2270345219168777,0.10787934988251474,0.5413296184362112
2021-06-11,-0.25641242964509026,-0.3658941808112523,0.33529338559926997,-0.5293116532964056,0.11797272419967192,0.8294444287336115,-0.1750634879511901,1.794568654677821,-0.15645347523258393,0.4568743352421602,0.6097705555733939,-0.04627303378825512,-0.27094222974746573,-0.49164131477436057,1.0420261821883439,0.6511854051987322,0.3863902966562689,0.3534655436751942,0.47869236150163086,0.5367879905566585,-0.05596632746828024,-0.18536115031351916,0.2345528688206547,0.19282977855530578
2021-06-14,0.7964824454944299,0.31611370150656193,-0.3211785097999578,0.4569341401502987,-0.5642668231807778,-1.0860426761150468,-0.025491817542465926,-0.29338398786129427,-1.2804005821908941,0.966108710949499,-0.2852919152518725,0.3323995092152349,-0.05534991698408984,0.14005325430806878,0.08653008573771016,0.968561101437264,1.0190865264597535,-0.49622212655269965,-0.14359960227229668,-0.409034922632432,1.2148261027307528,0.2330592522006548,0.17674411739303608,-0.15189623183743794
2021-06-15,-0.5740975165487314,0.2520799452810722,0.08937140302862585,-0.7464940722376503,0.4033374950198401,0.40020745911438227,0.09918584659850109,-0.6604437711834129,0.06871906200156508,-0.7497875042212752,-0.10564356686430125,-1.101037150448669,0.06375530283137221,0.4178488493603898,-0.3683774420423763,-0.7039265618689264,1.3311396455605424,-0.15698381329460592,-0.2554515052770089,0.7822327436155334,-0.7739577898979929,0.13914001237330959,-0.5571226069247275,-0.49909705573966484
2021-06-16,-0.24335820178587647,0.1283545471719561,-0.2403397310239194,-0.3604649977330558,-1.883548498381793,0.006511665790839225,-0.5767435469153369,0.37951090053394576,-0.07703264434468801,0.5223922234791786,0.9978107613643608,-0.8429918424210809,-0.743557587115549,0.22889645919511192,-0.13046429304926255,-0.74606745740975,-0.8223386643925116,-1.4084914845967633,-1.2435681793041624,0.5727049221779207,-0.7313050846044435,-0.7899975417181775,-0.9465219548161479,-0.5735073089412209
2021-06-17,-0.06918539271947509,-0.11643296477910377,-0.9126288489645307,0.2089374595620147,-0.2583545584844932,-0.5536430604262915,-0.6604417734149701,0.7646637393223666,-0.4436008708528198,0.8311243656488573,0.916988861903112,0.6648495553960498,-0.6906710905618539,-0.9090788268508606,-1.0855985468043097,-0.32522575395056413,-0.5070118033193365,-0.21929515643610062,-0.4580691601565293,0.5554347392138491,0.669095392235671,1.065988526600248,-0.6139790847824079,-0.36652068140546246
2021-06-18,-2.0243840585331947,-0.8633609881220498,-1.8064263822401352,0.1714413014855698,-0.08216373290947065,-1.723641486893007,-0.7217340272198185,-1.3848147035186746,-0.6703101606121065,0.0880705928128247,-1.478217905187094,-1.2835583964459427,-0.4139500239758788,-0.09591533563833025,-0.45343960735964006,-0.7278813564770679,-2.7072329190192543,-0.7705829168149454,-0.7885077886384261,-3.5831377227485337,-1.6394507228323363,-2.2979601403498604,0.6314906241037751,-1.518758634553995
2021-06-21,0.6352015435636189,0.5054458039713401,0.8371181504339801,-0.16388519348072367,0.540996071903437,-0.014860414177251154,0.9003911901558714,0.9115196094101955,0.24002309049260345,0.15562375685814697,0.8959269803668869,0.15498763300172574,0.2417716822973037,0.748849476449313,0.16465910097299208,0.24290795607606516,1.7642561358599476,-0.08413286988102103,1.124183517210144,0.7939784691246161,-0.8598528678890734,0.48064233374933846,0.7050857656026778,0.7074416734632486
2021-06-22,0.3132582986668867,-0.24285977068040707,0.007057437899656059,0.4429369060719779,-0.3596659910478288,0.0492490876929646,-0.48597802548001506,0.5939382577224075,-0.18452838226374463,0.6432830864759426,0.9527610012316188,-0.7812033812227975,-0.41449393320644323,0.29776121684128026,-0.05161773327280655,0.18104283366915955,0.6523640797895969,-0.1634657370027338,0.37469679855415583,0.1987503273427562,0.03193126622797974,-0.6202990820102444,0.7174735129645714,0.9104127333618197
2021-06-23,-0.3496731189903005,0.005960791196426173,0.09349414096852028,0.3347628503938349,-0.31733187320469636,-0.1646236842238098,-0.2834385866100496,-0.2354791606227638,-0.38818960418836973,0.6092350661556577,0.9039886814752305,0.18364848937510378,-0.4321326367525236,0.22657021344927059,-0.23094461695929894,-1.127319390813916,0.3294302227619149,0.3310441562151708,-0.9024266964548989,-0.7676217324830039,0.7707832577170907,0.5763555494201297,0.3981436661299453,-2.0242034400673328
2021-06-24,0.8889922772064546,0.5018071670313524,0.5645804223589502,1.169850202586989,0.21206066597451145,0.8578804354589392,0.7183843538405896,1.321646441521943,1.379972812074352,0.17853008900758827,0.7004392248894962,0.35516105270449116,0.38182247857568163,0.5375487179873089,-0.322046855851139,1.0849804670863583,0.6398464032172202,0.875978492429918,0.29097705948535835,-0.043476052614514156,0.5073923947435128,1.1727222013276668,0.38125459188402183,0.5675666561806756
2021-06-25,-0.6726383107704555,-1.3113701828106608,-0.03556641638446079,1.5870733984390344,0.08662394526113487,0.9099610692171274,0.5807152914111058,0.11899852171946879,0.6898505160833125,-0.061582102778761576,-1.0372364201197852,-0.33383486830969794,0.41704929261560275,-0.4717020683995066,0.6586974621353231,-0.3978828288190567,0.09637187278172488,-0.024505313130737966,0.7470016218151222,0.1648667830973574,-0.39890922195560197,-0.5571405005535381,0.049795962379378805,-0.3041140557094709
2021-06-28,1.197956748253983,-0.1222234992977117,-0.507841692275517,0.501674650612269,-0.2492062435301399,0.48484699263104636,0.1497718189249302,0.06492227674920353,-0.3551864256832823,0.6220800971770843,-0.4283297937475158,1.5896840291791603,0.30805246166722516,-0.1597577743260021,0.8335167741045584,0.4640047343937208,-1.876219019303974,-0.12188260273324779,0.06446589858789693,-0.4830558131186157,1.3919436158692688,0.28037793021676266,-0.35579610100298886,0.2760159983550609
2021-06-29,-0.0835902794258475,-0.3165971767082707,-0.3832905102836617,0.4859287268450692,-0.3930847509702558,-0.36755193477889897,-0.7815291178419056,0.3852039621676752,-0.8184753986474781,0.23318570254744453,-0.03264837173195399,1.1621557742949562,0.36619289139376804,0.40525209286173036,0.29196615614754895,0.567657347487197,-0.3233155876241043,-0.276580728696186,0.6963141462540193,-0.17726275613592543,0.22721664244392792,0.32403908568203904,0.5105215895885382,-0.1589004334635495
2021-06-30,-0.9491171667778928,-0.6485086993864568,-0.12387210817676533,-0.7285063290359179,-0.597481880650391,-0.705741039324899,-0.3828193229743611,-0.7392194640603983,-0.4161246575728191,-0.621530210256386,-1.0348654454879327,0.1357596764026879,-0.06297169634595658,0.3771476510313757,0.021967705662142616,-1.0449698479899336,0.38655914256167445,-0.6193572409330212,-1.477112073699341,-0.8734927177854989,-0.09311886613434905,-0.6482232577108104,0.007919662403620286,-0.30484399162102965
2021-07-01,-0.8720796021563126,-0.8642317734427069,0.7006591786073182,-0.47741725339205365,-0.6411496006690096,0.1957799571591923,0.00012986781394853263,-0.6660113442739628,-0.43008356114207746,-0.34179578233782465,-0.23662693993182793,-0.5702550559004654,0.4457543066803469,-0.9909736613115246,1.1929058911227022,0.0028346890531162016,1.2741838925137328,-0.005075671914953065,0.5023218981759584,0.2623669955788139,-0.8728933297995785,-0.8937739465379441,-0.9897951043639931,-0.7476268331819481
2021-07-02,0.5315281229724834,0.73239786863946,-0.4685585883601336,-0.951963323557551,0.5876986071282784,0.1324052280939058,0.4077804246521091,0.2565193067769913,-0.6279824647903441,0.11536408527797212,0.04363973841422738,-0.1783710052324356,0.24946398645149553,0.29523731773346196,0.05663070261097038,0.5067745645104335,-0.1325982837115782,-0.18453813752359005,1.7407380051007,0.22102032977305314,0.16925942204302297,0.5683582699172979,0.5179432499587622,0.35391970841028003
2021-07-06,-0.17210112571086664,-2.2362431881086886,-0.34225055506230123,-2.028262772930292,0.9205127475432273,-0.6464290611870525,0.050513839573190555,0.06582743633388388,-1.18598344959003,0.00016551787378963712,-0.02418031909011882,-1.3460419884285302,0.13730710055461107,-2.048618189314479,-0.6856148929462906,-0.023323781894453558,-0.7075736823609912,-0.9913280826789574,-0.35007341189749136,-0.5199860173626761,0.4706110165577562,0.047974131282612804,-0.7446708192955104,-0.678121724528188
2021-07-07,0.250650474953461,0.07832563020008926,-0.03681765710687494,-0.9131830720416133,-0.20025074765905101,0.11224765557943216,0.7026203509477315,0.14658734383413455,-0.7061005752826977,-0.3485738272473662,-1.0705317464191684,-0.8431450610229735,0.8481844093605555,-0.07448831502177253,0.3865330923050207,2.5154210962125663,-0.4936771256813451,-0.6166834098397959,-0.23120575001349647,0.29813931557337453,-0.9018916001946544,-0.0925777837602421,-0.049079076088744504,-0.014049028677204995
2021-07-08,-1.2294822097432079,-0.4305494424694373,-1.1047180676942638,-1.5190281704749,-0.6994098256499189,-1.467460653427352,-1.186116672337401,-0.6662836053390743,-1.7491517044762437,-0.3725092005499035,0.15557494551967627,-0.7998863432527956,0.5691263663449795,-0.5959452190105783,-0.7052278892615946,-0.6785029884413819,0.05025114881775931,-0.6020194661626742,-0.7915885732822153,-0.665737259200393,-0.23989269175233602,-0.4695236808039738,-0.25156712696352496,-0.9871370275727015
2021-07-09,1.204744228284364,0.44247102486228973,1.9015530396355358,1.2301541752900937,0.11136555025851777,1.4170584439458773,0.5334296579467434,1.0111947109835147,0.0074303938217283975,0.6063625706716892,1.1705297717565606,1.057934240909226,-0.44619280963338115,0.2732592808630987,0.23906153181584655,0.8146428065871045,0.6905552137467216,1.9496179731683982,1.3608253345395511,1.569117356794019,1.1958028583681348,0.9368166246773797,0.9372627920570805,0.6614017258351701
2021-07-12,1.0892604271080064,0.9328729008169323,-0.03605049076536318,-0.21057726625425593,-0.24714240181359537,0.6590375395856476,0.7253541351962074,-0.8241999550284984,0.7212863802839633,-0.7202149884660634,0.033555705309473,0.1787230727953518,0.0031400073067703515,0.34408502250507805,0.10107859117443753,0.33190292173012353,-0.4789039618922636,0.6728258583729367,1.1018591507653623,0.4650092818947115,0.8872569475935336,0.4603282251214953,-0.14703025722042923,-0.23831119022714656
2021-07-13,-0.1494547763651091,0.005960791196426173,-0.8204220659472292,0.9237372593268525,-0.15035535858935734,0.13208956720554438,0.32055433549650014,-0.0425236758560127,-0.141560882034363,0.4720120835774224,0.9196132200792111,1.1175703178385215,0.0031098141979877597,0.0723491619161114,-0.6014564815437828,0.24389294431039327,-0.27193964088054035,-0.40293139237147274,-0.06362297782090996,0.09758633452981129,0.5130311376799656,0.7700386938497911,0.1070081286634475,-0.5407814618940787
2021-07-14,0.6355584183501727,0.6331157751347268,0.4010516938666506,-0.706234877724253,0.6477691319401818,0.2777937515437563,0.2444992642588206,0.8728467478487677,-0.4532344559255467,-1.0129513927442573,-0.7953498901635149,0.1922729304103625,0.16246219034827278,0.26635119157841564,-0.13110502048336908,0.2264291588430919,-0.4611108651741809,-0.3854293514475116,0.0929629662086287,0.3342866373669463,0.15910583915115828,-0.5879176983005331,0.35836115035833077,3.147192277815428
2021-07-15,-0.9142873831648711,-0.6211941927418745,-0.9180401507320678,0.9146661444609172,0.6758729916348692,-0.979448654108438,0.14545035248749422,-0.7411975938779773,0.3875663147740494,-0.011052623168423236,-1.5228383775028727,0.5095846813606625,0.4424612028368558,-0.8361907993287615,-0.4617728628299767,-1.0523241516538904,-1.179070873839684,-0.3675508981302475,-0.9179553767411375,-0.495809489999888,-3.219429234603148,-1.1039199425901107,-0.17353113801713532,0.8377003588645588
2021-07-16,-1.2083337820210012,-0.6330475802567418,-1.3507405712799432,-1.2969382731782837,-0.33121136934037104,-0.8868605583607247,-0.8869790631003527,-0.7772025326397495,-0.2919085167471662,0.049644475507761306,-1.279371364557528,-0.8443602338725099,0.708954686759064,-0.37785774466542726,-0.06595885665344146,-0.03560314547675678,-0.8537368019647343,0.6578715492032617,-0.7606030359378225,-0.3790619854214492,-0.915261831971096,-0.2323951863341697,-0.6710831257635093,0.47697982962761887
2021-07-19,-0.296358204767578,-1.3839245734803265,-1.778045555197741,-0.6990338301278265,-4.134547060233091,-1.2468755790171804,-1.0312442431342292,-0.6482521149964183,-2.0039594077102922,-0.40906237476856094,-0.9338344338707911,0.013495297512683146,-0.27503455752468603,-1.2699509996941745,-0.07339091668225604,-1.2098999575462144,-1.7260572560237577,-0.40602663160663016,-1.6626154544265959,-0.8399737954772247,-0.24861580894454158,-0.800351930787724,-1.052886532999875,-0.5755698843358198
2021-07-20,-0.0503257290389102,0.4510677193565037,0.7207472178323391,0.32865203336751053,0.2649026666085349,0.9809774000995574,0.4047777163911561,0.7818712042930139,1.1227910436391926,1.0127997029953224,0.4794459391306626,0.30032706340156223,-0.6271291655532243,0.7055198263941338,-0.6080927792618361,-0.3203640672338652,0.095092837121015,0.814102073279346,0.28292004055818276,0.7840929693750305,0.4438868109479659,0.33317749104420735,0.4053650527820813,0.9650245544586511
2021-07-21,2.5035702727943328,0.2994777924507359,1.672214637749023,0.5881773847880603,0.6925219192997896,0.3282428316722832,0.2757034373637434,0.9581051135173431,0.019322475754094504,0.1399529232371976,1.8349342605333954,-0.10208709083885814,0.8871267588150268,0.6118713923875682,0.3426355070531695,-2.290262590663138,1.763136136779307,-1.940258021312229,0.6759912089965114,0.6618273602456654,0.638130783009495,0.4139762846904092,0.6011269424062494,0.46924102460910966
2021-07-22,0.543859440664665,-0.4352815580400023,-0.4489304056102545,-0.44603144995430916,-0.571115978559612,-0.7682353006320946,0.17416108646418343,0.011046875140754314,0.2649464723839377,0.8909902486411353,-0.024844785302394815,-0.21075154108310654,-0.45973622990331997,-0.10222484846484206,0.2297025846452703,0.18819800699168548,-0.5098490397856593,-1.3083610110831163,-0.5440082160720754,-0.7708504806461756,-0.6830000142598728,1.2352497353225669,-0.16378428831646066,0.4651792632403789
2021-07-23,1.1446796746924106,-0.06812966375770461,0.3722484689808541,-1.3235717833320453,0.17434455451570702,0.2873048652368415,1.6597709227244937,1.0188978075917139,0.5876672670009306,0.4593717674055947,-0.37797029751702543,-3.33645271275276,1.7381343347682328,-0.30690364809830456,0.4412082782351408,-0.2659444211506847,-0.2896639437671776,-0.8892773910900588,0.5419051610482853,0.7939738563910177,0.049084785905954144,-0.04574275252074292,0.008457681071528247,1.333334111124164
2021-07-26,0.3312191533881549,0.5212935953869855,1.039680086987356,-2.452277250496553,0.36083804636308603,0.11419194596755677,0.1419150048038513,-0.09513648190494006,-0.36309749044727874,-0.6757372596012031,0.15714736018229117,-5.831110886559963,-1.074780596396729,0.8070361711603086,-0.31520677739122677,-0.06761562931665112,1.7940767737666412,0.4596406642515683,-0.776239551805908,-0.1793201263944352,-0.6068560250431142,0.23394002518364237,0.8313421688285744,-1.293312845914904
2021-07-27,-0.6043143503582529,0.2244433510401066,-0.08174745014078094,-1.1297505334308837,-0.4995946476597689,-0.4469180543531913,-0.4813623815243127,-0.0425236758560127,-0.08554670559466244,-0.17533027962613096,-0.08567544275561098,-0.519012913598395,0.22673311993253775,-0.0757732626457207,-7.0760857714342125,1.18952011660273,0.03888403093258779,-0.852582305518548,0.1267913782635804,-0.49272450709789695,-1.085976459394089,-1.270720526827313,-0.5283790284839534,-0.08216835124086941
2021-07-28,0.8670876667182642,1.147988306096602,0.9737075348231328,2.2084326697938703,0.36910945421656266,1.1877220273159508,1.106388135176179,0.32471237045418616,0.5053633225139074,1.2252014327126406,0.15669496305469927,4.918227688675086,1.2375342998851424,0.5911501057533343,-0.38516144534644065,0.6494052030313827,0.29314757584415846,1.4289269238823787,1.767474215243377,0.6036228499071223,0.6846648728244332,1.0862053444084245,1.071788658555369,0.5962220348136625
2021-07-29,0.31895077650772236,0.005960791196426173,1.0792610862735579,0.07082629027503985,0.6902866314817695,1.1256240486150202,0.5133802335878381,0.14019859287163747,0.5916532743209616,0.05218951546999388,1.2364641117534505,0.25912433302520144,-0.12301235987594045,0.2661108453310684,0.07856124822813518,0.5657762910470286,1.7943445255115045,0.3690742572343092,1.3244504035746103,0.6508336701889414,0.45949024170495834,3.185547053760942,-0.10238708203767631,-0.28448117161053593
2021-07-30,0.011461235403620977,-1.1360667237037496,-0.7190724683447011,-0.7327040996285527,-0.5560421550751379,-0.5401837420773201,-0.56436386867277,0.47635464673288885,-1.8595698610245583,-1.6727246270801082,-1.508990701453181,0.4698704620058278,0.8006919252646003,-1.2625020562230724,-0.35834143479091096,-0.28293279184371756,-0.4048340450688126,-2.3488114371121385,-0.8364862184738361,-0.7154362832274624,0.17373586152997553,1.401560136910597,-2.6685473493490974,-0.49040601042073473
2021-08-02,0.13026689863360635,0.2950945805974487,-0.03605049076536318,0.6324494350965348,0.09394144243233377,0.908278955056573,-0.45188590394996164,0.3435781775455872,-0.7531964285179503,0.18067086499038046,-0.3214317896598556,1.0386948282374695,0.23068065574517213,-0.0771040582842726,0.0453743469975378,-0.18988838353739393,-0.061123774621642965,0.23114298612779652,-0.0029639886204179764,0.8636543303106345,0.04425366014243592,-1.0624193507679898,0.2781155165489683,0.4623079530663247
2021-08-03,0.5661939683544637,-0.03728762215722965,0.8609065427396776,-0.6054010218949578,1.0289358251140888,0.6905184235697104,0.9164817726995766,1.5012354325632447,1.7966420515166885,-0.11306182874767089,-1.4903690545052217,-4.818965289121482,0.04066072198515724,0.1256250633905675,0.5542301312753282,0.9235138187730698,1.2809300227626848,1.2679545288918932,-0.4184875053934493,1.7192441078518474,0.6730190989683036,1.4706163105483525,0.7731620860155896,1.1264979178453591
2021-08-04,0.9307525251696616,-1.3929886082085252,0.09149451747990205,-0.06204242062183021,0.9414003016505117,0.6019662693009031,1.1695624636913964,-0.6449346705719762,0.6169017745395793,-0.1759247752340065,0.285631052243134,-0.056252229051438035,3.307234114710417,-0.9527294430565708,0.34738668814119583,0.3380741992325647,-1.15638417566173,-0.299815574525575,-0.7808363435008757,-1.6407497811628489,0.0942965176326429,1.1792363927649017,-0.0786092688629802,-0.2803592538561349
2021-08-05,-0.09852609686351343,-0.2202932707506732,0.46849233991847106,0.4984430213782817,0.21531761337032335,0.006511665790839225,-0.1617262897071397,-0.19413254861409862,0.3036148036516566,4.5774008169527916,0.8805623120482237,-2.3592600595497064,3.0161362460255003,2.3781523826175444,0.31995905013210657,1.0399070458161737,0.6493669544905363,0.03710694964665672,0.24479499784246492,0.26803740401779047,0.16395214661304577,2.3066188368275484,-1.0564938853523855,0.2522611965017249
2021-08-06,-0.7605912533249372,0.5315666046264915,0.7923745609063012,-0.38367821777884425,0.10306711659017198,0.2921028573622652,-0.5977582921102655,0.536446834650485,0.08668470596080426,-0.6500026024344141,0.6113989134638501,-0.36010002301114735,-2.2888140047335988,-0.21765422366403941,0.19352469881212075,-1.0862646813814856,0.18269543174854547,0.16339695184474112,-0.16645274156811288,-0.9539282905929851,-0.5344074841445661,-0.8937746270755232,-0.06615213552564848,-0.615027248838797
2021-08-09,0.280116171408763,-0.29339096028653633,0.2927368366847768,0.5523714989381822,0.8444993358980021,-0.05458843061696764,0.2730150551665738,0.13252568111153912,0.3238465671062134,-0.05682565470353072,-0.259969415650241,2.358887323306597,0.6950518840429909,-0.3170351666190708,0.05198417994272991,0.06054956924584178,-0.3764712017866682,-0.38477793159491236,-0.0483677483777507,-0.09119760082035477,-0.05596364530702334,-0.5546290933249002,-0.1570296873001634,0.05304350984770493
2021-08-10,-0.016306912658428502,-0.06928957551789895,0.2504013912034101,-0.23213512641726114,0.10772940331168464,-0.937286064444584,-0.3009632512140412,-0.29274848732220465,-0.7193610842106348,2.3774409229360094,-1.2619377189077823,-0.5117184729112935,-0.37885896447816686,0.1938658706140711,-0.7152860967979339,-0.35882115945686677,0.5591036470058016,-0.6430788240673103,-0.9605601613907084,-0.3188447930089855,-0.9437131253109551,-1.5271029312779705,0.47508632317184624,0.38683392568073943
2021-08-11,-0.05820648537028871,0.08121115791075129,0.36945193304250157,-0.14135093394911014,-0.2858940262227973,0.6644555222192158,-0.4419845907084146,0.4817151275048838,0.6546509666655277,0.12610108184578023,0.9845407032776584,0.6672650645869065,0.3479255884443168,0.3606493712253215,-0.18262724394492416,-0.23392534341791474,0.43340730609003975,-0.887681279956475,0.40456807547394286,0.6202986707407793,-0.2380243300434203,-0.005044962011782872,-0.2004517714279346,-0.1473565265773973
2021-08-12,-0.5584973608781604,-0.6007741013720522,-0.06999906407870207,-1.3066030029765128,0.02046607936318302,-0.7548131147422317,1.2800362394875622,0.7716714109958528,-0.6401011712959909,-0.9090857578653161,-0.22291765836060906,-0.4659887149288512,0.6056649415478299,-0.04898044966585587,-0.1916072725247893,1.031620015975682,-0.3396295910865691,1.452023789826097,-0.868283388815198,-0.2172278804483214,-0.20007553236342016,0.3188618868850958,-0.23187692835601006,1.10927592678829
2021-08-13,0.43473001484988366,0.31068192036155123,-0.11491085292296795,-1.8357444872177904,1.0391956796703474,-0.42943066645552025,-0.16109839438249487,0.7118907290706259,-0.17581667495381134,0.12731278286523215,-0.7760534015336795,-1.0561905849208792,0.5685110828615714,0.19023646118619822,-0.43021855882019683,0.20883550207600954,-0.7981841238857962,-0.6437356114492441,0.8544887536551363,0.14838486395000355,-0.15700360079758735,-2.15285542118305,-0.37085321248986114,1.0233333225125485
2021-08-16,-0.1532039422970919,-0.8387275954162567,-0.36095951721117236,-1.5684002137713875,-1.0203015780805131,-0.26477041996207784,-0.6639336391146496,-0.6012936875403904,-0.1533831849822133,-1.1589786177808492,-0.588858486862042,-1.9883664230651954,0.6067629456614124,-0.45755166648578866,-0.03994090150859595,-0.17217008794114308,-0.9245724596557152,-0.3699001941441598,-0.9351845288142006,-0.34813702161211457,-0.4816892724386717,-0.4282651052010425,-0.0212217039838231,-0.07833814069333803
2021-08-17,-0.724696112238952,-0.07188893945639394,-0.6969713426452732,-1.1555103371435054,0.8440532950509857,-1.3237605745469718,-0.5337283443433805,0.3467611711638045,-0.885213659607441,-0.5895558782728302,-0.3786887484059125,-0.7768755735076154,0.9687439642365268,0.07839573013307415,0.0026635452322251005,0.3900025730591878,0.10145702281798338,-2.373830898022782,-0.993001391061781,-1.093850765490008,-1.7973507900718668,-1.3014012750743849,-0.4683134767318324,0.49821022334806114
2021-08-18,-0.31186149487433273,-0.7824607436438825,-0.20226537537156025,0.1662718459262999,-1.0148124183551934,-0.46424299171992023,-0.633842328334831,-0.2368371841524859,-0.1680850878795872,0.27978796126604394,-0.5297399376944636,-0.039287892096564594,-0.5944109559040605,-0.832412048137253,-0.5108948124622077,-0.5732251042522374,-0.709647620680748,0.2403272072270428,-0.14461990320138512,-1.113007874374668,-0.39241734825889296,0.7809545572659755,-1.630763345216069,-0.4620191686863324
2021-08-19,0.5129858719393189,-0.1539670137314265,-0.41474021551092455,-1.6021609910212908,0.17334898953382655,-1.777528690618574,-0.14345939666374768,0.12755403445895472,-0.9270411823121266,-0.5349963207967376,-0.5394458572853101,-2.388581102254538,0.9198322553628903,-0.3997257832446424,0.38833084410853735,-0.2521165742480298,-1.1492701603803348,-0.9021155747913782,-0.973483152727052,-3.314983971526,-0.02539219728262202,-0.1752466739255264,-2.1184190600066795,-0.2071345950362941
2021-08-20,0.35925669213843087,0.005960791196426173,0.049435150368537954,0.09680479144183952,0.935155421930804,-2.098109758080803,-0.025491817542465926,0.7524393201800197,-0.6164821987557386,0.4913813962824498,-0.39782645599023225,0.8067970740464642,0.5582633643485789,0.025726757456930975,-1.1008852542774266,0.32205166863031875,-0.20895715893703784,-1.908536082354775,0.5058075771869324,-1.8668082059322189,-1.2831706957721225,0.6831368791471197,0.2898249671786089,0.37146293655397666
2021-08-23,1.370760545825968,0.0860241400121755,0.38647737884135486,1.4607293682387592,0.39613312650068827,0.7078484134937568,0.13957402166180152,0.4813752432112184,0.7988167410718433,0.421698726348927,1.1920810101888806,2.0532385666120914,-0.44292686624361643,0.8416873700243633,-0.18889234028708665,0.43966535684057256,1.6910163812466674,2.0112208378229424,1.8977228698139073,1.904195866228845,1.383055187537546,0.9216017842821711,-0.5649335002672304,1.2523878996087578
2021-08-24,-0.41520853286041703,1.8725446008705986,0.34147898640186203,3.312386036253381,0.2730449759324747,0.2087673449281388,0.6286007595549487,-0.5664225949232436,1.218330417184737,0.8400049537548524,0.028669935143190863,3.352841042596718,-1.4333009501678378,0.9667096071182066,0.308032193253686,-0.3161145156123246,0.30419113338627973,1.0013976808904554,1.3791497502304695,1.0325318749848065,0.5134609629161926,0.285808076861337,1.7257787993438147,-0.39103178221050794
2021-08-25,0.08229882882917165,0.15696448642919703,0.6680403097247378,0.016663818700783376,0.44622236911552293,-0.21826691278773414,-0.14157527574739753,0.1962041518899032,1.0311867757674456,0.27429047855242444,0.16200677814411615,-0.33863442445795067,-0.03439968592616088,0.22317910102002855,-0.41550413123097374,-0.5382610148955803,-0.03723671471911716,-0.629411845123674,0.5709472665278365,1.222990074911688,2.330853195771669,2.286238507558016,0.2599033596730876,0.4255326646836548
2021-08-26,0.13051103718456283,-0.9878320905756841,-0.48769908924393557,-0.16663997096473343,-0.9040856261054344,-1.6111471928151269,-0.28197861774385885,-0.8100046317526648,-0.16387985724871684,-0.7472453299479052,-0.5533485733714824,-0.33658058175165123,-0.07687731905685775,-0.3004034506206478,-0.7635903214955367,0.04355796483202084,-0.3540550422896347,-0.953451347476517,-1.9391159714602293,-1.0120843017748737,0.4461203565377994,-0.6371206333803949,-0.523002898949861,-0.6430624643516424
2021-08-27,1.246193741899788,0.9997536729685363,0.9097463844655663,-0.3105547253923816,0.4425423076307068,1.0589730977235585,1.0144040337091673,0.1262514691313294,1.582497556003655,0.5220795162533926,0.2875471209831227,0.6041872176368575,-1.0753599376950587,1.080797764907961,1.7320376831617585,0.6400954327721767,1.1068747174160087,0.7412737796417217,0.7701826406933512,1.019599457473061,0.12289289985483044,0.6629687499917394,1.1011891538494496,0.8023178816320232
2021-08-30,0.3338653839619448,-0.4490881275229475,-0.812772672488096,-0.01709201988689229,0.12362088790257124,0.07457814685430565,0.2022844824834421,-0.06660164310750626,-2.6993149981054043,0.22019976275861558,-0.4558229086005099,-1.398508759062858,0.2675000780700363,-0.4383834455000101,0.8294303334542865,0.45741769195058735,-0.4490254527528411,0.19695055208993612,-0.45858627386234463,-0.4896167515992294,0.17378727087741966,0.18798244748296744,-0.20137694962363867,0.35880565401069014
2021-08-31,-0.43462292919490786,0.3100060146830257,0.2546849103864891,0.9934298511223324,0.06715596296376615,0.8629204247297575,0.7178674647615302,0.19781105839775698,0.8179246771106861,-0.26514549769577267,0.42381782792698075,3.2545855358714957,-1.5389022720284384,-0.47048564173320173,0.8496107608434469,0.08728041106477659,-0.22575377751886086,1.9365143701949417,0.4587498739757832,0.5967332165008615,-0.0513086564919556,0.03188639252498877,-0.417051631943447,0.9075839720092793
2021-09-01,0.4760158832068506,0.005960791196426173,0.007057437899656059,2.028784325468284,0.3388124558427957,0.43069140195164485,0.35259046125781895,-0.6937654557309213,0.4305853641978517,0.5075775095326898,0.9424010288961677,-0.2505317603936067,0.48588175139216266,-0.17607023448797962,0.9503725370928644,-0.03125033618067292,-0.20144079690500125,2.2563613007296985,0.6151254681754078,0.8652773983045324,0.6136487962255267,1.7776283556973878,0.01062653953078015,-0.014049028677204995
2021-09-02,1.0368795716716772,-1.1966624311117307,0.33498355982662115,-0.6820393384697917,-0.4567708137259361,0.02875601806404491,-0.11415703675544255,0.3201916871712627,-0.015547110407728765,0.6062366176642773,-0.17870137065694272,-0.858298284376739,0.5000951917312668,-0.43089580553000234,1.0535504749658453,-0.48231881410554495,0.8910452251482515,-0.8701097325026185,0.26766545480882364,-0.012304962660908315,0.09165512982526088,-0.4194449389400622,-0.022472854385468213,0.8928937236246923
2021-09-03,-0.23313867156333737,-0.3886993184154877,0.21071550851353768,0.15366004889179682,-1.17783347668209,0.8027517625410524,0.06317340167051069,0.7474478518224427,-0.015565066486953376,0.2254628065738661,-0.2786269123118628,-0.8459381282280062,-0.5311043345812521,-0.3860846187091736,0.2971076285947012,0.32985958704361973,-0.19869561263249227,-0.3459181989008043,1.3436420180107578,1.3183376463978855,1.3862932332234579,2.6827362254138816,0.01062653953078015,0.6419749717450401
2021-09-07,0.15302244386944058,0.08525257674415301,-0.4423093626737326,0.9010474377905473,0.2901370255403941,0.6847386901431279,-0.4482662129873369,-1.4870693677896105,-1.7188671157706465,0.0977690504874429,0.4212181180392411,1.106901076464949,0.25812383326175886,0.25626730405004966,-0.4702397979921034,-0.10500188040321878,-0.0743344054924918,-0.7356081290351204,6.074160187888877e-05,1.0098431774664018,0.2662440336355983,-0.9366067751560501,-0.6240631804877995,0.22264629108996625
2021-09-08,-0.2676023350475939,-2.6284432016723773,-0.7387425315961682,-0.967134228973382,-0.30886003205687246,0.1152778305692175,-0.003137864528829227,-0.6307258765577501,0.5698063654721158,-0.9319092850720363,-0.7295033711261746,-2.1348456741124338,-0.4576090564905107,-2.1316036113980914,-0.175243821503253,-1.2149568159387143,-0.7042780758940547,0.08131036854453041,-0.307203100106513,-0.7408797995262011,-1.3297846890830274,-1.5468830884882256,-1.2621768090734713,-1.38867112386544
2021-09-09,-0.3089442806817299,0.5157547850105477,0.46438332745369193,0.24139973397842063,-0.6777346033645314,-0.5828783891918573,-0.2046391153040894,-0.6866489394263177,-0.13244490899095324,-0.47607416022708593,-0.6570130968417366,-0.8608281491987614,-0.9274565499231149,0.6018229487298944,-0.47555137948120335,-0.45936414779695306,-0.22808364606966358,-0.8525134836474462,0.9684480046328136,0.0049521116477071764,0.2990559125840885,1.05764006872154,0.11672774338765818,0.04641011474600533
2021-09-10,0.2510200571636998,-0.16312471322059482,-0.5339634223537594,0.11353988733531137,-0.31340837822203926,-0.16910925235554192,-0.4086295093400383,0.10677406051145333,-0.8874482809609584,-0.7378892959626503,-0.8354626343459559,-0.24402853674233047,0.12404460902582197,-0.08245685560485425,0.1478873117778904,-0.2762762813739395,0.1531637275048129,0.32223089201969235,0.12368412173485771,-1.6940712319424989,0.07078850834425472,0.2438919833488786,-0.04091883400974458,0.22715956081468092
2021-09-13,0.6412850603668123,0.9256572122624226,1.1230668758392606,-0.20135238396282001,-0.2199465485020538,0.42287786971147306,-0.13882244248304665,-0.11712649930414115,0.5863556287542782,0.05476211472684837,0.274734361675206,-0.05271635276923893,0.03533211606538478,0.9863842416708413,0.9887968690987531,0.06547962819330447,1.0682259437967305,-0.3323822358495985,0.3228228197719907,0.934470742704737,0.23288592880180164,-0.22653861974077216,0.09894769213861436,0.3458582106011423
2021-09-14,0.8762295899772715,-0.40899363832399777,-1.1089520000399484,-0.6727391582361305,-0.8532934229424624,-0.14658868982965326,-0.2986736217416354,0.08174759982404409,0.07798208106038618,0.02610236315351071,-0.09769159056285727,-1.7124933097316994,0.18632949904728408,-0.3438731256393216,-0.27739115873941933,-0.06967417866271847,-0.2610622858291667,-0.1803290172716422,0.0271306735349747,0.38409083021079643,-0.29992000668306185,-0.8132900695645157,-0.4628958888062031,0.16505185127041277
2021-09-15,0.015040658216922744,-0.41414389029114107,0.3408220695584619,0.3039436432281373,-0.35710833235114714,0.46477415978228476,0.5867975359100713,0.8443578595136975,1.2356219741863028,0.5841863037784661,-0.05136411111534882,0.16565388780042384,0.7345356256713549,0.2630660754436921,0.3836208127946758,-0.4003745424765789,1.6955768944038643,0.6279190853348912,0.14045928719859038,0.9874669745431306,-0.7846324169291338,-0.008893082082892127,-0.3799081532606163,0.5198972143699517
2021-09-16,-0.1644273641968394,-0.5910526919734236,0.4205703544685918,-0.5361529383648188,0.8919747099258979,0.09344423597492046,1.0643231230581276,-0.7311349938792698,-1.4318745657625307,-0.19641907326984695,-0.5219025536491443,-0.32837752764141037,0.6452614824988793,-0.26513685385030744,-0.37244557233569514,0.23975639147918812,-0.7660966350596286,-0.7698225575977573,0.22907046760322616,0.07401289088954086,-0.1587809658490006,0.1747424870737703,-1.660891091629354,-1.0268575822024075
2021-09-17,-1.5821247094307822,-1.3098849768584258,-0.48965521544682533,0.6621648652706518,-0.5674239049142623,-0.47303490547684485,-0.9579459906582699,-0.639427125472644,-1.0140777289990992,-0.10550738767163811,-0.2668654688530815,-0.7285334752111815,-0.6392675408252991,-1.27812059242904,-0.4713908411212939,-0.6743275762762185,-0.6163453162464635,-1.2260521741612083,-0.805646754710058,-0.4559439247785883,-1.480008126830923,-1.1593477164336263,-0.7896073547814904,-0.8009025476433217
2021-09-20,-1.1464853858116486,-1.6436124546266913,-1.7355789396229195,-1.942694437508457,-1.0447072505337718,-1.2742353070642432,-0.7951419384797974,-0.267967848932447,-0.8019968273472916,-1.1612630966368007,-0.2571891632738027,-1.4056199906927784,-1.135460714144307,-0.5349422428291596,-1.0880019135788643,-1.820723231758571,-1.0913384205381564,-0.7039179063235814,-1.083036670545859,-1.8952792239878593,-1.5219846537541841,-1.2267921783832636,-1.2896653668903832,-0.442286554082907
2021-09-21,0.7483782239312715,0.9322642820979568,-0.2541044277301845,0.5714753502305677,-0.26421169420363666,0.34006202636698274,0.06575812833154777,0.8540070314521288,-0.1994275969548463,0.3045367254208461,-0.27159451064962575,-0.09356180080229179,1.2774449933018202,0.5328714644225443,0.6226433409858978,1.1419259441550493,1.8441963860250103,0.1307956279049344,1.784496360787495,2.2567001280975107,0.06539694539536994,-0.20046588842860866,0.43444803256817044,0.8392284740315868
2021-09-22,0.5121413657093292,0.5498452045236676,1.1697817895178206,0.8042494222437648,0.09788808987488029,-0.060071130929080604,-0.04828761859912085,0.32693752091421246,0.4705349410483531,0.7427543629238422,1.5139635037974397,0.6361770253604514,-0.5992142919945957,0.7399695587320028,-0.3074431044342188,-0.03629669116942591,0.32974760622272503,0.6698828087639406,0.9687265388350293,-0.16023167788587503,0.3783551406805749,1.327606336813553,1.0496208051034102,0.46785374632160803
2021-09-23,0.7843631051633848,1.2420897438137386,1.4270613747478516,0.15847897273363717,0.8963564586179639,0.6254038109483938,0.7653671477541187,1.075766915185381,1.2291787221526869,0.0872684220919491,1.1619167360834328,0.08669791932535117,0.7219541044209594,1.0867134857870784,-0.34189314450948893,1.3029279696472704,1.2603881673126602,2.128743443106058,0.35446868735921533,0.49363518854997024,0.0928865026296181,0.4398649485111266,-0.09313185370276277,1.1143854931136998
2021-09-24,-0.6633096387258159,-0.961444849859888,-0.24008639626380243,-0.9871184703778418,-0.2830812889964497,0.33575043672429383,-0.0927251631310951,-0.1630204085478112,0.8410217269616171,-0.36803857069624785,0.2824060543071884,-0.16040768015336115,-0.9089714374735844,-0.23608494342457575,-0.16242291486860327,-0.995926345631621,-0.3680687663735224,-0.5699311387978497,0.9012859505621361,-0.1206876375238157,-0.32488981429177705,0.3978088770767695,-0.7167433031989854,-0.5457725488200496
2021-09-27,-1.9659941624462265,0.7122406700307093,1.067701803120027,0.09812205019530136,0.5470187353988281,1.1356372358385727,0.6643151692178277,-1.9559909247974003,0.6783667571020687,-2.046497341112325,-0.1259759383020111,1.2261014458969957,-1.060646830636925,0.3895923082896326,-0.1876119362673224,-0.05771279541604654,2.548705754011703,2.0978486566273222,-0.6578583662188859,1.6620016933210655,0.18436215740792758,-0.377987503673062,0.102812173854482,-2.6876340199740487
2021-09-28,-3.3737423615490028,-1.2398837199802908,-1.0949171730990406,-0.7469113619749337,-1.8576326196819117,0.26765869366892614,-1.9895933165082331,-2.0998358846472756,0.8394935416699428,-1.8365196656727285,-0.427340264316862,0.2883108342424719,-2.434504467776646,-0.5231375470281189,-0.05570498404042207,-2.177911418675747,0.33978342294347386,-0.641358539716272,-1.209040619057302,-0.7348582402746198,-2.1363275007779157,-1.4385775145599193,-1.654762149535063,-2.040506782684202
2021-09-29,-1.9439193345201056,0.9005017834503929,0.21331412587397786,-0.5449543375429022,0.8906293759812731,0.8698060734236149,0.5023694100095695,0.957293969511132,0.18773730634918326,-0.45370543699170907,-0.04964711064413616,-1.457980655152004,0.43261539904898483,0.33947381017613726,0.45489576678989974,-0.5697049139880266,0.11313848733942598,1.9241997038099148,-0.9959456324470277,1.1298158250158188,-0.20019360592514676,-0.8562886410758885,0.3805532207530459,0.37146293655397666
2021-09-30,-0.3990919295612495,-0.08244255016361915,0.2941198767349652,0.48237881401061866,-0.15036686612139294,-2.0178532022700106,-0.8080734059567444,-0.630053879274433,0.007116090468145758,0.30602382903407327,1.5458370280430216,1.7089180682278569,-0.09939328564409361,-0.1053534343855364,-0.047172899309223214,-0.6064510510575885,0.0005963926162297494,0.49562614756994855,-0.48101381115389236,-3.369470451491055,-0.04571141180086506,0.38069347192245606,-0.051143891506131224,-0.3995609939083866
2021-10-01,-0.2696652957905229,1.3934198714866382,0.4542631789800366,-0.5643767517873743,0.4251636398225616,0.028602977386637772,0.13677540944704578,0.16252362666865913,0.6451887391309986,-0.2987900272254929,0.37544135018713753,-0.7857778827646108,-0.1256847713730333,1.0244275181348683,0.9528401925318023,0.39282345993676926,0.9141048615139389,1.2294133242428877,-0.5663185002700184,-0.08341258827906241,-0.10557738557439388,-0.5501561072725338,0.5547605517216927,0.6907073609157324
2021-10-04,-1.9836480827529506,-1.2676023372824508,-0.19562654947518263,-1.3887643525860083,-0.8095213846983963,-0.6817144246607789,-0.4907197872412127,-0.504902446929231,-0.1824855265096804,-1.6923682740313992,0.2667395931961741,-0.8290112578273588,0.6511633600198433,0.17448495214785945,0.7215590391543754,-1.0101893829235402,0.319716958668954,-0.35238266417381064,-1.2911906049292659,-2.6480087534300587,-1.3431149865346435,-2.492824043371647,-0.702662261020334,-0.5900089639271863
2021-10-05,1.286448703869515,0.18207928629892187,1.405808092289448,0.9241706672048259,0.3978423671545539,0.42915583261328194,0.2077349420792142,1.484387676104587,-0.037664094812908964,-0.2109210571694986,0.9159476424760753,0.4573172652212164,0.2767013626838234,0.39592285212162415,-0.4691426571548389,-0.17964603102780982,0.9244155058804702,-0.5193468760478429,-0.18184629464492091,0.12556892542510942,0.06178431508647667,0.7716410580769941,-0.34866089416900164,0.6255531854370051
2021-10-06,-0.0784383332172482,0.3554541661604363,0.08560914304353917,-0.11379866980968796,-0.2329032309976827,-1.6546595302743778,-0.3758036825585296,-0.8008642338323679,-1.1448243901721662,-0.8895622986918842,-0.5332194215955891,2.501217623753068,-0.611191468905721,-0.7248757871297584,-0.6754697769932412,1.042587641391213,-1.1651358560882967,-1.9135740785227902,-0.6249717928026669,-2.43011775407734,-0.01992749579591229,-1.528117762877838,0.6758645281805785,-0.9761643960037794
2021-10-07,0.8873017239720862,-0.8746225578342735,-0.3871499429908724,1.8830292452597923,0.41828099315570477,0.9094922945043931,0.4641635462582466,0.7660200890915537,1.3260820643807991,0.0804077932920126,1.3475115282914938,3.102528907590681,1.1406600351655103,-0.10241030089159521,-0.3153731147758338,-0.05965689136548152,0.6249731800072158,0.1650606104125564,0.20566448870829676,1.14609708105866,0.6929894653796407,1.719175795021486,0.9245064074701511,0.7569449087839226
2021-10-08,-1.1432925655940869,0.09504272924380354,0.5969844525394116,1.3938017286604771,-0.7200053963483688,0.2974072627227998,-0.6795843946398804,-2.189890113181636,-1.1406455805354019,-1.0484000246799046,1.5757459397288438,0.06739120365246334,-0.04045567536078145,0.4522039634844397,-0.977490400605907,-0.11851992489802572,0.585010440986407,-2.5627136387052394,0.6428978030597802,1.1289442079231624,-0.458997807612539,-0.8988581344318259,0.23329428103126307,-0.6558339392691658
2021-10-11,-0.6149729015052864,-0.8044539826960534,-0.07113027361688609,0.021037743791346566,-0.1134373257498572,0.1626365809380534,0.3261317043169135,-0.3297984877281888,-0.1750684423742365,-1.2981402328602454,0.40003670407425956,-0.17063615999777318,-0.027672255006518095,-0.2519020492729542,0.08519648338065475,-0.16403908393666625,0.5889144500858223,-0.4937170389730677,0.7547666096610659,1.4189832733939975,0.050531834125957464,-0.6237993430039729,0.3816562077534253,0.050458643323036206
2021-10-12,0.15845874931945855,-0.17679782116293014,0.43527672365202674,-0.6648363505645909,0.7642238898328276,-0.5751910447748035,0.2305816597513054,0.11435280904789992,-0.38214489694113807,0.0013784540160680847,-0.9332573498612474,-0.5107970059478336,-0.5281701201065835,-0.0010353892033076585,0.08503181725151883,-0.24174866075712884,-0.11650815821024929,-0.5650194770060756,-0.15022371042028462,0.860633455475015,-0.5985791985108369,-1.182410396258463,-0.13459326853327938,0.5632282099145088
2021-10-13,1.2277940554619466,0.18871940355578248,-0.4603013076947547,1.0868020253690334,0.3254991138078109,-0.21855191003440586,0.09041654207486337,1.9333745293080826,-0.3733335792620025,1.3300960850230867,-0.1372046255607745,0.3210589337500167,1.838157188875959,0.818119546000812,0.10960896989594807,3.0977008515910605,0.4885195285342745,1.154028804190973,0.21206798116170072,-0.6334662570468601,0.3356433455125729,-0.820142928352399,-0.5914849814141255,3.9898628571569077
2021-10-14,2.1090979083305403,-0.3605411040587898,0.28030903716913186,-0.27775078302180845,1.0744443574070353,0.4559036267185233,0.9814644205729594,0.10861725428504497,1.1069442071204534,0.09114196653263826,0.7898387181521747,-0.15076764523213626,-0.14057717761768743,-0.29604316839162914,0.6012875783131838,1.4311850850135779,0.6508109517092876,0.17135432058381234,0.9625507732656158,-0.14244234825006358,1.2304817085466182,0.3001157342811721,0.08151197402599017,1.1050503957343742
2021-10-15,0.6351719557101758,2.0611879611657886,0.9687603396674505,0.23160249400333272,0.019962671698385406,1.183177912512013,0.15513223307760474,1.618517196486638,1.4378188709911286,0.8560633432454321,-0.5164946582816425,0.0020349041843198924,1.1383639788202533,0.39160327357203084,0.43264405322678623,0.39811732660339505,0.6424815294563572,-0.3584401600247058,0.3559443730693889,0.31496679121028914,1.0656457094009446,0.5955154607238871,0.685012550234692,0.8541498449042967
2021-10-18,-0.12661446424032444,0.09256203484697276,0.08305297999250097,1.7740550078693904,0.35144952624689246,-0.1697975176019175,0.9768702229724686,0.9266151174433143,-0.13662373343151996,0.6249627882899645,-0.1459460628945383,0.9155759000904701,0.6259867804280949,-0.3196137691674419,-1.126620824533462,-0.296756078410007,-0.11268597676997626,-0.6730698207978361,-0.2178376260740914,0.9876082083450397,0.17152359787196633,-0.0882040466388044,-0.3927109547924542,-0.18663386890891775
2021-10-19,0.7255694559795421,-1.406792391670628,0.38500743748527133,1.8219716761515965,1.4506860575565474,-0.30313020107557803,0.39094359408869994,1.0048543404315544,0.051081893221643956,-0.07663134084532632,-0.08036542926729565,0.9520370739793929,0.697178007036871,-1.5743417010479475,-0.6879958726224896,-0.4210109019998324,0.7070013203444017,1.3895496846809903,0.10614528609492113,0.02725797290711458,0.7159694060401451,0.9622160397293597,-0.8605879637556653,0.38784183534643757
2021-10-20,-2.1156746971516327,1.1582828768305198,0.1197940411715014,0.439066445307101,-0.6215198712141937,-0.23777688840557704,-0.2880483324412271,-0.25520745150193513,0.6214655343084577,0.24010128315513637,-0.6357933110400994,0.3441561070837832,-0.1005882410933166,0.8730657028845192,-0.64576051450963,-0.34680788571992105,0.152848110576556,-1.1985548022994519,-0.06756685657415437,-0.4327783231078948,-0.7167644473496103,-0.8841011396857539,-0.8159205295444995,-1.1699116956287596
2021-10-21,1.187734879419699,-1.236643914782466,-0.7120235097144147,-0.07581817130776979,0.05385490506954156,-1.2056698576815228,0.23706469735629523,-1.7730878398240415,0.5385252487668148,-0.4974083597325473,-2.015924317883438,0.10838600317229344,-0.1247491527609233,-1.643712469198395,-1.3346798280212562,-1.834101239642355,-0.6009553103566146,-0.27340551731100526,-0.142682114303218,-1.6979363870755748,0.27552075741043136,-0.2578506077048912,-1.1902183184899133,-0.7190073960743865
2021-10-22,0.766895728597283,-1.3779468676320292,0.5757600917472055,-0.6567602119431204,-0.15099389156434836,0.006511665790839225,-0.44192722917363175,-1.0271072208635714,0.4794996487974838,-1.9078299320420768,-1.1784711433713178,0.15032891097688272,0.916181254983768,-0.27121519032079333,-0.21440310828038414,0.9926682254434032,-0.16381202347948523,3.608497638477118,0.27431206441344896,-0.30715255501420025,-1.0558947524011868,-0.558995974886649,0.4171540984835489,-0.6680174996888953
2021-10-25,-0.8203804960118488,1.2993447542856205,-0.06832687173696503,-0.4874965364010805,-0.6494655156952246,0.1874748087345147,4.111290724394403,-0.24148986445541276,1.3684432911643467,0.7259103518914977,0.8667877681591876,0.05326047002648988,0.054419202683796485,1.987609309999627,0.3416661396784281,1.2394996675573877,0.3799350698655495,-0.02622796181437246,1.0231978307241405,-0.5595522160420826,-0.34902332951133896,0.9328020964650704,0.8690456327774826,-1.4675235936865199
2021-10-26,0.117832543264073,-0.9128185708765051,0.34523505993707704,-1.5381153452861414,-0.7432159547880768,-0.9947868132126167,-0.36746703523972996,-0.14565828386838883,-0.004156791171561464,0.14365116652621474,0.9326500360559105,-1.4427670561837294,0.6548063743277933,-0.43333069673864083,-0.12701455252244223,0.40745262523576997,-0.2040852728680152,-0.47231809972682354,0.5061425898506571,0.4171000360459608,0.20329085943521544,0.8291301092107453,-0.2567203404031163,-0.5688224138509194
2021-10-27,0.5427097857449074,0.3764712386005589,-0.7100846212447316,-0.25273363427468243,-0.46696411587665854,-0.8470818342481847,0.014869307851127242,-0.3961094777544826,-0.8233831918255416,-1.0978052254970485,3.8161902991899543,0.5351821156793031,-1.026715701869234,-0.1294996908539814,-0.2664943657053692,-0.3776895118209785,1.1262133904628013,-0.28281645658506555,-1.568603453304606,0.37841574479959683,-0.27077209206518316,0.6499917141313589,-0.7470421532389726,-0.138062766077598
2021-10-28,0.6803719871006414,-0.2715394900764381,0.4614061846432438,0.23187080584319833,-0.6250804553840319,1.1803118717279548,-0.9017837291970295,-0.017196414494124575,0.04874558046080907,0.35494038755585217,1.7692223873208393,-0.18508053881476644,1.1213652803519827,0.1786466812245375,-0.22393076348407448,1.0674892412199202,-2.602873142985341,0.44299070750272634,2.2522056584195265,1.0493824005853563,1.0347750440549435,-1.155916854146601,-0.6450772928585492,-0.3252768298452911
2021-10-29,-0.07242855786630158,-1.4166715056759978,-0.030622117659966832,-1.5592500387715835,-1.8379876963065085,-0.26785634140203707,-0.31462592982462145,-0.7559940379480572,-1.4733734525891786,-0.9034686276631823,-2.571175435499582,-0.9942667927784304,1.3922501002631735,-1.9639224606877417,0.3083436926075281,-1.1478147664230538,-1.6311634881630481,-0.9044151216862841,-1.1800918524709731,0.01447941869446386,-1.180618482839987,-1.3987582933655733,-1.1503530981648367,-1.0215936068017026
2021-11-01,-0.3796954603543601,1.2423108802118863,-0.03064731617734213,1.9464362499419752,0.6740994631441201,1.8818476063329748,0.24305271238720785,0.44259056609782665,0.7945622972662371,0.1625316873657814,1.1581623551094624,1.9674455923762808,-0.4358034153689669,1.0247336964757032,1.7980436085081204,0.5962598348517772,0.2618053671817641,0.8517206420573585,2.3722375835621894,1.4825060285937877,0.14463614259123392,0.29642562891394203,0.36385569118946404,0.04945126206017913
2021-11-02,0.3460957226896049,-0.6541589602476094,-0.9468240471394465,-1.931490132860261,-0.6357950682250558,-0.30618706981191296,-0.23191330498914264,0.4384948765982399,-0.7050895760238619,0.409545181296222,-0.2690684102730011,-0.9688507287935888,0.3091926993739239,-0.34759229304374084,-0.16590260124246844,0.28633020052272834,-0.8312661484258043,0.14367032994000578,0.8436361106205604,-0.18798331055202636,-0.0655597240187205,1.1728162085667435,-1.4347092161880446,0.49138757440278497
2021-11-03,1.0119535305546186,0.6946618779708168,0.8476049752028137,0.7601683352817521,0.1595152574171011,0.028899747627808708,-1.0300897702129401,0.08340885615133681,-1.056854740291941,0.501552370748968,0.06589618093502869,0.7747845366251825,3.0327138716173594,-0.46103853769682873,0.4723241334175728,0.9988461584317748,-0.6772148817827034,0.07974867917046799,-0.1305403395277963,0.6126216640558435,-0.10948402185336555,0.11971595860926644,-0.6797737119806567,-0.13998965648514256
2021-11-04,1.1304699669610478,-2.113531630192768,-2.406024242719189,-0.6763261978146166,-0.9245360661879615,1.0282658750884859,-0.3015803328708735,-0.0425236758560127,-0.4714698062839841,0.5241885044051577,-0.25303567822309525,-0.46564779545446755,0.11721356465843188,-1.0301349317345185,-0.21522797191631995,-0.2286299893922523,0.09000238476861958,-0.13237614997257388,-0.26378474054615575,0.1525982536570962,1.7555210510156194,0.2833388505026317,-0.694461825468434,-0.3301154699546966
2021-11-05,-0.2537800964569469,1.9381525168552618,0.08709518583479316,-1.080243895433252,-0.14593177030732174,-2.3258998230902903,0.1233834722779746,0.15837422549794236,-0.5207932845885483,1.6030878356335114,2.1395117651948796,0.0502412257453704,-1.3739382459511134,0.532318797607388,-0.28336123456478535,0.23165875164524805,0.9847480583943331,0.2069498006316829,0.19102517158331933,-0.9874100778941044,-0.05593891416804676,0.0770305553046625,-0.49156402893791823,-0.07747856267176012
2021-11-08,0.11398461027676386,-0.7537649639753381,0.2462544736375348,0.8015894187103397,0.6981949692445405,-0.3366184997390702,0.815682723663613,1.5640401263024313,0.7577871655072658,0.39647744739677065,0.4056079103124794,0.7307993446986892,0.6654872304479851,0.33046816971124243,1.1772910194435706,-0.36441354583771585,0.03345576763878495,-0.0686125413244229,0.0021240397813768025,0.500280210333704,1.3902929855222272,1.5199719021145164,1.6362951130767116,1.427148724255002
2021-11-09,-0.047011829631510266,0.10186742768997449,-0.5129364545382193,0.05574569178279063,0.0609731347040298,-0.45370960031868096,0.1200633540820747,-0.38475670491992586,-0.10436389065351694,1.2340772308638799,-1.1520264539133247,-1.074668544482135,-0.3593499965322264,0.6500248300403347,-0.1546587694807096,-0.16763708084734932,0.27341146762331897,-0.08988164872567495,-0.43111575783543515,-1.8644143859940594,0.3385511686112023,0.151027109716567,-0.3171790640080666,-0.7614232912479333
2021-11-10,-1.9311610083603743,1.5960947916953232,0.047288492583193065,-0.01353824406478771,-0.5651392837638072,-1.511182807675816,-0.758171593812574,-0.8823014349603346,-0.22754277141004417,-2.6040053992315384,-1.0583752387191567,0.8700564491066778,-0.8225072793934955,-0.13537674847689876,0.21647810015494295,-1.1369960199710156,-1.2353042360916757,-0.0899915992844267,-0.4945914244215442,0.43797934590683535,-1.7221262821937655,-0.5989311739607076,-0.3466114225379472,-1.0899154507417803
2021-11-11,0.8611647598907516,0.8185584607318667,0.7246684566292316,1.3896700933715918,-0.09173531714406724,-0.11165412909038734,-0.3645520072960859,0.5515467095619558,0.4083466392892272,-0.388526513783325,0.1705587677793814,2.5837569304674908,0.3490094228314372,0.4000184550079213,0.0020706201370879625,-0.3313186436539799,-0.2253812070964391,0.734106153495414,-0.24928689397687678,0.7132215685884672,-0.06538340672813492,1.1699754376645344,1.7118469700613073,0.17728012790704
2021-11-12,0.9986140102270105,0.44910897982436204,-0.19105686580032905,0.7870540957904747,0.268559893187887,1.0626638134909103,0.1019638884999691,1.1756217595219889,0.46019659995223894,0.4073501405601068,0.4376241953283047,0.27444737211945996,-0.21264130365068648,0.13134473764030485,0.06781184055772464,-1.0860823587042674,-0.0900726023147198,0.9119783572229206,0.768216652456797,2.30455724559513,0.17438063990236966,-0.434261535970104,-0.2564434464715264,1.3076523357368546
2021-11-15,0.23580682064661648,-0.259238650886826,0.2446778467544279,-0.4439586092999905,-0.6295535033827058,0.30857829543405607,-0.32346855039775974,-0.21151456649185044,-0.004156791171561464,0.7544081960693392,0.3715288909447976,-0.028637162126648154,0.1760945911741831,0.2617852488696382,0.247761919414484,-0.46408292293816894,1.2442453259817605,0.6330354531409673,-0.03204632871322336,-0.029998768951487925,-0.32872976559059097,0.26535135957081685,-0.5641766330256518,-0.639600014892417
2021-11-16,0.16294760880886722,-0.261326736797273,-0.11158988941421695,0.6152127063490997,-0.4956108093902803,-0.9272741592035453,-0.4762906005808614,0.9164369358094666,0.7715455812068023,-2.1166763633511594,0.0969826066285864,-0.03574029325720829,0.23606071878418777,-0.10586122766615524,-1.0624068763925691,0.36148533120678356,0.34248586556877864,0.8088010433036504,0.8523617813953076,1.2636300832662712,-0.07953737110188436,-0.2788597343037107,-0.5742312551628987,0.23699309704815463
2021-11-17,-0.11549729028088616,-0.3537384555285493,0.36200283270719463,-2.2648124256773836,-0.0068174304930585855,-1.0834762921308803,0.12528604762224316,-0.73616010149519,-1.1554481292319072,-1.3296545472042953,-0.12360374043400305,0.41950329581548423,0.1908874282174543,-0.6655497980427493,-0.39070938725341686,-0.14411153583792513,-0.27493476216468543,0.5984648341862647,-0.4131311134365324,-0.5406265820535949,0.3995454731879269,-0.12371988282933494,-0.7977462253431274,-0.014049028677204995
2021-11-18,1.0456034945599042,-0.4490961001782856,-0.03223228116123716,-1.8827136747475193,1.140356446976739,-0.5692320520200024,0.23179391713250883,-0.25951821772566563,-0.18183156735373052,-1.0538363637483872,-0.05587287638828931,-0.05682697871435928,0.29951848017034677,-0.43505859836380373,-0.7240421779598707,0.20088055929239165,-0.2986905162064654,-0.40678492698253527,0.3398405599236809,-0.6890827102328158,1.9284346953645557,0.6511460275614515,-1.4832727837591662,-0.8340280482199444
2021-11-19,-1.2830775816778202,-0.2700220328875743,-1.2294718281291255,-0.6725744454065051,-0.02272942955207141,2.0239257735079237,-0.08967283235222544,-0.1876354390355626,0.35060600221558064,-1.1749744006320484,-0.8080198472901123,1.0375810068695592,-0.6780255377892481,-0.38661881186189184,-0.4241689224252491,-0.6810157361372992,-2.1111764836659113,-0.1462995020775985,-0.019793128831280066,0.5316922111910914,0.3305552675006576,0.7158660439346863,0.49424942980797826,0.17622698834785938
2021-11-22,-1.8693163744040764,-0.646912347309968,0.44998928569261704,-1.0529856415536922,-2.819037112266656,0.07662558733434262,-2.604747680468286,-2.0636900465331767,0.17231847915639845,-2.328647752745262,-1.0753181655459014,-0.8293665704915683,-1.5160132191467564,0.08206143407085417,-1.4035257430553627,-2.229135122894702,-0.09225163724789485,-0.38996301942281064,-1.2632484404393558,-0.39548132532670793,0.15846602211542415,-0.38683516808354623,2.100127406117893,-1.749886067020767
2021-11-23,-1.1415385388839006,0.4735773316412304,0.12705942473712314,0.7220088003076973,0.9310583605673601,0.07655822384224825,0.4263111045828715,0.25776491446993294,0.8694277664931932,-0.8687183747520824,-1.6791491966795968,-0.6362087464361881,-1.0724918335168303,1.3999888281810553,0.510787036605321,-0.24038116895368294,1.092296564493008,-0.06606236037940984,-0.3213257032351348,-0.03849690985352474,-1.5947511884552545,-1.0851707831869712,0.6323115811398289,0.18146151894323262
2021-11-24,-0.361303247550124,1.0125446813651622,-0.1931344648101147,0.24210655845766396,-0.227232726241707,-1.1229894786219383,0.6214426543234086,-0.7456499669902708,0.006667374138644707,-0.3823658806180099,-1.0041492563132484,0.6933097029830618,-0.2592855847129486,0.4932843163587641,-0.16264269112981966,-0.8437674297552258,0.18213984789805576,-0.12723770648783492,0.13670336024179572,-0.132330304783958,-0.35971537136062837,0.30346269387308955,0.5452410336769555,-0.1443191290612408
2021-11-26,-1.3039477182090433,-1.00062309897231,-2.1754353389751326,0.44228235956420053,-2.065901432801339,-1.3838835847052735,-2.227922182800034,-1.087972316476133,-3.0811250141333235,-0.45071667714887126,-2.797074545990291,0.1961688858198158,-0.544359072246251,-0.02683042180647297,1.5520533696586432,-1.4015636578391681,-2.519539681402346,-2.140219861353141,-0.46504770075385476,-2.1795674079745933,-1.7560978065301496,-1.1413580165656614,-0.8618289871580287,-2.343247628413512
2021-11-29,1.9548176570147007,-0.6505155708466828,-0.035221024787626426,-0.726213792179208,0.18293348942332358,-0.9447213707902254,0.3685899133246032,1.0281795399958924,0.7256241595806969,-0.7538824856702128,-0.8968001532534239,-1.5201258251723955,0.02927634232610943,0.8623840194174567,-0.9901687578666657,1.0277659562193204,0.4511737083650591,0.35239987201411377,0.020380485832687846,-1.0673381089695329,0.9711688366068302,1.127103289573542,0.17219687671623038,1.1957295827335443
2021-11-30,-1.4762080611672952,-0.5670362762207338,-0.29012753787869755,-0.11608076272849928,-1.4271510340970204,-0.5360282079514036,-1.2659809110177993,-0.1436420083419491,-2.071463725030293,-1.3984774215102893,-1.3728702805371262,-0.8246211276210137,-0.8943170613542397,-0.35322563571470417,0.4928647217958719,-2.1259055310253707,-0.48572809618412716,-4.139316493359627,0.12425852335310647,0.14291550724476149,-1.0639934006294578,0.7191735769125643,-0.18404319157091845,-0.14720060172825838
2021-12-01,0.7072381166107956,-0.5768752688964393,-0.03556283801481936,-0.2665546280079399,0.6527547239317525,0.8920534086746632,0.1167200726488019,-0.3978374065686057,0.7444158019677285,-2.6808270261665017,0.6525152711217602,1.4279086953171765,0.22396816700192335,-0.07710221098171498,-0.8074354394710473,0.6315795678827156,-0.5386508199315762,-3.0559946136830316,-1.1379981977874725,0.16911084094361892,1.569300906420926,2.1724734323135717,-0.3136355298743143,-0.7520297311025699
2021-12-02,-0.9459960746094095,2.0329299396967504,1.0599894644310375,0.03867754193305259,0.6686655235602511,1.6482805784431696,0.37493520235588407,2.448225860627218,2.457049430151434,0.7572576819154336,1.010057038547076,-1.601867349501071,-0.4168495524475043,2.7196876120330318,0.7444421389999748,0.15082833971189555,2.674888330018554,2.882464862817312,0.2943844531781607,2.0991273600222637,0.4310510901113007,-0.33513545365945707,1.8455305591839144,2.106773335508807
2021-12-03,-1.1664168621723292,-0.36556953687683025,-0.7907774654586166,-3.2280067090041378,-0.7694101045745773,-0.4482247907582378,-0.5206754689886014,-1.42394232370474,0.6564030884193814,-2.55306178576079,-1.369955644442753,-2.863026970328458,0.21855314765436018,0.4087197357144284,-1.6487787515407066,-0.5821335934329622,-0.33173715643316015,-1.2302771860998363,-0.1149827499034122,-0.32765002363187673,-1.15572607159804,-0.3005287434457057,-0.6441331177398342,-1.0646005859000467
2021-12-06,-1.016692641812849,0.7449850756285844,0.21848352472791527,2.882491803524814,-0.36159663807633075,0.2701532983297946,-0.45443640834748644,-1.6376258044138,1.1214090049479533,1.9146588990889817,1.7609341163409986,1.519370517959462,0.35192037228803347,0.3022535893289911,-0.9225040154132466,1.6736322101017431,1.0361464914055207,0.13378700813074468,0.37538702399285845,0.8893900524871483,-0.14941987508967378,-0.19199844681154285,1.5896226252562353,-0.9494328785732699
2021-12-07,3.034949927523408,0.09721445374753651,0.30128565810292346,0.6056185749585189,1.1312723275925307,1.333011206275216,1.8496020072507406,2.0002672716204803,0.12416460772095968,2.024442490695382,1.1009700416249615,1.1780147631567333,1.3509792714614088,0.9860116687112516,0.7168999665625353,0.8579960182297497,-0.05577337482158554,-0.24132543297544176,1.560426077442968,1.1823817015020934,1.4060708299067342,1.7484945586757905,0.53168172208785,1.7763758308212583
2021-12-08,-0.1801043237470599,0.18771998930705475,-0.32936939962237977,-0.25304594246377504,0.1003591549284282,-1.1050394793185885,1.3744517123736166,0.8912061530740085,0.527178393254338,0.918801172334254,1.7690729808787788,-0.6208521350302951,1.7885224892923732,0.3839135674194941,0.2947307805133347,-0.009871942337497438,0.18068706845349444,-0.5224065904247844,0.4429885329770381,-2.140300257291299,-0.29789703254674443,-3.1408520106003706,0.15588818000059473,0.24648494470047883
2021-12-09,-1.985065899697817,-1.0995866431810464,-0.8028582559897876,-0.06068354051368576,-1.5205717945828257,-0.7367443928052889,0.5923838074033365,-0.5074863019333288,-0.631703486096591,-2.451781509180104,0.10501724204235582,-0.971934233225608,0.03161162099092418,-0.2650905729813624,-0.0848788604255352,-0.780373668570997,-0.6439045145840696,-0.32879821832921696,-1.3636595847604271,-0.7680993353589742,-1.122200052105614,-1.4250634540118423,-0.44708395176379795,-0.33989173025257524
2021-12-10,0.523433993174555,-0.5606532944421116,0.13597504239087738,0.17812705825866518,-0.31418368190373536,0.8688837755465388,-0.24516608022218,-0.190135229099195,0.17742124542577642,0.3527669189986432,-0.3254715247532594,-0.215445836023262,0.40671680756264883,0.1672955314634082,-0.14679883399312652,1.1376691302365756,0.13696494849262777,0.1358781981672509,0.12222168331716683,0.660456400525727,-0.23335855646990739,-0.04574275252074292,0.04080710203366966,-0.2760688403396148
2021-12-13,-1.1460945287585724,-1.0580607944798666,-1.1676665633077228,-1.2992628299893023,-0.2397283650686279,-1.6805260683994092,-0.579530727648026,-1.4895215450519885,-0.9727652101439777,1.0490972945061854,-1.6530746620187224,0.025906567092931834,0.6978210077650746,-0.5336606478041088,0.15331300334548104,1.1295940567416891,-1.5203830211131488,0.42990613752168105,-1.2084970308587735,-2.7666915687903537,-1.3419767136039782,-1.3091098357636117,0.5495095830142958,-0.14552253165928686
2021-12-14,-0.6991565792600096,0.39674521214098757,0.3147683827790032,-0.45789672688362737,-0.3674202206562229,0.565468264439477,-0.0031903437662834993,0.6606026152782454,0.08267274625805368,0.26857994121283085,0.18657321258805257,-0.10064841074644389,-1.6260747196897611,-0.3951020175708563,0.13521273240969384,-1.0725352407856563,-0.1752027682444844,0.3574291945050888,-0.044758005856470474,2.033422243189974,-0.1228837408672244,0.23372615496870688,-0.23617014492987903,-0.2118171016456933
2021-12-15,2.3247486427401434,0.199685920022146,-0.30065350697969107,-0.41237875585479095,-0.48888172135125874,0.5848960083354895,-0.5863420496885123,0.8735403491824734,0.17987000067497969,0.5430189152445253,0.18531255253428128,-0.9673051449538888,1.9570112307401755,-0.05070272197834217,-0.3139881724042344,1.2386743585596662,0.17639555347694394,-0.4655341444844248,1.3445959985408718,2.536057647432255,1.873306836304315,1.4796927077527893,-0.07532017334306249,0.31519254727336515
2021-12-16,-2.3932242954410485,0.4854728271024311,0.9666896282286149,-0.34826363365694346,0.7676645091037737,-0.20980899822769022,-0.5250336671452379,2.0079134516166315,-0.28587818823527034,-1.0095137028191863,-0.7513112109626734,-0.6809474139131525,0.2935408077807997,0.589005019167552,1.182751854628497,-0.35661599502258773,0.03567917393896811,2.3989572964231964,-0.7565519854274408,0.22298597239029058,-1.630884006375794,-1.8506471202837294,1.1982384124100116,0.8977951334064687
2021-12-17,-0.38532216259410224,-0.7645525403178431,-0.5573536371658425,0.5475636121910236,-1.5226738873262624,-0.6952486429057807,-0.901996868965602,-0.2086314679405537,0.2667654691313191,0.24254760275838128,0.17826345251671696,-2.1260830577214405,-5.439627348716235,-0.7906471173131715,-1.2203288985424001,0.4160223124471421,-0.8839863717813664,1.0108537775600503,-0.5216461214206046,-1.4270317999546616,-0.18023897990951732,0.19391030179943122,-0.3646284771038171,1.2637791149644333
2021-12-20,0.14085059630674282,-1.38607887277105,-0.21204205488766875,-1.2912845020127417,-1.2801411669562264,-1.2207596854535188,-0.8961133350147799,-0.8803802118259839,-0.9861163560797065,-0.051742857529551586,-0.16628486772582773,-1.5279304022545233,-2.3782285382399517,-0.532048992673066,0.17089849807099616,-1.022362691670849,-0.21405486719561048,-0.21757948543302055,-1.0113301517134612,-0.926256478789608,-0.7252331924783629,-0.6069728132446256,-0.7357990889909798,-0.014049028677204995
2021-12-21,1.855556276142693,-0.07636843080439715,1.3049535892610056,2.0595193814479558,0.9875520942645866,0.35240041057980803,1.100664780390024,1.221484294415234,0.7068805134336978,1.0584847135159996,1.794760665828407,2.9001127881792135,1.5671792484140632,-0.02658858224269998,0.7985167427814079,0.44682306699584734,1.3214702387694128,0.7750132722912859,0.6511816654203434,0.3504021461266477,1.1374599150802975,1.8880997508345312,0.7690152829354369,1.7892792065678487
2021-12-22,0.5065797532757144,0.5173069492637423,0.9757534870710762,-0.37335732541439304,0.2823907304573344,0.17879087352736733,1.0046215803636849,0.6840578874073343,0.2343301965216602,0.05427375814774814,0.015470501307840341,0.10653067450806547,2.107867508532666,0.32922880861577364,0.44341009270744003,0.8581941588893334,0.5446848324179985,0.2440888678056236,1.0504818492693289,-0.657946271440045,1.7400529912556015,0.7577696836649255,0.2184263163172065,0.6552990862135744
2021-12-23,0.5129303690211148,0.40954779502663224,0.46259658229546374,0.18724079179186803,-0.26288773186429026,1.2486502052735324,-0.11608601467493078,0.42135929762414076,0.19015857017026017,0.9555830115692988,-0.2184656604712494,0.049565611463793874,-0.8875213891553746,0.22526720948675905,0.5587781110068571,0.2793854685208476,0.367695136811305,0.814046877038646,0.27110690480971184,1.0194282411359836,-0.3460137547000525,-0.2357303325599082,-0.4789115420625409,0.22740927889137708
2021-12-27,0.5501580230320436,0.602474703286459,0.4984652939286206,-0.09340707250649866,0.6169164604816426,0.3195255553181593,0.33575783620304583,1.326993296165642,-0.35011157142465915,0.9722629633158593,0.6813782857972699,-0.20097819975972883,1.789108269568997,0.715522150443681,0.6872249490754241,0.5083816111872589,0.5575458623095195,-0.4830222360789918,1.3539999419270459,0.8786385612702361,0.8636437739548429,0.8215104444071017,0.3101907046676389,1.1191147589424424
2021-12-28,-0.45452852191595433,-0.3905424436296739,0.16959596672699387,-0.8078759905181585,0.07326931185398952,-0.01750374485661829,0.08678906342660606,-0.11022635678064659,-0.2106496538852422,0.4247158857099808,-0.6399838233894766,-0.1569414898913576,-0.5212671692789881,0.04769457075209253,-0.06477733514403852,0.07640507810077458,-0.35104990797297886,-1.7806344549076891,0.05832012303829677,-0.515014604425786,-0.35187133104329704,-0.49609851781268355,-1.033473308592616,-0.07312768066028913
2021-12-29,-0.22271345403096343,-0.39524759876706955,-0.1147888445843387,-1.3172521989962278,-0.2606705210272303,-0.04157625332451346,-0.272891480716407,0.13783066409782244,-1.182571434949207,0.15172806184017448,-0.6438317951802083,-0.8188567399076178,0.17495257470729308,-0.4922847673756959,0.7368328072822196,-0.6592787510667111,-0.3879303011428239,-1.104163052582679,-0.38135134142958943,-0.483712167738554,-0.3579950472426082,-0.008042339336707716,-0.16881460210722823,0.2807448249073676
2021-12-30,-0.16069740404289426,0.506732170297174,-0.03363480844368277,3.994246358160761,0.6698331126494093,0.1506469379776469,0.46791868907880135,0.024975500102471106,-0.7783861799955347,0.8342338588752346,0.7054792971757892,3.3345590399779383,0.12343684671344846,0.22113189208649336,0.7754423509913173,0.13842418459306438,-0.32162420435882255,-0.05158902042168414,-0.37502634799384404,0.14580903997011146,-0.5165789453233263,-0.2724581898599927,1.2518431648842887,0.45447325471352146
2021-12-31,-0.30237975007332274,0.10524163886451673,-0.03367869119905066,-0.4821770895727795,0.2662181673771126,0.5085871599323148,0.28563543561508276,-0.2678072532957312,-0.10600069527631863,-0.25965823557813594,-0.7463817998767533,-0.7959421231198549,0.26920874300402736,-0.02563484431473175,-0.02254364429106772,-0.14576355726867,0.0005963926162297494,-0.4956404632845264,0.14716205406875377,0.49511260307249183,-0.11156728495905918,0.18097268481850687,-0.1407228350981602,-0.014049028677204995
